{
"type": "FeatureCollection",
"name": "geo_29_通所介護",
"crs": { "type": "name", "properties": { "name": "urn:ogc:def:crs:OGC:1.3:CRS84" } },
"features": [
{ "type": "Feature", "properties": { "内容": "かがやきのそのデイサービスセンター【通所介護】奈良市奈良阪２７８９－１", "url": "https://www.kaigokensaku.mhlw.go.jp/29/index.php?action_kouhyou_detail_004_kani=true&JigyosyoCd=2970103731-00&ServiceCd=150&Type=search", "url2": null }, "geometry": { "type": "Point", "coordinates": [ 135.837116199999969, 34.7033185 ] } },
{ "type": "Feature", "properties": { "内容": "ゆうゆうあやめ池デイサービス【通所介護】あやめ池南6-1-43", "url": "https://www.kaigokensaku.mhlw.go.jp/29/index.php?action_kouhyou_detail_004_kani=true&JigyosyoCd=2970104747-00&ServiceCd=150&Type=search", "url2": null }, "geometry": { "type": "Point", "coordinates": [ 135.761195300000054, 34.696557 ] } },
{ "type": "Feature", "properties": { "内容": "福助デイサービスセンター【通所介護】奈良県奈良市南京終町８９－４", "url": "https://www.kaigokensaku.mhlw.go.jp/29/index.php?action_kouhyou_detail_004_kani=true&JigyosyoCd=2970108409-00&ServiceCd=150&Type=search", "url2": null }, "geometry": { "type": "Point", "coordinates": [ 135.824414100000013, 34.6682146 ] } },
{ "type": "Feature", "properties": { "内容": "びぃとぅぎゃざ～【通所介護】奈良市南京終町７丁目564－6", "url": "https://www.kaigokensaku.mhlw.go.jp/29/index.php?action_kouhyou_detail_004_kani=true&JigyosyoCd=2970108722-00&ServiceCd=150&Type=search", "url2": "http://wakisaka.org" }, "geometry": { "type": "Point", "coordinates": [ 135.827391464418071, 34.665685523813714 ] } },
{ "type": "Feature", "properties": { "内容": "香梅苑通所介護事業所【通所介護】奈良県奈良市月ヶ瀬尾山817番地5", "url": "https://www.kaigokensaku.mhlw.go.jp/29/index.php?action_kouhyou_detail_004_kani=true&JigyosyoCd=2971100041-00&ServiceCd=150&Type=search", "url2": null }, "geometry": { "type": "Point", "coordinates": [ 136.047117100000037, 34.7148687 ] } },
{ "type": "Feature", "properties": { "内容": "リッスンデイサービスセンター新大宮【通所介護】奈良県奈良市芝辻町2-9-15", "url": "https://www.kaigokensaku.mhlw.go.jp/29/index.php?action_kouhyou_detail_004_kani=true&JigyosyoCd=2970107864-00&ServiceCd=150&Type=search", "url2": "http://listen33.jp" }, "geometry": { "type": "Point", "coordinates": [ 135.8134933, 34.6861786 ] } },
{ "type": "Feature", "properties": { "内容": "社会福祉法人ならのは【通所介護】奈良市神功4丁目25番地の9", "url": "https://www.kaigokensaku.mhlw.go.jp/29/index.php?action_kouhyou_detail_004_kani=true&JigyosyoCd=2970100760-00&ServiceCd=150&Type=search", "url2": "https://naranoha.jimdo.com/" }, "geometry": { "type": "Point", "coordinates": [ 135.7780765, 34.720921400000023 ] } },
{ "type": "Feature", "properties": { "内容": "デイサービス奈良の森【通所介護】奈良県奈良市南肘塚町220-1", "url": "https://www.kaigokensaku.mhlw.go.jp/29/index.php?action_kouhyou_detail_004_kani=true&JigyosyoCd=2970108573-00&ServiceCd=150&Type=search", "url2": null }, "geometry": { "type": "Point", "coordinates": [ 135.8326772, 34.6683922 ] } },
{ "type": "Feature", "properties": { "内容": "エリシオン学園前【通所介護】奈良県奈良市中登美ケ丘一丁目１９９４番６", "url": "https://www.kaigokensaku.mhlw.go.jp/29/index.php?action_kouhyou_detail_004_kani=true&JigyosyoCd=2970190472-00&ServiceCd=150&Type=search", "url2": "http://elysion-gr.com/" }, "geometry": { "type": "Point", "coordinates": [ 135.7515776, 34.7170875 ] } },
{ "type": "Feature", "properties": { "内容": "エミライズケアセンター【通所介護】奈良県奈良市西木辻町206やぎもとビル1F", "url": "https://www.kaigokensaku.mhlw.go.jp/29/index.php?action_kouhyou_detail_004_kani=true&JigyosyoCd=2970108623-00&ServiceCd=150&Type=search", "url2": null }, "geometry": { "type": "Point", "coordinates": [ 135.825625366270458, 34.674779973499902 ] } },
{ "type": "Feature", "properties": { "内容": "デイサービス・幸の鳥【通所介護】奈良県奈良市東九条町641番地", "url": "https://www.kaigokensaku.mhlw.go.jp/29/index.php?action_kouhyou_detail_004_kani=true&JigyosyoCd=2970108771-00&ServiceCd=150&Type=search", "url2": "http://amenitylife-assist.org" }, "geometry": { "type": "Point", "coordinates": [ 135.81566007619449, 34.65839174394371 ] } },
{ "type": "Feature", "properties": { "内容": "医療法人尚学会ながみクリニック【通所介護】奈良市西登美ヶ丘5-3-8", "url": "https://www.kaigokensaku.mhlw.go.jp/29/index.php?action_kouhyou_detail_004_kani=true&JigyosyoCd=2910102371-00&ServiceCd=150&Type=search", "url2": "http://www.nagami-clinic.com" }, "geometry": { "type": "Point", "coordinates": [ 135.738197, 34.7134412 ] } },
{ "type": "Feature", "properties": { "内容": "デイサービス・青い鳥【通所介護】奈良県奈良市東九条町640-1", "url": "https://www.kaigokensaku.mhlw.go.jp/29/index.php?action_kouhyou_detail_004_kani=true&JigyosyoCd=2970105264-00&ServiceCd=150&Type=search", "url2": "http://amenitylife-assist.org" }, "geometry": { "type": "Point", "coordinates": [ 135.815377500000068, 34.6581262 ] } },
{ "type": "Feature", "properties": { "内容": "モミの木デイサービスセンター【通所介護】奈良県奈良市法蓮町１１８５", "url": "https://www.kaigokensaku.mhlw.go.jp/29/index.php?action_kouhyou_detail_004_kani=true&JigyosyoCd=2970102089-00&ServiceCd=150&Type=search", "url2": "http://mominokidss.blog62.fc2.com/" }, "geometry": { "type": "Point", "coordinates": [ 135.827684923873107, 34.69069046213005 ] } },
{ "type": "Feature", "properties": { "内容": "特別養護老人ホーム　西ノ京苑【通所介護】奈良市六条西五丁目17番43号", "url": "https://www.kaigokensaku.mhlw.go.jp/29/index.php?action_kouhyou_detail_004_kani=true&JigyosyoCd=2970100943-00&ServiceCd=150&Type=search", "url2": "https://www.nisinokyoen.org/" }, "geometry": { "type": "Point", "coordinates": [ 135.765362, 34.6646052 ] } },
{ "type": "Feature", "properties": { "内容": "医療法人岡谷会デイサービスセンターせいび【通所介護】奈良市西木辻町２００番地", "url": "https://www.kaigokensaku.mhlw.go.jp/29/index.php?action_kouhyou_detail_004_kani=true&JigyosyoCd=2970101669-00&ServiceCd=150&Type=search", "url2": "http://www.okatani.or.jp/zaitaku/" }, "geometry": { "type": "Point", "coordinates": [ 135.825034800000026, 34.6740856 ] } },
{ "type": "Feature", "properties": { "内容": "メビウスまほろばデイサービスセンター【通所介護】奈良県奈良市六条西四丁目6番20号", "url": "https://www.kaigokensaku.mhlw.go.jp/29/index.php?action_kouhyou_detail_004_kani=true&JigyosyoCd=2970107955-00&ServiceCd=150&Type=search", "url2": "https://www.nishinokyo.or.jp/kaigo/mahoroba/index.html" }, "geometry": { "type": "Point", "coordinates": [ 135.771183489024338, 34.664901664339858 ] } },
{ "type": "Feature", "properties": { "内容": "奈良デイサービスセンター【通所介護】奈良県奈良市山陵町1485サービス付き高齢者住宅　グレイス福寿内", "url": "https://www.kaigokensaku.mhlw.go.jp/29/index.php?action_kouhyou_detail_004_kani=true&JigyosyoCd=2970100737-00&ServiceCd=150&Type=search", "url2": "http://fukujukai.or.jp/" }, "geometry": { "type": "Point", "coordinates": [ 135.781960082031219, 34.712346764245275 ] } },
{ "type": "Feature", "properties": { "内容": "沢井病院　デイサービスセンター【通所介護】奈良市法蓮町602-1", "url": "https://www.kaigokensaku.mhlw.go.jp/29/index.php?action_kouhyou_detail_004_kani=true&JigyosyoCd=2970105629-00&ServiceCd=150&Type=search", "url2": "http://sawai.or.jp" }, "geometry": { "type": "Point", "coordinates": [ 135.81490180000003, 34.6939303 ] } },
{ "type": "Feature", "properties": { "内容": "REPA　HORAI【通所介護】奈良県奈良市宝来町928-1奈良宝来ビル1階北", "url": "https://www.kaigokensaku.mhlw.go.jp/29/index.php?action_kouhyou_detail_004_kani=true&JigyosyoCd=2970190613-00&ServiceCd=150&Type=search", "url2": "https://tk-repa.com/" }, "geometry": { "type": "Point", "coordinates": [ 135.773975299999989, 34.6846925 ] } },
{ "type": "Feature", "properties": { "内容": "近鉄スマイル北登美ヶ丘ケアセンター【通所介護】奈良県奈良市北登美ヶ丘2丁目15番7号", "url": "https://www.kaigokensaku.mhlw.go.jp/29/index.php?action_kouhyou_detail_004_kani=true&JigyosyoCd=2970101743-00&ServiceCd=150&Type=search", "url2": "http://www.k-smile.com" }, "geometry": { "type": "Point", "coordinates": [ 135.757694899999933, 34.7269761 ] } },
{ "type": "Feature", "properties": { "内容": "エリシオン学園前【通所介護】奈良県奈良市中登美ケ丘１丁目１９９４－６", "url": "https://www.kaigokensaku.mhlw.go.jp/29/index.php?action_kouhyou_detail_004_kani=true&JigyosyoCd=2970190951-00&ServiceCd=150&Type=search", "url2": "https://elsion.jp/" }, "geometry": { "type": "Point", "coordinates": [ 135.75152741642458, 34.717117545833645 ] } },
{ "type": "Feature", "properties": { "内容": "けいはんなデイサービスセンター中山町【通所介護】奈良県奈良市中山町2番１けいはんなデイサービスセンター中山町", "url": "https://www.kaigokensaku.mhlw.go.jp/29/index.php?action_kouhyou_detail_004_kani=true&JigyosyoCd=2970107757-00&ServiceCd=150&Type=search", "url2": "https://careterrace.co.jp/" }, "geometry": { "type": "Point", "coordinates": [ 135.7718868, 34.7097907 ] } },
{ "type": "Feature", "properties": { "内容": "デイサービス和【通所介護】奈良県奈良市中山町西3丁目204-1", "url": "https://www.kaigokensaku.mhlw.go.jp/29/index.php?action_kouhyou_detail_004_kani=true&JigyosyoCd=2970108334-00&ServiceCd=150&Type=search", "url2": "https://careterrace.co.jp" }, "geometry": { "type": "Point", "coordinates": [ 135.765667900000011, 34.710537787872752 ] } },
{ "type": "Feature", "properties": { "内容": "けいはんなデイサービスセンター【通所介護】奈良県奈良市二名3丁目952-1", "url": "https://www.kaigokensaku.mhlw.go.jp/29/index.php?action_kouhyou_detail_004_kani=true&JigyosyoCd=2970102071-00&ServiceCd=150&Type=search", "url2": "http://careterrace.co.jp" }, "geometry": { "type": "Point", "coordinates": [ 135.73228389999997, 34.7051558 ] } },
{ "type": "Feature", "properties": { "内容": "春デイサービス【通所介護】奈良県奈良市北市町89番地の2", "url": "https://www.kaigokensaku.mhlw.go.jp/29/index.php?action_kouhyou_detail_004_kani=true&JigyosyoCd=2970108342-00&ServiceCd=150&Type=search", "url2": "https://careterrace.co.jp" }, "geometry": { "type": "Point", "coordinates": [ 135.824367200000012, 34.6872689 ] } },
{ "type": "Feature", "properties": { "内容": "パナソニックエイジフリーケアセンター奈良登美ヶ丘【通所介護】奈良県奈良市南登美ヶ丘15-1", "url": "https://www.kaigokensaku.mhlw.go.jp/29/index.php?action_kouhyou_detail_004_kani=true&JigyosyoCd=2970107625-00&ServiceCd=150&Type=search", "url2": "https://panasonic.co.jp/paf/" }, "geometry": { "type": "Point", "coordinates": [ 135.743944, 34.705178 ] } },
{ "type": "Feature", "properties": { "内容": "ヒューマンライフケア奈良デイサービスセンター【通所介護】奈良県奈良市三条町３２１－３コンフォートホテル1階", "url": "https://www.kaigokensaku.mhlw.go.jp/29/index.php?action_kouhyou_detail_004_kani=true&JigyosyoCd=2970104762-00&ServiceCd=150&Type=search", "url2": "http://hlc.athuman.com/caresearch/nara/364031/index.php?sisetu=69" }, "geometry": { "type": "Point", "coordinates": [ 135.8202351, 34.6794487 ] } },
{ "type": "Feature", "properties": { "内容": "ポシブルイオン高の原店【通所介護】奈良市右京1－6－1イオンモール高の原3階", "url": "https://www.kaigokensaku.mhlw.go.jp/29/index.php?action_kouhyou_detail_004_kani=true&JigyosyoCd=2970103988-00&ServiceCd=150&Type=search", "url2": "http://www.possible-plus.co.jp" }, "geometry": { "type": "Point", "coordinates": [ 135.791035309331534, 34.723963434934923 ] } },
{ "type": "Feature", "properties": { "内容": "ポシブル春日野【通所介護】奈良県奈良市雑司町368-2", "url": "https://www.kaigokensaku.mhlw.go.jp/29/index.php?action_kouhyou_detail_004_kani=true&JigyosyoCd=2970103913-00&ServiceCd=150&Type=search", "url2": "http://www.possible-plus.co.jp/" }, "geometry": { "type": "Point", "coordinates": [ 135.835406206745915, 34.69040087585698 ] } },
{ "type": "Feature", "properties": { "内容": "デイサービスそれいゆ学園前【通所介護】奈良市学園朝日町7番9-1号", "url": "https://www.kaigokensaku.mhlw.go.jp/29/index.php?action_kouhyou_detail_004_kani=true&JigyosyoCd=2970102840-00&ServiceCd=150&Type=search", "url2": "https://www.micro-fukushikai.or.jp/" }, "geometry": { "type": "Point", "coordinates": [ 135.754462500000045, 34.7022033 ] } },
{ "type": "Feature", "properties": { "内容": "リハビリデイサービスセンターひまわり奈良【通所介護】奈良市左京4丁目6-1", "url": "https://www.kaigokensaku.mhlw.go.jp/29/index.php?action_kouhyou_detail_004_kani=true&JigyosyoCd=2970101594-00&ServiceCd=150&Type=search", "url2": "http://www.fureai-net.com" }, "geometry": { "type": "Point", "coordinates": [ 135.805482500000039, 34.71735 ] } },
{ "type": "Feature", "properties": { "内容": "リハビリデイまーめいど【通所介護】奈良県奈良市神殿町６４５-１", "url": "https://www.kaigokensaku.mhlw.go.jp/29/index.php?action_kouhyou_detail_004_kani=true&JigyosyoCd=2970107542-00&ServiceCd=150&Type=search", "url2": "http://www.tanikake.com/" }, "geometry": { "type": "Point", "coordinates": [ 135.818898450093116, 34.65725828080533 ] } },
{ "type": "Feature", "properties": { "内容": "デイサービス　さきょう【通所介護】奈良県奈良市左京4丁目3-6", "url": "https://www.kaigokensaku.mhlw.go.jp/29/index.php?action_kouhyou_detail_004_kani=true&JigyosyoCd=2970107880-00&ServiceCd=150&Type=search", "url2": "Iidasc.jp" }, "geometry": { "type": "Point", "coordinates": [ 135.804712800000061, 34.7171331 ] } },
{ "type": "Feature", "properties": { "内容": "リゾートデイサービスハッピーリライフplus【通所介護】六条二丁目10番9号", "url": "https://www.kaigokensaku.mhlw.go.jp/29/index.php?action_kouhyou_detail_004_kani=true&JigyosyoCd=2970108870-00&ServiceCd=150&Type=search", "url2": "https://www.happy-service.co.jp" }, "geometry": { "type": "Point", "coordinates": [ 139.708299899999986, 35.6899667 ] } },
{ "type": "Feature", "properties": { "内容": "デイサービス福助【通所介護】奈良県奈良市南京終町１丁目８９番地４", "url": "https://www.kaigokensaku.mhlw.go.jp/29/index.php?action_kouhyou_detail_004_kani=true&JigyosyoCd=2970190803-00&ServiceCd=150&Type=search", "url2": null }, "geometry": { "type": "Point", "coordinates": [ 135.8222472, 34.6721019 ] } },
{ "type": "Feature", "properties": { "内容": "奈良京終ケアセンターそよ風【通所介護】奈良県奈良市南京終町６８１番地", "url": "https://www.kaigokensaku.mhlw.go.jp/29/index.php?action_kouhyou_detail_004_kani=true&JigyosyoCd=2970190282-00&ServiceCd=150&Type=search", "url2": "http://www.sykz.co.jp" }, "geometry": { "type": "Point", "coordinates": [ 135.822560399999986, 34.6646521 ] } },
{ "type": "Feature", "properties": { "内容": "はぁ～と奈良デイサービス【通所介護】奈良県奈良市大森町299-6", "url": "https://www.kaigokensaku.mhlw.go.jp/29/index.php?action_kouhyou_detail_004_kani=true&JigyosyoCd=2970107443-00&ServiceCd=150&Type=search", "url2": "http://heart-toka.com/" }, "geometry": { "type": "Point", "coordinates": [ 135.823333600000012, 34.677627800000018 ] } },
{ "type": "Feature", "properties": { "内容": "リハビリデイサービスアイリス【通所介護】奈良県奈良市法蓮町632-2", "url": "https://www.kaigokensaku.mhlw.go.jp/29/index.php?action_kouhyou_detail_004_kani=true&JigyosyoCd=2970107641-00&ServiceCd=150&Type=search", "url2": "https://www.rehabili-iris.com/" }, "geometry": { "type": "Point", "coordinates": [ 135.815649660713234, 34.691839749394077 ] } },
{ "type": "Feature", "properties": { "内容": "リハビリデイサービスアイリスアップ【通所介護】奈良県奈良市法蓮町632-2", "url": "https://www.kaigokensaku.mhlw.go.jp/29/index.php?action_kouhyou_detail_004_kani=true&JigyosyoCd=2970190316-00&ServiceCd=150&Type=search", "url2": "https://rehabili-iris.com/" }, "geometry": { "type": "Point", "coordinates": [ 135.815794899999986, 34.6918899 ] } },
{ "type": "Feature", "properties": { "内容": "デイサービスセンター聚楽苑【通所介護】奈良市三松3丁目4番6号", "url": "https://www.kaigokensaku.mhlw.go.jp/29/index.php?action_kouhyou_detail_004_kani=true&JigyosyoCd=2970103210-00&ServiceCd=150&Type=search", "url2": "http://www.well-heart.ecnet.jp/" }, "geometry": { "type": "Point", "coordinates": [ 135.729120028836036, 34.701102730797714 ] } },
{ "type": "Feature", "properties": { "内容": "デイサービスセンター　太陽【通所介護】奈良県奈良市高天市町22番地の1", "url": "https://www.kaigokensaku.mhlw.go.jp/29/index.php?action_kouhyou_detail_004_kani=true&JigyosyoCd=2970105181-00&ServiceCd=150&Type=search", "url2": "http://www5.kcn.ne.jp/~ace-101/" }, "geometry": { "type": "Point", "coordinates": [ 135.825615, 34.6858675 ] } },
{ "type": "Feature", "properties": { "内容": "デイサービス太陽　あさひ【通所介護】奈良市高天市町22-1エース高天　2Ｆ", "url": "https://www.kaigokensaku.mhlw.go.jp/29/index.php?action_kouhyou_detail_004_kani=true&JigyosyoCd=2970107856-00&ServiceCd=150&Type=search", "url2": "http://www5.kcn.ne.jp/~ace-101/" }, "geometry": { "type": "Point", "coordinates": [ 135.82561133841952, 34.685752675406306 ] } },
{ "type": "Feature", "properties": { "内容": "デイサービスクオーレ【通所介護】古市町1773番地の1", "url": "https://www.kaigokensaku.mhlw.go.jp/29/index.php?action_kouhyou_detail_004_kani=true&JigyosyoCd=2970107567-00&ServiceCd=150&Type=search", "url2": null }, "geometry": { "type": "Point", "coordinates": [ 135.840441899999973, 34.6612431 ] } },
{ "type": "Feature", "properties": { "内容": "リハプライド富雄【通所介護】富雄北二丁目8番15号ガーデンハイツ高川1F", "url": "https://www.kaigokensaku.mhlw.go.jp/29/index.php?action_kouhyou_detail_004_kani=true&JigyosyoCd=2970107997-00&ServiceCd=150&Type=search", "url2": "https://www.rehapride.co.jp/tomio/" }, "geometry": { "type": "Point", "coordinates": [ 135.73595188650819, 34.697537662737531 ] } },
{ "type": "Feature", "properties": { "内容": "デイサービスアルモニー【通所介護】朱雀１丁目2-26", "url": "https://www.kaigokensaku.mhlw.go.jp/29/index.php?action_kouhyou_detail_004_kani=true&JigyosyoCd=2970190373-00&ServiceCd=150&Type=search", "url2": null }, "geometry": { "type": "Point", "coordinates": [ 135.797615300000018, 34.711387 ] } },
{ "type": "Feature", "properties": { "内容": "デイサービスココピタ押熊【通所介護】奈良県奈良市押熊町779番地17", "url": "https://www.kaigokensaku.mhlw.go.jp/29/index.php?action_kouhyou_detail_004_kani=true&JigyosyoCd=2970108136-00&ServiceCd=150&Type=search", "url2": null }, "geometry": { "type": "Point", "coordinates": [ 135.779645607493961, 34.71627109503023 ] } },
{ "type": "Feature", "properties": { "内容": "アロハデイサービスHauoli【通所介護】奈良県奈良市紀寺町414‐2‐1F", "url": "https://www.kaigokensaku.mhlw.go.jp/29/index.php?action_kouhyou_detail_004_kani=true&JigyosyoCd=2970108847-00&ServiceCd=150&Type=search", "url2": "https://comfortable-space.co.jp/" }, "geometry": { "type": "Point", "coordinates": [ 135.834406800000011, 34.6707511 ] } },
{ "type": "Feature", "properties": { "内容": "アロハデイサービス【通所介護】奈良県奈良市高畑町783番地の4", "url": "https://www.kaigokensaku.mhlw.go.jp/29/index.php?action_kouhyou_detail_004_kani=true&JigyosyoCd=2970106650-00&ServiceCd=150&Type=search", "url2": "https://comfortable-space.co.jp" }, "geometry": { "type": "Point", "coordinates": [ 135.839551519049138, 34.677189719527 ] } },
{ "type": "Feature", "properties": { "内容": "KiyoリハビリPROS【通所介護】奈良県奈良市石木町845-1", "url": "https://www.kaigokensaku.mhlw.go.jp/29/index.php?action_kouhyou_detail_004_kani=true&JigyosyoCd=2970106726-00&ServiceCd=150&Type=search", "url2": "http://kiyo-pros.com" }, "geometry": { "type": "Point", "coordinates": [ 135.756466507101408, 34.667708288460126 ] } },
{ "type": "Feature", "properties": { "内容": "KiyoリハビリPROS　2号館【通所介護】奈良県奈良市石木町847", "url": "https://www.kaigokensaku.mhlw.go.jp/29/index.php?action_kouhyou_detail_004_kani=true&JigyosyoCd=2970190498-00&ServiceCd=150&Type=search", "url2": "http://kiyo-pros.com/" }, "geometry": { "type": "Point", "coordinates": [ 135.756035592559812, 34.667710513729382 ] } },
{ "type": "Feature", "properties": { "内容": "ツクイ奈良みあと【通所介護】奈良県奈良市四条大路5丁目4-37", "url": "https://www.kaigokensaku.mhlw.go.jp/29/index.php?action_kouhyou_detail_004_kani=true&JigyosyoCd=2970108441-00&ServiceCd=150&Type=search", "url2": "http://www.tskui.net" }, "geometry": { "type": "Point", "coordinates": [ 135.789044600000011, 34.6793836 ] } },
{ "type": "Feature", "properties": { "内容": "ツクイ奈良【通所介護】奈良市川之上突抜町10-1", "url": "https://www.kaigokensaku.mhlw.go.jp/29/index.php?action_kouhyou_detail_004_kani=true&JigyosyoCd=2970108433-00&ServiceCd=150&Type=search", "url2": "http://www.tsukui.net" }, "geometry": { "type": "Point", "coordinates": [ 135.831962, 34.6739191 ] } },
{ "type": "Feature", "properties": { "内容": "ニチイケアセンター大和西大寺【通所介護】奈良県奈良市菅原東１丁目23番22号", "url": "https://www.kaigokensaku.mhlw.go.jp/29/index.php?action_kouhyou_detail_004_kani=true&JigyosyoCd=2970100489-00&ServiceCd=150&Type=search", "url2": "http://www.nichiigakkan.co.jp" }, "geometry": { "type": "Point", "coordinates": [ 135.7813688, 34.6862671 ] } },
{ "type": "Feature", "properties": { "内容": "ハッピーデイサービスセンター【通所介護】奈良市六条二丁目7-28", "url": "https://www.kaigokensaku.mhlw.go.jp/29/index.php?action_kouhyou_detail_004_kani=true&JigyosyoCd=2970102170-00&ServiceCd=150&Type=search", "url2": "http://www.happy-service.co.jp/" }, "geometry": { "type": "Point", "coordinates": [ 135.775563557060423, 34.668945910814791 ] } },
{ "type": "Feature", "properties": { "内容": "リゾートデイサービス　ハッピーリライフ【通所介護】奈良市六条西1丁目1-33", "url": "https://www.kaigokensaku.mhlw.go.jp/29/index.php?action_kouhyou_detail_004_kani=true&JigyosyoCd=2970107021-00&ServiceCd=150&Type=search", "url2": "http://happy-service.co.jp/" }, "geometry": { "type": "Point", "coordinates": [ 135.77179167598797, 34.67235967698241 ] } },
{ "type": "Feature", "properties": { "内容": "ハッピーデイリハビリ館西ノ京【通所介護】奈良市六条2丁目19-17", "url": "https://www.kaigokensaku.mhlw.go.jp/29/index.php?action_kouhyou_detail_004_kani=true&JigyosyoCd=2970104796-00&ServiceCd=150&Type=search", "url2": "http://www.happy-service.co.jp/" }, "geometry": { "type": "Point", "coordinates": [ 135.773217442080409, 34.671706919260814 ] } },
{ "type": "Feature", "properties": { "内容": "ぽれぽれ四条大路リハサロン【通所介護】奈良市四条大路2-860-1", "url": "https://www.kaigokensaku.mhlw.go.jp/29/index.php?action_kouhyou_detail_004_kani=true&JigyosyoCd=2970108045-00&ServiceCd=150&Type=search", "url2": "http://www.porepore.co.jp/" }, "geometry": { "type": "Point", "coordinates": [ 135.798787591673658, 34.680554692994072 ] } },
{ "type": "Feature", "properties": { "内容": "ぽれぽれ登美ヶ丘【通所介護】奈良市登美ヶ丘2-2-15", "url": "https://www.kaigokensaku.mhlw.go.jp/29/index.php?action_kouhyou_detail_004_kani=true&JigyosyoCd=2970102576-00&ServiceCd=150&Type=search", "url2": "http://www.porepore.co.jp" }, "geometry": { "type": "Point", "coordinates": [ 135.750090399999976, 34.7120746 ] } },
{ "type": "Feature", "properties": { "内容": "ミック登美ヶ丘デイサービスセンターゆめ【通所介護】奈良県奈良市押熊町2261", "url": "https://www.kaigokensaku.mhlw.go.jp/29/index.php?action_kouhyou_detail_004_kani=true&JigyosyoCd=2970103491-00&ServiceCd=150&Type=search", "url2": "http://www.mic-tomigaoka.com" }, "geometry": { "type": "Point", "coordinates": [ 135.761822599999959, 34.716641 ] } },
{ "type": "Feature", "properties": { "内容": "IKI-IKI【通所介護】奈良県奈良市秋篠三和町1丁目1-7秋篠タウンハイツ1F", "url": "https://www.kaigokensaku.mhlw.go.jp/29/index.php?action_kouhyou_detail_004_kani=true&JigyosyoCd=2970108169-00&ServiceCd=150&Type=search", "url2": "http://www.ikiiki-dayservice.com/" }, "geometry": { "type": "Point", "coordinates": [ 135.778350199999977, 34.7010878 ] } },
{ "type": "Feature", "properties": { "内容": "ライフアートコミュニティ佐保の里【通所介護】奈良市佐保台2丁目902番241", "url": "https://www.kaigokensaku.mhlw.go.jp/29/index.php?action_kouhyou_detail_004_kani=true&JigyosyoCd=2970102980-00&ServiceCd=150&Type=search", "url2": "http://www.lifeartcommunitry.com" }, "geometry": { "type": "Point", "coordinates": [ 135.815468, 34.7082954 ] } },
{ "type": "Feature", "properties": { "内容": "ライフアートコミュニティ佐保の里　菅原デイサービスセンター【通所介護】奈良県奈良市菅原町２９８－１", "url": "https://www.kaigokensaku.mhlw.go.jp/29/index.php?action_kouhyou_detail_004_kani=true&JigyosyoCd=2970105942-00&ServiceCd=150&Type=search", "url2": "http://www.lifeartcommunity.com" }, "geometry": { "type": "Point", "coordinates": [ 135.779619, 34.68502 ] } },
{ "type": "Feature", "properties": { "内容": "ライフアートコミュニティ佐保の里　青山デイサービスセンター【通所介護】奈良県奈良市青山４丁目３番", "url": "https://www.kaigokensaku.mhlw.go.jp/29/index.php?action_kouhyou_detail_004_kani=true&JigyosyoCd=2970104440-00&ServiceCd=150&Type=search", "url2": "http://www.lifeartcommunity.com/" }, "geometry": { "type": "Point", "coordinates": [ 135.837652100000014, 34.7071127 ] } },
{ "type": "Feature", "properties": { "内容": "ライフアートコミュニティ佐保の里　新大宮デイサービスセンター【通所介護】奈良県奈良市大宮町３丁目４－１８", "url": "https://www.kaigokensaku.mhlw.go.jp/29/index.php?action_kouhyou_detail_004_kani=true&JigyosyoCd=2970106197-00&ServiceCd=150&Type=search", "url2": "http://www.lifeartcommunity.com/" }, "geometry": { "type": "Point", "coordinates": [ 135.813306349073827, 34.684040988825366 ] } },
{ "type": "Feature", "properties": { "内容": "リールデイサービス都祁【通所介護】奈良県奈良市都祁白石町1178", "url": "https://www.kaigokensaku.mhlw.go.jp/29/index.php?action_kouhyou_detail_004_kani=true&JigyosyoCd=2970107245-00&ServiceCd=150&Type=search", "url2": "https://rirestage.co.jp/" }, "geometry": { "type": "Point", "coordinates": [ 135.958729843933043, 34.60585656682391 ] } },
{ "type": "Feature", "properties": { "内容": "リールデイサービス宝来【通所介護】奈良市宝来四丁目4-12", "url": "https://www.kaigokensaku.mhlw.go.jp/29/index.php?action_kouhyou_detail_004_kani=true&JigyosyoCd=2970107302-00&ServiceCd=150&Type=search", "url2": "https://www.rirestage.co.jp" }, "geometry": { "type": "Point", "coordinates": [ 135.7739, 34.6828562 ] } },
{ "type": "Feature", "properties": { "内容": "リハビリデイサービス　ルピナス朱雀【通所介護】奈良市朱雀1丁目8番5号", "url": "https://www.kaigokensaku.mhlw.go.jp/29/index.php?action_kouhyou_detail_004_kani=true&JigyosyoCd=2970108557-00&ServiceCd=150&Type=search", "url2": "http://www.rupinasu-inc.co.jp" }, "geometry": { "type": "Point", "coordinates": [ 135.7953561, 34.7135531 ] } },
{ "type": "Feature", "properties": { "内容": "リハビリデイサービスルピナス【通所介護】奈良県奈良市西木辻町200-58", "url": "https://www.kaigokensaku.mhlw.go.jp/29/index.php?action_kouhyou_detail_004_kani=true&JigyosyoCd=2970106049-00&ServiceCd=150&Type=search", "url2": "http://www.rupinasu-inc.co.jp/" }, "geometry": { "type": "Point", "coordinates": [ 135.825694623417718, 34.674377830854581 ] } },
{ "type": "Feature", "properties": { "内容": "ＬａＬａあやめ池デイサービス【通所介護】奈良県奈良市あやめ池南４丁目１－１２", "url": "https://www.kaigokensaku.mhlw.go.jp/29/index.php?action_kouhyou_detail_004_kani=true&JigyosyoCd=2970107526-00&ServiceCd=150&Type=search", "url2": "web1.kcn.jp/videoheart/LaLa" }, "geometry": { "type": "Point", "coordinates": [ 135.765253199999989, 34.6964222 ] } },
{ "type": "Feature", "properties": { "内容": "デイサービス　どんぐり【通所介護】奈良市神殿町２９２－２", "url": "https://www.kaigokensaku.mhlw.go.jp/29/index.php?action_kouhyou_detail_004_kani=true&JigyosyoCd=2970107120-00&ServiceCd=150&Type=search", "url2": "http://donguri.mond.jp" }, "geometry": { "type": "Point", "coordinates": [ 135.8201798, 34.6631035 ] } },
{ "type": "Feature", "properties": { "内容": "デイサービス八重桜　押熊【通所介護】押熊町560", "url": "https://www.kaigokensaku.mhlw.go.jp/29/index.php?action_kouhyou_detail_004_kani=true&JigyosyoCd=2970106924-00&ServiceCd=150&Type=search", "url2": "http://www.yaezakura.co.jp/" }, "geometry": { "type": "Point", "coordinates": [ 135.777857300000051, 34.7139166 ] } },
{ "type": "Feature", "properties": { "内容": "デイサービス八重桜　平城【通所介護】奈良県奈良市佐保台西町123番地", "url": "https://www.kaigokensaku.mhlw.go.jp/29/index.php?action_kouhyou_detail_004_kani=true&JigyosyoCd=2970107872-00&ServiceCd=150&Type=search", "url2": "www.yaezakura.co.jp/" }, "geometry": { "type": "Point", "coordinates": [ 135.811016099999961, 34.7116416 ] } },
{ "type": "Feature", "properties": { "内容": "デイサービス八重桜　朱雀【通所介護】奈良県奈良市朱雀1-3-15", "url": "https://www.kaigokensaku.mhlw.go.jp/29/index.php?action_kouhyou_detail_004_kani=true&JigyosyoCd=2970106601-00&ServiceCd=150&Type=search", "url2": "https://www.yaezakura.co.jp" }, "geometry": { "type": "Point", "coordinates": [ 135.796800100000041, 34.7121421 ] } },
{ "type": "Feature", "properties": { "内容": "デイサービス八重桜西奈良【通所介護】奈良県あ奈良市平松一丁目29-9", "url": "https://www.kaigokensaku.mhlw.go.jp/29/index.php?action_kouhyou_detail_004_kani=true&JigyosyoCd=2970108425-00&ServiceCd=150&Type=search", "url2": "www.yaezakura.co.jp/" }, "geometry": { "type": "Point", "coordinates": [ 135.776260353967274, 34.679151591334204 ] } },
{ "type": "Feature", "properties": { "内容": "デイサービス八重桜【通所介護】奈良市法蓮町410-2", "url": "https://www.kaigokensaku.mhlw.go.jp/29/index.php?action_kouhyou_detail_004_kani=true&JigyosyoCd=2970100810-00&ServiceCd=150&Type=search", "url2": "https://www.yaezakura.co.jp" }, "geometry": { "type": "Point", "coordinates": [ 135.815743500000053, 34.691214 ] } },
{ "type": "Feature", "properties": { "内容": "近鉄スマイルあやめ池トレ＆リハ【通所介護】奈良市あやめ池北２－１－１", "url": "https://www.kaigokensaku.mhlw.go.jp/29/index.php?action_kouhyou_detail_004_kani=true&JigyosyoCd=2970103970-00&ServiceCd=150&Type=search", "url2": "https://www.k-smile.com/" }, "geometry": { "type": "Point", "coordinates": [ 135.76251179999997, 34.7002843 ] } },
{ "type": "Feature", "properties": { "内容": "近鉄スマイルあやめ池ケアセンター【通所介護】奈良県奈良市あやめ池北2丁目4番17号", "url": "https://www.kaigokensaku.mhlw.go.jp/29/index.php?action_kouhyou_detail_004_kani=true&JigyosyoCd=2970101123-00&ServiceCd=150&Type=search", "url2": "http://www.k-smile.com" }, "geometry": { "type": "Point", "coordinates": [ 135.762684, 34.7025396 ] } },
{ "type": "Feature", "properties": { "内容": "デイサービスセンターぴいの【通所介護】古市町295-1", "url": "https://www.kaigokensaku.mhlw.go.jp/29/index.php?action_kouhyou_detail_004_kani=true&JigyosyoCd=2970190449-00&ServiceCd=150&Type=search", "url2": "https://spirit-care.co.jp" }, "geometry": { "type": "Point", "coordinates": [ 139.044523700000013, 36.3716795 ] } },
{ "type": "Feature", "properties": { "内容": "ぽれぽれケアセンター青山【通所介護】青山４丁目3-3", "url": "https://www.kaigokensaku.mhlw.go.jp/29/index.php?action_kouhyou_detail_004_kani=true&JigyosyoCd=2970190464-00&ServiceCd=150&Type=search", "url2": "https://www.porepore.co.jp/" }, "geometry": { "type": "Point", "coordinates": [ 141.117761800000011, 39.7289107 ] } },
{ "type": "Feature", "properties": { "内容": "サンタ・マリア【通所介護】奈良県奈良市朱雀４丁目３番地１０", "url": "https://www.kaigokensaku.mhlw.go.jp/29/index.php?action_kouhyou_detail_004_kani=true&JigyosyoCd=2970100414-00&ServiceCd=150&Type=search", "url2": "http://www.yozefu-home.or.jp/" }, "geometry": { "type": "Point", "coordinates": [ 135.798941300000024, 34.721077200000011 ] } },
{ "type": "Feature", "properties": { "内容": "デイ・サンライフ明日香【通所介護】奈良市紀寺町５５６－１", "url": "https://www.kaigokensaku.mhlw.go.jp/29/index.php?action_kouhyou_detail_004_kani=true&JigyosyoCd=2970103335-00&ServiceCd=150&Type=search", "url2": "sunlife.asuka@seiwakai-group.or.jp" }, "geometry": { "type": "Point", "coordinates": [ 135.834511799999973, 34.6715334 ] } },
{ "type": "Feature", "properties": { "内容": "デイサービスセンターらくじ苑【通所介護】奈良市南京終町１３－４", "url": "https://www.kaigokensaku.mhlw.go.jp/29/index.php?action_kouhyou_detail_004_kani=true&JigyosyoCd=2970101784-00&ServiceCd=150&Type=search", "url2": "http://www.rakuji.com/rakujien/" }, "geometry": { "type": "Point", "coordinates": [ 135.82730140000001, 34.6715137 ] } },
{ "type": "Feature", "properties": { "内容": "シニア青春倶楽部【通所介護】南京終町19-1", "url": "https://www.kaigokensaku.mhlw.go.jp/29/index.php?action_kouhyou_detail_004_kani=true&JigyosyoCd=2970106494-00&ServiceCd=150&Type=search", "url2": "http://www.s-rakuji.com" }, "geometry": { "type": "Point", "coordinates": [ 135.827184699999975, 34.670986 ] } },
{ "type": "Feature", "properties": { "内容": "デイサービスセンター　らくじ苑　”集い”【通所介護】奈良県奈良市八条５丁目４３７番地１１号", "url": "https://www.kaigokensaku.mhlw.go.jp/29/index.php?action_kouhyou_detail_004_kani=true&JigyosyoCd=2970103863-00&ServiceCd=150&Type=search", "url2": "http://www.s-rakuji.com/" }, "geometry": { "type": "Point", "coordinates": [ 135.800034399999959, 34.6672196 ] } },
{ "type": "Feature", "properties": { "内容": "あすならホーム富雄【通所介護】奈良市鳥見町3丁目11-1", "url": "https://www.kaigokensaku.mhlw.go.jp/29/index.php?action_kouhyou_detail_004_kani=true&JigyosyoCd=2970104713-00&ServiceCd=150&Type=search", "url2": "http://www.asunaraen.com" }, "geometry": { "type": "Point", "coordinates": [ 135.724943, 34.6939735 ] } },
{ "type": "Feature", "properties": { "内容": "特別養護老人ホーム　あじさい園【通所介護】奈良市茗荷町808-１", "url": "https://www.kaigokensaku.mhlw.go.jp/29/index.php?action_kouhyou_detail_004_kani=true&JigyosyoCd=2970100281-00&ServiceCd=150&Type=search", "url2": "http://www.ajisaien.or.jp" }, "geometry": { "type": "Point", "coordinates": [ 135.902224700000033, 34.6570114 ] } },
{ "type": "Feature", "properties": { "内容": "特別養護老人ホーム長曽根寮　指定通所介護事業所【通所介護】奈良県奈良市大倭町４番１号", "url": "https://www.kaigokensaku.mhlw.go.jp/29/index.php?action_kouhyou_detail_004_kani=true&JigyosyoCd=2970100232-00&ServiceCd=150&Type=search", "url2": "http://www.asukaen.net/" }, "geometry": { "type": "Point", "coordinates": [ 135.758187200000066, 34.680781 ] } },
{ "type": "Feature", "properties": { "内容": "ならやま園デイサービスセンター【通所介護】奈良市山陵町1085", "url": "https://www.kaigokensaku.mhlw.go.jp/29/index.php?action_kouhyou_detail_004_kani=true&JigyosyoCd=2970100752-00&ServiceCd=150&Type=search", "url2": "http://fukujukai.or.jp" }, "geometry": { "type": "Point", "coordinates": [ 135.781954199999973, 34.7116197 ] } },
{ "type": "Feature", "properties": { "内容": "万葉苑デイサービスセンター【通所介護】奈良市川上町281", "url": "https://www.kaigokensaku.mhlw.go.jp/29/index.php?action_kouhyou_detail_004_kani=true&JigyosyoCd=2970100604-00&ServiceCd=150&Type=search", "url2": "http://www.manyoen.jp" }, "geometry": { "type": "Point", "coordinates": [ 135.839077299999985, 34.6959139 ] } },
{ "type": "Feature", "properties": { "内容": "デイサービスみやび【通所介護】西ノ京町250-1", "url": "https://www.kaigokensaku.mhlw.go.jp/29/index.php?action_kouhyou_detail_004_kani=true&JigyosyoCd=2970104119-00&ServiceCd=150&Type=search", "url2": "http://www.anshingakuenmae.jp" }, "geometry": { "type": "Point", "coordinates": [ 135.787227199999961, 34.6705414 ] } },
{ "type": "Feature", "properties": { "内容": "デイサービス　あおい【通所介護】中山町1250-7", "url": "https://www.kaigokensaku.mhlw.go.jp/29/index.php?action_kouhyou_detail_004_kani=true&JigyosyoCd=2970106759-00&ServiceCd=150&Type=search", "url2": "http://www.anshingakuename.jp" }, "geometry": { "type": "Point", "coordinates": [ 135.766422299999931, 34.7106334 ] } },
{ "type": "Feature", "properties": { "内容": "愛奈リハビリデイサービス【通所介護】奈良県　奈良市　芝辻町　4丁目　2の9コーポラス新大宮　1Ｆ", "url": "https://www.kaigokensaku.mhlw.go.jp/29/index.php?action_kouhyou_detail_004_kani=true&JigyosyoCd=2970106205-00&ServiceCd=150&Type=search", "url2": "https://kisoudai1.hp.peraichi.com/asahi/" }, "geometry": { "type": "Point", "coordinates": [ 135.811552300000017, 34.68626740000002 ] } },
{ "type": "Feature", "properties": { "内容": "デイサービスセンター時の刻【通所介護】古市町１６９７－１", "url": "https://www.kaigokensaku.mhlw.go.jp/29/index.php?action_kouhyou_detail_004_kani=true&JigyosyoCd=2970107054-00&ServiceCd=150&Type=search", "url2": "https://www.spirit-care.co.jp" }, "geometry": { "type": "Point", "coordinates": [ 139.049388099999987, 36.3766332 ] } },
{ "type": "Feature", "properties": { "内容": "ナイスケアサポート・デイサービス「桜」【通所介護】奈良市学園緑ヶ丘3-5-11", "url": "https://www.kaigokensaku.mhlw.go.jp/29/index.php?action_kouhyou_detail_004_kani=true&JigyosyoCd=2970102030-00&ServiceCd=150&Type=search", "url2": "http://www.nicecare-support.com/" }, "geometry": { "type": "Point", "coordinates": [ 135.74495406758038, 34.701803221905351 ] } },
{ "type": "Feature", "properties": { "内容": "デイサービス友舞山陵【通所介護】奈良県奈良市山陵町９７５番地－１", "url": "https://www.kaigokensaku.mhlw.go.jp/29/index.php?action_kouhyou_detail_004_kani=true&JigyosyoCd=2970105868-00&ServiceCd=150&Type=search", "url2": "https://www.yuumai.co.jp/" }, "geometry": { "type": "Point", "coordinates": [ 135.782512143580561, 34.707079906792153 ] } },
{ "type": "Feature", "properties": { "内容": "エミライズケアセンター押熊【通所介護】押熊町1068-2", "url": "https://www.kaigokensaku.mhlw.go.jp/29/index.php?action_kouhyou_detail_004_kani=true&JigyosyoCd=2970190977-00&ServiceCd=150&Type=search", "url2": null }, "geometry": { "type": "Point", "coordinates": [ 135.771130550926244, 34.72344611814902 ] } },
{ "type": "Feature", "properties": { "内容": "ぽれぽれ東登美ヶ丘リハサロン【通所介護】奈良県奈良市押熊町1325-1", "url": "https://www.kaigokensaku.mhlw.go.jp/29/index.php?action_kouhyou_detail_004_kani=true&JigyosyoCd=2970191116-00&ServiceCd=150&Type=search", "url2": "https://www.porepore.co.jp/office/nara/higashitomi/" }, "geometry": { "type": "Point", "coordinates": [ 135.766863300000011, 34.7231657 ] } },
{ "type": "Feature", "properties": { "内容": "コンパスウォーク奈良北之庄【通所介護】奈良県奈良市北永井町372番地奈良事務機別館106号", "url": "https://www.kaigokensaku.mhlw.go.jp/29/index.php?action_kouhyou_detail_004_kani=true&JigyosyoCd=2970191215-00&ServiceCd=150&Type=search", "url2": null }, "geometry": { "type": "Point", "coordinates": [ 135.8200765, 34.6543519 ] } },
{ "type": "Feature", "properties": { "内容": "社会医療法人健生会デイサービスセンターせいび【通所介護】奈良県奈良市西木辻町２００", "url": "https://www.kaigokensaku.mhlw.go.jp/29/index.php?action_kouhyou_detail_004_kani=true&JigyosyoCd=2970191082-00&ServiceCd=150&Type=search", "url2": "http://www.kenseikai-nara.jp/" }, "geometry": { "type": "Point", "coordinates": [ 135.8255667, 34.6743815 ] } },
{ "type": "Feature", "properties": { "内容": "こまどりと丘デイサービスセンター【通所介護】奈良県奈良市二名１丁目2356-1", "url": "https://www.kaigokensaku.mhlw.go.jp/29/index.php?action_kouhyou_detail_004_kani=true&JigyosyoCd=2970190993-00&ServiceCd=150&Type=search", "url2": "http://komadoritooka.jp" }, "geometry": { "type": "Point", "coordinates": [ 135.736491422090154, 34.706924142875764 ] } },
{ "type": "Feature", "properties": { "内容": "ポシブル高の原【通所介護】奈良市押熊町１２７８－１", "url": "https://www.kaigokensaku.mhlw.go.jp/29/index.php?action_kouhyou_detail_004_kani=true&JigyosyoCd=2970101255-00&ServiceCd=150&Type=search", "url2": "http://www.possible-plus.co.jp" }, "geometry": { "type": "Point", "coordinates": [ 135.7690384, 34.722235 ] } },
{ "type": "Feature", "properties": { "内容": "ポシブル高の原ｎｅｘｔ【通所介護】奈良市押熊町１２７８－１", "url": "https://www.kaigokensaku.mhlw.go.jp/29/index.php?action_kouhyou_detail_004_kani=true&JigyosyoCd=2970105223-00&ServiceCd=150&Type=search", "url2": "http://www.possible-plus.co.jp" }, "geometry": { "type": "Point", "coordinates": [ 135.7690384, 34.722235 ] } },
{ "type": "Feature", "properties": { "内容": "デイサービスセンター福樂苑【通所介護】奈良県奈良市三松3丁目4番6号", "url": "https://www.kaigokensaku.mhlw.go.jp/29/index.php?action_kouhyou_detail_004_kani=true&JigyosyoCd=2970191264-00&ServiceCd=150&Type=search", "url2": null }, "geometry": { "type": "Point", "coordinates": [ 135.7285949, 34.7005055 ] } },
{ "type": "Feature", "properties": { "内容": "デイサービスLUPIN宝来【通所介護】奈良県奈良市宝来4丁目9-30-2", "url": "https://www.kaigokensaku.mhlw.go.jp/29/index.php?action_kouhyou_detail_004_kani=true&JigyosyoCd=2970191298-00&ServiceCd=150&Type=search", "url2": "https://www.lupin-inc.co.jp/office_post/lupin_horai_day/" }, "geometry": { "type": "Point", "coordinates": [ 135.7724488, 34.6809092 ] } },
{ "type": "Feature", "properties": { "内容": "ジョイーレ西大寺機能訓練デイサービス【通所介護】奈良県奈良市山陵町127番地1", "url": "https://www.kaigokensaku.mhlw.go.jp/29/index.php?action_kouhyou_detail_004_kani=true&JigyosyoCd=2970191306-00&ServiceCd=150&Type=search", "url2": "https://gioire.co.jp" }, "geometry": { "type": "Point", "coordinates": [ 135.785797115344224, 34.698326360411471 ] } },
{ "type": "Feature", "properties": { "内容": "学園前西デイサービスセンター【通所介護】奈良市二名三丁目１１５１番地１", "url": "https://www.kaigokensaku.mhlw.go.jp/29/index.php?action_kouhyou_detail_004_kani=true&JigyosyoCd=2970101636-00&ServiceCd=150&Type=search", "url2": "https://www.naraen.or.jp" }, "geometry": { "type": "Point", "coordinates": [ 135.726017800000022, 34.7040559 ] } },
{ "type": "Feature", "properties": { "内容": "デイ・サンライフ高田【通所介護】奈良県大和高田市今里１６番地の２７", "url": "https://www.kaigokensaku.mhlw.go.jp/29/index.php?action_kouhyou_detail_004_kani=true&JigyosyoCd=2970200560-00&ServiceCd=150&Type=search", "url2": null }, "geometry": { "type": "Point", "coordinates": [ 135.75338510000006, 34.5094197 ] } },
{ "type": "Feature", "properties": { "内容": "デイサービスはる【通所介護】大和高田市礒野北町8-8", "url": "https://www.kaigokensaku.mhlw.go.jp/29/index.php?action_kouhyou_detail_004_kani=true&JigyosyoCd=2970200453-00&ServiceCd=150&Type=search", "url2": "http//www.naracare-haru.com" }, "geometry": { "type": "Point", "coordinates": [ 135.734586735581956, 34.509676927427819 ] } },
{ "type": "Feature", "properties": { "内容": "リハビリデイサービスかぐらびと【通所介護】奈良県大和高田市神楽２５４－３", "url": "https://www.kaigokensaku.mhlw.go.jp/29/index.php?action_kouhyou_detail_004_kani=true&JigyosyoCd=2970201758-00&ServiceCd=150&Type=search", "url2": "https://kagurabito.com/" }, "geometry": { "type": "Point", "coordinates": [ 135.743606300000039, 34.5249486 ] } },
{ "type": "Feature", "properties": { "内容": "デイサービスセンターTeToTe【通所介護】奈良県大和高田市材木町7-1", "url": "https://www.kaigokensaku.mhlw.go.jp/29/index.php?action_kouhyou_detail_004_kani=true&JigyosyoCd=2970201592-00&ServiceCd=150&Type=search", "url2": "https://spirit-care.co.jp" }, "geometry": { "type": "Point", "coordinates": [ 135.755226507270777, 34.5170399586397 ] } },
{ "type": "Feature", "properties": { "内容": "リハビリトゥモロー【通所介護】奈良県大和高田市春日町2丁目1-8　スタンドアップ大和高田1階スタンドアップ大和高田1階", "url": "https://www.kaigokensaku.mhlw.go.jp/29/index.php?action_kouhyou_detail_004_kani=true&JigyosyoCd=2970200842-00&ServiceCd=150&Type=search", "url2": "http://www.tomorrow-hs.co.jp" }, "geometry": { "type": "Point", "coordinates": [ 135.738910549578321, 34.503342374872084 ] } },
{ "type": "Feature", "properties": { "内容": "リハビリデイサービスはあとぷらす【通所介護】奈良県大和高田市材木町2番5号", "url": "https://www.kaigokensaku.mhlw.go.jp/29/index.php?action_kouhyou_detail_004_kani=true&JigyosyoCd=2970201485-00&ServiceCd=150&Type=search", "url2": "http://www.rehabili-heart.com/" }, "geometry": { "type": "Point", "coordinates": [ 135.752789665222764, 34.516248571705404 ] } },
{ "type": "Feature", "properties": { "内容": "リハビリデイサービス　いきいき【通所介護】大和高田市市場720-5", "url": "https://www.kaigokensaku.mhlw.go.jp/29/index.php?action_kouhyou_detail_004_kani=true&JigyosyoCd=2970201261-00&ServiceCd=150&Type=search", "url2": "http://iki-iki-r.com/" }, "geometry": { "type": "Point", "coordinates": [ 135.733889500000032, 34.5107385 ] } },
{ "type": "Feature", "properties": { "内容": "特別養護老人ホーム慈光園【通所介護】奈良県大和高田市大字池田444番地", "url": "https://www.kaigokensaku.mhlw.go.jp/29/index.php?action_kouhyou_detail_004_kani=true&JigyosyoCd=2970200115-00&ServiceCd=150&Type=search", "url2": "http://www.jikohen.com/" }, "geometry": { "type": "Point", "coordinates": [ 135.73168110000006, 34.5203789 ] } },
{ "type": "Feature", "properties": { "内容": "和里（にこり）【通所介護】大和高田市野口325番3", "url": "https://www.kaigokensaku.mhlw.go.jp/29/index.php?action_kouhyou_detail_004_kani=true&JigyosyoCd=2970200750-00&ServiceCd=150&Type=search", "url2": "http://www.nicori.or.jp" }, "geometry": { "type": "Point", "coordinates": [ 135.721026199999983, 34.5250476 ] } },
{ "type": "Feature", "properties": { "内容": "デイサービスセンター平沼【通所介護】大和高田市西坊城７３－１", "url": "https://www.kaigokensaku.mhlw.go.jp/29/index.php?action_kouhyou_detail_004_kani=true&JigyosyoCd=2970200420-00&ServiceCd=150&Type=search", "url2": "http://web1.kcn.jp/hiranuma/" }, "geometry": { "type": "Point", "coordinates": [ 135.75737950000007, 34.491336 ] } },
{ "type": "Feature", "properties": { "内容": "リハビリデイサービス楽の樹【通所介護】大和高田市田井新町１１－８", "url": "https://www.kaigokensaku.mhlw.go.jp/29/index.php?action_kouhyou_detail_004_kani=true&JigyosyoCd=2970200990-00&ServiceCd=150&Type=search", "url2": "rakunoki.rct45@bronze.ocn.ne.jp" }, "geometry": { "type": "Point", "coordinates": [ 135.749077100000022, 34.5033927 ] } },
{ "type": "Feature", "properties": { "内容": "有限会社デイサービスらぶ【通所介護】奈良県大和高田市礒野490番地4", "url": "https://www.kaigokensaku.mhlw.go.jp/29/index.php?action_kouhyou_detail_004_kani=true&JigyosyoCd=2970200651-00&ServiceCd=150&Type=search", "url2": null }, "geometry": { "type": "Point", "coordinates": [ 135.735686435153212, 34.504622328951918 ] } },
{ "type": "Feature", "properties": { "内容": "デイサービスセンターみらい日記【通所介護】奈良県大和高田市大字田井117番地15", "url": "https://www.kaigokensaku.mhlw.go.jp/29/index.php?action_kouhyou_detail_004_kani=true&JigyosyoCd=2970201519-00&ServiceCd=150&Type=search", "url2": null }, "geometry": { "type": "Point", "coordinates": [ 135.755238571688778, 34.500355865014257 ] } },
{ "type": "Feature", "properties": { "内容": "特定非営利活動法人わかくさもえぎ【通所介護】奈良県大和郡山市九条町295番地の1", "url": "https://www.kaigokensaku.mhlw.go.jp/29/index.php?action_kouhyou_detail_004_kani=true&JigyosyoCd=2970301749-00&ServiceCd=150&Type=search", "url2": "www.wakakusamoegi.com/" }, "geometry": { "type": "Point", "coordinates": [ 135.783713487171923, 34.659270712456099 ] } },
{ "type": "Feature", "properties": { "内容": "ポシブル大和郡山【通所介護】大和郡山市小泉町2849", "url": "https://www.kaigokensaku.mhlw.go.jp/29/index.php?action_kouhyou_detail_004_kani=true&JigyosyoCd=2970300881-00&ServiceCd=150&Type=search", "url2": "http://www.possible-plus.co.jp" }, "geometry": { "type": "Point", "coordinates": [ 135.749987300849853, 34.628147470566255 ] } },
{ "type": "Feature", "properties": { "内容": "デイサービスセンターひまわり郡山【通所介護】奈良県大和郡山市額田部北町822番1", "url": "https://www.kaigokensaku.mhlw.go.jp/29/index.php?action_kouhyou_detail_004_kani=true&JigyosyoCd=2970302044-00&ServiceCd=150&Type=search", "url2": "http://www.fureai-net.com" }, "geometry": { "type": "Point", "coordinates": [ 135.7742527, 34.6016137 ] } },
{ "type": "Feature", "properties": { "内容": "デイサービス発志院あいあいの郷【通所介護】奈良県大和郡山市発志院町183-1", "url": "https://www.kaigokensaku.mhlw.go.jp/29/index.php?action_kouhyou_detail_004_kani=true&JigyosyoCd=2970300840-00&ServiceCd=150&Type=search", "url2": "http://あいあいの郷.com/" }, "geometry": { "type": "Point", "coordinates": [ 135.803467599999976, 34.6276626 ] } },
{ "type": "Feature", "properties": { "内容": "デイサービスりあん郡山【通所介護】奈良県大和郡山市馬司町630-1片山ハイツ103", "url": "https://www.kaigokensaku.mhlw.go.jp/29/index.php?action_kouhyou_detail_004_kani=true&JigyosyoCd=2970301988-00&ServiceCd=150&Type=search", "url2": null }, "geometry": { "type": "Point", "coordinates": [ 135.786281300000013, 34.6161848 ] } },
{ "type": "Feature", "properties": { "内容": "あすなら苑【通所介護】奈良県大和郡山市宮堂町字青木160番7", "url": "https://www.kaigokensaku.mhlw.go.jp/29/index.php?action_kouhyou_detail_004_kani=true&JigyosyoCd=2970300121-00&ServiceCd=150&Type=search", "url2": "https://asunaraen.or.jp" }, "geometry": { "type": "Point", "coordinates": [ 135.786481099999946, 34.6019069 ] } },
{ "type": "Feature", "properties": { "内容": "あすならホーム郡山デイサービス【通所介護】奈良県大和郡山市新木町365－1", "url": "https://www.kaigokensaku.mhlw.go.jp/29/index.php?action_kouhyou_detail_004_kani=true&JigyosyoCd=2970301681-00&ServiceCd=150&Type=search", "url2": "http://www.asunaraen.or.jp/" }, "geometry": { "type": "Point", "coordinates": [ 135.773468771855676, 34.642106931930705 ] } },
{ "type": "Feature", "properties": { "内容": "大和園りおん【通所介護】筒井町883-3大和園りおん", "url": "https://www.kaigokensaku.mhlw.go.jp/29/index.php?action_kouhyou_detail_004_kani=true&JigyosyoCd=2970301731-00&ServiceCd=150&Type=search", "url2": "http://www.yamatoen.or.jp" }, "geometry": { "type": "Point", "coordinates": [ 135.783615414086171, 34.619121394476764 ] } },
{ "type": "Feature", "properties": { "内容": "特別養護老人ホーム大和園平和【通所介護】奈良県大和郡山市美濃庄町236-1", "url": "https://www.kaigokensaku.mhlw.go.jp/29/index.php?action_kouhyou_detail_004_kani=true&JigyosyoCd=2970300089-00&ServiceCd=150&Type=search", "url2": "http://www.yamatoen.or.jp/" }, "geometry": { "type": "Point", "coordinates": [ 135.806342200000017, 34.6393253 ] } },
{ "type": "Feature", "properties": { "内容": "大和園こおりやまデイサービスセンター【通所介護】北郡山町205-4", "url": "https://www.kaigokensaku.mhlw.go.jp/29/index.php?action_kouhyou_detail_004_kani=true&JigyosyoCd=2970301269-00&ServiceCd=150&Type=search", "url2": "http://www.yamatoen.or.jp/yamato_kooriyama/index.html" }, "geometry": { "type": "Point", "coordinates": [ 135.782888700000058, 34.6531901 ] } },
{ "type": "Feature", "properties": { "内容": "矢田の郷【通所介護】奈良県大和郡山市新町991", "url": "https://www.kaigokensaku.mhlw.go.jp/29/index.php?action_kouhyou_detail_004_kani=true&JigyosyoCd=2970300626-00&ServiceCd=150&Type=search", "url2": "http://www.fukushiin.com" }, "geometry": { "type": "Point", "coordinates": [ 135.738631199999986, 34.6350154 ] } },
{ "type": "Feature", "properties": { "内容": "有限会社　奈良ライフサポート　　デイサ-ビスどれみ郡山【通所介護】奈良県大和郡山市発志院町１８５番地1", "url": "https://www.kaigokensaku.mhlw.go.jp/29/index.php?action_kouhyou_detail_004_kani=true&JigyosyoCd=2970300600-00&ServiceCd=150&Type=search", "url2": "http://lsupport.co.jp/" }, "geometry": { "type": "Point", "coordinates": [ 135.8031287, 34.6279015 ] } },
{ "type": "Feature", "properties": { "内容": "あすならホーム筒井【通所介護】大和郡山市筒井町250-1", "url": "https://www.kaigokensaku.mhlw.go.jp/29/index.php?action_kouhyou_detail_004_kani=true&JigyosyoCd=2970300923-00&ServiceCd=150&Type=search", "url2": "http//www.asunaraen.com" }, "geometry": { "type": "Point", "coordinates": [ 135.780250904893478, 34.624466630029239 ] } },
{ "type": "Feature", "properties": { "内容": "ツクイ天理別所【通所介護】天理市別所町16", "url": "https://www.kaigokensaku.mhlw.go.jp/29/index.php?action_kouhyou_detail_004_kani=true&JigyosyoCd=2970401515-00&ServiceCd=150&Type=search", "url2": null }, "geometry": { "type": "Point", "coordinates": [ 135.8352783, 34.6055126 ] } },
{ "type": "Feature", "properties": { "内容": "デイサービスセンターりらいふ【通所介護】奈良県天理市海知町457番地", "url": "https://www.kaigokensaku.mhlw.go.jp/29/index.php?action_kouhyou_detail_004_kani=true&JigyosyoCd=2970401366-00&ServiceCd=150&Type=search", "url2": null }, "geometry": { "type": "Point", "coordinates": [ 135.82022383768745, 34.567436836637725 ] } },
{ "type": "Feature", "properties": { "内容": "デイサービスつむぎ【通所介護】天理市東井戸堂町372-1", "url": "https://www.kaigokensaku.mhlw.go.jp/29/index.php?action_kouhyou_detail_004_kani=true&JigyosyoCd=2970401424-00&ServiceCd=150&Type=search", "url2": "http://www.ainetgroup.net" }, "geometry": { "type": "Point", "coordinates": [ 135.823194368122842, 34.591337619462621 ] } },
{ "type": "Feature", "properties": { "内容": "デイサービスセンター清寿苑【通所介護】奈良県天理市中之庄町５３２－１社会福祉法人大和清寿会　特別養護老人ホーム清寿苑", "url": "https://www.kaigokensaku.mhlw.go.jp/29/index.php?action_kouhyou_detail_004_kani=true&JigyosyoCd=2970400012-00&ServiceCd=150&Type=search", "url2": "http://www.fureai-net.com" }, "geometry": { "type": "Point", "coordinates": [ 135.842686100000037, 34.6365684 ] } },
{ "type": "Feature", "properties": { "内容": "シンシア奈良デイサービス【通所介護】奈良県天理市田部町160-1", "url": "https://www.kaigokensaku.mhlw.go.jp/29/index.php?action_kouhyou_detail_004_kani=true&JigyosyoCd=2970401416-00&ServiceCd=150&Type=search", "url2": "https://www.sincere-gri.com/037_narads/index.html" }, "geometry": { "type": "Point", "coordinates": [ 135.830939700000044, 34.6069973 ] } },
{ "type": "Feature", "properties": { "内容": "デイサービスりあん指柳【通所介護】奈良県天理市指柳町301‐3", "url": "https://www.kaigokensaku.mhlw.go.jp/29/index.php?action_kouhyou_detail_004_kani=true&JigyosyoCd=2970401481-00&ServiceCd=150&Type=search", "url2": null }, "geometry": { "type": "Point", "coordinates": [ 135.824673600000011, 34.6042563 ] } },
{ "type": "Feature", "properties": { "内容": "すまいるリハビリデイサービス【通所介護】奈良県天理市岸田町202", "url": "https://www.kaigokensaku.mhlw.go.jp/29/index.php?action_kouhyou_detail_004_kani=true&JigyosyoCd=2970401408-00&ServiceCd=150&Type=search", "url2": null }, "geometry": { "type": "Point", "coordinates": [ 135.831533, 34.564268 ] } },
{ "type": "Feature", "properties": { "内容": "リハビリデイサービスセンター帆帆【通所介護】奈良県天理市富堂町300-57天理メディカルイースト", "url": "https://www.kaigokensaku.mhlw.go.jp/29/index.php?action_kouhyou_detail_004_kani=true&JigyosyoCd=2970401721-00&ServiceCd=150&Type=search", "url2": "https://www.tenri-medicaleast.jp/" }, "geometry": { "type": "Point", "coordinates": [ 135.8180044, 34.5977496 ] } },
{ "type": "Feature", "properties": { "内容": "あすならホーム二階堂【通所介護】天理市荒蒔町61-2", "url": "https://www.kaigokensaku.mhlw.go.jp/29/index.php?action_kouhyou_detail_004_kani=true&JigyosyoCd=2970400806-00&ServiceCd=150&Type=search", "url2": "http://www.asunaraen.com" }, "geometry": { "type": "Point", "coordinates": [ 135.8038292, 34.5993378 ] } },
{ "type": "Feature", "properties": { "内容": "あすならホーム檪本　リハビリ特化型デイサービス【通所介護】天理市櫟本町3012-1", "url": "https://www.kaigokensaku.mhlw.go.jp/29/index.php?action_kouhyou_detail_004_kani=true&JigyosyoCd=2970401077-00&ServiceCd=150&Type=search", "url2": "http://www.asunaraenn.com" }, "geometry": { "type": "Point", "coordinates": [ 135.832528700000012, 34.6190169 ] } },
{ "type": "Feature", "properties": { "内容": "柳本デイサービスセンター【通所介護】奈良県天理市柳本町　１１９４－１", "url": "https://www.kaigokensaku.mhlw.go.jp/29/index.php?action_kouhyou_detail_004_kani=true&JigyosyoCd=2970400939-00&ServiceCd=150&Type=search", "url2": "https://kisoudai1.hp.peraichi.com/asahi/" }, "geometry": { "type": "Point", "coordinates": [ 135.845617700000048, 34.5594376 ] } },
{ "type": "Feature", "properties": { "内容": "デイサービス　夢広場【通所介護】天理市嘉幡町１０５ー５", "url": "https://www.kaigokensaku.mhlw.go.jp/29/index.php?action_kouhyou_detail_004_kani=true&JigyosyoCd=2970400673-00&ServiceCd=150&Type=search", "url2": "http://www.yume-gp.com/" }, "geometry": { "type": "Point", "coordinates": [ 135.800574399999959, 34.58835 ] } },
{ "type": "Feature", "properties": { "内容": "有限会社夢グループ夢広場Ⅱ【通所介護】奈良県天理市西長柄町164番地", "url": "https://www.kaigokensaku.mhlw.go.jp/29/index.php?action_kouhyou_detail_004_kani=true&JigyosyoCd=2970401358-00&ServiceCd=150&Type=search", "url2": "yumehiroba@2015gmail.com" }, "geometry": { "type": "Point", "coordinates": [ 135.8220413, 34.5711295 ] } },
{ "type": "Feature", "properties": { "内容": "ﾃﾞｲｻ-ﾋﾞｽｾﾝﾀ-夢いろぱずる天理【通所介護】櫟本町2947-1", "url": "https://www.kaigokensaku.mhlw.go.jp/29/index.php?action_kouhyou_detail_004_kani=true&JigyosyoCd=2970401804-00&ServiceCd=150&Type=search", "url2": "https//www.spirit-care.co.jp" }, "geometry": { "type": "Point", "coordinates": [ 135.836851700000011, 34.6190425 ] } },
{ "type": "Feature", "properties": { "内容": "デイサービス　ロハスの木【通所介護】奈良県橿原市北八木町1-6-12", "url": "https://www.kaigokensaku.mhlw.go.jp/29/index.php?action_kouhyou_detail_004_kani=true&JigyosyoCd=2970502536-00&ServiceCd=150&Type=search", "url2": "https://hp.kaipoke.biz/bcp/" }, "geometry": { "type": "Point", "coordinates": [ 135.794663500000013, 34.5127566 ] } },
{ "type": "Feature", "properties": { "内容": "デイサービスセンター鈴【通所介護】奈良県橿原市土橋町495", "url": "https://www.kaigokensaku.mhlw.go.jp/29/index.php?action_kouhyou_detail_004_kani=true&JigyosyoCd=2970502601-00&ServiceCd=150&Type=search", "url2": "https://www.ds-suzu.net" }, "geometry": { "type": "Point", "coordinates": [ 135.781120349073831, 34.52562936843475 ] } },
{ "type": "Feature", "properties": { "内容": "デイサービスセンター華やぎ二番館花笑み【通所介護】奈良県橿原市今井町3丁目12番16号", "url": "https://www.kaigokensaku.mhlw.go.jp/29/index.php?action_kouhyou_detail_004_kani=true&JigyosyoCd=2970501165-00&ServiceCd=150&Type=search", "url2": "https://www.useful21.co.jp/" }, "geometry": { "type": "Point", "coordinates": [ 135.78294205847476, 34.504916369331674 ] } },
{ "type": "Feature", "properties": { "内容": "デイサービスセンター　華やぎ【通所介護】奈良県橿原市今井町3丁目12番15号", "url": "https://www.kaigokensaku.mhlw.go.jp/29/index.php?action_kouhyou_detail_004_kani=true&JigyosyoCd=2970501819-00&ServiceCd=150&Type=search", "url2": "http://www.youthful21.com" }, "geometry": { "type": "Point", "coordinates": [ 135.782830485458362, 34.504880644866901 ] } },
{ "type": "Feature", "properties": { "内容": "デイサービスセンターともに【通所介護】石川町185番地", "url": "https://www.kaigokensaku.mhlw.go.jp/29/index.php?action_kouhyou_detail_004_kani=true&JigyosyoCd=2970502379-00&ServiceCd=150&Type=search", "url2": "http;//www.kagirohi-tomoni.co.jp" }, "geometry": { "type": "Point", "coordinates": [ 135.800692, 34.4832296 ] } },
{ "type": "Feature", "properties": { "内容": "デイサービスセンター　ティエール【通所介護】奈良県橿原市曽我町８０３－１", "url": "https://www.kaigokensaku.mhlw.go.jp/29/index.php?action_kouhyou_detail_004_kani=true&JigyosyoCd=2970501751-00&ServiceCd=150&Type=search", "url2": null }, "geometry": { "type": "Point", "coordinates": [ 135.77848, 34.5179715 ] } },
{ "type": "Feature", "properties": { "内容": "デイサービスセンター　エクサ【通所介護】奈良県橿原市醍醐町131-1", "url": "https://www.kaigokensaku.mhlw.go.jp/29/index.php?action_kouhyou_detail_004_kani=true&JigyosyoCd=2970501272-00&ServiceCd=150&Type=search", "url2": null }, "geometry": { "type": "Point", "coordinates": [ 135.799889200000052, 34.5071789 ] } },
{ "type": "Feature", "properties": { "内容": "デイサービスセンターエルシア橿原【通所介護】十市町1181-1", "url": "https://www.kaigokensaku.mhlw.go.jp/29/index.php?action_kouhyou_detail_004_kani=true&JigyosyoCd=2970502486-00&ServiceCd=150&Type=search", "url2": "https://www.spirit-care.co.jp" }, "geometry": { "type": "Point", "coordinates": [ 135.8066399, 34.528409 ] } },
{ "type": "Feature", "properties": { "内容": "ニチイケアセンター橿原【通所介護】奈良県橿原市曽我町７２３－４", "url": "https://www.kaigokensaku.mhlw.go.jp/29/index.php?action_kouhyou_detail_004_kani=true&JigyosyoCd=2970500266-00&ServiceCd=150&Type=search", "url2": "http://www.nichiigakkan.co.jp" }, "geometry": { "type": "Point", "coordinates": [ 135.779366100000061, 34.5150914 ] } },
{ "type": "Feature", "properties": { "内容": "デイサービス藤の花【通所介護】奈良県橿原市醍醐町142-6藤の花", "url": "https://www.kaigokensaku.mhlw.go.jp/29/index.php?action_kouhyou_detail_004_kani=true&JigyosyoCd=2970502650-00&ServiceCd=150&Type=search", "url2": "http://fujino87.com" }, "geometry": { "type": "Point", "coordinates": [ 135.8020142, 34.507073 ] } },
{ "type": "Feature", "properties": { "内容": "GOOD・PLACE【通所介護】奈良県橿原市東坊城町340-1", "url": "https://www.kaigokensaku.mhlw.go.jp/29/index.php?action_kouhyou_detail_004_kani=true&JigyosyoCd=2970501561-00&ServiceCd=150&Type=search", "url2": "http://place1201.com" }, "geometry": { "type": "Point", "coordinates": [ 135.76401560938794, 34.490597086773235 ] } },
{ "type": "Feature", "properties": { "内容": "ゆうけいの里デイサービスセンター【通所介護】奈良県橿原市新賀町87番地１ゆうけいの里", "url": "https://www.kaigokensaku.mhlw.go.jp/29/index.php?action_kouhyou_detail_004_kani=true&JigyosyoCd=2970502387-00&ServiceCd=150&Type=search", "url2": null }, "geometry": { "type": "Point", "coordinates": [ 135.801832499999989, 34.5190762 ] } },
{ "type": "Feature", "properties": { "内容": "リハビリへいせい神宮前【通所介護】奈良県橿原市久米町558", "url": "https://www.kaigokensaku.mhlw.go.jp/29/index.php?action_kouhyou_detail_004_kani=true&JigyosyoCd=2970501652-00&ServiceCd=150&Type=search", "url2": "http://www.heisei-h.or.jp/a-el/index.html" }, "geometry": { "type": "Point", "coordinates": [ 135.793514378526396, 34.481886150751976 ] } },
{ "type": "Feature", "properties": { "内容": "ぽれぽれ八木西スクエア【通所介護】奈良県橿原市小綱町11-7", "url": "https://www.kaigokensaku.mhlw.go.jp/29/index.php?action_kouhyou_detail_004_kani=true&JigyosyoCd=2970502502-00&ServiceCd=150&Type=search", "url2": "http://www.porepore.co.jp/office/kashihara3.html" }, "geometry": { "type": "Point", "coordinates": [ 135.785433399999988, 34.5110017 ] } },
{ "type": "Feature", "properties": { "内容": "ぽれぽれケアセンター白橿【通所介護】北越智町322番地", "url": "https://www.kaigokensaku.mhlw.go.jp/29/index.php?action_kouhyou_detail_004_kani=true&JigyosyoCd=2970501694-00&ServiceCd=150&Type=search", "url2": "www.porepore.co.jp" }, "geometry": { "type": "Point", "coordinates": [ 135.778175199999964, 34.48079 ] } },
{ "type": "Feature", "properties": { "内容": "橿原園【通所介護】奈良県橿原市見瀬町265番地", "url": "https://www.kaigokensaku.mhlw.go.jp/29/index.php?action_kouhyou_detail_004_kani=true&JigyosyoCd=2970500019-00&ServiceCd=150&Type=search", "url2": "http://wwwkashiharaen.or.jp" }, "geometry": { "type": "Point", "coordinates": [ 135.791340699999978, 34.4795014 ] } },
{ "type": "Feature", "properties": { "内容": "デイサービスバンデ（絆）【通所介護】奈良県橿原市東竹田町１０４番１", "url": "https://www.kaigokensaku.mhlw.go.jp/29/index.php?action_kouhyou_detail_004_kani=true&JigyosyoCd=2970502130-00&ServiceCd=150&Type=search", "url2": "http://www.bande.or.jp" }, "geometry": { "type": "Point", "coordinates": [ 135.824572499999931, 34.5256967 ] } },
{ "type": "Feature", "properties": { "内容": "デイサービスセンター橿原の郷【通所介護】奈良県橿原市飯高町７－１", "url": "https://www.kaigokensaku.mhlw.go.jp/29/index.php?action_kouhyou_detail_004_kani=true&JigyosyoCd=2970501033-00&ServiceCd=150&Type=search", "url2": "www.sanyofukushikai.com/" }, "geometry": { "type": "Point", "coordinates": [ 135.77985769999998, 34.5311449 ] } },
{ "type": "Feature", "properties": { "内容": "特別養護老人ホーム香久山インパレス【通所介護】奈良県橿原市戒外町７番地", "url": "https://www.kaigokensaku.mhlw.go.jp/29/index.php?action_kouhyou_detail_004_kani=true&JigyosyoCd=2970500027-00&ServiceCd=150&Type=search", "url2": "http://shoufukukai.or.jp/" }, "geometry": { "type": "Point", "coordinates": [ 135.823465100000021, 34.4945838 ] } },
{ "type": "Feature", "properties": { "内容": "特別養護老人ホームかなはし苑【通所介護】橿原市雲梯町９４－１", "url": "https://www.kaigokensaku.mhlw.go.jp/29/index.php?action_kouhyou_detail_004_kani=true&JigyosyoCd=2970500035-00&ServiceCd=150&Type=search", "url2": "http://kanahashien.iinaa.net/" }, "geometry": { "type": "Point", "coordinates": [ 135.767925500000047, 34.5021375 ] } },
{ "type": "Feature", "properties": { "内容": "桃寿園【通所介護】奈良県橿原市北越智町345番地", "url": "https://www.kaigokensaku.mhlw.go.jp/29/index.php?action_kouhyou_detail_004_kani=true&JigyosyoCd=2970500076-00&ServiceCd=150&Type=search", "url2": "http://www.choseikai.or.jp" }, "geometry": { "type": "Point", "coordinates": [ 135.7775004, 34.4740242 ] } },
{ "type": "Feature", "properties": { "内容": "リハビリデイサービス　ポシブルあす香【通所介護】奈良県橿原市見瀬町595-3岡寺複合ビル２階", "url": "https://www.kaigokensaku.mhlw.go.jp/29/index.php?action_kouhyou_detail_004_kani=true&JigyosyoCd=2970501363-00&ServiceCd=150&Type=search", "url2": "https://www.possible-plus.co.jp/store/リハビリデイサービスポシブルあす香/" }, "geometry": { "type": "Point", "coordinates": [ 135.796524587310842, 34.475090586120039 ] } },
{ "type": "Feature", "properties": { "内容": "デイサービスセンター幸和【通所介護】奈良県桜井市三輪419番", "url": "https://www.kaigokensaku.mhlw.go.jp/29/index.php?action_kouhyou_detail_004_kani=true&JigyosyoCd=2970600884-00&ServiceCd=150&Type=search", "url2": null }, "geometry": { "type": "Point", "coordinates": [ 135.847909699999974, 34.5248968 ] } },
{ "type": "Feature", "properties": { "内容": "リハビリデイサービスセンター四つ葉のクローバー桜井【通所介護】奈良県桜井市粟殿318-1リハビリデイサービスセンター四つ葉のクローバー桜井", "url": "https://www.kaigokensaku.mhlw.go.jp/29/index.php?action_kouhyou_detail_004_kani=true&JigyosyoCd=2970600942-00&ServiceCd=150&Type=search", "url2": "http://www.grandsoul.co.jp/clover/" }, "geometry": { "type": "Point", "coordinates": [ 135.849941395384235, 34.517252699494314 ] } },
{ "type": "Feature", "properties": { "内容": "レッツ倶楽部桜井【通所介護】奈良県桜井市大字谷1152-2", "url": "https://www.kaigokensaku.mhlw.go.jp/29/index.php?action_kouhyou_detail_004_kani=true&JigyosyoCd=2970601213-00&ServiceCd=150&Type=search", "url2": "https://www.lets-club.jp/shop/sakurai/" }, "geometry": { "type": "Point", "coordinates": [ 135.8462865, 34.5004036 ] } },
{ "type": "Feature", "properties": { "内容": "デイサービスやまのべ【通所介護】奈良県桜井市大豆越104-1", "url": "https://www.kaigokensaku.mhlw.go.jp/29/index.php?action_kouhyou_detail_004_kani=true&JigyosyoCd=2970600348-00&ServiceCd=150&Type=search", "url2": "https://www.yamanobe.or.jp" }, "geometry": { "type": "Point", "coordinates": [ 135.836598221426357, 34.549506825103258 ] } },
{ "type": "Feature", "properties": { "内容": "デイサービスおたがいさん【通所介護】奈良県桜井市河西775エンプレス南", "url": "https://www.kaigokensaku.mhlw.go.jp/29/index.php?action_kouhyou_detail_004_kani=true&JigyosyoCd=2970601197-00&ServiceCd=150&Type=search", "url2": "https://ookinigroup.com/" }, "geometry": { "type": "Point", "coordinates": [ 135.847276300000033, 34.500425900000025 ] } },
{ "type": "Feature", "properties": { "内容": "デイサービスセンターエルシア桜井【通所介護】奈良県桜井市大福296", "url": "https://www.kaigokensaku.mhlw.go.jp/29/index.php?action_kouhyou_detail_004_kani=true&JigyosyoCd=2970601189-00&ServiceCd=150&Type=search", "url2": "https://www.spirit-care.co.jp" }, "geometry": { "type": "Point", "coordinates": [ 135.8306168608826, 34.513715607293584 ] } },
{ "type": "Feature", "properties": { "内容": "ニチイケアセンター桜井【通所介護】桜井市粟殿1027-1", "url": "https://www.kaigokensaku.mhlw.go.jp/29/index.php?action_kouhyou_detail_004_kani=true&JigyosyoCd=2970600116-00&ServiceCd=150&Type=search", "url2": "http://www.nichiigakkan.co.jp" }, "geometry": { "type": "Point", "coordinates": [ 135.8456711, 34.5183615 ] } },
{ "type": "Feature", "properties": { "内容": "三輪の里デイサービスセンター【通所介護】奈良県桜井市慈恩寺285", "url": "https://www.kaigokensaku.mhlw.go.jp/29/index.php?action_kouhyou_detail_004_kani=true&JigyosyoCd=2970600082-00&ServiceCd=150&Type=search", "url2": "http://miwanosato.jp/" }, "geometry": { "type": "Point", "coordinates": [ 135.863456, 34.5192004 ] } },
{ "type": "Feature", "properties": { "内容": "きび秀華苑デイサービスセンター【通所介護】奈良県桜井市吉備５４２番地２", "url": "https://www.kaigokensaku.mhlw.go.jp/29/index.php?action_kouhyou_detail_004_kani=true&JigyosyoCd=2970600900-00&ServiceCd=150&Type=search", "url2": "http://www.seikoukai-fukushi.or.jp" }, "geometry": { "type": "Point", "coordinates": [ 135.833266500663711, 34.508678068182114 ] } },
{ "type": "Feature", "properties": { "内容": "みやこデイサービス桜井【通所介護】奈良県桜井市桜井295番地", "url": "https://www.kaigokensaku.mhlw.go.jp/29/index.php?action_kouhyou_detail_004_kani=true&JigyosyoCd=2970601262-00&ServiceCd=150&Type=search", "url2": null }, "geometry": { "type": "Point", "coordinates": [ 135.847749336629988, 34.510904494502618 ] } },
{ "type": "Feature", "properties": { "内容": "秀華苑デイサービスセンター【通所介護】奈良県桜井市出雲1642番地", "url": "https://www.kaigokensaku.mhlw.go.jp/29/index.php?action_kouhyou_detail_004_kani=true&JigyosyoCd=2970600546-00&ServiceCd=150&Type=search", "url2": "http://www.seikoukai-fukushi.or.jp" }, "geometry": { "type": "Point", "coordinates": [ 135.8956485, 34.5217756 ] } },
{ "type": "Feature", "properties": { "内容": "デイサービスセンターグランビレッジ倉橋【通所介護】奈良県桜井市倉橋1088-1", "url": "https://www.kaigokensaku.mhlw.go.jp/29/index.php?action_kouhyou_detail_004_kani=true&JigyosyoCd=2970601387-00&ServiceCd=150&Type=search", "url2": "https://www.taiyounomura.org/kurahashi/" }, "geometry": { "type": "Point", "coordinates": [ 135.859951, 34.491234 ] } },
{ "type": "Feature", "properties": { "内容": "社会福祉法人　大和桜井園【通所介護】奈良県桜井市大字阿部１０７０番地", "url": "https://www.kaigokensaku.mhlw.go.jp/29/index.php?action_kouhyou_detail_004_kani=true&JigyosyoCd=2970600017-00&ServiceCd=150&Type=search", "url2": "http://www.sakuraien.jp/" }, "geometry": { "type": "Point", "coordinates": [ 135.84481758653871, 34.501462125768768 ] } },
{ "type": "Feature", "properties": { "内容": "かぐやまのさと【通所介護】吉備５１２－１", "url": "https://www.kaigokensaku.mhlw.go.jp/29/index.php?action_kouhyou_detail_004_kani=true&JigyosyoCd=2970601320-00&ServiceCd=150&Type=search", "url2": null }, "geometry": { "type": "Point", "coordinates": [ 135.830464, 34.508681 ] } },
{ "type": "Feature", "properties": { "内容": "デイサービスしんしんリハビリテーション菜の花【通所介護】桜井市生田243-3", "url": "https://www.kaigokensaku.mhlw.go.jp/29/index.php?action_kouhyou_detail_004_kani=true&JigyosyoCd=2970601171-00&ServiceCd=150&Type=search", "url2": "https://care-net.biz/29/yoriai/b15.php" }, "geometry": { "type": "Point", "coordinates": [ 135.83999410450744, 34.495075218687674 ] } },
{ "type": "Feature", "properties": { "内容": "ハートランド五條　デイサービスセンター【通所介護】奈良県五條市二見5丁目3番63号", "url": "https://www.kaigokensaku.mhlw.go.jp/29/index.php?action_kouhyou_detail_004_kani=true&JigyosyoCd=2970700577-00&ServiceCd=150&Type=search", "url2": "http://www.heartland.or.jp/gojo/" }, "geometry": { "type": "Point", "coordinates": [ 135.691288367090493, 34.340437501992312 ] } },
{ "type": "Feature", "properties": { "内容": "友語苑デイサービスセンター【通所介護】奈良県五條市住川町１４２６番地", "url": "https://www.kaigokensaku.mhlw.go.jp/29/index.php?action_kouhyou_detail_004_kani=true&JigyosyoCd=2970700189-00&ServiceCd=150&Type=search", "url2": "http://www.sanju.or.jp/" }, "geometry": { "type": "Point", "coordinates": [ 135.72407910000004, 34.3877942 ] } },
{ "type": "Feature", "properties": { "内容": "社会福祉法人祥水園【通所介護】奈良県五條市野原西3丁目3番41号", "url": "https://www.kaigokensaku.mhlw.go.jp/29/index.php?action_kouhyou_detail_004_kani=true&JigyosyoCd=2970700049-00&ServiceCd=150&Type=search", "url2": "http://www.shousuien.or.jp" }, "geometry": { "type": "Point", "coordinates": [ 135.702400515361006, 34.345826115123565 ] } },
{ "type": "Feature", "properties": { "内容": "特別養護老人ホームまきの苑【通所介護】奈良県五條市大沢町5-25", "url": "https://www.kaigokensaku.mhlw.go.jp/29/index.php?action_kouhyou_detail_004_kani=true&JigyosyoCd=2970700031-00&ServiceCd=150&Type=search", "url2": "http://www.seiwakai-gojo.or.jp/" }, "geometry": { "type": "Point", "coordinates": [ 135.668103, 34.3613289 ] } },
{ "type": "Feature", "properties": { "内容": "デイサービス　縁　西吉野【通所介護】奈良県五條市西吉野町城戸430", "url": "https://www.kaigokensaku.mhlw.go.jp/29/index.php?action_kouhyou_detail_004_kani=true&JigyosyoCd=2970700791-00&ServiceCd=150&Type=search", "url2": "https://m-ask.jp" }, "geometry": { "type": "Point", "coordinates": [ 135.7521911, 34.2867328 ] } },
{ "type": "Feature", "properties": { "内容": "デイサービスセンターしあわせ【通所介護】奈良県御所市大字櫛羅１５２番地の２、１５２番地の４", "url": "https://www.kaigokensaku.mhlw.go.jp/29/index.php?action_kouhyou_detail_004_kani=true&JigyosyoCd=2970800591-00&ServiceCd=150&Type=search", "url2": null }, "geometry": { "type": "Point", "coordinates": [ 135.722527023942547, 34.463692035836822 ] } },
{ "type": "Feature", "properties": { "内容": "テンダーヒル御所【通所介護】奈良県御所市船路415番地", "url": "https://www.kaigokensaku.mhlw.go.jp/29/index.php?action_kouhyou_detail_004_kani=true&JigyosyoCd=2970800013-00&ServiceCd=150&Type=search", "url2": "https://www.tender.or.jp" }, "geometry": { "type": "Point", "coordinates": [ 135.720190099999968, 34.4107779 ] } },
{ "type": "Feature", "properties": { "内容": "デイサービス　ウイル【通所介護】奈良県御所市東辻99-11", "url": "https://www.kaigokensaku.mhlw.go.jp/29/index.php?action_kouhyou_detail_004_kani=true&JigyosyoCd=2970800765-00&ServiceCd=150&Type=search", "url2": null }, "geometry": { "type": "Point", "coordinates": [ 135.7422867787717, 34.467501110097913 ] } },
{ "type": "Feature", "properties": { "内容": "いぶきデイサービスセンター【通所介護】奈良県御所市南十三66-3", "url": "https://www.kaigokensaku.mhlw.go.jp/29/index.php?action_kouhyou_detail_004_kani=true&JigyosyoCd=2970800724-00&ServiceCd=150&Type=search", "url2": "http://www.ibuki-k.net/" }, "geometry": { "type": "Point", "coordinates": [ 135.7472522, 34.466598 ] } },
{ "type": "Feature", "properties": { "内容": "株式会社デイサービス虹【通所介護】奈良県御所市稲宿561番地", "url": "https://www.kaigokensaku.mhlw.go.jp/29/index.php?action_kouhyou_detail_004_kani=true&JigyosyoCd=2970800575-00&ServiceCd=150&Type=search", "url2": null }, "geometry": { "type": "Point", "coordinates": [ 135.751431258860748, 34.434741387331982 ] } },
{ "type": "Feature", "properties": { "内容": "デイサービス　ときの森【通所介護】奈良県御所市８４番地", "url": "https://www.kaigokensaku.mhlw.go.jp/29/index.php?action_kouhyou_detail_004_kani=true&JigyosyoCd=2970800310-00&ServiceCd=150&Type=search", "url2": "https://tokigr.jp" }, "geometry": { "type": "Point", "coordinates": [ 135.736903019049123, 34.465182351311356 ] } },
{ "type": "Feature", "properties": { "内容": "介護老人福祉施設　友幸苑【通所介護】奈良県御所市重阪７７１番１", "url": "https://www.kaigokensaku.mhlw.go.jp/29/index.php?action_kouhyou_detail_004_kani=true&JigyosyoCd=2970800427-00&ServiceCd=150&Type=search", "url2": "http://www.sanju.or.jp/" }, "geometry": { "type": "Point", "coordinates": [ 135.725928899999985, 34.3884914 ] } },
{ "type": "Feature", "properties": { "内容": "さうす国見【通所介護】奈良県御所市柏原1320", "url": "https://www.kaigokensaku.mhlw.go.jp/29/index.php?action_kouhyou_detail_004_kani=true&JigyosyoCd=2970800278-00&ServiceCd=150&Type=search", "url2": "http://www.jinnankai.jp/" }, "geometry": { "type": "Point", "coordinates": [ 135.764913299999989, 34.4520129 ] } },
{ "type": "Feature", "properties": { "内容": "有限会社ふたば介護センター【通所介護】奈良県御所市三室589", "url": "https://www.kaigokensaku.mhlw.go.jp/29/index.php?action_kouhyou_detail_004_kani=true&JigyosyoCd=2970800674-00&ServiceCd=150&Type=search", "url2": null }, "geometry": { "type": "Point", "coordinates": [ 135.729688900000014, 34.4523529 ] } },
{ "type": "Feature", "properties": { "内容": "デイサービスたまゆら【通所介護】奈良県生駒市東山町211-18", "url": "https://www.kaigokensaku.mhlw.go.jp/29/index.php?action_kouhyou_detail_004_kani=true&JigyosyoCd=2970901688-00&ServiceCd=150&Type=search", "url2": "http://lifecare-ikoma.co.jp/tamayura" }, "geometry": { "type": "Point", "coordinates": [ 135.709214100000054, 34.6489442 ] } },
{ "type": "Feature", "properties": { "内容": "医療法人社団　松下会　リハビリ特化型デイサービス　エリクシール【通所介護】奈良県生駒市上町４１３７", "url": "https://www.kaigokensaku.mhlw.go.jp/29/index.php?action_kouhyou_detail_004_kani=true&JigyosyoCd=2970901605-00&ServiceCd=150&Type=search", "url2": "http://www.allpines.jp" }, "geometry": { "type": "Point", "coordinates": [ 135.721336298255892, 34.724098839160781 ] } },
{ "type": "Feature", "properties": { "内容": "アーク・スペース【通所介護】俵口町694-1", "url": "https://www.kaigokensaku.mhlw.go.jp/29/index.php?action_kouhyou_detail_004_kani=true&JigyosyoCd=2970902041-00&ServiceCd=150&Type=search", "url2": "https://www.arc-care.jp/" }, "geometry": { "type": "Point", "coordinates": [ 135.6962241, 34.7071356 ] } },
{ "type": "Feature", "properties": { "内容": "愛友ケアデイサービス　ひだまり【通所介護】奈良県生駒市南田原町1036-1", "url": "https://www.kaigokensaku.mhlw.go.jp/29/index.php?action_kouhyou_detail_004_kani=true&JigyosyoCd=2970900995-00&ServiceCd=150&Type=search", "url2": "http://iyou-care.com" }, "geometry": { "type": "Point", "coordinates": [ 135.705002400000012, 34.7137271 ] } },
{ "type": "Feature", "properties": { "内容": "デイサービス　ほのほの【通所介護】奈良県生駒市緑ヶ丘２３４６－５", "url": "https://www.kaigokensaku.mhlw.go.jp/29/index.php?action_kouhyou_detail_004_kani=true&JigyosyoCd=2970901647-00&ServiceCd=150&Type=search", "url2": null }, "geometry": { "type": "Point", "coordinates": [ 135.698078676660089, 34.684796912335969 ] } },
{ "type": "Feature", "properties": { "内容": "リハプライド東生駒【通所介護】辻町762-1パストラール東生駒202", "url": "https://www.kaigokensaku.mhlw.go.jp/29/index.php?action_kouhyou_detail_004_kani=true&JigyosyoCd=2970901944-00&ServiceCd=150&Type=search", "url2": "https://www.rehapride.co.jp/higashiikoma/" }, "geometry": { "type": "Point", "coordinates": [ 135.709638399999989, 34.6928113 ] } },
{ "type": "Feature", "properties": { "内容": "リハビリデイサービスリバティ【通所介護】小明町445-1ジュネス東生駒102号", "url": "https://www.kaigokensaku.mhlw.go.jp/29/index.php?action_kouhyou_detail_004_kani=true&JigyosyoCd=2970901670-00&ServiceCd=150&Type=search", "url2": "http://rehabili-liberty.com" }, "geometry": { "type": "Point", "coordinates": [ 135.7059719, 34.7071834 ] } },
{ "type": "Feature", "properties": { "内容": "リハビリ専科デイサービス　ヒューマンリハ【通所介護】奈良県生駒市壱分町１７１－１", "url": "https://www.kaigokensaku.mhlw.go.jp/29/index.php?action_kouhyou_detail_004_kani=true&JigyosyoCd=2970901142-00&ServiceCd=150&Type=search", "url2": null }, "geometry": { "type": "Point", "coordinates": [ 135.70816949999994, 34.6699618 ] } },
{ "type": "Feature", "properties": { "内容": "デイサービスあおいとり【通所介護】奈良県生駒市小明町1523-1", "url": "https://www.kaigokensaku.mhlw.go.jp/29/index.php?action_kouhyou_detail_004_kani=true&JigyosyoCd=2970901068-00&ServiceCd=150&Type=search", "url2": "https://dcaoitori.xrea.jp/あおいとり.html" }, "geometry": { "type": "Point", "coordinates": [ 135.705705399999943, 34.6996674 ] } },
{ "type": "Feature", "properties": { "内容": "デイサービス梅家【通所介護】萩の台4-4-1", "url": "https://www.kaigokensaku.mhlw.go.jp/29/index.php?action_kouhyou_detail_004_kani=true&JigyosyoCd=2970901324-00&ServiceCd=150&Type=search", "url2": "http://www.sousei-ikoma.com" }, "geometry": { "type": "Point", "coordinates": [ 135.715101052778664, 34.654532161107525 ] } },
{ "type": "Feature", "properties": { "内容": "あすならホーム　菜畑【通所介護】生駒市中菜畑2丁目１１２９－１", "url": "https://www.kaigokensaku.mhlw.go.jp/29/index.php?action_kouhyou_detail_004_kani=true&JigyosyoCd=2970900698-00&ServiceCd=150&Type=search", "url2": "http://www.asunaraen.com" }, "geometry": { "type": "Point", "coordinates": [ 135.7056556, 34.6817079 ] } },
{ "type": "Feature", "properties": { "内容": "デイサービスセンター高山ちどり【通所介護】奈良県生駒市高山町8030番地", "url": "https://www.kaigokensaku.mhlw.go.jp/29/index.php?action_kouhyou_detail_004_kani=true&JigyosyoCd=2970900953-00&ServiceCd=150&Type=search", "url2": "https://www.chidori.or.jp/facility/takayama/" }, "geometry": { "type": "Point", "coordinates": [ 135.726281, 34.7279288 ] } },
{ "type": "Feature", "properties": { "内容": "フォレストデイセンター鹿ノ台【通所介護】奈良県生駒市鹿ノ台西1丁目5-1", "url": "https://www.kaigokensaku.mhlw.go.jp/29/index.php?action_kouhyou_detail_004_kani=true&JigyosyoCd=2970900755-00&ServiceCd=150&Type=search", "url2": "http://www.cyomeisou.or.jp" }, "geometry": { "type": "Point", "coordinates": [ 135.7454957, 34.7341643 ] } },
{ "type": "Feature", "properties": { "内容": "特別養護老人ホーム　フォレストホーム【通所介護】奈良県生駒市北田原町2429-4", "url": "https://www.kaigokensaku.mhlw.go.jp/29/index.php?action_kouhyou_detail_004_kani=true&JigyosyoCd=2970900029-00&ServiceCd=150&Type=search", "url2": "http://www.cyomeisou.or.jp" }, "geometry": { "type": "Point", "coordinates": [ 135.710779399999979, 34.7328586 ] } },
{ "type": "Feature", "properties": { "内容": "通所介護事業所「梅寿荘デイセンター」【通所介護】奈良県生駒市元町２丁目１４番８号桃李館", "url": "https://www.kaigokensaku.mhlw.go.jp/29/index.php?action_kouhyou_detail_004_kani=true&JigyosyoCd=2970900151-00&ServiceCd=150&Type=search", "url2": "http://baiday.hozanji-wel.org" }, "geometry": { "type": "Point", "coordinates": [ 135.689465, 34.6897155 ] } },
{ "type": "Feature", "properties": { "内容": "デイセンター延寿【通所介護】奈良県生駒市小瀬町１１００番地", "url": "https://www.kaigokensaku.mhlw.go.jp/29/index.php?action_kouhyou_detail_004_kani=true&JigyosyoCd=2970900276-00&ServiceCd=150&Type=search", "url2": "http://www.enju.net" }, "geometry": { "type": "Point", "coordinates": [ 135.723170900000014, 34.6646762 ] } },
{ "type": "Feature", "properties": { "内容": "通所介護事業所「デイセンター寿楽」【通所介護】奈良県生駒市有里町９５－２", "url": "https://www.kaigokensaku.mhlw.go.jp/29/index.php?action_kouhyou_detail_004_kani=true&JigyosyoCd=2970900177-00&ServiceCd=150&Type=search", "url2": "http://www1.kcn.ne.jp/~juraku/" }, "geometry": { "type": "Point", "coordinates": [ 135.705936299999962, 34.6696812 ] } },
{ "type": "Feature", "properties": { "内容": "ゆりの会デイサービスセンター【通所介護】奈良県生駒市高山町8075", "url": "https://www.kaigokensaku.mhlw.go.jp/29/index.php?action_kouhyou_detail_004_kani=true&JigyosyoCd=2970902017-00&ServiceCd=150&Type=search", "url2": "http://yurino-kai.jp" }, "geometry": { "type": "Point", "coordinates": [ 135.723695, 34.7289945 ] } },
{ "type": "Feature", "properties": { "内容": "たわらぐちデイサービスセンター【通所介護】奈良県生駒市俵口町1069-5", "url": "https://www.kaigokensaku.mhlw.go.jp/29/index.php?action_kouhyou_detail_004_kani=true&JigyosyoCd=2970900367-00&ServiceCd=150&Type=search", "url2": "http://care-net.biz/29/tawaraguchi-ds/" }, "geometry": { "type": "Point", "coordinates": [ 135.6957976, 34.7041142 ] } },
{ "type": "Feature", "properties": { "内容": "デイサービス笑音【通所介護】奈良県香芝市尼寺2-55-1", "url": "https://www.kaigokensaku.mhlw.go.jp/29/index.php?action_kouhyou_detail_004_kani=true&JigyosyoCd=2971000860-00&ServiceCd=150&Type=search", "url2": "http://shift-waon.com" }, "geometry": { "type": "Point", "coordinates": [ 135.701614444180336, 34.574259359556216 ] } },
{ "type": "Feature", "properties": { "内容": "デイサービスセンターすばる【通所介護】奈良県香芝市鎌田157-1", "url": "https://www.kaigokensaku.mhlw.go.jp/29/index.php?action_kouhyou_detail_004_kani=true&JigyosyoCd=2971000233-00&ServiceCd=150&Type=search", "url2": "https://s-subaru.com" }, "geometry": { "type": "Point", "coordinates": [ 135.712563300000056, 34.5218367 ] } },
{ "type": "Feature", "properties": { "内容": "ほねつぎデイサービス香芝【通所介護】奈良県香芝市下田西1丁目11-18", "url": "https://www.kaigokensaku.mhlw.go.jp/29/index.php?action_kouhyou_detail_004_kani=true&JigyosyoCd=2971001736-00&ServiceCd=150&Type=search", "url2": null }, "geometry": { "type": "Point", "coordinates": [ 135.703723599999989, 34.5451176 ] } },
{ "type": "Feature", "properties": { "内容": "リハビリデイサービス人楽アシスト【通所介護】奈良県香芝市上中196-1", "url": "https://www.kaigokensaku.mhlw.go.jp/29/index.php?action_kouhyou_detail_004_kani=true&JigyosyoCd=2971001421-00&ServiceCd=150&Type=search", "url2": "https://jinraku.co.jp/" }, "geometry": { "type": "Point", "coordinates": [ 135.700988523313555, 34.560030622214562 ] } },
{ "type": "Feature", "properties": { "内容": "デイサービス縁結び【通所介護】奈良県香芝市鎌田362-1", "url": "https://www.kaigokensaku.mhlw.go.jp/29/index.php?action_kouhyou_detail_004_kani=true&JigyosyoCd=2971001652-00&ServiceCd=150&Type=search", "url2": null }, "geometry": { "type": "Point", "coordinates": [ 135.707217923278819, 34.523634275726494 ] } },
{ "type": "Feature", "properties": { "内容": "けいはんなデイサービスセンター香芝【通所介護】奈良県香芝市瓦口43-1", "url": "https://www.kaigokensaku.mhlw.go.jp/29/index.php?action_kouhyou_detail_004_kani=true&JigyosyoCd=2971001603-00&ServiceCd=150&Type=search", "url2": "https://careterrace.co.jp/" }, "geometry": { "type": "Point", "coordinates": [ 135.719808699999987, 34.5352549 ] } },
{ "type": "Feature", "properties": { "内容": "デイサービスセンター希【通所介護】奈良県香芝市穴虫1046-1", "url": "https://www.kaigokensaku.mhlw.go.jp/29/index.php?action_kouhyou_detail_004_kani=true&JigyosyoCd=2971000829-00&ServiceCd=150&Type=search", "url2": "http://nozomi4186.com/" }, "geometry": { "type": "Point", "coordinates": [ 135.686024099999941, 34.5470496 ] } },
{ "type": "Feature", "properties": { "内容": "奈良香芝ケアセンターそよ風【通所介護】瓦口16-2", "url": "https://www.kaigokensaku.mhlw.go.jp/29/index.php?action_kouhyou_detail_004_kani=true&JigyosyoCd=2971001769-00&ServiceCd=150&Type=search", "url2": "https://www.sykz.co.jp/" }, "geometry": { "type": "Point", "coordinates": [ 135.717757400000011, 34.5371052 ] } },
{ "type": "Feature", "properties": { "内容": "デイサービス　倖寿の丘【通所介護】奈良県香芝市藤山２丁目１２２０－１", "url": "https://www.kaigokensaku.mhlw.go.jp/29/index.php?action_kouhyou_detail_004_kani=true&JigyosyoCd=2971001314-00&ServiceCd=150&Type=search", "url2": "okuyama-cp@koujyu-oka.com" }, "geometry": { "type": "Point", "coordinates": [ 135.699487, 34.545539 ] } },
{ "type": "Feature", "properties": { "内容": "リハビリトゥモロー香芝【通所介護】香芝市畑2丁目812－1", "url": "https://www.kaigokensaku.mhlw.go.jp/29/index.php?action_kouhyou_detail_004_kani=true&JigyosyoCd=2971000746-00&ServiceCd=150&Type=search", "url2": "http://www.tomorrow-hs.co.jp" }, "geometry": { "type": "Point", "coordinates": [ 135.692768099999967, 34.5397394 ] } },
{ "type": "Feature", "properties": { "内容": "でぃさーびす　紬【通所介護】奈良県香芝市畑３丁目９４３番地１", "url": "https://www.kaigokensaku.mhlw.go.jp/29/index.php?action_kouhyou_detail_004_kani=true&JigyosyoCd=2971001645-00&ServiceCd=150&Type=search", "url2": "https://www.dayservice-tsumugi.com/" }, "geometry": { "type": "Point", "coordinates": [ 135.69413202529401, 34.54119613972216 ] } },
{ "type": "Feature", "properties": { "内容": "デイサービス　まほろば【通所介護】上中116-1サービス付き高齢者向け住宅まほろば", "url": "https://www.kaigokensaku.mhlw.go.jp/29/index.php?action_kouhyou_detail_004_kani=true&JigyosyoCd=2971001025-00&ServiceCd=150&Type=search", "url2": "http://www.mahoroba.jp.net" }, "geometry": { "type": "Point", "coordinates": [ 135.699644228836064, 34.561141417713465 ] } },
{ "type": "Feature", "properties": { "内容": "リハビリデイサービスセンターここから真美ヶ丘【通所介護】香芝市真美ヶ丘6丁目１－３", "url": "https://www.kaigokensaku.mhlw.go.jp/29/index.php?action_kouhyou_detail_004_kani=true&JigyosyoCd=2971000399-00&ServiceCd=150&Type=search", "url2": null }, "geometry": { "type": "Point", "coordinates": [ 135.7207704, 34.544348 ] } },
{ "type": "Feature", "properties": { "内容": "デイサービス縁【通所介護】奈良県香芝市磯壁6丁目452-1", "url": "https://www.kaigokensaku.mhlw.go.jp/29/index.php?action_kouhyou_detail_004_kani=true&JigyosyoCd=2971001249-00&ServiceCd=150&Type=search", "url2": "https://entruthheart.wixsite.com/en-site/home" }, "geometry": { "type": "Point", "coordinates": [ 135.703673524885801, 34.532067188385113 ] } },
{ "type": "Feature", "properties": { "内容": "大和園くうる【通所介護】奈良県香芝市今泉８４１番地２", "url": "https://www.kaigokensaku.mhlw.go.jp/29/index.php?action_kouhyou_detail_004_kani=true&JigyosyoCd=2971000050-00&ServiceCd=150&Type=search", "url2": "http://www.yamatoen.or.jp/index.html" }, "geometry": { "type": "Point", "coordinates": [ 135.698368183142065, 34.557533663359976 ] } },
{ "type": "Feature", "properties": { "内容": "特別養護老人ホーム大和園白鳳【通所介護】奈良県香芝市尼寺594-2", "url": "https://www.kaigokensaku.mhlw.go.jp/29/index.php?action_kouhyou_detail_004_kani=true&JigyosyoCd=2971000043-00&ServiceCd=150&Type=search", "url2": "https://www.yamatoen.or.jp" }, "geometry": { "type": "Point", "coordinates": [ 135.687076100000013, 34.5707495 ] } },
{ "type": "Feature", "properties": { "内容": "和里（にこり）香芝【通所介護】奈良県香芝市鎌田594", "url": "https://www.kaigokensaku.mhlw.go.jp/29/index.php?action_kouhyou_detail_004_kani=true&JigyosyoCd=2971001686-00&ServiceCd=150&Type=search", "url2": "htt://www.nicori.or.jp" }, "geometry": { "type": "Point", "coordinates": [ 135.716315900000012, 34.5246892 ] } },
{ "type": "Feature", "properties": { "内容": "社会福祉法人陽幸会【通所介護】奈良県葛城市平岡４４１番地１", "url": "https://www.kaigokensaku.mhlw.go.jp/29/index.php?action_kouhyou_detail_004_kani=true&JigyosyoCd=2974800613-00&ServiceCd=150&Type=search", "url2": "www.yo-ko-kai.or.jp" }, "geometry": { "type": "Point", "coordinates": [ 135.709517375393688, 34.480562598074712 ] } },
{ "type": "Feature", "properties": { "内容": "憩い空間ともデイサービスセンター【通所介護】奈良県葛城市兵家１４５０－１", "url": "https://www.kaigokensaku.mhlw.go.jp/29/index.php?action_kouhyou_detail_004_kani=true&JigyosyoCd=2974800357-00&ServiceCd=150&Type=search", "url2": null }, "geometry": { "type": "Point", "coordinates": [ 135.69834, 34.5040362 ] } },
{ "type": "Feature", "properties": { "内容": "デイサービスおもいやり【通所介護】葛城市脇田309-1", "url": "https://www.kaigokensaku.mhlw.go.jp/29/index.php?action_kouhyou_detail_004_kani=true&JigyosyoCd=2974800688-00&ServiceCd=150&Type=search", "url2": "https://www.care-support.omoiyari.com" }, "geometry": { "type": "Point", "coordinates": [ 135.723809057810797, 34.471711152464437 ] } },
{ "type": "Feature", "properties": { "内容": "ニチイケアセンター新庄【通所介護】葛城市北花内286-4", "url": "https://www.kaigokensaku.mhlw.go.jp/29/index.php?action_kouhyou_detail_004_kani=true&JigyosyoCd=2972900035-00&ServiceCd=150&Type=search", "url2": "http://www.nichiigakkan.co.jp/" }, "geometry": { "type": "Point", "coordinates": [ 135.729787699999946, 34.4846832 ] } },
{ "type": "Feature", "properties": { "内容": "特別養護老人ホームウォームヴィラ新庄園【通所介護】奈良県葛城市平岡528番地", "url": "https://www.kaigokensaku.mhlw.go.jp/29/index.php?action_kouhyou_detail_004_kani=true&JigyosyoCd=2972900019-00&ServiceCd=150&Type=search", "url2": "http://www.geocities.jp/shinjyouen/" }, "geometry": { "type": "Point", "coordinates": [ 135.705511260157778, 34.473359310379863 ] } },
{ "type": "Feature", "properties": { "内容": "デイサービスセンター　一休【通所介護】奈良県葛城市北花内429-1", "url": "https://www.kaigokensaku.mhlw.go.jp/29/index.php?action_kouhyou_detail_004_kani=true&JigyosyoCd=2974800118-00&ServiceCd=150&Type=search", "url2": "ikkyuu19@ares.eonet.ne.jp" }, "geometry": { "type": "Point", "coordinates": [ 135.7330624, 34.4858776 ] } },
{ "type": "Feature", "properties": { "内容": "Careこことも【通所介護】奈良県葛城市兵家641番地", "url": "https://www.kaigokensaku.mhlw.go.jp/29/index.php?action_kouhyou_detail_004_kani=true&JigyosyoCd=2974800761-00&ServiceCd=150&Type=search", "url2": "https://www.cocoronotomo.com/" }, "geometry": { "type": "Point", "coordinates": [ 135.6995948, 34.5012845 ] } },
{ "type": "Feature", "properties": { "内容": "デイサービスセンターやまびこ【通所介護】奈良県宇陀市菟田野平井135番地特別養護老人ホームやまびこ", "url": "https://www.kaigokensaku.mhlw.go.jp/29/index.php?action_kouhyou_detail_004_kani=true&JigyosyoCd=2972200071-00&ServiceCd=150&Type=search", "url2": null }, "geometry": { "type": "Point", "coordinates": [ 135.97850440000002, 34.4895093 ] } },
{ "type": "Feature", "properties": { "内容": "ポシブル室生【通所介護】宇陀市室生大野2393-1", "url": "https://www.kaigokensaku.mhlw.go.jp/29/index.php?action_kouhyou_detail_004_kani=true&JigyosyoCd=2974900082-00&ServiceCd=150&Type=search", "url2": "http://www.possible-plus.co.jp" }, "geometry": { "type": "Point", "coordinates": [ 136.012336199999936, 34.5612677 ] } },
{ "type": "Feature", "properties": { "内容": "指定通所介護四つ葉のクローバー【通所介護】奈良県宇陀市菟田野古市場４７０番地", "url": "https://www.kaigokensaku.mhlw.go.jp/29/index.php?action_kouhyou_detail_004_kani=true&JigyosyoCd=2974900090-00&ServiceCd=150&Type=search", "url2": "http://www.grandsoul.co.jp/clover/" }, "geometry": { "type": "Point", "coordinates": [ 135.973843699999946, 34.4734195 ] } },
{ "type": "Feature", "properties": { "内容": "大宇陀特別養護老人ホ－ムラガ－ル【通所介護】奈良県宇陀市大宇陀拾生２５０－６", "url": "https://www.kaigokensaku.mhlw.go.jp/29/index.php?action_kouhyou_detail_004_kani=true&JigyosyoCd=2972100024-00&ServiceCd=150&Type=search", "url2": "https://oouda.koudoukai.or.jp/" }, "geometry": { "type": "Point", "coordinates": [ 135.9267549, 34.4716571 ] } },
{ "type": "Feature", "properties": { "内容": "大宇陀グループホームラガール【通所介護】奈良県宇陀市大宇陀迫間１６６－１", "url": "https://www.kaigokensaku.mhlw.go.jp/29/index.php?action_kouhyou_detail_004_kani=true&JigyosyoCd=2974900272-00&ServiceCd=150&Type=search", "url2": null }, "geometry": { "type": "Point", "coordinates": [ 135.927066, 34.4792035 ] } },
{ "type": "Feature", "properties": { "内容": "特別養護老人ホーム室生園（室生園デイサービスセンター）【通所介護】奈良県宇陀市室生下田口１２１６番地", "url": "https://www.kaigokensaku.mhlw.go.jp/29/index.php?action_kouhyou_detail_004_kani=true&JigyosyoCd=2972400028-00&ServiceCd=150&Type=search", "url2": "http://murouen.jp/" }, "geometry": { "type": "Point", "coordinates": [ 136.051681, 34.5251934 ] } },
{ "type": "Feature", "properties": { "内容": "特別養護老人ホーム悠楽園　悠楽園デイサービスセンター【通所介護】奈良県宇陀市榛原檜牧５８４番地", "url": "https://www.kaigokensaku.mhlw.go.jp/29/index.php?action_kouhyou_detail_004_kani=true&JigyosyoCd=2972300020-00&ServiceCd=150&Type=search", "url2": "www.yuurakuen.jp" }, "geometry": { "type": "Point", "coordinates": [ 135.965091544180268, 34.516216131018723 ] } },
{ "type": "Feature", "properties": { "内容": "ゆぁほうむ榛原【通所介護】奈良県宇陀市榛原長峯200番地の1", "url": "https://www.kaigokensaku.mhlw.go.jp/29/index.php?action_kouhyou_detail_004_kani=true&JigyosyoCd=2972300012-00&ServiceCd=150&Type=search", "url2": "http:/www.e-yourhome.com" }, "geometry": { "type": "Point", "coordinates": [ 135.964204399999971, 34.5414637 ] } },
{ "type": "Feature", "properties": { "内容": "つつじの丘【通所介護】奈良県山辺郡山添村大字大西1181番地", "url": "https://www.kaigokensaku.mhlw.go.jp/29/index.php?action_kouhyou_detail_004_kani=true&JigyosyoCd=2971300054-00&ServiceCd=150&Type=search", "url2": "https://www.yamatokai-tsutsuji.com/" }, "geometry": { "type": "Point", "coordinates": [ 136.0396342, 34.681911 ] } },
{ "type": "Feature", "properties": { "内容": "リハビリデイサービス　春の空【通所介護】奈良県生駒郡平群町北信貴ヶ丘1丁目2-29", "url": "https://www.kaigokensaku.mhlw.go.jp/29/index.php?action_kouhyou_detail_004_kani=true&JigyosyoCd=2971400490-00&ServiceCd=150&Type=search", "url2": "rehabili-harunosora.com" }, "geometry": { "type": "Point", "coordinates": [ 135.707128906221016, 34.612630899565794 ] } },
{ "type": "Feature", "properties": { "内容": "デイサービスセンター　グレース【通所介護】奈良県生駒郡平群町越木塚336-1", "url": "https://www.kaigokensaku.mhlw.go.jp/29/index.php?action_kouhyou_detail_004_kani=true&JigyosyoCd=2971400185-00&ServiceCd=150&Type=search", "url2": "http://shinaikai.net" }, "geometry": { "type": "Point", "coordinates": [ 135.686425068786662, 34.622490489077386 ] } },
{ "type": "Feature", "properties": { "内容": "デイサービスセンターくまがし【通所介護】奈良県生駒郡平群町椿井244特別養護老人ホーム第二グレースの里", "url": "https://www.kaigokensaku.mhlw.go.jp/29/index.php?action_kouhyou_detail_004_kani=true&JigyosyoCd=2971400441-00&ServiceCd=150&Type=search", "url2": "http://shinaikai.net" }, "geometry": { "type": "Point", "coordinates": [ 135.707954641000356, 34.616709080437474 ] } },
{ "type": "Feature", "properties": { "内容": "社会福祉法人平群町社会福祉協議会【通所介護】生駒郡平群町西宮2-1-6", "url": "https://www.kaigokensaku.mhlw.go.jp/29/index.php?action_kouhyou_detail_004_kani=true&JigyosyoCd=2971400029-00&ServiceCd=150&Type=search", "url2": "http://www.heguri-shakyo.jp" }, "geometry": { "type": "Point", "coordinates": [ 135.7051983, 34.6200304 ] } },
{ "type": "Feature", "properties": { "内容": "朋デイサービスセンター三郷【通所介護】奈良県生駒郡三郷町立野南1丁目10-21", "url": "https://www.kaigokensaku.mhlw.go.jp/29/index.php?action_kouhyou_detail_004_kani=true&JigyosyoCd=2971500745-00&ServiceCd=150&Type=search", "url2": "http://medical-tomo.com" }, "geometry": { "type": "Point", "coordinates": [ 135.6953605, 34.6004107 ] } },
{ "type": "Feature", "properties": { "内容": "デイサービスはあとの杜しぎさん【通所介護】奈良県生駒郡三郷町勢野北4-3-2", "url": "https://www.kaigokensaku.mhlw.go.jp/29/index.php?action_kouhyou_detail_004_kani=true&JigyosyoCd=2971500661-00&ServiceCd=150&Type=search", "url2": "http://heartland.or.jp/shigisan/" }, "geometry": { "type": "Point", "coordinates": [ 135.68555, 34.606748 ] } },
{ "type": "Feature", "properties": { "内容": "デイサービスセンタービオスの丘三郷【通所介護】奈良県生駒郡三郷町信貴南畑1-7-26ビオスの丘三郷", "url": "https://www.kaigokensaku.mhlw.go.jp/29/index.php?action_kouhyou_detail_004_kani=true&JigyosyoCd=2971500620-00&ServiceCd=150&Type=search", "url2": "http://www.jinpu-kai.jp" }, "geometry": { "type": "Point", "coordinates": [ 135.656316299999958, 34.6047843 ] } },
{ "type": "Feature", "properties": { "内容": "デイサービス　LUPIN勢野【通所介護】奈良県生駒郡三郷町勢野北1-4-25", "url": "https://www.kaigokensaku.mhlw.go.jp/29/index.php?action_kouhyou_detail_004_kani=true&JigyosyoCd=2971500182-00&ServiceCd=150&Type=search", "url2": "https://www.lupin-inc.co.jp/" }, "geometry": { "type": "Point", "coordinates": [ 135.6950438, 34.6091646 ] } },
{ "type": "Feature", "properties": { "内容": "デイサービス　ロハスの森【通所介護】奈良県生駒郡斑鳩町服部1-4-35", "url": "https://www.kaigokensaku.mhlw.go.jp/29/index.php?action_kouhyou_detail_004_kani=true&JigyosyoCd=2971600560-00&ServiceCd=150&Type=search", "url2": "http://www.shishin.co.jp/" }, "geometry": { "type": "Point", "coordinates": [ 135.73299308220794, 34.602970046173127 ] } },
{ "type": "Feature", "properties": { "内容": "デイサービスセンターひまわり斑鳩【通所介護】奈良県生駒郡斑鳩町興留4丁目1-35", "url": "https://www.kaigokensaku.mhlw.go.jp/29/index.php?action_kouhyou_detail_004_kani=true&JigyosyoCd=2971600750-00&ServiceCd=150&Type=search", "url2": "http://www.fureai-net.com/" }, "geometry": { "type": "Point", "coordinates": [ 135.734730899999988, 34.6045152 ] } },
{ "type": "Feature", "properties": { "内容": "ウォーキングスタジオたいむ【通所介護】奈良県生駒郡斑鳩町龍田2-2-15", "url": "https://www.kaigokensaku.mhlw.go.jp/29/index.php?action_kouhyou_detail_004_kani=true&JigyosyoCd=2971600693-00&ServiceCd=150&Type=search", "url2": null }, "geometry": { "type": "Point", "coordinates": [ 135.7227727, 34.6070571 ] } },
{ "type": "Feature", "properties": { "内容": "デイサービスセンターすまいる【通所介護】奈良県生駒郡斑鳩町法隆寺南1-3-15", "url": "https://www.kaigokensaku.mhlw.go.jp/29/index.php?action_kouhyou_detail_004_kani=true&JigyosyoCd=2971600156-00&ServiceCd=150&Type=search", "url2": "https://care-smile.co.jp/" }, "geometry": { "type": "Point", "coordinates": [ 135.736232100000052, 34.608296 ] } },
{ "type": "Feature", "properties": { "内容": "デイサービスセンター　いかるがの郷【通所介護】奈良県生駒郡斑鳩町法隆寺1-7-23", "url": "https://www.kaigokensaku.mhlw.go.jp/29/index.php?action_kouhyou_detail_004_kani=true&JigyosyoCd=2971600446-00&ServiceCd=150&Type=search", "url2": "http://sankei.nara.jp/" }, "geometry": { "type": "Point", "coordinates": [ 135.724480099999937, 34.6073766 ] } },
{ "type": "Feature", "properties": { "内容": "デイサービスセンター　一樹【通所介護】奈良県生駒郡斑鳩町目安３丁目4-36特別養護老人ホーム　一樹", "url": "https://www.kaigokensaku.mhlw.go.jp/29/index.php?action_kouhyou_detail_004_kani=true&JigyosyoCd=2971600552-00&ServiceCd=150&Type=search", "url2": "http://www.ichiju.or.jp/" }, "geometry": { "type": "Point", "coordinates": [ 135.738209034918214, 34.594800556358315 ] } },
{ "type": "Feature", "properties": { "内容": "デイサービスセンターほっとプラザ【通所介護】奈良県生駒郡斑鳩町小吉田２丁目７番１５号", "url": "https://www.kaigokensaku.mhlw.go.jp/29/index.php?action_kouhyou_detail_004_kani=true&JigyosyoCd=2971600339-00&ServiceCd=150&Type=search", "url2": "http://seiwa-medicalcare-center.co.jp/" }, "geometry": { "type": "Point", "coordinates": [ 135.727718900000013, 34.6029688 ] } },
{ "type": "Feature", "properties": { "内容": "斑鳩町障害者支援センター　虹の家【通所介護】奈良県生駒郡斑鳩町神南2-5-8", "url": "https://www.kaigokensaku.mhlw.go.jp/29/index.php?action_kouhyou_detail_004_kani=true&JigyosyoCd=2971600677-00&ServiceCd=150&Type=search", "url2": null }, "geometry": { "type": "Point", "coordinates": [ 135.7199793, 34.5967171 ] } },
{ "type": "Feature", "properties": { "内容": "ココロとカラダのデイサービス【通所介護】龍田1丁目9-31", "url": "https://www.kaigokensaku.mhlw.go.jp/29/index.php?action_kouhyou_detail_004_kani=true&JigyosyoCd=2971600594-00&ServiceCd=150&Type=search", "url2": "https://www.ne.jp/asahi/day-service/kokoro-to-karada/" }, "geometry": { "type": "Point", "coordinates": [ 135.727505900000011, 34.6090635 ] } },
{ "type": "Feature", "properties": { "内容": "デイサービスLUPIN斑鳩【通所介護】奈良県生駒郡斑鳩町龍田2丁目1番12号", "url": "https://www.kaigokensaku.mhlw.go.jp/29/index.php?action_kouhyou_detail_004_kani=true&JigyosyoCd=2971600610-00&ServiceCd=150&Type=search", "url2": "https://www.lupin-inc.co.jp/" }, "geometry": { "type": "Point", "coordinates": [ 135.7245275, 34.6073749 ] } },
{ "type": "Feature", "properties": { "内容": "デイサービスセンター　リスタートプラス【通所介護】奈良県生駒郡斑鳩町高安1丁目5番30号", "url": "https://www.kaigokensaku.mhlw.go.jp/29/index.php?action_kouhyou_detail_004_kani=true&JigyosyoCd=2971600792-00&ServiceCd=150&Type=search", "url2": null }, "geometry": { "type": "Point", "coordinates": [ 135.7524989, 34.6139241 ] } },
{ "type": "Feature", "properties": { "内容": "特別養護老人ホーム　通所介護　もちの木【通所介護】東安堵218番1", "url": "https://www.kaigokensaku.mhlw.go.jp/29/index.php?action_kouhyou_detail_004_kani=true&JigyosyoCd=2971700246-00&ServiceCd=150&Type=search", "url2": "http://www.mochinoki-nara.com" }, "geometry": { "type": "Point", "coordinates": [ 135.7584138, 34.6156301 ] } },
{ "type": "Feature", "properties": { "内容": "デイサービスげんき【通所介護】奈良県生駒郡安堵町東安堵248-8", "url": "https://www.kaigokensaku.mhlw.go.jp/29/index.php?action_kouhyou_detail_004_kani=true&JigyosyoCd=2971700188-00&ServiceCd=150&Type=search", "url2": "http://www.genki-group.com" }, "geometry": { "type": "Point", "coordinates": [ 135.75767780000001, 34.6140846 ] } },
{ "type": "Feature", "properties": { "内容": "ひなたの家【通所介護】奈良県生駒郡安堵町東安堵1418", "url": "https://www.kaigokensaku.mhlw.go.jp/29/index.php?action_kouhyou_detail_004_kani=true&JigyosyoCd=2971700279-00&ServiceCd=150&Type=search", "url2": "https://hinatanoie.mystrikingly.com/" }, "geometry": { "type": "Point", "coordinates": [ 135.756317200000012, 34.603631 ] } },
{ "type": "Feature", "properties": { "内容": "社会福祉法人　いわれ会　ぬくもりの郷　デイサービスセンター【通所介護】奈良県磯城郡川西町大字吐田94番地", "url": "https://www.kaigokensaku.mhlw.go.jp/29/index.php?action_kouhyou_detail_004_kani=true&JigyosyoCd=2971800103-00&ServiceCd=150&Type=search", "url2": "http://tawaramotoen.jp" }, "geometry": { "type": "Point", "coordinates": [ 135.777421, 34.5942654 ] } },
{ "type": "Feature", "properties": { "内容": "生活支援事業所わたぼうし【通所介護】奈良県磯城郡三宅町上但馬176-1", "url": "https://www.kaigokensaku.mhlw.go.jp/29/index.php?action_kouhyou_detail_004_kani=true&JigyosyoCd=2971900101-00&ServiceCd=150&Type=search", "url2": "https://www.tanpopo.nara.jp" }, "geometry": { "type": "Point", "coordinates": [ 135.764871699999986, 34.5662591 ] } },
{ "type": "Feature", "properties": { "内容": "mottoおたがいさんmiyake【通所介護】奈良県磯城郡三宅町伴堂848-1あざさ苑3階", "url": "https://www.kaigokensaku.mhlw.go.jp/29/index.php?action_kouhyou_detail_004_kani=true&JigyosyoCd=2971900085-00&ServiceCd=150&Type=search", "url2": null }, "geometry": { "type": "Point", "coordinates": [ 135.77113, 34.5733267 ] } },
{ "type": "Feature", "properties": { "内容": "リハビリデイサービス千代【通所介護】磯城郡田原本町坂手６５５－２", "url": "https://www.kaigokensaku.mhlw.go.jp/29/index.php?action_kouhyou_detail_004_kani=true&JigyosyoCd=2972000653-00&ServiceCd=150&Type=search", "url2": null }, "geometry": { "type": "Point", "coordinates": [ 135.797186421841189, 34.551870993191251 ] } },
{ "type": "Feature", "properties": { "内容": "ポシブル田原本【通所介護】奈良県磯城郡田原本町阪手９８－１", "url": "https://www.kaigokensaku.mhlw.go.jp/29/index.php?action_kouhyou_detail_004_kani=true&JigyosyoCd=2972000448-00&ServiceCd=150&Type=search", "url2": "http://www.possible-plus.co.jp" }, "geometry": { "type": "Point", "coordinates": [ 135.801011, 34.5586949 ] } },
{ "type": "Feature", "properties": { "内容": "デイ・ナイトサービスセンター咲楽【通所介護】奈良県磯城郡田原本町三笠３１－７", "url": "https://www.kaigokensaku.mhlw.go.jp/29/index.php?action_kouhyou_detail_004_kani=true&JigyosyoCd=2972000760-00&ServiceCd=150&Type=search", "url2": null }, "geometry": { "type": "Point", "coordinates": [ 135.790072657672084, 34.550557992422704 ] } },
{ "type": "Feature", "properties": { "内容": "デイサービスセンターエルシア田原本【通所介護】奈良県磯城郡田原本町千代587-1", "url": "https://www.kaigokensaku.mhlw.go.jp/29/index.php?action_kouhyou_detail_004_kani=true&JigyosyoCd=2972000935-00&ServiceCd=150&Type=search", "url2": null }, "geometry": { "type": "Point", "coordinates": [ 135.797097600000029, 34.5458056 ] } },
{ "type": "Feature", "properties": { "内容": "デイサービス春うらら【通所介護】奈良県田原本町薬王寺137－6", "url": "https://www.kaigokensaku.mhlw.go.jp/29/index.php?action_kouhyou_detail_004_kani=true&JigyosyoCd=2972000687-00&ServiceCd=150&Type=search", "url2": null }, "geometry": { "type": "Point", "coordinates": [ 135.8512648, 34.544019699999986 ] } },
{ "type": "Feature", "properties": { "内容": "リハビリへいせい田原本【通所介護】大字八尾582番1", "url": "https://www.kaigokensaku.mhlw.go.jp/29/index.php?action_kouhyou_detail_004_kani=true&JigyosyoCd=2972000729-00&ServiceCd=150&Type=search", "url2": "http://www.heisei-h.or.jp/a-el2/index.html" }, "geometry": { "type": "Point", "coordinates": [ 135.7930814, 34.5616971 ] } },
{ "type": "Feature", "properties": { "内容": "特別養護老人ホーム　田原本園【通所介護】奈良県磯城郡田原本町大字味間５２３－１", "url": "https://www.kaigokensaku.mhlw.go.jp/29/index.php?action_kouhyou_detail_004_kani=true&JigyosyoCd=2972000067-00&ServiceCd=150&Type=search", "url2": "https://tawaramotoen.jp/" }, "geometry": { "type": "Point", "coordinates": [ 135.816692399999965, 34.5354676 ] } },
{ "type": "Feature", "properties": { "内容": "デイサービスセンターグロリア【通所介護】磯城郡田原本町千代632-1", "url": "https://www.kaigokensaku.mhlw.go.jp/29/index.php?action_kouhyou_detail_004_kani=true&JigyosyoCd=2972000265-00&ServiceCd=150&Type=search", "url2": null }, "geometry": { "type": "Point", "coordinates": [ 135.8035357, 34.5462854 ] } },
{ "type": "Feature", "properties": { "内容": "デイサービスセンターカナ・エル田原本【通所介護】奈良県磯城郡田原本町八尾624-1", "url": "https://www.kaigokensaku.mhlw.go.jp/29/index.php?action_kouhyou_detail_004_kani=true&JigyosyoCd=2972000950-00&ServiceCd=150&Type=search", "url2": null }, "geometry": { "type": "Point", "coordinates": [ 135.7931701, 34.5625875 ] } },
{ "type": "Feature", "properties": { "内容": "デイサービスセンターきずなＢＡＳＥ【通所介護】奈良県磯城郡田原本町八尾630-1", "url": "https://www.kaigokensaku.mhlw.go.jp/29/index.php?action_kouhyou_detail_004_kani=true&JigyosyoCd=2972001057-00&ServiceCd=150&Type=search", "url2": "https://spirit-care.co.jp" }, "geometry": { "type": "Point", "coordinates": [ 135.793433599999986, 34.5625484 ] } },
{ "type": "Feature", "properties": { "内容": "みつえ秀華苑デイサービスセンター【通所介護】奈良県宇陀郡御杖村大字神末５８０番地", "url": "https://www.kaigokensaku.mhlw.go.jp/29/index.php?action_kouhyou_detail_004_kani=true&JigyosyoCd=2972600064-00&ServiceCd=150&Type=search", "url2": "http://www.seikoukai-fukushi.or.jp" }, "geometry": { "type": "Point", "coordinates": [ 136.193259600000033, 34.498697 ] } },
{ "type": "Feature", "properties": { "内容": "デイサービスたかとり【通所介護】奈良県高市郡高取町大字兵庫196番地", "url": "https://www.kaigokensaku.mhlw.go.jp/29/index.php?action_kouhyou_detail_004_kani=true&JigyosyoCd=2972700203-00&ServiceCd=150&Type=search", "url2": "http://www.heisei-fukushi.or.jp/index.html" }, "geometry": { "type": "Point", "coordinates": [ 135.776039252809113, 34.447139928945191 ] } },
{ "type": "Feature", "properties": { "内容": "デイサービスセンター陽明荘【通所介護】高市郡高取町清水谷１４９－５", "url": "https://www.kaigokensaku.mhlw.go.jp/29/index.php?action_kouhyou_detail_004_kani=true&JigyosyoCd=2972700054-00&ServiceCd=150&Type=search", "url2": "https://shutokukai.or.jp/" }, "geometry": { "type": "Point", "coordinates": [ 135.795424799999978, 34.4421171 ] } },
{ "type": "Feature", "properties": { "内容": "特別養護老人ホームあまがし苑【通所介護】奈良県高市郡明日香村大字栗原421番地2", "url": "https://www.kaigokensaku.mhlw.go.jp/29/index.php?action_kouhyou_detail_004_kani=true&JigyosyoCd=2972800011-00&ServiceCd=150&Type=search", "url2": "http://www.amagashien.com" }, "geometry": { "type": "Point", "coordinates": [ 135.806265100000019, 34.455988 ] } },
{ "type": "Feature", "properties": { "内容": "デイサービスセンターあすかの里【通所介護】奈良県高市郡明日香村大字越280番地特別養護老人ホームあすかの里", "url": "https://www.kaigokensaku.mhlw.go.jp/29/index.php?action_kouhyou_detail_004_kani=true&JigyosyoCd=2972800052-00&ServiceCd=150&Type=search", "url2": "http://asukarakuen.jp" }, "geometry": { "type": "Point", "coordinates": [ 135.795154700000012, 34.465667 ] } },
{ "type": "Feature", "properties": { "内容": "ケアヴィレッジおてんとさん【通所介護】奈良県高市郡明日香村大字岡62-1", "url": "https://www.kaigokensaku.mhlw.go.jp/29/index.php?action_kouhyou_detail_004_kani=true&JigyosyoCd=2972800151-00&ServiceCd=150&Type=search", "url2": "https://otentsun.mystrikingly.com" }, "geometry": { "type": "Point", "coordinates": [ 135.821131799999989, 34.4712512 ] } },
{ "type": "Feature", "properties": { "内容": "デイサービスセンターさらさ【通所介護】奈良県北葛城郡上牧町服部台５丁目４－１", "url": "https://www.kaigokensaku.mhlw.go.jp/29/index.php?action_kouhyou_detail_004_kani=true&JigyosyoCd=2973100312-00&ServiceCd=150&Type=search", "url2": null }, "geometry": { "type": "Point", "coordinates": [ 135.715259699999933, 34.5719806 ] } },
{ "type": "Feature", "properties": { "内容": "デイサービス　六花【通所介護】奈良県北葛城郡上牧町上牧537-10", "url": "https://www.kaigokensaku.mhlw.go.jp/29/index.php?action_kouhyou_detail_004_kani=true&JigyosyoCd=2973100742-00&ServiceCd=150&Type=search", "url2": "https://www.rokka-fukushi.jp/" }, "geometry": { "type": "Point", "coordinates": [ 135.7115986, 34.5617601 ] } },
{ "type": "Feature", "properties": { "内容": "リハビリデイサービス　春の風【通所介護】奈良県北葛城郡上牧町上牧1413-1", "url": "https://www.kaigokensaku.mhlw.go.jp/29/index.php?action_kouhyou_detail_004_kani=true&JigyosyoCd=2973100585-00&ServiceCd=150&Type=search", "url2": "http://rehabili-harunokaze.com" }, "geometry": { "type": "Point", "coordinates": [ 135.720207553781165, 34.556677375690235 ] } },
{ "type": "Feature", "properties": { "内容": "杏デイサービスセンター【通所介護】奈良県北葛城郡上牧町下牧1-2-25", "url": "https://www.kaigokensaku.mhlw.go.jp/29/index.php?action_kouhyou_detail_004_kani=true&JigyosyoCd=2973100171-00&ServiceCd=150&Type=search", "url2": "http://www.yamabiko-kanmaki.com" }, "geometry": { "type": "Point", "coordinates": [ 135.722284, 34.5735696 ] } },
{ "type": "Feature", "properties": { "内容": "ニチイケアセンター奈良王寺【通所介護】奈良県北葛城郡王寺町本町4-44-19", "url": "https://www.kaigokensaku.mhlw.go.jp/29/index.php?action_kouhyou_detail_004_kani=true&JigyosyoCd=2973200351-00&ServiceCd=150&Type=search", "url2": null }, "geometry": { "type": "Point", "coordinates": [ 135.702927100000011, 34.5819152 ] } },
{ "type": "Feature", "properties": { "内容": "デイサービスセンターかがやき【通所介護】奈良県北葛城郡王寺町久度4-3-13", "url": "https://www.kaigokensaku.mhlw.go.jp/29/index.php?action_kouhyou_detail_004_kani=true&JigyosyoCd=2973200096-00&ServiceCd=150&Type=search", "url2": "https://www.kokori.net/" }, "geometry": { "type": "Point", "coordinates": [ 135.697946407731678, 34.598862468579966 ] } },
{ "type": "Feature", "properties": { "内容": "デイサービスセンターぎんのすず【通所介護】久度３－１－１２", "url": "https://www.kaigokensaku.mhlw.go.jp/29/index.php?action_kouhyou_detail_004_kani=true&JigyosyoCd=2973200385-00&ServiceCd=150&Type=search", "url2": null }, "geometry": { "type": "Point", "coordinates": [ 135.699213099999952, 34.5973799 ] } },
{ "type": "Feature", "properties": { "内容": "デイサービスセンターここから王寺町【通所介護】奈良県北葛城郡王寺町本町4丁目4番19号", "url": "https://www.kaigokensaku.mhlw.go.jp/29/index.php?action_kouhyou_detail_004_kani=true&JigyosyoCd=2973200443-00&ServiceCd=150&Type=search", "url2": "http://www.cocokara-ojicho.jp/" }, "geometry": { "type": "Point", "coordinates": [ 135.705718499999989, 34.583429 ] } },
{ "type": "Feature", "properties": { "内容": "大和園王寺デイサービスセンター【通所介護】奈良県北葛城郡王寺町葛下3丁目161-1", "url": "https://www.kaigokensaku.mhlw.go.jp/29/index.php?action_kouhyou_detail_004_kani=true&JigyosyoCd=2973200062-00&ServiceCd=150&Type=search", "url2": "http://www.yamatoen.or.jp/ohji/index.html" }, "geometry": { "type": "Point", "coordinates": [ 135.7083265, 34.5852511 ] } },
{ "type": "Feature", "properties": { "内容": "てんとう虫デイサービスセンター【通所介護】奈良県北葛城郡王寺町畠田8丁目1507", "url": "https://www.kaigokensaku.mhlw.go.jp/29/index.php?action_kouhyou_detail_004_kani=true&JigyosyoCd=2973200492-00&ServiceCd=150&Type=search", "url2": null }, "geometry": { "type": "Point", "coordinates": [ 135.700884986924706, 34.575718049859525 ] } },
{ "type": "Feature", "properties": { "内容": "介護サービスステーション　あっとほーむ【通所介護】奈良県北葛城郡広陵町馬見北１丁目７－２１", "url": "https://www.kaigokensaku.mhlw.go.jp/29/index.php?action_kouhyou_detail_004_kani=true&JigyosyoCd=2973300268-00&ServiceCd=150&Type=search", "url2": null }, "geometry": { "type": "Point", "coordinates": [ 135.733238799999981, 34.5559411 ] } },
{ "type": "Feature", "properties": { "内容": "ﾃﾞｲｻｰﾋﾞｽｾﾝﾀｰポシブルはしお【通所介護】奈良県北葛城郡広陵町的場144-3", "url": "https://www.kaigokensaku.mhlw.go.jp/29/index.php?action_kouhyou_detail_004_kani=true&JigyosyoCd=2973300615-00&ServiceCd=150&Type=search", "url2": "http://www.nakahori.jp/hashio.html" }, "geometry": { "type": "Point", "coordinates": [ 135.7550451, 34.566482100000023 ] } },
{ "type": "Feature", "properties": { "内容": "リハビリデイサービスＵＴ広陵【通所介護】奈良県北葛城郡広陵町大字笠161-2広陵町総合保険福祉会館内（さわやかホール内）", "url": "https://www.kaigokensaku.mhlw.go.jp/29/index.php?action_kouhyou_detail_004_kani=true&JigyosyoCd=2973300565-00&ServiceCd=150&Type=search", "url2": "http://utcaresystem.com/" }, "geometry": { "type": "Point", "coordinates": [ 135.744561100000027, 34.5427396 ] } },
{ "type": "Feature", "properties": { "内容": "ニチイケアセンター広陵【通所介護】北葛城郡広陵町大字笠343-1", "url": "https://www.kaigokensaku.mhlw.go.jp/29/index.php?action_kouhyou_detail_004_kani=true&JigyosyoCd=2973300391-00&ServiceCd=150&Type=search", "url2": null }, "geometry": { "type": "Point", "coordinates": [ 135.746974, 34.5498335 ] } },
{ "type": "Feature", "properties": { "内容": "リハビリデイサービスいきいき広陵【通所介護】奈良県北葛城郡広陵町沢506-1", "url": "https://www.kaigokensaku.mhlw.go.jp/29/index.php?action_kouhyou_detail_004_kani=true&JigyosyoCd=2973300649-00&ServiceCd=150&Type=search", "url2": "https://iki-iki-r.com/" }, "geometry": { "type": "Point", "coordinates": [ 135.743239050262446, 34.575306680408097 ] } },
{ "type": "Feature", "properties": { "内容": "リハビリ処FreeStyle【通所介護】奈良県北葛城郡広陵町南郷417-4", "url": "https://www.kaigokensaku.mhlw.go.jp/29/index.php?action_kouhyou_detail_004_kani=true&JigyosyoCd=2973300607-00&ServiceCd=150&Type=search", "url2": null }, "geometry": { "type": "Point", "coordinates": [ 135.75477854418034, 34.541624525006554 ] } },
{ "type": "Feature", "properties": { "内容": "デイサービスセンターこもれび【通所介護】奈良県北葛城郡広陵町沢３９６－１", "url": "https://www.kaigokensaku.mhlw.go.jp/29/index.php?action_kouhyou_detail_004_kani=true&JigyosyoCd=2973300300-00&ServiceCd=150&Type=search", "url2": "http://www.kenseikai-nara.jp/top.html" }, "geometry": { "type": "Point", "coordinates": [ 135.74166, 34.5776135 ] } },
{ "type": "Feature", "properties": { "内容": "大和園デイサービスセンター広陵温泉【通所介護】奈良県北葛城郡広陵町大字三吉１７３ー１", "url": "https://www.kaigokensaku.mhlw.go.jp/29/index.php?action_kouhyou_detail_004_kani=true&JigyosyoCd=2973300482-00&ServiceCd=150&Type=search", "url2": "http.//www.yamatoen.or.jp" }, "geometry": { "type": "Point", "coordinates": [ 135.746840924359162, 34.557574525580115 ] } },
{ "type": "Feature", "properties": { "内容": "老人デイサービス翁の杜【通所介護】奈良県北葛城郡広陵町南郷84番地1", "url": "https://www.kaigokensaku.mhlw.go.jp/29/index.php?action_kouhyou_detail_004_kani=true&JigyosyoCd=2973300474-00&ServiceCd=150&Type=search", "url2": "https://carehouse.jp/" }, "geometry": { "type": "Point", "coordinates": [ 135.754459900000029, 34.5330634 ] } },
{ "type": "Feature", "properties": { "内容": "リハプライド広陵【通所介護】奈良県北葛城郡広陵町大塚509-1", "url": "https://www.kaigokensaku.mhlw.go.jp/29/index.php?action_kouhyou_detail_004_kani=true&JigyosyoCd=2973300698-00&ServiceCd=150&Type=search", "url2": "https://www.rehapride.co.jp/koryo/" }, "geometry": { "type": "Point", "coordinates": [ 135.733037599999989, 34.5285406 ] } },
{ "type": "Feature", "properties": { "内容": "リハビリデイサービスさみた【通所介護】奈良県北葛城郡河合町佐味田198-1", "url": "https://www.kaigokensaku.mhlw.go.jp/29/index.php?action_kouhyou_detail_004_kani=true&JigyosyoCd=2973400456-00&ServiceCd=150&Type=search", "url2": "http://www.yamabikokai-samita.com/" }, "geometry": { "type": "Point", "coordinates": [ 135.732758953821502, 34.569264332648721 ] } },
{ "type": "Feature", "properties": { "内容": "大和の里　通所介護【通所介護】奈良県北葛城郡河合町池部三丁目5番5号", "url": "https://www.kaigokensaku.mhlw.go.jp/29/index.php?action_kouhyou_detail_004_kani=true&JigyosyoCd=2973400308-00&ServiceCd=150&Type=search", "url2": "http://www.yamatonosato.com/" }, "geometry": { "type": "Point", "coordinates": [ 135.735921599999983, 34.5776718 ] } },
{ "type": "Feature", "properties": { "内容": "吉野三町村老人福祉施設【通所介護】奈良県吉野郡吉野町楢井６０５－１", "url": "https://www.kaigokensaku.mhlw.go.jp/29/index.php?action_kouhyou_detail_004_kani=true&JigyosyoCd=2973500024-00&ServiceCd=150&Type=search", "url2": null }, "geometry": { "type": "Point", "coordinates": [ 135.888135899999952, 34.3837253 ] } },
{ "type": "Feature", "properties": { "内容": "デイサービス柳光【通所介護】奈良県吉野郡吉野町大字柳1395番１", "url": "https://www.kaigokensaku.mhlw.go.jp/29/index.php?action_kouhyou_detail_004_kani=true&JigyosyoCd=2973500180-00&ServiceCd=150&Type=search", "url2": "https://www.taiyounomura.org/ryuko/" }, "geometry": { "type": "Point", "coordinates": [ 135.918512910450772, 34.417698819013289 ] } },
{ "type": "Feature", "properties": { "内容": "デイサービスセンター吉野上市【通所介護】吉野郡吉野町上市2016番地の1", "url": "https://www.kaigokensaku.mhlw.go.jp/29/index.php?action_kouhyou_detail_004_kani=true&JigyosyoCd=2973500081-00&ServiceCd=150&Type=search", "url2": "http://www.choseikai.or.jp" }, "geometry": { "type": "Point", "coordinates": [ 135.843709415344279, 34.394503867280818 ] } },
{ "type": "Feature", "properties": { "内容": "株式会社ケアテック　リハプライド吉野【通所介護】奈良県吉野郡大淀町北野78-10", "url": "https://www.kaigokensaku.mhlw.go.jp/29/index.php?action_kouhyou_detail_004_kani=true&JigyosyoCd=2973600402-00&ServiceCd=150&Type=search", "url2": "https://www.rehapride.co.jp/yoshino/" }, "geometry": { "type": "Point", "coordinates": [ 135.8235874, 34.4008663 ] } },
{ "type": "Feature", "properties": { "内容": "ディサービスセンターさくらの里【通所介護】奈良県吉野郡大淀町今木880番地", "url": "https://www.kaigokensaku.mhlw.go.jp/29/index.php?action_kouhyou_detail_004_kani=true&JigyosyoCd=2973600154-00&ServiceCd=150&Type=search", "url2": null }, "geometry": { "type": "Point", "coordinates": [ 135.771039299999984, 34.3988965 ] } },
{ "type": "Feature", "properties": { "内容": "社会福祉法人仁風会デイサービスセンター吉野のあかり【通所介護】吉野郡大淀町比曽107番6", "url": "https://www.kaigokensaku.mhlw.go.jp/29/index.php?action_kouhyou_detail_004_kani=true&JigyosyoCd=2973600345-00&ServiceCd=150&Type=search", "url2": null }, "geometry": { "type": "Point", "coordinates": [ 135.835739, 34.4021999 ] } },
{ "type": "Feature", "properties": { "内容": "デイサービスセンターエルシア吉野【通所介護】奈良県吉野郡大淀町下渕783-1", "url": "https://www.kaigokensaku.mhlw.go.jp/29/index.php?action_kouhyou_detail_004_kani=true&JigyosyoCd=2973600444-00&ServiceCd=150&Type=search", "url2": null }, "geometry": { "type": "Point", "coordinates": [ 135.7860384, 34.385543900000016 ] } },
{ "type": "Feature", "properties": { "内容": "デイサービス彩の里【通所介護】奈良県吉野郡下市町阿知賀１１２２番の１", "url": "https://www.kaigokensaku.mhlw.go.jp/29/index.php?action_kouhyou_detail_004_kani=true&JigyosyoCd=2973700178-00&ServiceCd=150&Type=search", "url2": "http://www.irodorinosato.com/" }, "geometry": { "type": "Point", "coordinates": [ 135.7949711, 34.3800265 ] } },
{ "type": "Feature", "properties": { "内容": "社会福祉法人下北山村社会福祉協議会【通所介護】奈良県吉野郡下北山村大字浦向３７１番地", "url": "https://www.kaigokensaku.mhlw.go.jp/29/index.php?action_kouhyou_detail_004_kani=true&JigyosyoCd=2974400018-00&ServiceCd=150&Type=search", "url2": null }, "geometry": { "type": "Point", "coordinates": [ 135.95661640000003, 34.0006632 ] } },
{ "type": "Feature", "properties": { "内容": "社会福祉法人　下北山村社会福祉協議会【通所介護】奈良県吉野郡下北山村大字浦向３７１番地", "url": "https://www.kaigokensaku.mhlw.go.jp/29/index.php?action_kouhyou_detail_004_kani=true&JigyosyoCd=2984400024-00&ServiceCd=150&Type=search", "url2": null }, "geometry": { "type": "Point", "coordinates": [ 135.9568433, 34.000501499999984 ] } },
{ "type": "Feature", "properties": { "内容": "社会福祉法人　上北山村社会福祉協議会【通所介護】奈良県吉野郡上北山村大字河合381番地", "url": "https://www.kaigokensaku.mhlw.go.jp/29/index.php?action_kouhyou_detail_004_kani=true&JigyosyoCd=2984500021-00&ServiceCd=150&Type=search", "url2": null }, "geometry": { "type": "Point", "coordinates": [ 136.0022026, 34.1319652 ] } }
]
}
