{
"type": "FeatureCollection",
"name": "geo_29_2",
"crs": { "type": "name", "properties": { "name": "urn:ogc:def:crs:OGC:1.3:CRS84" } },
"features": [
{ "type": "Feature", "properties": { "ID": 2921346600000, "正式名称": "きむら整形外科", "機関区分": 2, "都道府県コード": 29, "市区町村コード": 201, "所在地": "奈良県奈良市中登美ヶ丘３－１", "緯度": 34.722263, "経度": 135.749803, "url": "https://www.iryou.teikyouseido.mhlw.go.jp/znk-web/juminkanja/S2430/initialize?prefCd=29&kikanCd=1346600000&kikanKbn=2", "url2": "https://kimura-seikeigeka.com/", "内容": "きむら整形外科【2:診療所】【診療科目:整形外科】奈良県奈良市中登美ヶ丘３－１" }, "geometry": { "type": "Point", "coordinates": [ 135.749803, 34.722263 ] } },
{ "type": "Feature", "properties": { "ID": 2922000100000, "正式名称": "西尾外科医院", "機関区分": 2, "都道府県コード": 29, "市区町村コード": 201, "所在地": "奈良県奈良市あやめ池南１丁目７番７号", "緯度": 34.696342, "経度": 135.760585, "url": "https://www.iryou.teikyouseido.mhlw.go.jp/znk-web/juminkanja/S2430/initialize?prefCd=29&kikanCd=2000100000&kikanKbn=2", "url2": null, "内容": "西尾外科医院【2:診療所】【診療科目:内科_消化器内科_外科_消化器外科_肛門外科_放射線科_麻酔科】奈良県奈良市あやめ池南１丁目７番７号" }, "geometry": { "type": "Point", "coordinates": [ 135.760585, 34.696342 ] } },
{ "type": "Feature", "properties": { "ID": 2922000600000, "正式名称": "医療法人大西会　大西内科医院", "機関区分": 2, "都道府県コード": 29, "市区町村コード": 201, "所在地": "奈良県奈良市あやめ池南２丁目２番８号", "緯度": 34.697675, "経度": 135.762307, "url": "https://www.iryou.teikyouseido.mhlw.go.jp/znk-web/juminkanja/S2430/initialize?prefCd=29&kikanCd=2000600000&kikanKbn=2", "url2": null, "内容": "医療法人大西会　大西内科医院【2:診療所】【診療科目:内科_呼吸器内科_循環器内科_消化器内科_リウマチ科】奈良県奈良市あやめ池南２丁目２番８号" }, "geometry": { "type": "Point", "coordinates": [ 135.762307, 34.697675 ] } },
{ "type": "Feature", "properties": { "ID": 2922000800000, "正式名称": "医療法人ひらおか内科クリニック", "機関区分": 2, "都道府県コード": 29, "市区町村コード": 201, "所在地": "奈良県奈良市あやめ池南６丁目３－３６", "緯度": 34.693314, "経度": 135.765196, "url": "https://www.iryou.teikyouseido.mhlw.go.jp/znk-web/juminkanja/S2430/initialize?prefCd=29&kikanCd=2000800000&kikanKbn=2", "url2": null, "内容": "医療法人ひらおか内科クリニック【2:診療所】【診療科目:内科_循環器内科_消化器内科】奈良県奈良市あやめ池南６丁目３－３６" }, "geometry": { "type": "Point", "coordinates": [ 135.765196, 34.693314 ] } },
{ "type": "Feature", "properties": { "ID": 2922001100000, "正式名称": "高の原メンタルクリニック", "機関区分": 2, "都道府県コード": 29, "市区町村コード": 201, "所在地": "奈良県奈良市右京１－３－４　サンタウンプラザすずらん館内２階", "緯度": 34.722506, "経度": 135.789304, "url": "https://www.iryou.teikyouseido.mhlw.go.jp/znk-web/juminkanja/S2430/initialize?prefCd=29&kikanCd=2001100000&kikanKbn=2", "url2": "http://web1.kcn.jp/takanohara-mental/", "内容": "高の原メンタルクリニック【2:診療所】【診療科目:精神科_心療内科】奈良県奈良市右京１－３－４　サンタウンプラザすずらん館内２階" }, "geometry": { "type": "Point", "coordinates": [ 135.789304, 34.722506 ] } },
{ "type": "Feature", "properties": { "ID": 2922001200000, "正式名称": "医）全翔会　まった整形外科", "機関区分": 2, "都道府県コード": 29, "市区町村コード": 201, "所在地": "奈良県奈良市右京１丁目３－４すずらん館メディカルモール２Ｆ", "緯度": 34.722728, "経度": 135.789193, "url": "https://www.iryou.teikyouseido.mhlw.go.jp/znk-web/juminkanja/S2430/initialize?prefCd=29&kikanCd=2001200000&kikanKbn=2", "url2": null, "内容": "医）全翔会　まった整形外科【2:診療所】【診療科目:整形外科_リハビリテーション科】奈良県奈良市右京１丁目３－４すずらん館メディカルモール２Ｆ" }, "geometry": { "type": "Point", "coordinates": [ 135.789193, 34.722728 ] } },
{ "type": "Feature", "properties": { "ID": 2922001300000, "正式名称": "ひまわりクリニック", "機関区分": 2, "都道府県コード": 29, "市区町村コード": 201, "所在地": "奈良県奈良市右京四丁目１４番地２３", "緯度": 34.721733, "経度": 135.788436, "url": "https://www.iryou.teikyouseido.mhlw.go.jp/znk-web/juminkanja/S2430/initialize?prefCd=29&kikanCd=2001300000&kikanKbn=2", "url2": "http://www.clinic-himawari.com/", "内容": "ひまわりクリニック【2:診療所】【診療科目:内科_皮膚科_心療内科】奈良県奈良市右京四丁目１４番地２３" }, "geometry": { "type": "Point", "coordinates": [ 135.788436, 34.721733 ] } },
{ "type": "Feature", "properties": { "ID": 2922001400000, "正式名称": "ごとう糖尿病内科・内科", "機関区分": 2, "都道府県コード": 29, "市区町村コード": 201, "所在地": "奈良県奈良市右京３－１９－１", "緯度": 34.720062, "経度": 135.788693, "url": "https://www.iryou.teikyouseido.mhlw.go.jp/znk-web/juminkanja/S2430/initialize?prefCd=29&kikanCd=2001400000&kikanKbn=2", "url2": "https://goto-iin.jp/", "内容": "ごとう糖尿病内科・内科【2:診療所】【診療科目:内科_糖尿病内科_内分泌内科_老年内科_小児科_精神科】奈良県奈良市右京３－１９－１" }, "geometry": { "type": "Point", "coordinates": [ 135.788693, 34.720062 ] } },
{ "type": "Feature", "properties": { "ID": 2922001500000, "正式名称": "ならやま診療所", "機関区分": 2, "都道府県コード": 29, "市区町村コード": 201, "所在地": "奈良県奈良市右京３－２－２", "緯度": 34.717395, "経度": 135.786693, "url": "https://www.iryou.teikyouseido.mhlw.go.jp/znk-web/juminkanja/S2430/initialize?prefCd=29&kikanCd=2001500000&kikanKbn=2", "url2": "https://heiwakai-g.com/shinryouzyo/20200831_3.html", "内容": "ならやま診療所【2:診療所】【診療科目:内科】奈良県奈良市右京３－２－２" }, "geometry": { "type": "Point", "coordinates": [ 135.786693, 34.717395 ] } },
{ "type": "Feature", "properties": { "ID": 2922001600000, "正式名称": "西川耳鼻咽喉科医院", "機関区分": 2, "都道府県コード": 29, "市区町村コード": 201, "所在地": "奈良県奈良市右京３丁目２３－６", "緯度": 34.719395, "経度": 135.78761, "url": "https://www.iryou.teikyouseido.mhlw.go.jp/znk-web/juminkanja/S2430/initialize?prefCd=29&kikanCd=2001600000&kikanKbn=2", "url2": null, "内容": "西川耳鼻咽喉科医院【2:診療所】【診療科目:耳鼻いんこう科】奈良県奈良市右京３丁目２３－６" }, "geometry": { "type": "Point", "coordinates": [ 135.78761, 34.719395 ] } },
{ "type": "Feature", "properties": { "ID": 2922001800000, "正式名称": "田中小児科医院", "機関区分": 2, "都道府県コード": 29, "市区町村コード": 201, "所在地": "奈良県奈良市右京４－１４－１４", "緯度": 34.721451, "経度": 135.788248, "url": "https://www.iryou.teikyouseido.mhlw.go.jp/znk-web/juminkanja/S2430/initialize?prefCd=29&kikanCd=2001800000&kikanKbn=2", "url2": null, "内容": "田中小児科医院【2:診療所】【診療科目:小児科】奈良県奈良市右京４－１４－１４" }, "geometry": { "type": "Point", "coordinates": [ 135.788248, 34.721451 ] } },
{ "type": "Feature", "properties": { "ID": 2922002000000, "正式名称": "かとう眼科クリニック", "機関区分": 2, "都道府県コード": 29, "市区町村コード": 201, "所在地": "奈良県奈良市右京一丁目３番４号サンタウンプラザすずらん館１Ｆ", "緯度": 34.722506, "経度": 135.789304, "url": "https://www.iryou.teikyouseido.mhlw.go.jp/znk-web/juminkanja/S2430/initialize?prefCd=29&kikanCd=2002000000&kikanKbn=2", "url2": "http://xn--p8jj1gq765apyc.com/", "内容": "かとう眼科クリニック【2:診療所】【診療科目:眼科】奈良県奈良市右京一丁目３番４号サンタウンプラザすずらん館１Ｆ" }, "geometry": { "type": "Point", "coordinates": [ 135.789304, 34.722506 ] } },
{ "type": "Feature", "properties": { "ID": 2922002200000, "正式名称": "医療法人青遼会角能整形外科", "機関区分": 2, "都道府県コード": 29, "市区町村コード": 201, "所在地": "奈良県奈良市押熊町１０７０番地２", "緯度": 34.722756, "経度": 135.770444, "url": "https://www.iryou.teikyouseido.mhlw.go.jp/znk-web/juminkanja/S2430/initialize?prefCd=29&kikanCd=2002200000&kikanKbn=2", "url2": null, "内容": "医療法人青遼会角能整形外科【2:診療所】【診療科目:外科_整形外科_リウマチ科_リハビリテーション科】奈良県奈良市押熊町１０７０番地２" }, "geometry": { "type": "Point", "coordinates": [ 135.770444, 34.722756 ] } },
{ "type": "Feature", "properties": { "ID": 2922002300000, "正式名称": "みやぎの内科クリニック", "機関区分": 2, "都道府県コード": 29, "市区町村コード": 201, "所在地": "奈良県奈良市押熊町１１４１", "緯度": 34.722284, "経度": 135.770167, "url": "https://www.iryou.teikyouseido.mhlw.go.jp/znk-web/juminkanja/S2430/initialize?prefCd=29&kikanCd=2002300000&kikanKbn=2", "url2": null, "内容": "みやぎの内科クリニック【2:診療所】【診療科目:内科_肝臓内科】奈良県奈良市押熊町１１４１" }, "geometry": { "type": "Point", "coordinates": [ 135.770167, 34.722284 ] } },
{ "type": "Feature", "properties": { "ID": 2922002400000, "正式名称": "おしくま耳鼻咽喉科", "機関区分": 2, "都道府県コード": 29, "市区町村コード": 201, "所在地": "奈良県奈良市押熊町１１４２番地", "緯度": 34.722311, "経度": 135.770417, "url": "https://www.iryou.teikyouseido.mhlw.go.jp/znk-web/juminkanja/S2430/initialize?prefCd=29&kikanCd=2002400000&kikanKbn=2", "url2": "http://www.myclinic.ne.jp/oshikuma_ent/pc/", "内容": "おしくま耳鼻咽喉科【2:診療所】【診療科目:耳鼻いんこう科】奈良県奈良市押熊町１１４２番地" }, "geometry": { "type": "Point", "coordinates": [ 135.770417, 34.722311 ] } },
{ "type": "Feature", "properties": { "ID": 2922002500000, "正式名称": "こぎし眼科クリニック", "機関区分": 2, "都道府県コード": 29, "市区町村コード": 201, "所在地": "奈良県奈良市押熊町１１５３－１", "緯度": 34.723006, "経度": 135.769833, "url": "https://www.iryou.teikyouseido.mhlw.go.jp/znk-web/juminkanja/S2430/initialize?prefCd=29&kikanCd=2002500000&kikanKbn=2", "url2": null, "内容": "こぎし眼科クリニック【2:診療所】【診療科目:眼科】奈良県奈良市押熊町１１５３－１" }, "geometry": { "type": "Point", "coordinates": [ 135.769833, 34.723006 ] } },
{ "type": "Feature", "properties": { "ID": 2922002600000, "正式名称": "おおぬま皮フ科", "機関区分": 2, "都道府県コード": 29, "市区町村コード": 201, "所在地": "奈良県奈良市押熊町１１５３番１", "緯度": 34.723006, "経度": 135.769833, "url": "https://www.iryou.teikyouseido.mhlw.go.jp/znk-web/juminkanja/S2430/initialize?prefCd=29&kikanCd=2002600000&kikanKbn=2", "url2": null, "内容": "おおぬま皮フ科【2:診療所】【診療科目:皮膚科】奈良県奈良市押熊町１１５３番１" }, "geometry": { "type": "Point", "coordinates": [ 135.769833, 34.723006 ] } },
{ "type": "Feature", "properties": { "ID": 2922002700000, "正式名称": "おしくまクリニック", "機関区分": 2, "都道府県コード": 29, "市区町村コード": 201, "所在地": "奈良県奈良市押熊町５４７－１忍熊ビル１Ｆ", "緯度": 34.718173, "経度": 135.771444, "url": "https://www.iryou.teikyouseido.mhlw.go.jp/znk-web/juminkanja/S2430/initialize?prefCd=29&kikanCd=2002700000&kikanKbn=2", "url2": null, "内容": "おしくまクリニック【2:診療所】【診療科目:糖尿病・代謝内科_循環器内科_消化器内科】奈良県奈良市押熊町５４７－１忍熊ビル１Ｆ" }, "geometry": { "type": "Point", "coordinates": [ 135.771444, 34.718173 ] } },
{ "type": "Feature", "properties": { "ID": 2922002800000, "正式名称": "かみつじこどもクリニック", "機関区分": 2, "都道府県コード": 29, "市区町村コード": 201, "所在地": "奈良県奈良市押熊町５４７－１忍熊ビル２Ｆ", "緯度": 34.718145, "経度": 135.7715, "url": "https://www.iryou.teikyouseido.mhlw.go.jp/znk-web/juminkanja/S2430/initialize?prefCd=29&kikanCd=2002800000&kikanKbn=2", "url2": "www.newton-dr.com/0742480123/", "内容": "かみつじこどもクリニック【2:診療所】【診療科目:小児科】奈良県奈良市押熊町５４７－１忍熊ビル２Ｆ" }, "geometry": { "type": "Point", "coordinates": [ 135.7715, 34.718145 ] } },
{ "type": "Feature", "properties": { "ID": 2922002900000, "正式名称": "奈良市立田原診療所", "機関区分": 2, "都道府県コード": 29, "市区町村コード": 201, "所在地": "奈良県奈良市横田町３３６番地の１", "緯度": 34.658252, "経度": 135.910376, "url": "https://www.iryou.teikyouseido.mhlw.go.jp/znk-web/juminkanja/S2430/initialize?prefCd=29&kikanCd=2002900000&kikanKbn=2", "url2": "http://www.jadecom.or.jp/hospital/", "内容": "奈良市立田原診療所【2:診療所】【診療科目:内科_外科_眼科】奈良県奈良市横田町３３６番地の１" }, "geometry": { "type": "Point", "coordinates": [ 135.910376, 34.658252 ] } },
{ "type": "Feature", "properties": { "ID": 2922003200000, "正式名称": "藤原クリニック", "機関区分": 2, "都道府県コード": 29, "市区町村コード": 201, "所在地": "奈良県奈良市下三条町１０－１末廣ビル３Ｆ", "緯度": 34.6819, "経度": 135.824136, "url": "https://www.iryou.teikyouseido.mhlw.go.jp/znk-web/juminkanja/S2430/initialize?prefCd=29&kikanCd=2003200000&kikanKbn=2", "url2": "http://www.eonet.ne.jp/~fclinic/", "内容": "藤原クリニック【2:診療所】【診療科目:精神科_心療内科】奈良県奈良市下三条町１０－１末廣ビル３Ｆ" }, "geometry": { "type": "Point", "coordinates": [ 135.824136, 34.6819 ] } },
{ "type": "Feature", "properties": { "ID": 2922003600000, "正式名称": "服部医院", "機関区分": 2, "都道府県コード": 29, "市区町村コード": 201, "所在地": "奈良県奈良市角振町１５番地服部ビル２Ｆ", "緯度": 34.681956, "経度": 135.826608, "url": "https://www.iryou.teikyouseido.mhlw.go.jp/znk-web/juminkanja/S2430/initialize?prefCd=29&kikanCd=2003600000&kikanKbn=2", "url2": "http://www.hattori-ganka.com/", "内容": "服部医院【2:診療所】【診療科目:眼科】奈良県奈良市角振町１５番地服部ビル２Ｆ" }, "geometry": { "type": "Point", "coordinates": [ 135.826608, 34.681956 ] } },
{ "type": "Feature", "properties": { "ID": 2922003900000, "正式名称": "医療法人　松尾医院", "機関区分": 2, "都道府県コード": 29, "市区町村コード": 201, "所在地": "奈良県奈良市学園大和町１丁目２６番地", "緯度": 34.687787, "経度": 135.749781, "url": "https://www.iryou.teikyouseido.mhlw.go.jp/znk-web/juminkanja/S2430/initialize?prefCd=29&kikanCd=2003900000&kikanKbn=2", "url2": null, "内容": "医療法人　松尾医院【2:診療所】【診療科目:内科_外科】奈良県奈良市学園大和町１丁目２６番地" }, "geometry": { "type": "Point", "coordinates": [ 135.749781, 34.687787 ] } },
{ "type": "Feature", "properties": { "ID": 2922004000000, "正式名称": "洋子レディースクリニック", "機関区分": 2, "都道府県コード": 29, "市区町村コード": 201, "所在地": "奈良県奈良市学園大和町三丁目４０番地２", "緯度": 34.687382, "経度": 135.75044, "url": "https://www.iryou.teikyouseido.mhlw.go.jp/znk-web/juminkanja/S2430/initialize?prefCd=29&kikanCd=2004000000&kikanKbn=2", "url2": "http://clinicadonna.com/", "内容": "洋子レディースクリニック【2:診療所】【診療科目:内科_女性内科_産科_婦人科】奈良県奈良市学園大和町三丁目４０番地２" }, "geometry": { "type": "Point", "coordinates": [ 135.75044, 34.687382 ] } },
{ "type": "Feature", "properties": { "ID": 2922004400000, "正式名称": "医療法人敬仁会辻野医院", "機関区分": 2, "都道府県コード": 29, "市区町村コード": 201, "所在地": "奈良県奈良市学園朝日町２番１５号", "緯度": 34.70048, "経度": 135.751502, "url": "https://www.iryou.teikyouseido.mhlw.go.jp/znk-web/juminkanja/S2430/initialize?prefCd=29&kikanCd=2004400000&kikanKbn=2", "url2": null, "内容": "医療法人敬仁会辻野医院【2:診療所】【診療科目:内科_精神科_心療内科】奈良県奈良市学園朝日町２番１５号" }, "geometry": { "type": "Point", "coordinates": [ 135.751502, 34.70048 ] } },
{ "type": "Feature", "properties": { "ID": 2922004500000, "正式名称": "衞藤医院", "機関区分": 2, "都道府県コード": 29, "市区町村コード": 201, "所在地": "奈良県奈良市学園南１－１－１７", "緯度": 34.696619, "経度": 135.751669, "url": "https://www.iryou.teikyouseido.mhlw.go.jp/znk-web/juminkanja/S2430/initialize?prefCd=29&kikanCd=2004500000&kikanKbn=2", "url2": "http://www.eto-iin.com/", "内容": "衞藤医院【2:診療所】【診療科目:内科_消化器内科】奈良県奈良市学園南１－１－１７" }, "geometry": { "type": "Point", "coordinates": [ 135.751669, 34.696619 ] } },
{ "type": "Feature", "properties": { "ID": 2922004600000, "正式名称": "森田診療所", "機関区分": 2, "都道府県コード": 29, "市区町村コード": 201, "所在地": "奈良県奈良市学園南１－２－１", "緯度": 34.697091, "経度": 135.752419, "url": "https://www.iryou.teikyouseido.mhlw.go.jp/znk-web/juminkanja/S2430/initialize?prefCd=29&kikanCd=2004600000&kikanKbn=2", "url2": null, "内容": "森田診療所【2:診療所】【診療科目:内科_循環器内科】奈良県奈良市学園南１－２－１" }, "geometry": { "type": "Point", "coordinates": [ 135.752419, 34.697091 ] } },
{ "type": "Feature", "properties": { "ID": 2922004700000, "正式名称": "医療法人浜田会　浜田クリニック", "機関区分": 2, "都道府県コード": 29, "市区町村コード": 201, "所在地": "奈良県奈良市学園南１丁目３－４", "緯度": 34.697064, "経度": 135.753614, "url": "https://www.iryou.teikyouseido.mhlw.go.jp/znk-web/juminkanja/S2430/initialize?prefCd=29&kikanCd=2004700000&kikanKbn=2", "url2": "https://www.hamada-clinic-nara.com", "内容": "医療法人浜田会　浜田クリニック【2:診療所】【診療科目:内科_糖尿病内科_循環器内科_消化器内科_神経内科_眼科】奈良県奈良市学園南１丁目３－４" }, "geometry": { "type": "Point", "coordinates": [ 135.753614, 34.697064 ] } },
{ "type": "Feature", "properties": { "ID": 2922004800000, "正式名称": "医療法人　小嶌診療所", "機関区分": 2, "都道府県コード": 29, "市区町村コード": 201, "所在地": "奈良県奈良市学園南３丁目４番２４号", "緯度": 34.692592, "経度": 135.751336, "url": "https://www.iryou.teikyouseido.mhlw.go.jp/znk-web/juminkanja/S2430/initialize?prefCd=29&kikanCd=2004800000&kikanKbn=2", "url2": "https://r.goope.jp/kojimaclinic/", "内容": "医療法人　小嶌診療所【2:診療所】【診療科目:内科_皮膚科】奈良県奈良市学園南３丁目４番２４号" }, "geometry": { "type": "Point", "coordinates": [ 135.751336, 34.692592 ] } },
{ "type": "Feature", "properties": { "ID": 2922004900000, "正式名称": "阿部クリニック", "機関区分": 2, "都道府県コード": 29, "市区町村コード": 201, "所在地": "奈良県奈良市学園南一丁目２－２０", "緯度": 34.696425, "経度": 135.752975, "url": "https://www.iryou.teikyouseido.mhlw.go.jp/znk-web/juminkanja/S2430/initialize?prefCd=29&kikanCd=2004900000&kikanKbn=2", "url2": null, "内容": "阿部クリニック【2:診療所】【診療科目:内科_循環器内科_リハビリテーション科】奈良県奈良市学園南一丁目２－２０" }, "geometry": { "type": "Point", "coordinates": [ 135.752975, 34.696425 ] } },
{ "type": "Feature", "properties": { "ID": 2922005100000, "正式名称": "ないとう耳鼻咽喉科", "機関区分": 2, "都道府県コード": 29, "市区町村コード": 201, "所在地": "奈良県奈良市学園北１－１４－１３メディカル学園前３Ｆ", "緯度": 34.699702, "経度": 135.750614, "url": "https://www.iryou.teikyouseido.mhlw.go.jp/znk-web/juminkanja/S2430/initialize?prefCd=29&kikanCd=2005100000&kikanKbn=2", "url2": "naito-jibiinkouka.com", "内容": "ないとう耳鼻咽喉科【2:診療所】【診療科目:耳鼻いんこう科_アレルギー科】奈良県奈良市学園北１－１４－１３メディカル学園前３Ｆ" }, "geometry": { "type": "Point", "coordinates": [ 135.750614, 34.699702 ] } },
{ "type": "Feature", "properties": { "ID": 2922005200000, "正式名称": "なかむら小児科", "機関区分": 2, "都道府県コード": 29, "市区町村コード": 201, "所在地": "奈良県奈良市学園北１－１４－１３　メディカル学園前ビル３Ｆ", "緯度": 34.69973, "経度": 135.750725, "url": "https://www.iryou.teikyouseido.mhlw.go.jp/znk-web/juminkanja/S2430/initialize?prefCd=29&kikanCd=2005200000&kikanKbn=2", "url2": "http://nakapedclinic.life.coocan.jp/", "内容": "なかむら小児科【2:診療所】【診療科目:小児科_アレルギー科】奈良県奈良市学園北１－１４－１３　メディカル学園前ビル３Ｆ" }, "geometry": { "type": "Point", "coordinates": [ 135.750725, 34.69973 ] } },
{ "type": "Feature", "properties": { "ID": 2922005700000, "正式名称": "医療法人仁礼会　こばやし耳鼻咽喉科", "機関区分": 2, "都道府県コード": 29, "市区町村コード": 201, "所在地": "奈良県奈良市学園北１－９－１パラディ２　５Ｆ", "緯度": 34.698175, "経度": 135.75053, "url": "https://www.iryou.teikyouseido.mhlw.go.jp/znk-web/juminkanja/S2430/initialize?prefCd=29&kikanCd=2005700000&kikanKbn=2", "url2": "http://www.kobayashi-ent.com", "内容": "医療法人仁礼会　こばやし耳鼻咽喉科【2:診療所】【診療科目:耳鼻いんこう科_アレルギー科】奈良県奈良市学園北１－９－１パラディ２　５Ｆ" }, "geometry": { "type": "Point", "coordinates": [ 135.75053, 34.698175 ] } },
{ "type": "Feature", "properties": { "ID": 2922005800000, "正式名称": "医療法人　啓仁会　森内科クリニック", "機関区分": 2, "都道府県コード": 29, "市区町村コード": 201, "所在地": "奈良県奈良市学園北１丁目１１番４号　エルアベニュー学園前３Ｆ", "緯度": 34.698813, "経度": 135.750197, "url": "https://www.iryou.teikyouseido.mhlw.go.jp/znk-web/juminkanja/S2430/initialize?prefCd=29&kikanCd=2005800000&kikanKbn=2", "url2": null, "内容": "医療法人　啓仁会　森内科クリニック【2:診療所】【診療科目:内科_感染症内科_糖尿病内科_内分泌内科_脂質代謝内科_糖尿病・内分泌内科_老年・呼吸器内科_胃腸内科_肝臓内科_小児科_アレルギー科】奈良県奈良市学園北１丁目１１番４号　エルアベニュー学園前３Ｆ" }, "geometry": { "type": "Point", "coordinates": [ 135.750197, 34.698813 ] } },
{ "type": "Feature", "properties": { "ID": 2922006100000, "正式名称": "医療法人奥田眼科学園前診療所", "機関区分": 2, "都道府県コード": 29, "市区町村コード": 201, "所在地": "奈良県奈良市学園北１丁目１番１－４０２ル・シエル学園前４階", "緯度": 34.697314, "経度": 135.750419, "url": "https://www.iryou.teikyouseido.mhlw.go.jp/znk-web/juminkanja/S2430/initialize?prefCd=29&kikanCd=2006100000&kikanKbn=2", "url2": "https://okudaganka.jp/", "内容": "医療法人奥田眼科学園前診療所【2:診療所】【診療科目:眼科】奈良県奈良市学園北１丁目１番１－４０２ル・シエル学園前４階" }, "geometry": { "type": "Point", "coordinates": [ 135.750419, 34.697314 ] } },
{ "type": "Feature", "properties": { "ID": 2922006300000, "正式名称": "きわもと泌尿器科クリニック", "機関区分": 2, "都道府県コード": 29, "市区町村コード": 201, "所在地": "奈良県奈良市押熊町５４７－１忍熊ビル３階", "緯度": 34.718096, "経度": 135.771496, "url": "https://www.iryou.teikyouseido.mhlw.go.jp/znk-web/juminkanja/S2430/initialize?prefCd=29&kikanCd=2006300000&kikanKbn=2", "url2": "http://www.kiwamoto-clinic.com/pc/", "内容": "きわもと泌尿器科クリニック【2:診療所】【診療科目:泌尿器科】奈良県奈良市押熊町５４７－１忍熊ビル３階" }, "geometry": { "type": "Point", "coordinates": [ 135.771496, 34.718096 ] } },
{ "type": "Feature", "properties": { "ID": 2922006400000, "正式名称": "医療法人　良仁会　かわたペインクリニック", "機関区分": 2, "都道府県コード": 29, "市区町村コード": 201, "所在地": "奈良県奈良市学園北１丁目９番１号パラディ　５階", "緯度": 34.698175, "経度": 135.750558, "url": "https://www.iryou.teikyouseido.mhlw.go.jp/znk-web/juminkanja/S2430/initialize?prefCd=29&kikanCd=2006400000&kikanKbn=2", "url2": "http://www.kawata-cl.jp", "内容": "医療法人　良仁会　かわたペインクリニック【2:診療所】【診療科目:心療内科_リハビリテーション科_麻酔科】奈良県奈良市学園北１丁目９番１号パラディ　５階" }, "geometry": { "type": "Point", "coordinates": [ 135.750558, 34.698175 ] } },
{ "type": "Feature", "properties": { "ID": 2922006600000, "正式名称": "医療法人聡啓会　中井耳鼻咽喉科", "機関区分": 2, "都道府県コード": 29, "市区町村コード": 201, "所在地": "奈良県奈良市学園北２－１－６／セブンスタ－マンションＢ－３", "緯度": 34.697703, "経度": 135.752419, "url": "https://www.iryou.teikyouseido.mhlw.go.jp/znk-web/juminkanja/S2430/initialize?prefCd=29&kikanCd=2006600000&kikanKbn=2", "url2": "http://nakai-jibika.jp", "内容": "医療法人聡啓会　中井耳鼻咽喉科【2:診療所】【診療科目:耳鼻いんこう科_気管食道・耳鼻いんこう科_頭頸部・耳鼻いんこう科_アレルギー科】奈良県奈良市学園北２－１－６／セブンスタ－マンションＢ－３" }, "geometry": { "type": "Point", "coordinates": [ 135.752419, 34.697703 ] } },
{ "type": "Feature", "properties": { "ID": 2922006800000, "正式名称": "しぎさんメンタルクリニック学園前", "機関区分": 2, "都道府県コード": 29, "市区町村コード": 201, "所在地": "奈良県奈良市学園北一丁目１３番１０号", "緯度": 34.699758, "経度": 135.74978, "url": "https://www.iryou.teikyouseido.mhlw.go.jp/znk-web/juminkanja/S2430/initialize?prefCd=29&kikanCd=2006800000&kikanKbn=2", "url2": "https://www.heartland.or.jp/mentalclinic/gakuenmae/", "内容": "しぎさんメンタルクリニック学園前【2:診療所】【診療科目:精神科_心療内科】奈良県奈良市学園北一丁目１３番１０号" }, "geometry": { "type": "Point", "coordinates": [ 135.74978, 34.699758 ] } },
{ "type": "Feature", "properties": { "ID": 2922007000000, "正式名称": "長崎医院", "機関区分": 2, "都道府県コード": 29, "市区町村コード": 201, "所在地": "奈良県奈良市学園北一丁目３番１７号", "緯度": 34.697147, "経度": 135.748253, "url": "https://www.iryou.teikyouseido.mhlw.go.jp/znk-web/juminkanja/S2430/initialize?prefCd=29&kikanCd=2007000000&kikanKbn=2", "url2": null, "内容": "長崎医院【2:診療所】【診療科目:内科_循環器内科】奈良県奈良市学園北一丁目３番１７号" }, "geometry": { "type": "Point", "coordinates": [ 135.748253, 34.697147 ] } },
{ "type": "Feature", "properties": { "ID": 2922007200000, "正式名称": "医療法人坂口医院", "機関区分": 2, "都道府県コード": 29, "市区町村コード": 201, "所在地": "奈良県奈良市瓦堂町６番地１", "緯度": 34.674179, "経度": 135.828608, "url": "https://www.iryou.teikyouseido.mhlw.go.jp/znk-web/juminkanja/S2430/initialize?prefCd=29&kikanCd=2007200000&kikanKbn=2", "url2": "htt/www.sakaguchiiin.net", "内容": "医療法人坂口医院【2:診療所】【診療科目:内科_小児科_リハビリテーション科_放射線科】奈良県奈良市瓦堂町６番地１" }, "geometry": { "type": "Point", "coordinates": [ 135.828608, 34.674179 ] } },
{ "type": "Feature", "properties": { "ID": 2922007300000, "正式名称": "大西クリニック", "機関区分": 2, "都道府県コード": 29, "市区町村コード": 201, "所在地": "奈良県奈良市漢国町１０", "緯度": 34.683178, "経度": 135.825442, "url": "https://www.iryou.teikyouseido.mhlw.go.jp/znk-web/juminkanja/S2430/initialize?prefCd=29&kikanCd=2007300000&kikanKbn=2", "url2": null, "内容": "大西クリニック【2:診療所】【診療科目:内科_小児科】奈良県奈良市漢国町１０" }, "geometry": { "type": "Point", "coordinates": [ 135.825442, 34.683178 ] } },
{ "type": "Feature", "properties": { "ID": 2922007400000, "正式名称": "社会医療法人　松本快生会　西奈良中央病院　附属丸山診療所", "機関区分": 2, "都道府県コード": 29, "市区町村コード": 201, "所在地": "奈良県奈良市丸山二丁目１２２０－１６３", "緯度": 34.666956, "経度": 135.749921, "url": "https://www.iryou.teikyouseido.mhlw.go.jp/znk-web/juminkanja/S2430/initialize?prefCd=29&kikanCd=2007400000&kikanKbn=2", "url2": "http://www.nishinarachuo.or.jp", "内容": "社会医療法人　松本快生会　西奈良中央病院　附属丸山診療所【2:診療所】【診療科目:内科_循環器内科】奈良県奈良市丸山二丁目１２２０－１６３" }, "geometry": { "type": "Point", "coordinates": [ 135.749921, 34.666956 ] } },
{ "type": "Feature", "properties": { "ID": 2922007700000, "正式名称": "玉木耳鼻咽喉科", "機関区分": 2, "都道府県コード": 29, "市区町村コード": 201, "所在地": "奈良県奈良市椿井町４３番地", "緯度": 34.680939, "経度": 135.827927, "url": "https://www.iryou.teikyouseido.mhlw.go.jp/znk-web/juminkanja/S2430/initialize?prefCd=29&kikanCd=2007700000&kikanKbn=2", "url2": null, "内容": "玉木耳鼻咽喉科【2:診療所】【診療科目:耳鼻いんこう科】奈良県奈良市椿井町４３番地" }, "geometry": { "type": "Point", "coordinates": [ 135.827927, 34.680939 ] } },
{ "type": "Feature", "properties": { "ID": 2922007900000, "正式名称": "奈良市立月ヶ瀬診療所", "機関区分": 2, "都道府県コード": 29, "市区町村コード": 201, "所在地": "奈良県奈良市月ケ瀬尾山２７９０番地", "緯度": 34.711095, "経度": 136.044617, "url": "https://www.iryou.teikyouseido.mhlw.go.jp/znk-web/juminkanja/S2430/initialize?prefCd=29&kikanCd=2007900000&kikanKbn=2", "url2": "https://www.city.nara.lg.jp/soshiki/93/6346.html", "内容": "奈良市立月ヶ瀬診療所【2:診療所】【診療科目:内科_外科_小児科_眼科】奈良県奈良市月ケ瀬尾山２７９０番地" }, "geometry": { "type": "Point", "coordinates": [ 136.044617, 34.711095 ] } },
{ "type": "Feature", "properties": { "ID": 2922008000000, "正式名称": "森井小児科医院", "機関区分": 2, "都道府県コード": 29, "市区町村コード": 201, "所在地": "奈良県奈良市元興寺町３２番地", "緯度": 34.675901, "経度": 135.83083, "url": "https://www.iryou.teikyouseido.mhlw.go.jp/znk-web/juminkanja/S2430/initialize?prefCd=29&kikanCd=2008000000&kikanKbn=2", "url2": "http://morii-s.comyonika", "内容": "森井小児科医院【2:診療所】【診療科目:小児科】奈良県奈良市元興寺町３２番地" }, "geometry": { "type": "Point", "coordinates": [ 135.83083, 34.675901 ] } },
{ "type": "Feature", "properties": { "ID": 2922008300000, "正式名称": "医療法人伊藤医院", "機関区分": 2, "都道府県コード": 29, "市区町村コード": 201, "所在地": "奈良県奈良市五条町９－４３", "緯度": 34.673261, "経度": 135.784473, "url": "https://www.iryou.teikyouseido.mhlw.go.jp/znk-web/juminkanja/S2430/initialize?prefCd=29&kikanCd=2008300000&kikanKbn=2", "url2": "itou-iin.jp", "内容": "医療法人伊藤医院【2:診療所】【診療科目:内科_呼吸器内科_循環器内科】奈良県奈良市五条町９－４３" }, "geometry": { "type": "Point", "coordinates": [ 135.784473, 34.673261 ] } },
{ "type": "Feature", "properties": { "ID": 2922008700000, "正式名称": "石崎内科天満診療所", "機関区分": 2, "都道府県コード": 29, "市区町村コード": 201, "所在地": "奈良県奈良市高畑町１０７３中尾ビル１０２号", "緯度": 34.676512, "経度": 135.842524, "url": "https://www.iryou.teikyouseido.mhlw.go.jp/znk-web/juminkanja/S2430/initialize?prefCd=29&kikanCd=2008700000&kikanKbn=2", "url2": null, "内容": "石崎内科天満診療所【2:診療所】【診療科目:内科】奈良県奈良市高畑町１０７３中尾ビル１０２号" }, "geometry": { "type": "Point", "coordinates": [ 135.842524, 34.676512 ] } },
{ "type": "Feature", "properties": { "ID": 2922008900000, "正式名称": "医療法人　矢追医院", "機関区分": 2, "都道府県コード": 29, "市区町村コード": 201, "所在地": "奈良県奈良市高畑町１１１２番地", "緯度": 34.680261, "経度": 135.832219, "url": "https://www.iryou.teikyouseido.mhlw.go.jp/znk-web/juminkanja/S2430/initialize?prefCd=29&kikanCd=2008900000&kikanKbn=2", "url2": "http://www.mahoroba.ne.jp/~yaoi", "内容": "医療法人　矢追医院【2:診療所】【診療科目:内科_小児科】奈良県奈良市高畑町１１１２番地" }, "geometry": { "type": "Point", "coordinates": [ 135.832219, 34.680261 ] } },
{ "type": "Feature", "properties": { "ID": 2922009000000, "正式名称": "社会医療法人健生会　高畑診療所", "機関区分": 2, "都道府県コード": 29, "市区町村コード": 201, "所在地": "奈良県奈良市高畑町９５－１", "緯度": 34.671207, "経度": 135.840969, "url": "https://www.iryou.teikyouseido.mhlw.go.jp/znk-web/juminkanja/S2430/initialize?prefCd=29&kikanCd=2009000000&kikanKbn=2", "url2": "https://okatani.or.jp/takabatake", "内容": "社会医療法人健生会　高畑診療所【2:診療所】【診療科目:内科】奈良県奈良市高畑町９５－１" }, "geometry": { "type": "Point", "coordinates": [ 135.840969, 34.671207 ] } },
{ "type": "Feature", "properties": { "ID": 2922009200000, "正式名称": "社会医療法人健生会　佐保川診療所", "機関区分": 2, "都道府県コード": 29, "市区町村コード": 201, "所在地": "奈良県奈良市今在家町３８番地", "緯度": 34.694677, "経度": 135.834774, "url": "https://www.iryou.teikyouseido.mhlw.go.jp/znk-web/juminkanja/S2430/initialize?prefCd=29&kikanCd=2009200000&kikanKbn=2", "url2": "http://www.okatani.or.jp/sahogawa/index.htm", "内容": "社会医療法人健生会　佐保川診療所【2:診療所】【診療科目:内科】奈良県奈良市今在家町３８番地" }, "geometry": { "type": "Point", "coordinates": [ 135.834774, 34.694677 ] } },
{ "type": "Feature", "properties": { "ID": 2922009300000, "正式名称": "医療法人　耳鼻咽喉科川本医院", "機関区分": 2, "都道府県コード": 29, "市区町村コード": 201, "所在地": "奈良県奈良市今辻子町３１番地の１", "緯度": 34.68365, "経度": 135.822942, "url": "https://www.iryou.teikyouseido.mhlw.go.jp/znk-web/juminkanja/S2430/initialize?prefCd=29&kikanCd=2009300000&kikanKbn=2", "url2": "http://kawamoto-ent.com", "内容": "医療法人　耳鼻咽喉科川本医院【2:診療所】【診療科目:耳鼻いんこう科_頭頸部・耳鼻いんこう科】奈良県奈良市今辻子町３１番地の１" }, "geometry": { "type": "Point", "coordinates": [ 135.822942, 34.68365 ] } },
{ "type": "Feature", "properties": { "ID": 2922009400000, "正式名称": "医療法人山崎医院やまざきクリニック", "機関区分": 2, "都道府県コード": 29, "市区町村コード": 201, "所在地": "奈良県奈良市佐紀町２７６２－４", "緯度": 34.695287, "経度": 135.794694, "url": "https://www.iryou.teikyouseido.mhlw.go.jp/znk-web/juminkanja/S2430/initialize?prefCd=29&kikanCd=2009400000&kikanKbn=2", "url2": "https://www.yamazaki-clinic.net", "内容": "医療法人山崎医院やまざきクリニック【2:診療所】【診療科目:内科_消化器内科_外科_整形外科】奈良県奈良市佐紀町２７６２－４" }, "geometry": { "type": "Point", "coordinates": [ 135.794694, 34.695287 ] } },
{ "type": "Feature", "properties": { "ID": 2922009500000, "正式名称": "医療法人　田北クリニック", "機関区分": 2, "都道府県コード": 29, "市区町村コード": 201, "所在地": "奈良県奈良市佐紀町２番地　奈良ファミリー別館３号館２階３階", "緯度": 34.695759, "経度": 135.786389, "url": "https://www.iryou.teikyouseido.mhlw.go.jp/znk-web/juminkanja/S2430/initialize?prefCd=29&kikanCd=2009500000&kikanKbn=2", "url2": "http://takita-cl.com", "内容": "医療法人　田北クリニック【2:診療所】【診療科目:内科_外科_整形外科_リハビリテーション科】奈良県奈良市佐紀町２番地　奈良ファミリー別館３号館２階３階" }, "geometry": { "type": "Point", "coordinates": [ 135.786389, 34.695759 ] } },
{ "type": "Feature", "properties": { "ID": 2922009700000, "正式名称": "医療法人塩谷内科診療所", "機関区分": 2, "都道府県コード": 29, "市区町村コード": 201, "所在地": "奈良県奈良市左京１丁目１３番地の３７", "緯度": 34.712535, "経度": 135.801553, "url": "https://www.iryou.teikyouseido.mhlw.go.jp/znk-web/juminkanja/S2430/initialize?prefCd=29&kikanCd=2009700000&kikanKbn=2", "url2": null, "内容": "医療法人塩谷内科診療所【2:診療所】【診療科目:内科_呼吸器内科】奈良県奈良市左京１丁目１３番地の３７" }, "geometry": { "type": "Point", "coordinates": [ 135.801553, 34.712535 ] } },
{ "type": "Feature", "properties": { "ID": 2922009800000, "正式名称": "とみお診療所", "機関区分": 2, "都道府県コード": 29, "市区町村コード": 201, "所在地": "奈良県奈良市三碓２丁目１番６号", "緯度": 34.691092, "経度": 135.736254, "url": "https://www.iryou.teikyouseido.mhlw.go.jp/znk-web/juminkanja/S2430/initialize?prefCd=29&kikanCd=2009800000&kikanKbn=2", "url2": null, "内容": "とみお診療所【2:診療所】【診療科目:内科_外科】奈良県奈良市三碓２丁目１番６号" }, "geometry": { "type": "Point", "coordinates": [ 135.736254, 34.691092 ] } },
{ "type": "Feature", "properties": { "ID": 2922009900000, "正式名称": "医療法人　敬愛会　はもり皮フ科", "機関区分": 2, "都道府県コード": 29, "市区町村コード": 201, "所在地": "奈良県奈良市学園大和町一丁目１４３８番地１", "緯度": 34.690154, "経度": 135.748199, "url": "https://www.iryou.teikyouseido.mhlw.go.jp/znk-web/juminkanja/S2430/initialize?prefCd=29&kikanCd=2009900000&kikanKbn=2", "url2": "http//www.hamorihihuka.jp", "内容": "医療法人　敬愛会　はもり皮フ科【2:診療所】【診療科目:形成外科_美容外科_皮膚科_美容皮膚科】奈良県奈良市学園大和町一丁目１４３８番地１" }, "geometry": { "type": "Point", "coordinates": [ 135.748199, 34.690154 ] } },
{ "type": "Feature", "properties": { "ID": 2922010000000, "正式名称": "おかみや眼科", "機関区分": 2, "都道府県コード": 29, "市区町村コード": 201, "所在地": "奈良県奈良市三碓３－１１－１", "緯度": 34.687787, "経度": 135.742059, "url": "https://www.iryou.teikyouseido.mhlw.go.jp/znk-web/juminkanja/S2430/initialize?prefCd=29&kikanCd=2010000000&kikanKbn=2", "url2": "http://www.okamiya-eye.com", "内容": "おかみや眼科【2:診療所】【診療科目:眼科】奈良県奈良市三碓３－１１－１" }, "geometry": { "type": "Point", "coordinates": [ 135.742059, 34.687787 ] } },
{ "type": "Feature", "properties": { "ID": 2922010100000, "正式名称": "貴ヶ丘クリニックヤードおかはし整形外科", "機関区分": 2, "都道府県コード": 29, "市区町村コード": 201, "所在地": "奈良県奈良市三碓３丁目１１番１号", "緯度": 34.687676, "経度": 135.742782, "url": "https://www.iryou.teikyouseido.mhlw.go.jp/znk-web/juminkanja/S2430/initialize?prefCd=29&kikanCd=2010100000&kikanKbn=2", "url2": "okahashi-seikeigeka.com", "内容": "貴ヶ丘クリニックヤードおかはし整形外科【2:診療所】【診療科目:外科_整形外科_リハビリテーション科】奈良県奈良市三碓３丁目１１番１号" }, "geometry": { "type": "Point", "coordinates": [ 135.742782, 34.687676 ] } },
{ "type": "Feature", "properties": { "ID": 2922010200000, "正式名称": "医療法人つるた内科", "機関区分": 2, "都道府県コード": 29, "市区町村コード": 201, "所在地": "奈良県奈良市学園大和町五丁目１１７番地", "緯度": 34.688269, "経度": 135.742447, "url": "https://www.iryou.teikyouseido.mhlw.go.jp/znk-web/juminkanja/S2430/initialize?prefCd=29&kikanCd=2010200000&kikanKbn=2", "url2": "tsuruta-naika.com", "内容": "医療法人つるた内科【2:診療所】【診療科目:内科_呼吸器内科_循環器内科_消化器内科】奈良県奈良市学園大和町五丁目１１７番地" }, "geometry": { "type": "Point", "coordinates": [ 135.742447, 34.688269 ] } },
{ "type": "Feature", "properties": { "ID": 2922010300000, "正式名称": "医療法人　ひばり", "機関区分": 2, "都道府県コード": 29, "市区町村コード": 201, "所在地": "奈良県奈良市三碓六丁目９－２３", "緯度": 34.682287, "経度": 135.737754, "url": "https://www.iryou.teikyouseido.mhlw.go.jp/znk-web/juminkanja/S2430/initialize?prefCd=29&kikanCd=2010300000&kikanKbn=2", "url2": "http://zaitaku-hospice.jp/index.html", "内容": "医療法人　ひばり【2:診療所】【診療科目:内科_麻酔科】奈良県奈良市三碓六丁目９－２３" }, "geometry": { "type": "Point", "coordinates": [ 135.737754, 34.682287 ] } },
{ "type": "Feature", "properties": { "ID": 2922010400000, "正式名称": "医療法人双葉会　富雄産婦人科", "機関区分": 2, "都道府県コード": 29, "市区町村コード": 201, "所在地": "奈良県奈良市三松４丁目８７８番１", "緯度": 34.701646, "経度": 135.732865, "url": "https://www.iryou.teikyouseido.mhlw.go.jp/znk-web/juminkanja/S2430/initialize?prefCd=29&kikanCd=2010400000&kikanKbn=2", "url2": "https://www.tomio-w-clinic.or.jp", "内容": "医療法人双葉会　富雄産婦人科【2:診療所】【診療科目:産婦人科_産婦人科（生殖医療）】奈良県奈良市三松４丁目８７８番１" }, "geometry": { "type": "Point", "coordinates": [ 135.732865, 34.701646 ] } },
{ "type": "Feature", "properties": { "ID": 2922010500000, "正式名称": "クレヨン小児科", "機関区分": 2, "都道府県コード": 29, "市区町村コード": 201, "所在地": "奈良県奈良市三松一丁目２－８－１０１", "緯度": 34.697563, "経度": 135.731088, "url": "https://www.iryou.teikyouseido.mhlw.go.jp/znk-web/juminkanja/S2430/initialize?prefCd=29&kikanCd=2010500000&kikanKbn=2", "url2": null, "内容": "クレヨン小児科【2:診療所】【診療科目:小児科】奈良県奈良市三松一丁目２－８－１０１" }, "geometry": { "type": "Point", "coordinates": [ 135.731088, 34.697563 ] } },
{ "type": "Feature", "properties": { "ID": 2922010600000, "正式名称": "医療法人社団　岩井整形外科", "機関区分": 2, "都道府県コード": 29, "市区町村コード": 201, "所在地": "奈良県奈良市大宮町４－３３１－１", "緯度": 34.682011, "経度": 135.804916, "url": "https://www.iryou.teikyouseido.mhlw.go.jp/znk-web/juminkanja/S2430/initialize?prefCd=29&kikanCd=2010600000&kikanKbn=2", "url2": null, "内容": "医療法人社団　岩井整形外科【2:診療所】【診療科目:内科_整形外科】奈良県奈良市大宮町４－３３１－１" }, "geometry": { "type": "Point", "coordinates": [ 135.804916, 34.682011 ] } },
{ "type": "Feature", "properties": { "ID": 2922010700000, "正式名称": "医療法人こうあん　こうあん診療所", "機関区分": 2, "都道府県コード": 29, "市区町村コード": 201, "所在地": "奈良県奈良市三条大路一丁目１番９０号奈良セントラルビル１階", "緯度": 34.684094, "経度": 135.804138, "url": "https://www.iryou.teikyouseido.mhlw.go.jp/znk-web/juminkanja/S2430/initialize?prefCd=29&kikanCd=2010700000&kikanKbn=2", "url2": "http://www.kouan-clinic.or.jp/", "内容": "医療法人こうあん　こうあん診療所【2:診療所】【診療科目:内科_神経内科_脳神経外科_整形外科_リハビリテーション科】奈良県奈良市三条大路一丁目１番９０号奈良セントラルビル１階" }, "geometry": { "type": "Point", "coordinates": [ 135.804138, 34.684094 ] } },
{ "type": "Feature", "properties": { "ID": 2922010800000, "正式名称": "吉岡皮膚科医院", "機関区分": 2, "都道府県コード": 29, "市区町村コード": 201, "所在地": "奈良県奈良市三条町３２１－４／美幸ビル２Ｆ", "緯度": 34.679539, "経度": 135.82022, "url": "https://www.iryou.teikyouseido.mhlw.go.jp/znk-web/juminkanja/S2430/initialize?prefCd=29&kikanCd=2010800000&kikanKbn=2", "url2": null, "内容": "吉岡皮膚科医院【2:診療所】【診療科目:皮膚科】奈良県奈良市三条町３２１－４／美幸ビル２Ｆ" }, "geometry": { "type": "Point", "coordinates": [ 135.82022, 34.679539 ] } },
{ "type": "Feature", "properties": { "ID": 2922010900000, "正式名称": "陽クリニック", "機関区分": 2, "都道府県コード": 29, "市区町村コード": 201, "所在地": "奈良県奈良市大宮町４丁目２４１－１", "緯度": 34.682733, "経度": 135.811054, "url": "https://www.iryou.teikyouseido.mhlw.go.jp/znk-web/juminkanja/S2430/initialize?prefCd=29&kikanCd=2010900000&kikanKbn=2", "url2": "http://yo-clinic.squares.net", "内容": "陽クリニック【2:診療所】【診療科目:内科_小児科】奈良県奈良市大宮町４丁目２４１－１" }, "geometry": { "type": "Point", "coordinates": [ 135.811054, 34.682733 ] } },
{ "type": "Feature", "properties": { "ID": 2922011300000, "正式名称": "飯田医院", "機関区分": 2, "都道府県コード": 29, "市区町村コード": 201, "所在地": "奈良県奈良市三条添川町３－３", "緯度": 34.681705, "経度": 135.812165, "url": "https://www.iryou.teikyouseido.mhlw.go.jp/znk-web/juminkanja/S2430/initialize?prefCd=29&kikanCd=2011300000&kikanKbn=2", "url2": null, "内容": "飯田医院【2:診療所】【診療科目:内科_外科_肛門外科_整形外科_皮膚科】奈良県奈良市三条添川町３－３" }, "geometry": { "type": "Point", "coordinates": [ 135.812165, 34.681705 ] } },
{ "type": "Feature", "properties": { "ID": 2922011400000, "正式名称": "医療法人うえしげクリニック", "機関区分": 2, "都道府県コード": 29, "市区町村コード": 201, "所在地": "奈良県奈良市三条桧町１７番１７号　メディコートＦＳＡ　２階", "緯度": 34.679033, "経度": 135.812292, "url": "https://www.iryou.teikyouseido.mhlw.go.jp/znk-web/juminkanja/S2430/initialize?prefCd=29&kikanCd=2011400000&kikanKbn=2", "url2": "http://ueshige-clinic.com/", "内容": "医療法人うえしげクリニック【2:診療所】【診療科目:内科_消化器内科_外科_肛門外科】奈良県奈良市三条桧町１７番１７号　メディコートＦＳＡ　２階" }, "geometry": { "type": "Point", "coordinates": [ 135.812292, 34.679033 ] } },
{ "type": "Feature", "properties": { "ID": 2922011700000, "正式名称": "医療法人西浦会　西浦クリニック", "機関区分": 2, "都道府県コード": 29, "市区町村コード": 201, "所在地": "奈良県奈良市三条本町７番２１号", "緯度": 34.677399, "経度": 135.818382, "url": "https://www.iryou.teikyouseido.mhlw.go.jp/znk-web/juminkanja/S2430/initialize?prefCd=29&kikanCd=2011700000&kikanKbn=2", "url2": "http://nttbj.itp.ne.jp/0742230865/index.html", "内容": "医療法人西浦会　西浦クリニック【2:診療所】【診療科目:内科_糖尿病内科】奈良県奈良市三条本町７番２１号" }, "geometry": { "type": "Point", "coordinates": [ 135.818382, 34.677399 ] } },
{ "type": "Feature", "properties": { "ID": 2922012100000, "正式名称": "西村クリニック", "機関区分": 2, "都道府県コード": 29, "市区町村コード": 201, "所在地": "奈良県奈良市四条大路１－１－３０東亜シティ－プラザ２階", "緯度": 34.681788, "経度": 135.80536, "url": "https://www.iryou.teikyouseido.mhlw.go.jp/znk-web/juminkanja/S2430/initialize?prefCd=29&kikanCd=2012100000&kikanKbn=2", "url2": null, "内容": "西村クリニック【2:診療所】【診療科目:内科_婦人科_皮膚科】奈良県奈良市四条大路１－１－３０東亜シティ－プラザ２階" }, "geometry": { "type": "Point", "coordinates": [ 135.80536, 34.681788 ] } },
{ "type": "Feature", "properties": { "ID": 2922012200000, "正式名称": "医療法人　田村医院", "機関区分": 2, "都道府県コード": 29, "市区町村コード": 201, "所在地": "奈良県奈良市四条大路１－７－１９", "緯度": 34.680122, "経度": 135.803916, "url": "https://www.iryou.teikyouseido.mhlw.go.jp/znk-web/juminkanja/S2430/initialize?prefCd=29&kikanCd=2012200000&kikanKbn=2", "url2": "https://tamuraiin.com", "内容": "医療法人　田村医院【2:診療所】【診療科目:内科_小児科_放射線科】奈良県奈良市四条大路１－７－１９" }, "geometry": { "type": "Point", "coordinates": [ 135.803916, 34.680122 ] } },
{ "type": "Feature", "properties": { "ID": 2922012300000, "正式名称": "よもさ痛みのクリニック", "機関区分": 2, "都道府県コード": 29, "市区町村コード": 201, "所在地": "奈良県奈良市四条大路五丁目１番５５号", "緯度": 34.681649, "経度": 135.789806, "url": "https://www.iryou.teikyouseido.mhlw.go.jp/znk-web/juminkanja/S2430/initialize?prefCd=29&kikanCd=2012300000&kikanKbn=2", "url2": "http://www.yomosa-cl.com/", "内容": "よもさ痛みのクリニック【2:診療所】【診療科目:内科_麻酔科】奈良県奈良市四条大路五丁目１番５５号" }, "geometry": { "type": "Point", "coordinates": [ 135.789806, 34.681649 ] } },
{ "type": "Feature", "properties": { "ID": 2922012500000, "正式名称": "吉川診療所", "機関区分": 2, "都道府県コード": 29, "市区町村コード": 201, "所在地": "奈良県奈良市柴屋町４番地", "緯度": 34.644321, "経度": 135.828804, "url": "https://www.iryou.teikyouseido.mhlw.go.jp/znk-web/juminkanja/S2430/initialize?prefCd=29&kikanCd=2012500000&kikanKbn=2", "url2": null, "内容": "吉川診療所【2:診療所】【診療科目:内科】奈良県奈良市柴屋町４番地" }, "geometry": { "type": "Point", "coordinates": [ 135.828804, 34.644321 ] } },
{ "type": "Feature", "properties": { "ID": 2922012900000, "正式名称": "村嶋小児科医院", "機関区分": 2, "都道府県コード": 29, "市区町村コード": 201, "所在地": "奈良県奈良市芝辻町２－１１－７／大島ビル２Ｆ", "緯度": 34.685622, "経度": 135.812304, "url": "https://www.iryou.teikyouseido.mhlw.go.jp/znk-web/juminkanja/S2430/initialize?prefCd=29&kikanCd=2012900000&kikanKbn=2", "url2": null, "内容": "村嶋小児科医院【2:診療所】【診療科目:小児科】奈良県奈良市芝辻町２－１１－７／大島ビル２Ｆ" }, "geometry": { "type": "Point", "coordinates": [ 135.812304, 34.685622 ] } },
{ "type": "Feature", "properties": { "ID": 2922013000000, "正式名称": "永田医院", "機関区分": 2, "都道府県コード": 29, "市区町村コード": 201, "所在地": "奈良県奈良市芝辻町４－１３－１", "緯度": 34.68651, "経度": 135.80811, "url": "https://www.iryou.teikyouseido.mhlw.go.jp/znk-web/juminkanja/S2430/initialize?prefCd=29&kikanCd=2013000000&kikanKbn=2", "url2": null, "内容": "永田医院【2:診療所】【診療科目:内科_整形外科_小児科_麻酔科】奈良県奈良市芝辻町４－１３－１" }, "geometry": { "type": "Point", "coordinates": [ 135.80811, 34.68651 ] } },
{ "type": "Feature", "properties": { "ID": 2922013100000, "正式名称": "医療法人　柏井クリニック", "機関区分": 2, "都道府県コード": 29, "市区町村コード": 201, "所在地": "奈良県奈良市芝辻町４－１３－３", "緯度": 34.686038, "経度": 135.808082, "url": "https://www.iryou.teikyouseido.mhlw.go.jp/znk-web/juminkanja/S2430/initialize?prefCd=29&kikanCd=2013100000&kikanKbn=2", "url2": null, "内容": "医療法人　柏井クリニック【2:診療所】【診療科目:人工透析内科_泌尿器科】奈良県奈良市芝辻町４－１３－３" }, "geometry": { "type": "Point", "coordinates": [ 135.808082, 34.686038 ] } },
{ "type": "Feature", "properties": { "ID": 2922013200000, "正式名称": "なら新大宮クリニック", "機関区分": 2, "都道府県コード": 29, "市区町村コード": 201, "所在地": "奈良県奈良市芝辻町４－２－２新大宮伝宝ビル６Ｆ", "緯度": 34.686621, "経度": 135.811804, "url": "https://www.iryou.teikyouseido.mhlw.go.jp/znk-web/juminkanja/S2430/initialize?prefCd=29&kikanCd=2013200000&kikanKbn=2", "url2": "http://narasinoomiyaclinic.sumomo.ne.jp", "内容": "なら新大宮クリニック【2:診療所】【診療科目:精神科_心療内科】奈良県奈良市芝辻町４－２－２新大宮伝宝ビル６Ｆ" }, "geometry": { "type": "Point", "coordinates": [ 135.811804, 34.686621 ] } },
{ "type": "Feature", "properties": { "ID": 2922013400000, "正式名称": "社会医療法人健生会新大宮診療所", "機関区分": 2, "都道府県コード": 29, "市区町村コード": 201, "所在地": "奈良県奈良市芝辻町４丁目７番２", "緯度": 34.686177, "経度": 135.809915, "url": "https://www.iryou.teikyouseido.mhlw.go.jp/znk-web/juminkanja/S2430/initialize?prefCd=29&kikanCd=2013400000&kikanKbn=2", "url2": "https://okatani.or.jp/shinomiya", "内容": "社会医療法人健生会新大宮診療所【2:診療所】【診療科目:内科_精神科_心療内科_放射線科】奈良県奈良市芝辻町４丁目７番２" }, "geometry": { "type": "Point", "coordinates": [ 135.809915, 34.686177 ] } },
{ "type": "Feature", "properties": { "ID": 2922013500000, "正式名称": "くめ耳鼻咽喉科", "機関区分": 2, "都道府県コード": 29, "市区町村コード": 201, "所在地": "奈良県奈良市朱雀１－５－１５", "緯度": 34.713035, "経度": 135.797554, "url": "https://www.iryou.teikyouseido.mhlw.go.jp/znk-web/juminkanja/S2430/initialize?prefCd=29&kikanCd=2013500000&kikanKbn=2", "url2": null, "内容": "くめ耳鼻咽喉科【2:診療所】【診療科目:耳鼻いんこう科】奈良県奈良市朱雀１－５－１５" }, "geometry": { "type": "Point", "coordinates": [ 135.797554, 34.713035 ] } },
{ "type": "Feature", "properties": { "ID": 2922013700000, "正式名称": "医療法人　平城診療所", "機関区分": 2, "都道府県コード": 29, "市区町村コード": 201, "所在地": "奈良県奈良市朱雀３丁目８番地の２", "緯度": 34.722423, "経度": 135.794248, "url": "https://www.iryou.teikyouseido.mhlw.go.jp/znk-web/juminkanja/S2430/initialize?prefCd=29&kikanCd=2013700000&kikanKbn=2", "url2": null, "内容": "医療法人　平城診療所【2:診療所】【診療科目:内科_小児科_皮膚科】奈良県奈良市朱雀３丁目８番地の２" }, "geometry": { "type": "Point", "coordinates": [ 135.794248, 34.722423 ] } },
{ "type": "Feature", "properties": { "ID": 2922013800000, "正式名称": "清水内科医院", "機関区分": 2, "都道府県コード": 29, "市区町村コード": 201, "所在地": "奈良県奈良市朱雀４－１－２６", "緯度": 34.718312, "経度": 135.803053, "url": "https://www.iryou.teikyouseido.mhlw.go.jp/znk-web/juminkanja/S2430/initialize?prefCd=29&kikanCd=2013800000&kikanKbn=2", "url2": "http://www.nara-shimizu.com", "内容": "清水内科医院【2:診療所】【診療科目:内科_消化器内科】奈良県奈良市朱雀４－１－２６" }, "geometry": { "type": "Point", "coordinates": [ 135.803053, 34.718312 ] } },
{ "type": "Feature", "properties": { "ID": 2922014200000, "正式名称": "医療法人　若草会　奥中整形外科", "機関区分": 2, "都道府県コード": 29, "市区町村コード": 201, "所在地": "奈良県奈良市朱雀６丁目２０－１　医療ビル１０１号", "緯度": 34.713452, "経度": 135.800303, "url": "https://www.iryou.teikyouseido.mhlw.go.jp/znk-web/juminkanja/S2430/initialize?prefCd=29&kikanCd=2014200000&kikanKbn=2", "url2": null, "内容": "医療法人　若草会　奥中整形外科【2:診療所】【診療科目:外科_整形外科】奈良県奈良市朱雀６丁目２０－１　医療ビル１０１号" }, "geometry": { "type": "Point", "coordinates": [ 135.800303, 34.713452 ] } },
{ "type": "Feature", "properties": { "ID": 2922014300000, "正式名称": "医）ＧｒｅｅｎＷａｋｅ　中野司朗レディースクリニック", "機関区分": 2, "都道府県コード": 29, "市区町村コード": 201, "所在地": "奈良県奈良市北登美ケ丘５丁目２－１", "緯度": 34.724394, "経度": 135.764306, "url": "https://www.iryou.teikyouseido.mhlw.go.jp/znk-web/juminkanja/S2430/initialize?prefCd=29&kikanCd=2014300000&kikanKbn=2", "url2": "www.clinica.jp", "内容": "医）ＧｒｅｅｎＷａｋｅ　中野司朗レディースクリニック【2:診療所】【診療科目:脂質代謝内科_女性内科_産婦人科】奈良県奈良市北登美ケ丘５丁目２－１" }, "geometry": { "type": "Point", "coordinates": [ 135.764306, 34.724394 ] } },
{ "type": "Feature", "properties": { "ID": 2922014400000, "正式名称": "植山医院", "機関区分": 2, "都道府県コード": 29, "市区町村コード": 201, "所在地": "奈良県奈良市朱雀五丁目１１－１２", "緯度": 34.719423, "経度": 135.800609, "url": "https://www.iryou.teikyouseido.mhlw.go.jp/znk-web/juminkanja/S2430/initialize?prefCd=29&kikanCd=2014400000&kikanKbn=2", "url2": null, "内容": "植山医院【2:診療所】【診療科目:内科_循環器内科】奈良県奈良市朱雀五丁目１１－１２" }, "geometry": { "type": "Point", "coordinates": [ 135.800609, 34.719423 ] } },
{ "type": "Feature", "properties": { "ID": 2922014500000, "正式名称": "医療法人　いがらし整形外科", "機関区分": 2, "都道府県コード": 29, "市区町村コード": 201, "所在地": "奈良県奈良市朱雀三丁目１４番地１プロムナーデ高の原２階", "緯度": 34.723423, "経度": 135.793165, "url": "https://www.iryou.teikyouseido.mhlw.go.jp/znk-web/juminkanja/S2430/initialize?prefCd=29&kikanCd=2014500000&kikanKbn=2", "url2": null, "内容": "医療法人　いがらし整形外科【2:診療所】【診療科目:整形外科】奈良県奈良市朱雀三丁目１４番地１プロムナーデ高の原２階" }, "geometry": { "type": "Point", "coordinates": [ 135.793165, 34.723423 ] } },
{ "type": "Feature", "properties": { "ID": 2922014600000, "正式名称": "医療法人まえだ医院", "機関区分": 2, "都道府県コード": 29, "市区町村コード": 201, "所在地": "奈良県奈良市朱雀四丁目１－５", "緯度": 34.718784, "経度": 135.802192, "url": "https://www.iryou.teikyouseido.mhlw.go.jp/znk-web/juminkanja/S2430/initialize?prefCd=29&kikanCd=2014600000&kikanKbn=2", "url2": null, "内容": "医療法人まえだ医院【2:診療所】【診療科目:内科_外科_整形外科_リハビリテーション科】奈良県奈良市朱雀四丁目１－５" }, "geometry": { "type": "Point", "coordinates": [ 135.802192, 34.718784 ] } },
{ "type": "Feature", "properties": { "ID": 2922014700000, "正式名称": "医療法人　健勝会　なかがわ呼吸器科アレルギー科医院なかがわ呼吸器科アレルギー科医院", "機関区分": 2, "都道府県コード": 29, "市区町村コード": 201, "所在地": "奈良県奈良市朱雀５丁目３－８", "緯度": 34.719673, "経度": 135.796637, "url": "https://www.iryou.teikyouseido.mhlw.go.jp/znk-web/juminkanja/S2430/initialize?prefCd=29&kikanCd=2014700000&kikanKbn=2", "url2": null, "内容": "医療法人　健勝会　なかがわ呼吸器科アレルギー科医院なかがわ呼吸器科アレルギー科医院【2:診療所】【診療科目:内科_呼吸器内科_アレルギー疾患内科_アレルギー科】奈良県奈良市朱雀５丁目３－８" }, "geometry": { "type": "Point", "coordinates": [ 135.796637, 34.719673 ] } },
{ "type": "Feature", "properties": { "ID": 2922014800000, "正式名称": "医療法人社団秋篠会　今村糖尿病内科津田外科診療所", "機関区分": 2, "都道府県コード": 29, "市区町村コード": 201, "所在地": "奈良県奈良市秋篠新町２６９－４", "緯度": 34.699675, "経度": 135.778778, "url": "https://www.iryou.teikyouseido.mhlw.go.jp/znk-web/juminkanja/S2430/initialize?prefCd=29&kikanCd=2014800000&kikanKbn=2", "url2": "http://www.imamura-tuda-sinryoujyo2016.com/", "内容": "医療法人社団秋篠会　今村糖尿病内科津田外科診療所【2:診療所】【診療科目:内科_糖尿病内科_外科_消化器外科_肛門外科_整形外科_リハビリテーション科】奈良県奈良市秋篠新町２６９－４" }, "geometry": { "type": "Point", "coordinates": [ 135.778778, 34.699675 ] } },
{ "type": "Feature", "properties": { "ID": 2922015100000, "正式名称": "社会福祉法人　福寿会　平城園診療所", "機関区分": 2, "都道府県コード": 29, "市区町村コード": 201, "所在地": "奈良県奈良市秋篠町１５６７", "緯度": 34.71209, "経度": 135.779194, "url": "https://www.iryou.teikyouseido.mhlw.go.jp/znk-web/juminkanja/S2430/initialize?prefCd=29&kikanCd=2015100000&kikanKbn=2", "url2": "http://heijyouen.jp/", "内容": "社会福祉法人　福寿会　平城園診療所【2:診療所】【診療科目:内科】奈良県奈良市秋篠町１５６７" }, "geometry": { "type": "Point", "coordinates": [ 135.779194, 34.71209 ] } },
{ "type": "Feature", "properties": { "ID": 2922015400000, "正式名称": "佐野内科医院", "機関区分": 2, "都道府県コード": 29, "市区町村コード": 201, "所在地": "奈良県奈良市小西町１０番地", "緯度": 34.683344, "経度": 135.828108, "url": "https://www.iryou.teikyouseido.mhlw.go.jp/znk-web/juminkanja/S2430/initialize?prefCd=29&kikanCd=2015400000&kikanKbn=2", "url2": "sanonaika.com", "内容": "佐野内科医院【2:診療所】【診療科目:内科_呼吸器内科_消化器内科_アレルギー科】奈良県奈良市小西町１０番地" }, "geometry": { "type": "Point", "coordinates": [ 135.828108, 34.683344 ] } },
{ "type": "Feature", "properties": { "ID": 2922015500000, "正式名称": "山脇皮膚科", "機関区分": 2, "都道府県コード": 29, "市区町村コード": 201, "所在地": "奈良県奈良市小西町１１", "緯度": 34.683344, "経度": 135.82808, "url": "https://www.iryou.teikyouseido.mhlw.go.jp/znk-web/juminkanja/S2430/initialize?prefCd=29&kikanCd=2015500000&kikanKbn=2", "url2": null, "内容": "山脇皮膚科【2:診療所】【診療科目:皮膚科】奈良県奈良市小西町１１" }, "geometry": { "type": "Point", "coordinates": [ 135.82808, 34.683344 ] } },
{ "type": "Feature", "properties": { "ID": 2922015600000, "正式名称": "医療法人　俊英会　石崎眼科医院", "機関区分": 2, "都道府県コード": 29, "市区町村コード": 201, "所在地": "奈良県奈良市小西町２１番地の２", "緯度": 34.683511, "経度": 135.82733, "url": "https://www.iryou.teikyouseido.mhlw.go.jp/znk-web/juminkanja/S2430/initialize?prefCd=29&kikanCd=2015600000&kikanKbn=2", "url2": "http://www.ishizakiganka.jp", "内容": "医療法人　俊英会　石崎眼科医院【2:診療所】【診療科目:眼科】奈良県奈良市小西町２１番地の２" }, "geometry": { "type": "Point", "coordinates": [ 135.82733, 34.683511 ] } },
{ "type": "Feature", "properties": { "ID": 2922015700000, "正式名称": "医療法人　楠会　楠原クリニック", "機関区分": 2, "都道府県コード": 29, "市区町村コード": 201, "所在地": "奈良県奈良市小川町４番地", "緯度": 34.680567, "経度": 135.826192, "url": "https://www.iryou.teikyouseido.mhlw.go.jp/znk-web/juminkanja/S2430/initialize?prefCd=29&kikanCd=2015700000&kikanKbn=2", "url2": "http://www.kusuhara.com", "内容": "医療法人　楠会　楠原クリニック【2:診療所】【診療科目:内科_循環器内科_外科_心臓血管外科】奈良県奈良市小川町４番地" }, "geometry": { "type": "Point", "coordinates": [ 135.826192, 34.680567 ] } },
{ "type": "Feature", "properties": { "ID": 2922016200000, "正式名称": "医療法人　三谷医院", "機関区分": 2, "都道府県コード": 29, "市区町村コード": 201, "所在地": "奈良県奈良市神殿町１７１番地の４", "緯度": 34.662093, "経度": 135.82574, "url": "https://www.iryou.teikyouseido.mhlw.go.jp/znk-web/juminkanja/S2430/initialize?prefCd=29&kikanCd=2016200000&kikanKbn=2", "url2": "www.mitani-clinic.com", "内容": "医療法人　三谷医院【2:診療所】【診療科目:内科_血液内科_糖尿病内科】奈良県奈良市神殿町１７１番地の４" }, "geometry": { "type": "Point", "coordinates": [ 135.82574, 34.662093 ] } },
{ "type": "Feature", "properties": { "ID": 2922016300000, "正式名称": "医療法人　正英会　えいご皮フ科", "機関区分": 2, "都道府県コード": 29, "市区町村コード": 201, "所在地": "奈良県奈良市三条本町１－２ＪＲ奈良駅ＮＫビル３Ｆ", "緯度": 34.663096, "経度": 135.819554, "url": "https://www.iryou.teikyouseido.mhlw.go.jp/znk-web/juminkanja/S2430/initialize?prefCd=29&kikanCd=2016300000&kikanKbn=2", "url2": "http://www.hifuka-eigo.com", "内容": "医療法人　正英会　えいご皮フ科【2:診療所】【診療科目:皮膚科_美容皮膚科_アレルギー科】奈良県奈良市三条本町１－２ＪＲ奈良駅ＮＫビル３Ｆ" }, "geometry": { "type": "Point", "coordinates": [ 135.819554, 34.663096 ] } },
{ "type": "Feature", "properties": { "ID": 2922016400000, "正式名称": "池田眼科", "機関区分": 2, "都道府県コード": 29, "市区町村コード": 201, "所在地": "奈良県奈良市神殿町２９７－２シティコート広芝２階", "緯度": 34.663096, "経度": 135.819554, "url": "https://www.iryou.teikyouseido.mhlw.go.jp/znk-web/juminkanja/S2430/initialize?prefCd=29&kikanCd=2016400000&kikanKbn=2", "url2": null, "内容": "池田眼科【2:診療所】【診療科目:眼科】奈良県奈良市神殿町２９７－２シティコート広芝２階" }, "geometry": { "type": "Point", "coordinates": [ 135.819554, 34.663096 ] } },
{ "type": "Feature", "properties": { "ID": 2922016500000, "正式名称": "医療法人社団　谷掛整形外科診療所", "機関区分": 2, "都道府県コード": 29, "市区町村コード": 201, "所在地": "奈良県奈良市神殿町６４４－１", "緯度": 34.657208, "経度": 135.819221, "url": "https://www.iryou.teikyouseido.mhlw.go.jp/znk-web/juminkanja/S2430/initialize?prefCd=29&kikanCd=2016500000&kikanKbn=2", "url2": "http://www.tanikake.com", "内容": "医療法人社団　谷掛整形外科診療所【2:診療所】【診療科目:内科_脳神経内科_ペインクリニック外科_整形外科_リウマチ科_リハビリテーション科】奈良県奈良市神殿町６４４－１" }, "geometry": { "type": "Point", "coordinates": [ 135.819221, 34.657208 ] } },
{ "type": "Feature", "properties": { "ID": 2922016600000, "正式名称": "医療法人　敬志会　おおやま耳鼻咽喉科", "機関区分": 2, "都道府県コード": 29, "市区町村コード": 201, "所在地": "奈良県奈良市神殿町６９４番１", "緯度": 34.660763, "経度": 135.819471, "url": "https://www.iryou.teikyouseido.mhlw.go.jp/znk-web/juminkanja/S2430/initialize?prefCd=29&kikanCd=2016600000&kikanKbn=2", "url2": "http://www.tsuruhara-jibika.net/", "内容": "医療法人　敬志会　おおやま耳鼻咽喉科【2:診療所】【診療科目:耳鼻いんこう科_アレルギー科】奈良県奈良市神殿町６９４番１" }, "geometry": { "type": "Point", "coordinates": [ 135.819471, 34.660763 ] } },
{ "type": "Feature", "properties": { "ID": 2922016700000, "正式名称": "江川内科消化器科医院", "機関区分": 2, "都道府県コード": 29, "市区町村コード": 201, "所在地": "奈良県奈良市杉ケ町１１－２杉ヶ中町ビル１階", "緯度": 34.678428, "経度": 135.822331, "url": "https://www.iryou.teikyouseido.mhlw.go.jp/znk-web/juminkanja/S2430/initialize?prefCd=29&kikanCd=2016700000&kikanKbn=2", "url2": "https://egawaclinic.com", "内容": "江川内科消化器科医院【2:診療所】【診療科目:内科_呼吸器内科_消化器内科_胃腸内科】奈良県奈良市杉ケ町１１－２杉ヶ中町ビル１階" }, "geometry": { "type": "Point", "coordinates": [ 135.822331, 34.678428 ] } },
{ "type": "Feature", "properties": { "ID": 2922016800000, "正式名称": "中谷皮フ科", "機関区分": 2, "都道府県コード": 29, "市区町村コード": 201, "所在地": "奈良県奈良市杉ケ町１２番地の４", "緯度": 34.677706, "経度": 135.82197, "url": "https://www.iryou.teikyouseido.mhlw.go.jp/znk-web/juminkanja/S2430/initialize?prefCd=29&kikanCd=2016800000&kikanKbn=2", "url2": "http://www.mahoroba.ne.jp/~shuzo/", "内容": "中谷皮フ科【2:診療所】【診療科目:形成外科_皮膚科_アレルギー科】奈良県奈良市杉ケ町１２番地の４" }, "geometry": { "type": "Point", "coordinates": [ 135.82197, 34.677706 ] } },
{ "type": "Feature", "properties": { "ID": 2922016900000, "正式名称": "西大寺セントラルクリニック", "機関区分": 2, "都道府県コード": 29, "市区町村コード": 201, "所在地": "奈良県奈良市菅原東２丁目２０番１３", "緯度": 34.688704, "経度": 135.782445, "url": "https://www.iryou.teikyouseido.mhlw.go.jp/znk-web/juminkanja/S2430/initialize?prefCd=29&kikanCd=2016900000&kikanKbn=2", "url2": null, "内容": "西大寺セントラルクリニック【2:診療所】【診療科目:内科_感染症内科_消化器内科_小児科】奈良県奈良市菅原東２丁目２０番１３" }, "geometry": { "type": "Point", "coordinates": [ 135.782445, 34.688704 ] } },
{ "type": "Feature", "properties": { "ID": 2922017000000, "正式名称": "医療法人西脇医院", "機関区分": 2, "都道府県コード": 29, "市区町村コード": 201, "所在地": "奈良県奈良市菅原町５０６番地７", "緯度": 34.684927, "経度": 135.777862, "url": "https://www.iryou.teikyouseido.mhlw.go.jp/znk-web/juminkanja/S2430/initialize?prefCd=29&kikanCd=2017000000&kikanKbn=2", "url2": "https://www.nara-nishiwaki-iin.com/", "内容": "医療法人西脇医院【2:診療所】【診療科目:内科_感染症内科_血液内科_糖尿病内科_内分泌内科_脂質代謝内科_糖尿病・内分泌内科_老年・呼吸器内科_循環器内科_消化器内科_漢方内科_老年内科_アレルギー疾患内科_総合内科_小児科】奈良県奈良市菅原町５０６番地７" }, "geometry": { "type": "Point", "coordinates": [ 135.777862, 34.684927 ] } },
{ "type": "Feature", "properties": { "ID": 2922017100000, "正式名称": "土谷耳鼻咽喉科", "機関区分": 2, "都道府県コード": 29, "市区町村コード": 201, "所在地": "奈良県奈良市西紀寺町３２－３", "緯度": 34.674012, "経度": 135.833358, "url": "https://www.iryou.teikyouseido.mhlw.go.jp/znk-web/juminkanja/S2430/initialize?prefCd=29&kikanCd=2017100000&kikanKbn=2", "url2": null, "内容": "土谷耳鼻咽喉科【2:診療所】【診療科目:耳鼻いんこう科_アレルギー科】奈良県奈良市西紀寺町３２－３" }, "geometry": { "type": "Point", "coordinates": [ 135.833358, 34.674012 ] } },
{ "type": "Feature", "properties": { "ID": 2922017200000, "正式名称": "吉富クリニック", "機関区分": 2, "都道府県コード": 29, "市区町村コード": 201, "所在地": "奈良県奈良市西御門町２７－１奈良三和東洋ビル５０１", "緯度": 34.683844, "経度": 135.827469, "url": "https://www.iryou.teikyouseido.mhlw.go.jp/znk-web/juminkanja/S2430/initialize?prefCd=29&kikanCd=2017200000&kikanKbn=2", "url2": "https://www.yoshitomi-clinic.jp", "内容": "吉富クリニック【2:診療所】【診療科目:精神科_心療内科】奈良県奈良市西御門町２７－１奈良三和東洋ビル５０１" }, "geometry": { "type": "Point", "coordinates": [ 135.827469, 34.683844 ] } },
{ "type": "Feature", "properties": { "ID": 2922017300000, "正式名称": "金田内科クリニック", "機関区分": 2, "都道府県コード": 29, "市区町村コード": 201, "所在地": "奈良県奈良市西御門町２８北川ビル２階", "緯度": 34.683816, "経度": 135.82733, "url": "https://www.iryou.teikyouseido.mhlw.go.jp/znk-web/juminkanja/S2430/initialize?prefCd=29&kikanCd=2017300000&kikanKbn=2", "url2": "http//www.kanedanaikaclinic.jp", "内容": "金田内科クリニック【2:診療所】【診療科目:内科】奈良県奈良市西御門町２８北川ビル２階" }, "geometry": { "type": "Point", "coordinates": [ 135.82733, 34.683816 ] } },
{ "type": "Feature", "properties": { "ID": 2922017400000, "正式名称": "医療法人　前田医院", "機関区分": 2, "都道府県コード": 29, "市区町村コード": 201, "所在地": "奈良県奈良市西新在家町２番地の６", "緯度": 34.688566, "経度": 135.82583, "url": "https://www.iryou.teikyouseido.mhlw.go.jp/znk-web/juminkanja/S2430/initialize?prefCd=29&kikanCd=2017400000&kikanKbn=2", "url2": null, "内容": "医療法人　前田医院【2:診療所】【診療科目:内科_糖尿病内科_循環器内科_消化器内科_乳腺外科_放射線科】奈良県奈良市西新在家町２番地の６" }, "geometry": { "type": "Point", "coordinates": [ 135.82583, 34.688566 ] } },
{ "type": "Feature", "properties": { "ID": 2922017600000, "正式名称": "医療法人　かずさ眼科", "機関区分": 2, "都道府県コード": 29, "市区町村コード": 201, "所在地": "奈良県奈良市西大寺栄町３番２０号ポポロビル２階", "緯度": 34.693842, "経度": 135.785528, "url": "https://www.iryou.teikyouseido.mhlw.go.jp/znk-web/juminkanja/S2430/initialize?prefCd=29&kikanCd=2017600000&kikanKbn=2", "url2": null, "内容": "医療法人　かずさ眼科【2:診療所】【診療科目:眼科】奈良県奈良市西大寺栄町３番２０号ポポロビル２階" }, "geometry": { "type": "Point", "coordinates": [ 135.785528, 34.693842 ] } },
{ "type": "Feature", "properties": { "ID": 2922017700000, "正式名称": "吉田クリニック", "機関区分": 2, "都道府県コード": 29, "市区町村コード": 201, "所在地": "奈良県奈良市西大寺栄町３番２０号ポポロビル５階", "緯度": 34.693842, "経度": 135.785528, "url": "https://www.iryou.teikyouseido.mhlw.go.jp/znk-web/juminkanja/S2430/initialize?prefCd=29&kikanCd=2017700000&kikanKbn=2", "url2": "http://yoshida-clinic-nara.jp/", "内容": "吉田クリニック【2:診療所】【診療科目:精神科_心療内科】奈良県奈良市西大寺栄町３番２０号ポポロビル５階" }, "geometry": { "type": "Point", "coordinates": [ 135.785528, 34.693842 ] } },
{ "type": "Feature", "properties": { "ID": 2922017800000, "正式名称": "いずみクリニック", "機関区分": 2, "都道府県コード": 29, "市区町村コード": 201, "所在地": "奈良県奈良市西大寺国見町１－１西大寺近鉄ビル１階", "緯度": 34.692842, "経度": 135.783611, "url": "https://www.iryou.teikyouseido.mhlw.go.jp/znk-web/juminkanja/S2430/initialize?prefCd=29&kikanCd=2017800000&kikanKbn=2", "url2": "https://nara-izumiclinic.com", "内容": "いずみクリニック【2:診療所】【診療科目:内科_小児科_アレルギー科_放射線科】奈良県奈良市西大寺国見町１－１西大寺近鉄ビル１階" }, "geometry": { "type": "Point", "coordinates": [ 135.783611, 34.692842 ] } },
{ "type": "Feature", "properties": { "ID": 2922017900000, "正式名称": "秦医院", "機関区分": 2, "都道府県コード": 29, "市区町村コード": 201, "所在地": "奈良県奈良市西大寺国見町２－１－１３", "緯度": 34.689148, "経度": 135.784139, "url": "https://www.iryou.teikyouseido.mhlw.go.jp/znk-web/juminkanja/S2430/initialize?prefCd=29&kikanCd=2017900000&kikanKbn=2", "url2": null, "内容": "秦医院【2:診療所】【診療科目:内科_外科_整形外科_小児科】奈良県奈良市西大寺国見町２－１－１３" }, "geometry": { "type": "Point", "coordinates": [ 135.784139, 34.689148 ] } },
{ "type": "Feature", "properties": { "ID": 2922018000000, "正式名称": "門野医院", "機関区分": 2, "都道府県コード": 29, "市区町村コード": 201, "所在地": "奈良県奈良市西大寺国見町２丁目３番地１７", "緯度": 34.688287, "経度": 135.785139, "url": "https://www.iryou.teikyouseido.mhlw.go.jp/znk-web/juminkanja/S2430/initialize?prefCd=29&kikanCd=2018000000&kikanKbn=2", "url2": null, "内容": "門野医院【2:診療所】【診療科目:内科_外科_整形外科_小児科_皮膚科】奈良県奈良市西大寺国見町２丁目３番地１７" }, "geometry": { "type": "Point", "coordinates": [ 135.785139, 34.688287 ] } },
{ "type": "Feature", "properties": { "ID": 2922018100000, "正式名称": "廣瀬メンタルクリニック", "機関区分": 2, "都道府県コード": 29, "市区町村コード": 201, "所在地": "奈良県奈良市西大寺国見町一丁目１番１３５号", "緯度": 34.692315, "経度": 135.783611, "url": "https://www.iryou.teikyouseido.mhlw.go.jp/znk-web/juminkanja/S2430/initialize?prefCd=29&kikanCd=2018100000&kikanKbn=2", "url2": null, "内容": "廣瀬メンタルクリニック【2:診療所】【診療科目:精神科_心療内科】奈良県奈良市西大寺国見町一丁目１番１３５号" }, "geometry": { "type": "Point", "coordinates": [ 135.783611, 34.692315 ] } },
{ "type": "Feature", "properties": { "ID": 2922018200000, "正式名称": "やまね内科クリニック", "機関区分": 2, "都道府県コード": 29, "市区町村コード": 201, "所在地": "奈良県奈良市西大寺新田町１番１２－２号", "緯度": 34.695972, "経度": 135.777753, "url": "https://www.iryou.teikyouseido.mhlw.go.jp/znk-web/juminkanja/S2430/initialize?prefCd=29&kikanCd=2018200000&kikanKbn=2", "url2": "https://www.yamane-cl.com/", "内容": "やまね内科クリニック【2:診療所】【診療科目:内科_消化器内科】奈良県奈良市西大寺新田町１番１２－２号" }, "geometry": { "type": "Point", "coordinates": [ 135.777753, 34.695972 ] } },
{ "type": "Feature", "properties": { "ID": 2922018300000, "正式名称": "入江診療所", "機関区分": 2, "都道府県コード": 29, "市区町村コード": 201, "所在地": "奈良県奈良市西大寺新町１－６－７", "緯度": 34.698259, "経度": 135.782611, "url": "https://www.iryou.teikyouseido.mhlw.go.jp/znk-web/juminkanja/S2430/initialize?prefCd=29&kikanCd=2018300000&kikanKbn=2", "url2": null, "内容": "入江診療所【2:診療所】【診療科目:神経内科_小児科】奈良県奈良市西大寺新町１－６－７" }, "geometry": { "type": "Point", "coordinates": [ 135.782611, 34.698259 ] } },
{ "type": "Feature", "properties": { "ID": 2922018700000, "正式名称": "医療法人平野医院", "機関区分": 2, "都道府県コード": 29, "市区町村コード": 201, "所在地": "奈良県奈良市西大寺東町２－１－５２", "緯度": 34.694453, "経度": 135.784528, "url": "https://www.iryou.teikyouseido.mhlw.go.jp/znk-web/juminkanja/S2430/initialize?prefCd=29&kikanCd=2018700000&kikanKbn=2", "url2": null, "内容": "医療法人平野医院【2:診療所】【診療科目:産科_婦人科】奈良県奈良市西大寺東町２－１－５２" }, "geometry": { "type": "Point", "coordinates": [ 135.784528, 34.694453 ] } },
{ "type": "Feature", "properties": { "ID": 2922018800000, "正式名称": "かなもり耳鼻咽喉科", "機関区分": 2, "都道府県コード": 29, "市区町村コード": 201, "所在地": "奈良県奈良市西大寺東町２－１－６３サンワシティ西大寺３Ｆ", "緯度": 34.69437, "経度": 135.7835, "url": "https://www.iryou.teikyouseido.mhlw.go.jp/znk-web/juminkanja/S2430/initialize?prefCd=29&kikanCd=2018800000&kikanKbn=2", "url2": null, "内容": "かなもり耳鼻咽喉科【2:診療所】【診療科目:耳鼻いんこう科】奈良県奈良市西大寺東町２－１－６３サンワシティ西大寺３Ｆ" }, "geometry": { "type": "Point", "coordinates": [ 135.7835, 34.69437 ] } },
{ "type": "Feature", "properties": { "ID": 2922019000000, "正式名称": "飯田眼科", "機関区分": 2, "都道府県コード": 29, "市区町村コード": 201, "所在地": "奈良県奈良市西大寺東町２丁目１－６３サンワシティ西大寺３階", "緯度": 34.69437, "経度": 135.783472, "url": "https://www.iryou.teikyouseido.mhlw.go.jp/znk-web/juminkanja/S2430/initialize?prefCd=29&kikanCd=2019000000&kikanKbn=2", "url2": "http://www.iida-ganka.jp/pc/", "内容": "飯田眼科【2:診療所】【診療科目:眼科】奈良県奈良市西大寺東町２丁目１－６３サンワシティ西大寺３階" }, "geometry": { "type": "Point", "coordinates": [ 135.783472, 34.69437 ] } },
{ "type": "Feature", "properties": { "ID": 2922019200000, "正式名称": "医療法人中岡内科クリニック", "機関区分": 2, "都道府県コード": 29, "市区町村コード": 201, "所在地": "奈良県奈良市西大寺東町２丁目１番６３号サンワシティー西大寺３Ｆ", "緯度": 34.694315, "経度": 135.7835, "url": "https://www.iryou.teikyouseido.mhlw.go.jp/znk-web/juminkanja/S2430/initialize?prefCd=29&kikanCd=2019200000&kikanKbn=2", "url2": "http://www.cliniccitysaidaiji.com", "内容": "医療法人中岡内科クリニック【2:診療所】【診療科目:内科_消化器内科_小児科_放射線科_病理診断科】奈良県奈良市西大寺東町２丁目１番６３号サンワシティー西大寺３Ｆ" }, "geometry": { "type": "Point", "coordinates": [ 135.7835, 34.694315 ] } },
{ "type": "Feature", "properties": { "ID": 2922019400000, "正式名称": "医療法人授幸会　久永婦人科クリニック", "機関区分": 2, "都道府県コード": 29, "市区町村コード": 201, "所在地": "奈良県奈良市西大寺東町二丁目１番６３号サンワシティ西大寺３階", "緯度": 34.694315, "経度": 135.7835, "url": "https://www.iryou.teikyouseido.mhlw.go.jp/znk-web/juminkanja/S2430/initialize?prefCd=29&kikanCd=2019400000&kikanKbn=2", "url2": "http://www.hisanaga-cl.com", "内容": "医療法人授幸会　久永婦人科クリニック【2:診療所】【診療科目:婦人科】奈良県奈良市西大寺東町二丁目１番６３号サンワシティ西大寺３階" }, "geometry": { "type": "Point", "coordinates": [ 135.7835, 34.694315 ] } },
{ "type": "Feature", "properties": { "ID": 2922019600000, "正式名称": "医療法人植松クリニック", "機関区分": 2, "都道府県コード": 29, "市区町村コード": 201, "所在地": "奈良県奈良市西大寺南町１１番５号", "緯度": 34.691287, "経度": 135.781612, "url": "https://www.iryou.teikyouseido.mhlw.go.jp/znk-web/juminkanja/S2430/initialize?prefCd=29&kikanCd=2019600000&kikanKbn=2", "url2": null, "内容": "医療法人植松クリニック【2:診療所】【診療科目:内科_精神科_心療内科】奈良県奈良市西大寺南町１１番５号" }, "geometry": { "type": "Point", "coordinates": [ 135.781612, 34.691287 ] } },
{ "type": "Feature", "properties": { "ID": 2922019700000, "正式名称": "医療法人北村皮膚科医院", "機関区分": 2, "都道府県コード": 29, "市区町村コード": 201, "所在地": "奈良県奈良市西大寺南町１２番１７号", "緯度": 34.690732, "経度": 135.781278, "url": "https://www.iryou.teikyouseido.mhlw.go.jp/znk-web/juminkanja/S2430/initialize?prefCd=29&kikanCd=2019700000&kikanKbn=2", "url2": null, "内容": "医療法人北村皮膚科医院【2:診療所】【診療科目:皮膚科】奈良県奈良市西大寺南町１２番１７号" }, "geometry": { "type": "Point", "coordinates": [ 135.781278, 34.690732 ] } },
{ "type": "Feature", "properties": { "ID": 2922020200000, "正式名称": "鈴木内科クリニック", "機関区分": 2, "都道府県コード": 29, "市区町村コード": 201, "所在地": "奈良県奈良市西大寺本町５－８", "緯度": 34.695842, "経度": 135.781334, "url": "https://www.iryou.teikyouseido.mhlw.go.jp/znk-web/juminkanja/S2430/initialize?prefCd=29&kikanCd=2020200000&kikanKbn=2", "url2": null, "内容": "鈴木内科クリニック【2:診療所】【診療科目:内科】奈良県奈良市西大寺本町５－８" }, "geometry": { "type": "Point", "coordinates": [ 135.781334, 34.695842 ] } },
{ "type": "Feature", "properties": { "ID": 2922020400000, "正式名称": "みつや皮膚科", "機関区分": 2, "都道府県コード": 29, "市区町村コード": 201, "所在地": "奈良県奈良市西登美ケ丘２－１２－３２", "緯度": 34.717478, "経度": 135.744863, "url": "https://www.iryou.teikyouseido.mhlw.go.jp/znk-web/juminkanja/S2430/initialize?prefCd=29&kikanCd=2020400000&kikanKbn=2", "url2": null, "内容": "みつや皮膚科【2:診療所】【診療科目:内科_皮膚科_アレルギー科】奈良県奈良市西登美ケ丘２－１２－３２" }, "geometry": { "type": "Point", "coordinates": [ 135.744863, 34.717478 ] } },
{ "type": "Feature", "properties": { "ID": 2922020600000, "正式名称": "Ｍキッズクリニック", "機関区分": 2, "都道府県コード": 29, "市区町村コード": 201, "所在地": "奈良県奈良市西登美ケ丘二丁目１１番１２号", "緯度": 34.716811, "経度": 135.744752, "url": "https://www.iryou.teikyouseido.mhlw.go.jp/znk-web/juminkanja/S2430/initialize?prefCd=29&kikanCd=2020600000&kikanKbn=2", "url2": "m-kids-clinic.com", "内容": "Ｍキッズクリニック【2:診療所】【診療科目:小児科】奈良県奈良市西登美ケ丘二丁目１１番１２号" }, "geometry": { "type": "Point", "coordinates": [ 135.744752, 34.716811 ] } },
{ "type": "Feature", "properties": { "ID": 2922020700000, "正式名称": "医療法人　花本クリニック", "機関区分": 2, "都道府県コード": 29, "市区町村コード": 201, "所在地": "奈良県奈良市西登美ケ丘３ー１８ー３", "緯度": 34.715145, "経度": 135.740364, "url": "https://www.iryou.teikyouseido.mhlw.go.jp/znk-web/juminkanja/S2430/initialize?prefCd=29&kikanCd=2020700000&kikanKbn=2", "url2": null, "内容": "医療法人　花本クリニック【2:診療所】【診療科目:内科_消化器内科_消化器外科】奈良県奈良市西登美ケ丘３ー１８ー３" }, "geometry": { "type": "Point", "coordinates": [ 135.740364, 34.715145 ] } },
{ "type": "Feature", "properties": { "ID": 2922020800000, "正式名称": "稲垣医院", "機関区分": 2, "都道府県コード": 29, "市区町村コード": 201, "所在地": "奈良県奈良市西登美ケ丘４－５－１４", "緯度": 34.716061, "経度": 135.738586, "url": "https://www.iryou.teikyouseido.mhlw.go.jp/znk-web/juminkanja/S2430/initialize?prefCd=29&kikanCd=2020800000&kikanKbn=2", "url2": "http://inagaki-naika.com/", "内容": "稲垣医院【2:診療所】【診療科目:内科_腎臓内科_漢方内科_泌尿器科】奈良県奈良市西登美ケ丘４－５－１４" }, "geometry": { "type": "Point", "coordinates": [ 135.738586, 34.716061 ] } },
{ "type": "Feature", "properties": { "ID": 2922020900000, "正式名称": "医療法人尚学会　ながみクリニック", "機関区分": 2, "都道府県コード": 29, "市区町村コード": 201, "所在地": "奈良県奈良市西登美ケ丘５丁目３の８", "緯度": 34.713478, "経度": 135.738197, "url": "https://www.iryou.teikyouseido.mhlw.go.jp/znk-web/juminkanja/S2430/initialize?prefCd=29&kikanCd=2020900000&kikanKbn=2", "url2": "https://www.nagami-cclinic.com", "内容": "医療法人尚学会　ながみクリニック【2:診療所】【診療科目:内科_神経内科_リハビリテーション科】奈良県奈良市西登美ケ丘５丁目３の８" }, "geometry": { "type": "Point", "coordinates": [ 135.738197, 34.713478 ] } },
{ "type": "Feature", "properties": { "ID": 2922021100000, "正式名称": "医療法人慈生会　岡村産婦人科", "機関区分": 2, "都道府県コード": 29, "市区町村コード": 201, "所在地": "奈良県奈良市西木辻町３０番地の１０", "緯度": 34.675095, "経度": 135.822137, "url": "https://www.iryou.teikyouseido.mhlw.go.jp/znk-web/juminkanja/S2430/initialize?prefCd=29&kikanCd=2021100000&kikanKbn=2", "url2": "https://www.okamura-cl.com/", "内容": "医療法人慈生会　岡村産婦人科【2:診療所】【診療科目:内科_小児科_産婦人科】奈良県奈良市西木辻町３０番地の１０" }, "geometry": { "type": "Point", "coordinates": [ 135.822137, 34.675095 ] } },
{ "type": "Feature", "properties": { "ID": 2922021400000, "正式名称": "きよ女性クリニック", "機関区分": 2, "都道府県コード": 29, "市区町村コード": 201, "所在地": "奈良県奈良市石木町５０番１", "緯度": 34.670733, "経度": 135.760198, "url": "https://www.iryou.teikyouseido.mhlw.go.jp/znk-web/juminkanja/S2430/initialize?prefCd=29&kikanCd=2021400000&kikanKbn=2", "url2": "http://www.kiyo-clinic.com", "内容": "きよ女性クリニック【2:診療所】【診療科目:内科_産婦人科_産科_病理診断科】奈良県奈良市石木町５０番１" }, "geometry": { "type": "Point", "coordinates": [ 135.760198, 34.670733 ] } },
{ "type": "Feature", "properties": { "ID": 2922021700000, "正式名称": "医療法人　高浜医院", "機関区分": 2, "都道府県コード": 29, "市区町村コード": 201, "所在地": "奈良県奈良市千代ケ丘二丁目１番地３１", "緯度": 34.682593, "経度": 135.745893, "url": "https://www.iryou.teikyouseido.mhlw.go.jp/znk-web/juminkanja/S2430/initialize?prefCd=29&kikanCd=2021700000&kikanKbn=2", "url2": null, "内容": "医療法人　高浜医院【2:診療所】【診療科目:内科_外科_リハビリテーション科】奈良県奈良市千代ケ丘二丁目１番地３１" }, "geometry": { "type": "Point", "coordinates": [ 135.745893, 34.682593 ] } },
{ "type": "Feature", "properties": { "ID": 2922021800000, "正式名称": "尾崎二郎整形外科東大寺前", "機関区分": 2, "都道府県コード": 29, "市区町村コード": 201, "所在地": "奈良県奈良市川久保町１９番１", "緯度": 34.689233, "経度": 135.833996, "url": "https://www.iryou.teikyouseido.mhlw.go.jp/znk-web/juminkanja/S2430/initialize?prefCd=29&kikanCd=2021800000&kikanKbn=2", "url2": null, "内容": "尾崎二郎整形外科東大寺前【2:診療所】【診療科目:内科_整形外科_リハビリテーション科】奈良県奈良市川久保町１９番１" }, "geometry": { "type": "Point", "coordinates": [ 135.833996, 34.689233 ] } },
{ "type": "Feature", "properties": { "ID": 2922022100000, "正式名称": "大和診療所", "機関区分": 2, "都道府県コード": 29, "市区町村コード": 201, "所在地": "奈良県奈良市大宮町２－６－９", "緯度": 34.683816, "経度": 135.816553, "url": "https://www.iryou.teikyouseido.mhlw.go.jp/znk-web/juminkanja/S2430/initialize?prefCd=29&kikanCd=2022100000&kikanKbn=2", "url2": null, "内容": "大和診療所【2:診療所】【診療科目:内科_リハビリテーション科】奈良県奈良市大宮町２－６－９" }, "geometry": { "type": "Point", "coordinates": [ 135.816553, 34.683816 ] } },
{ "type": "Feature", "properties": { "ID": 2922022200000, "正式名称": "新大宮眼科", "機関区分": 2, "都道府県コード": 29, "市区町村コード": 201, "所在地": "奈良県奈良市大宮町３－５－３０", "緯度": 34.68409, "経度": 135.8123, "url": "https://www.iryou.teikyouseido.mhlw.go.jp/znk-web/juminkanja/S2430/initialize?prefCd=29&kikanCd=2022200000&kikanKbn=2", "url2": "nara-eyeclinic.com", "内容": "新大宮眼科【2:診療所】【診療科目:眼科】奈良県奈良市大宮町３－５－３０" }, "geometry": { "type": "Point", "coordinates": [ 135.8123, 34.68409 ] } },
{ "type": "Feature", "properties": { "ID": 2922022300000, "正式名称": "医療法人　中井医院", "機関区分": 2, "都道府県コード": 29, "市区町村コード": 201, "所在地": "奈良県奈良市大宮町３丁目４番３３号", "緯度": 34.684205, "経度": 135.814387, "url": "https://www.iryou.teikyouseido.mhlw.go.jp/znk-web/juminkanja/S2430/initialize?prefCd=29&kikanCd=2022300000&kikanKbn=2", "url2": "http://www.nakai-iin.jp/", "内容": "医療法人　中井医院【2:診療所】【診療科目:内科_循環器内科】奈良県奈良市大宮町３丁目４番３３号" }, "geometry": { "type": "Point", "coordinates": [ 135.814387, 34.684205 ] } },
{ "type": "Feature", "properties": { "ID": 2922022600000, "正式名称": "かづきクリニック", "機関区分": 2, "都道府県コード": 29, "市区町村コード": 201, "所在地": "奈良県奈良市大宮町５－１－１０－１", "緯度": 34.684649, "経度": 135.816692, "url": "https://www.iryou.teikyouseido.mhlw.go.jp/znk-web/juminkanja/S2430/initialize?prefCd=29&kikanCd=2022600000&kikanKbn=2", "url2": "http://www1.kcn.ne.jp/~kazuki-s/", "内容": "かづきクリニック【2:診療所】【診療科目:内科_脳神経外科_整形外科_リハビリテーション科】奈良県奈良市大宮町５－１－１０－１" }, "geometry": { "type": "Point", "coordinates": [ 135.816692, 34.684649 ] } },
{ "type": "Feature", "properties": { "ID": 2922022800000, "正式名称": "医療法人　吉本医院", "機関区分": 2, "都道府県コード": 29, "市区町村コード": 201, "所在地": "奈良県奈良市大宮町６－５－５", "緯度": 34.685066, "経度": 135.807999, "url": "https://www.iryou.teikyouseido.mhlw.go.jp/znk-web/juminkanja/S2430/initialize?prefCd=29&kikanCd=2022800000&kikanKbn=2", "url2": "http://www.yoshimotoiin.net", "内容": "医療法人　吉本医院【2:診療所】【診療科目:内科_糖尿病内科_循環器内科_腎臓内科】奈良県奈良市大宮町６－５－５" }, "geometry": { "type": "Point", "coordinates": [ 135.807999, 34.685066 ] } },
{ "type": "Feature", "properties": { "ID": 2922023000000, "正式名称": "医療法人明盛会　大橋耳鼻咽喉科", "機関区分": 2, "都道府県コード": 29, "市区町村コード": 201, "所在地": "奈良県奈良市三条本町１番８５号", "緯度": 34.678289, "経度": 135.816859, "url": "https://www.iryou.teikyouseido.mhlw.go.jp/znk-web/juminkanja/S2430/initialize?prefCd=29&kikanCd=2023000000&kikanKbn=2", "url2": null, "内容": "医療法人明盛会　大橋耳鼻咽喉科【2:診療所】【診療科目:耳鼻いんこう科_頭頸部・耳鼻いんこう科_アレルギー科】奈良県奈良市三条本町１番８５号" }, "geometry": { "type": "Point", "coordinates": [ 135.816859, 34.678289 ] } },
{ "type": "Feature", "properties": { "ID": 2922023600000, "正式名称": "喜多野診療所", "機関区分": 2, "都道府県コード": 29, "市区町村コード": 201, "所在地": "奈良県奈良市中筋町１５", "緯度": 34.685122, "経度": 135.827914, "url": "https://www.iryou.teikyouseido.mhlw.go.jp/znk-web/juminkanja/S2430/initialize?prefCd=29&kikanCd=2023600000&kikanKbn=2", "url2": null, "内容": "喜多野診療所【2:診療所】【診療科目:内科_外科_皮膚科_リハビリテーション科】奈良県奈良市中筋町１５" }, "geometry": { "type": "Point", "coordinates": [ 135.827914, 34.685122 ] } },
{ "type": "Feature", "properties": { "ID": 2922023700000, "正式名称": "喜多野医院", "機関区分": 2, "都道府県コード": 29, "市区町村コード": 201, "所在地": "奈良県奈良市中筋町２６", "緯度": 34.6854, "経度": 135.827664, "url": "https://www.iryou.teikyouseido.mhlw.go.jp/znk-web/juminkanja/S2430/initialize?prefCd=29&kikanCd=2023700000&kikanKbn=2", "url2": null, "内容": "喜多野医院【2:診療所】【診療科目:内科_耳鼻いんこう科_アレルギー科】奈良県奈良市中筋町２６" }, "geometry": { "type": "Point", "coordinates": [ 135.827664, 34.6854 ] } },
{ "type": "Feature", "properties": { "ID": 2922023900000, "正式名称": "安田医院", "機関区分": 2, "都道府県コード": 29, "市区町村コード": 201, "所在地": "奈良県奈良市中山町西２－１０５２－５０", "緯度": 34.712562, "経度": 135.759279, "url": "https://www.iryou.teikyouseido.mhlw.go.jp/znk-web/juminkanja/S2430/initialize?prefCd=29&kikanCd=2023900000&kikanKbn=2", "url2": null, "内容": "安田医院【2:診療所】【診療科目:内科】奈良県奈良市中山町西２－１０５２－５０" }, "geometry": { "type": "Point", "coordinates": [ 135.759279, 34.712562 ] } },
{ "type": "Feature", "properties": { "ID": 2922024000000, "正式名称": "小山医院", "機関区分": 2, "都道府県コード": 29, "市区町村コード": 201, "所在地": "奈良県奈良市中山町西３－４４４－１", "緯度": 34.71059, "経度": 135.759057, "url": "https://www.iryou.teikyouseido.mhlw.go.jp/znk-web/juminkanja/S2430/initialize?prefCd=29&kikanCd=2024000000&kikanKbn=2", "url2": "http://www.nara-koyama.jp/", "内容": "小山医院【2:診療所】【診療科目:内科】奈良県奈良市中山町西３－４４４－１" }, "geometry": { "type": "Point", "coordinates": [ 135.759057, 34.71059 ] } },
{ "type": "Feature", "properties": { "ID": 2922024100000, "正式名称": "ほおのき皮フ科", "機関区分": 2, "都道府県コード": 29, "市区町村コード": 201, "所在地": "奈良県奈良市中山町西４－４５６－１ＴＳビル２階", "緯度": 34.710562, "経度": 135.758168, "url": "https://www.iryou.teikyouseido.mhlw.go.jp/znk-web/juminkanja/S2430/initialize?prefCd=29&kikanCd=2024100000&kikanKbn=2", "url2": "honoki.com", "内容": "ほおのき皮フ科【2:診療所】【診療科目:皮膚科】奈良県奈良市中山町西４－４５６－１ＴＳビル２階" }, "geometry": { "type": "Point", "coordinates": [ 135.758168, 34.710562 ] } },
{ "type": "Feature", "properties": { "ID": 2922024200000, "正式名称": "なかた整形外科", "機関区分": 2, "都道府県コード": 29, "市区町村コード": 201, "所在地": "奈良県奈良市中山町西４丁目４５６－１ＴＳビル１０１", "緯度": 34.710875, "経度": 135.758585, "url": "https://www.iryou.teikyouseido.mhlw.go.jp/znk-web/juminkanja/S2430/initialize?prefCd=29&kikanCd=2024200000&kikanKbn=2", "url2": null, "内容": "なかた整形外科【2:診療所】【診療科目:整形外科】奈良県奈良市中山町西４丁目４５６－１ＴＳビル１０１" }, "geometry": { "type": "Point", "coordinates": [ 135.758585, 34.710875 ] } },
{ "type": "Feature", "properties": { "ID": 2922024400000, "正式名称": "医療法人向陽会　河原医院", "機関区分": 2, "都道府県コード": 29, "市区町村コード": 201, "所在地": "奈良県奈良市中登美ケ丘２丁目１９８１番地１０５", "緯度": 34.720256, "経度": 135.75164, "url": "https://www.iryou.teikyouseido.mhlw.go.jp/znk-web/juminkanja/S2430/initialize?prefCd=29&kikanCd=2024400000&kikanKbn=2", "url2": "http://kawahara.la.coocan.jp", "内容": "医療法人向陽会　河原医院【2:診療所】【診療科目:外科_整形外科_リハビリテーション科】奈良県奈良市中登美ケ丘２丁目１９８１番地１０５" }, "geometry": { "type": "Point", "coordinates": [ 135.75164, 34.720256 ] } },
{ "type": "Feature", "properties": { "ID": 2922024500000, "正式名称": "齋藤医院", "機関区分": 2, "都道府県コード": 29, "市区町村コード": 201, "所在地": "奈良県奈良市中登美ケ丘２丁目１９８４－５８", "緯度": 34.716812, "経度": 135.752029, "url": "https://www.iryou.teikyouseido.mhlw.go.jp/znk-web/juminkanja/S2430/initialize?prefCd=29&kikanCd=2024500000&kikanKbn=2", "url2": "http://homepage2.nifty.com/saitouiin/", "内容": "齋藤医院【2:診療所】【診療科目:内科_小児科】奈良県奈良市中登美ケ丘２丁目１９８４－５８" }, "geometry": { "type": "Point", "coordinates": [ 135.752029, 34.716812 ] } },
{ "type": "Feature", "properties": { "ID": 2922024700000, "正式名称": "医療法人　悠彩会", "機関区分": 2, "都道府県コード": 29, "市区町村コード": 201, "所在地": "奈良県奈良市中登美ケ丘６－３－３　リコラス登美ヶ丘Ａ棟３Ｆ", "緯度": 34.726061, "経度": 135.752335, "url": "https://www.iryou.teikyouseido.mhlw.go.jp/znk-web/juminkanja/S2430/initialize?prefCd=29&kikanCd=2024700000&kikanKbn=2", "url2": "http://www.matsuonaika.jp/", "内容": "医療法人　悠彩会【2:診療所】【診療科目:内科_糖尿病・代謝内科_呼吸器内科_循環器内科_消化器内科_肝臓内科_内視鏡内科】奈良県奈良市中登美ケ丘６－３－３　リコラス登美ヶ丘Ａ棟３Ｆ" }, "geometry": { "type": "Point", "coordinates": [ 135.752335, 34.726061 ] } },
{ "type": "Feature", "properties": { "ID": 2922024800000, "正式名称": "嶋田眼科", "機関区分": 2, "都道府県コード": 29, "市区町村コード": 201, "所在地": "奈良県奈良市中登美ケ丘６－３－３　リコラス登美ヶ丘Ａ棟３Ｆ", "緯度": 34.726116, "経度": 135.752335, "url": "https://www.iryou.teikyouseido.mhlw.go.jp/znk-web/juminkanja/S2430/initialize?prefCd=29&kikanCd=2024800000&kikanKbn=2", "url2": "http://www.shimada-eye.com", "内容": "嶋田眼科【2:診療所】【診療科目:眼科】奈良県奈良市中登美ケ丘６－３－３　リコラス登美ヶ丘Ａ棟３Ｆ" }, "geometry": { "type": "Point", "coordinates": [ 135.752335, 34.726116 ] } },
{ "type": "Feature", "properties": { "ID": 2922024900000, "正式名称": "こたけ整形外科", "機関区分": 2, "都道府県コード": 29, "市区町村コード": 201, "所在地": "奈良県奈良市中登美ケ丘６－３－３　リコラス登美ヶ丘Ａ棟３Ｆ", "緯度": 34.726061, "経度": 135.752335, "url": "https://www.iryou.teikyouseido.mhlw.go.jp/znk-web/juminkanja/S2430/initialize?prefCd=29&kikanCd=2024900000&kikanKbn=2", "url2": "http://www.kotakeseikei.com", "内容": "こたけ整形外科【2:診療所】【診療科目:整形外科_リハビリテーション科】奈良県奈良市中登美ケ丘６－３－３　リコラス登美ヶ丘Ａ棟３Ｆ" }, "geometry": { "type": "Point", "coordinates": [ 135.752335, 34.726061 ] } },
{ "type": "Feature", "properties": { "ID": 2922025300000, "正式名称": "医療法人瞭彩会さかもと眼科", "機関区分": 2, "都道府県コード": 29, "市区町村コード": 201, "所在地": "奈良県奈良市中登美ケ丘三丁目２番の１０３", "緯度": 34.721617, "経度": 135.749974, "url": "https://www.iryou.teikyouseido.mhlw.go.jp/znk-web/juminkanja/S2430/initialize?prefCd=29&kikanCd=2025300000&kikanKbn=2", "url2": null, "内容": "医療法人瞭彩会さかもと眼科【2:診療所】【診療科目:眼科】奈良県奈良市中登美ケ丘三丁目２番の１０３" }, "geometry": { "type": "Point", "coordinates": [ 135.749974, 34.721617 ] } },
{ "type": "Feature", "properties": { "ID": 2922025400000, "正式名称": "医療法人春秋会　日吉耳鼻咽喉科クリニック", "機関区分": 2, "都道府県コード": 29, "市区町村コード": 201, "所在地": "奈良県奈良市中登美ケ丘３－２－１０１", "緯度": 34.721856, "経度": 135.749492, "url": "https://www.iryou.teikyouseido.mhlw.go.jp/znk-web/juminkanja/S2430/initialize?prefCd=29&kikanCd=2025400000&kikanKbn=2", "url2": "http://hiyoshi-clinic.com", "内容": "医療法人春秋会　日吉耳鼻咽喉科クリニック【2:診療所】【診療科目:耳鼻いんこう科_気管食道・耳鼻いんこう科_アレルギー科】奈良県奈良市中登美ケ丘３－２－１０１" }, "geometry": { "type": "Point", "coordinates": [ 135.749492, 34.721856 ] } },
{ "type": "Feature", "properties": { "ID": 2922025500000, "正式名称": "医療法人北寿会　登美ヶ丘クリニック", "機関区分": 2, "都道府県コード": 29, "市区町村コード": 201, "所在地": "奈良県奈良市中登美ケ丘四丁目三番", "緯度": 62206541604.0, "経度": 135.74486, "url": "https://www.iryou.teikyouseido.mhlw.go.jp/znk-web/juminkanja/S2430/initialize?prefCd=29&kikanCd=2025500000&kikanKbn=2", "url2": "https://hokujyukai.or.jp/clinic/", "内容": "医療法人北寿会　登美ヶ丘クリニック【2:診療所】【診療科目:内科_小児科_リハビリテーション科】奈良県奈良市中登美ケ丘四丁目三番" }, "geometry": { "type": "Point", "coordinates": [ 135.74486, 62206541604.0 ] } },
{ "type": "Feature", "properties": { "ID": 2922025600000, "正式名称": "医療法人池内皮フ科", "機関区分": 2, "都道府県コード": 29, "市区町村コード": 201, "所在地": "奈良県奈良市中登美ケ丘四丁目３番地アップル学園前１Ｆ", "緯度": 34.721589, "経度": 135.744919, "url": "https://www.iryou.teikyouseido.mhlw.go.jp/znk-web/juminkanja/S2430/initialize?prefCd=29&kikanCd=2025600000&kikanKbn=2", "url2": null, "内容": "医療法人池内皮フ科【2:診療所】【診療科目:皮膚科】奈良県奈良市中登美ケ丘四丁目３番地アップル学園前１Ｆ" }, "geometry": { "type": "Point", "coordinates": [ 135.744919, 34.721589 ] } },
{ "type": "Feature", "properties": { "ID": 2922025700000, "正式名称": "医療法人優美会なかざわ耳鼻咽喉科医院", "機関区分": 2, "都道府県コード": 29, "市区町村コード": 201, "所在地": "奈良県奈良市中登美ケ丘六丁目３番地の３リコラス登美ヶ丘Ａ棟３階", "緯度": 34.725894, "経度": 135.75214, "url": "https://www.iryou.teikyouseido.mhlw.go.jp/znk-web/juminkanja/S2430/initialize?prefCd=29&kikanCd=2025700000&kikanKbn=2", "url2": "http://www.nakazawa-jibika.com/", "内容": "医療法人優美会なかざわ耳鼻咽喉科医院【2:診療所】【診療科目:耳鼻いんこう科】奈良県奈良市中登美ケ丘六丁目３番地の３リコラス登美ヶ丘Ａ棟３階" }, "geometry": { "type": "Point", "coordinates": [ 135.75214, 34.725894 ] } },
{ "type": "Feature", "properties": { "ID": 2922025800000, "正式名称": "医療法人鈴懸　岩佐クリニック", "機関区分": 2, "都道府県コード": 29, "市区町村コード": 201, "所在地": "奈良県奈良市朝日町一丁目３番地１", "緯度": 34.707035, "経度": 135.760029, "url": "https://www.iryou.teikyouseido.mhlw.go.jp/znk-web/juminkanja/S2430/initialize?prefCd=29&kikanCd=2025800000&kikanKbn=2", "url2": null, "内容": "医療法人鈴懸　岩佐クリニック【2:診療所】【診療科目:内科_外科_リハビリテーション科】奈良県奈良市朝日町一丁目３番地１" }, "geometry": { "type": "Point", "coordinates": [ 135.760029, 34.707035 ] } },
{ "type": "Feature", "properties": { "ID": 2922025900000, "正式名称": "医療法人善真会山田胃腸科・肛門科", "機関区分": 2, "都道府県コード": 29, "市区町村コード": 201, "所在地": "奈良県奈良市鳥見町１丁目１－１", "緯度": 34.692425, "経度": 135.732921, "url": "https://www.iryou.teikyouseido.mhlw.go.jp/znk-web/juminkanja/S2430/initialize?prefCd=29&kikanCd=2025900000&kikanKbn=2", "url2": "http://yamadaichou.com", "内容": "医療法人善真会山田胃腸科・肛門科【2:診療所】【診療科目:胃腸内科_外科_肛門外科_形成外科_皮膚科_美容皮膚科_リハビリテーション科】奈良県奈良市鳥見町１丁目１－１" }, "geometry": { "type": "Point", "coordinates": [ 135.732921, 34.692425 ] } },
{ "type": "Feature", "properties": { "ID": 2922026000000, "正式名称": "折橋診療所", "機関区分": 2, "都道府県コード": 29, "市区町村コード": 201, "所在地": "奈良県奈良市鳥見町３－１１－１富雄団地５６－１０２", "緯度": 34.694036, "経度": 135.724949, "url": "https://www.iryou.teikyouseido.mhlw.go.jp/znk-web/juminkanja/S2430/initialize?prefCd=29&kikanCd=2026000000&kikanKbn=2", "url2": "https://www.orihashi-shinryosyo.com/", "内容": "折橋診療所【2:診療所】【診療科目:内科_小児科】奈良県奈良市鳥見町３－１１－１富雄団地５６－１０２" }, "geometry": { "type": "Point", "coordinates": [ 135.724949, 34.694036 ] } },
{ "type": "Feature", "properties": { "ID": 2922026100000, "正式名称": "医療法人永野会　永野クリニック", "機関区分": 2, "都道府県コード": 29, "市区町村コード": 201, "所在地": "奈良県奈良市鳥見町二丁目１１番地の８", "緯度": 34.689147, "経度": 135.726116, "url": "https://www.iryou.teikyouseido.mhlw.go.jp/znk-web/juminkanja/S2430/initialize?prefCd=29&kikanCd=2026100000&kikanKbn=2", "url2": "http://www.clinic-nagano.com/", "内容": "医療法人永野会　永野クリニック【2:診療所】【診療科目:内科_消化器内科_リハビリテーション科_放射線科】奈良県奈良市鳥見町二丁目１１番地の８" }, "geometry": { "type": "Point", "coordinates": [ 135.726116, 34.689147 ] } },
{ "type": "Feature", "properties": { "ID": 2922026200000, "正式名称": "医療法人竹村内科医院", "機関区分": 2, "都道府県コード": 29, "市区町村コード": 201, "所在地": "奈良県奈良市椿井町３３番地", "緯度": 34.680845, "経度": 135.828719, "url": "https://www.iryou.teikyouseido.mhlw.go.jp/znk-web/juminkanja/S2430/initialize?prefCd=29&kikanCd=2026200000&kikanKbn=2", "url2": null, "内容": "医療法人竹村内科医院【2:診療所】【診療科目:内科_糖尿病内科_呼吸器内科_循環器内科_消化器内科_小児科】奈良県奈良市椿井町３３番地" }, "geometry": { "type": "Point", "coordinates": [ 135.828719, 34.680845 ] } },
{ "type": "Feature", "properties": { "ID": 2922026300000, "正式名称": "医療法人中島クリニック", "機関区分": 2, "都道府県コード": 29, "市区町村コード": 201, "所在地": "奈良県奈良市鶴舞東町２番１１号松下興産ビル１階", "緯度": 34.707896, "経度": 135.750419, "url": "https://www.iryou.teikyouseido.mhlw.go.jp/znk-web/juminkanja/S2430/initialize?prefCd=29&kikanCd=2026300000&kikanKbn=2", "url2": "http://web1.kcn.jp/njclinic/index.html", "内容": "医療法人中島クリニック【2:診療所】【診療科目:内科_放射線科】奈良県奈良市鶴舞東町２番１１号松下興産ビル１階" }, "geometry": { "type": "Point", "coordinates": [ 135.750419, 34.707896 ] } },
{ "type": "Feature", "properties": { "ID": 2922026400000, "正式名称": "医療法人　福原眼科", "機関区分": 2, "都道府県コード": 29, "市区町村コード": 201, "所在地": "奈良県奈良市鶴舞東町２番１３号", "緯度": 34.708229, "経度": 135.750586, "url": "https://www.iryou.teikyouseido.mhlw.go.jp/znk-web/juminkanja/S2430/initialize?prefCd=29&kikanCd=2026400000&kikanKbn=2", "url2": null, "内容": "医療法人　福原眼科【2:診療所】【診療科目:眼科】奈良県奈良市鶴舞東町２番１３号" }, "geometry": { "type": "Point", "coordinates": [ 135.750586, 34.708229 ] } },
{ "type": "Feature", "properties": { "ID": 2922026500000, "正式名称": "登美ヶ丘皮膚科", "機関区分": 2, "都道府県コード": 29, "市区町村コード": 201, "所在地": "奈良県奈良市鶴舞東町２番１３号学園前ヴィブ１０７号", "緯度": 34.708229, "経度": 135.750586, "url": "https://www.iryou.teikyouseido.mhlw.go.jp/znk-web/juminkanja/S2430/initialize?prefCd=29&kikanCd=2026500000&kikanKbn=2", "url2": null, "内容": "登美ヶ丘皮膚科【2:診療所】【診療科目:皮膚科】奈良県奈良市鶴舞東町２番１３号学園前ヴィブ１０７号" }, "geometry": { "type": "Point", "coordinates": [ 135.750586, 34.708229 ] } },
{ "type": "Feature", "properties": { "ID": 2922026600000, "正式名称": "医療法人おがわ小児科診療所", "機関区分": 2, "都道府県コード": 29, "市区町村コード": 201, "所在地": "奈良県奈良市鶴舞東町２番２６号", "緯度": 34.708007, "経度": 135.752085, "url": "https://www.iryou.teikyouseido.mhlw.go.jp/znk-web/juminkanja/S2430/initialize?prefCd=29&kikanCd=2026600000&kikanKbn=2", "url2": "https://opcl.atat.jp/i/f.php", "内容": "医療法人おがわ小児科診療所【2:診療所】【診療科目:小児科】奈良県奈良市鶴舞東町２番２６号" }, "geometry": { "type": "Point", "coordinates": [ 135.752085, 34.708007 ] } },
{ "type": "Feature", "properties": { "ID": 2922026700000, "正式名称": "医療法人帝塚山クリニック", "機関区分": 2, "都道府県コード": 29, "市区町村コード": 201, "所在地": "奈良県奈良市帝塚山一丁目１番３３号ツインコート１０１号", "緯度": 34.685037, "経度": 135.734032, "url": "https://www.iryou.teikyouseido.mhlw.go.jp/znk-web/juminkanja/S2430/initialize?prefCd=29&kikanCd=2026700000&kikanKbn=2", "url2": "https://tezukayamaclinic.com/", "内容": "医療法人帝塚山クリニック【2:診療所】【診療科目:内科_循環器内科_消化器内科】奈良県奈良市帝塚山一丁目１番３３号ツインコート１０１号" }, "geometry": { "type": "Point", "coordinates": [ 135.734032, 34.685037 ] } },
{ "type": "Feature", "properties": { "ID": 2922026800000, "正式名称": "あすかホームクリニック", "機関区分": 2, "都道府県コード": 29, "市区町村コード": 201, "所在地": "奈良県奈良市帝塚山二丁目２１番２１号", "緯度": 34.685426, "経度": 135.731477, "url": "https://www.iryou.teikyouseido.mhlw.go.jp/znk-web/juminkanja/S2430/initialize?prefCd=29&kikanCd=2026800000&kikanKbn=2", "url2": "https://asukakai.or.jp/", "内容": "あすかホームクリニック【2:診療所】【診療科目:内科_ペインクリニック内科_リハビリテーション科】奈良県奈良市帝塚山二丁目２１番２１号" }, "geometry": { "type": "Point", "coordinates": [ 135.731477, 34.685426 ] } },
{ "type": "Feature", "properties": { "ID": 2922027300000, "正式名称": "ファミリークリニック戸田", "機関区分": 2, "都道府県コード": 29, "市区町村コード": 201, "所在地": "奈良県奈良市登美ケ丘１－１－１３", "緯度": 34.706924, "経度": 135.749641, "url": "https://www.iryou.teikyouseido.mhlw.go.jp/znk-web/juminkanja/S2430/initialize?prefCd=29&kikanCd=2027300000&kikanKbn=2", "url2": null, "内容": "ファミリークリニック戸田【2:診療所】【診療科目:内科_消化器内科_リハビリテーション科】奈良県奈良市登美ケ丘１－１－１３" }, "geometry": { "type": "Point", "coordinates": [ 135.749641, 34.706924 ] } },
{ "type": "Feature", "properties": { "ID": 2922027500000, "正式名称": "松下クリニック", "機関区分": 2, "都道府県コード": 29, "市区町村コード": 201, "所在地": "奈良県奈良市登美ケ丘２－５－２１", "緯度": 34.713201, "経度": 135.748224, "url": "https://www.iryou.teikyouseido.mhlw.go.jp/znk-web/juminkanja/S2430/initialize?prefCd=29&kikanCd=2027500000&kikanKbn=2", "url2": "matclnc.com", "内容": "松下クリニック【2:診療所】【診療科目:内科】奈良県奈良市登美ケ丘２－５－２１" }, "geometry": { "type": "Point", "coordinates": [ 135.748224, 34.713201 ] } },
{ "type": "Feature", "properties": { "ID": 2922028000000, "正式名称": "医療法人　有山整形外科", "機関区分": 2, "都道府県コード": 29, "市区町村コード": 201, "所在地": "奈良県奈良市登美ケ丘５－１－１", "緯度": 34.715728, "経度": 135.752113, "url": "https://www.iryou.teikyouseido.mhlw.go.jp/znk-web/juminkanja/S2430/initialize?prefCd=29&kikanCd=2028000000&kikanKbn=2", "url2": "http://www3.kcn.ne.jp/~ariyama-/", "内容": "医療法人　有山整形外科【2:診療所】【診療科目:外科_整形外科_リウマチ科_リハビリテーション科】奈良県奈良市登美ケ丘５－１－１" }, "geometry": { "type": "Point", "coordinates": [ 135.752113, 34.715728 ] } },
{ "type": "Feature", "properties": { "ID": 2922028100000, "正式名称": "藤岡医院", "機関区分": 2, "都道府県コード": 29, "市区町村コード": 201, "所在地": "奈良県奈良市登美ケ丘三丁目１４－５", "緯度": 34.713617, "経度": 135.745697, "url": "https://www.iryou.teikyouseido.mhlw.go.jp/znk-web/juminkanja/S2430/initialize?prefCd=29&kikanCd=2028100000&kikanKbn=2", "url2": null, "内容": "藤岡医院【2:診療所】【診療科目:内科_眼科】奈良県奈良市登美ケ丘三丁目１４－５" }, "geometry": { "type": "Point", "coordinates": [ 135.745697, 34.713617 ] } },
{ "type": "Feature", "properties": { "ID": 2922028300000, "正式名称": "奈良市立都祁診療所", "機関区分": 2, "都道府県コード": 29, "市区町村コード": 201, "所在地": "奈良県奈良市都祁白石町１０８４番地", "緯度": 34.603883, "経度": 135.957268, "url": "https://www.iryou.teikyouseido.mhlw.go.jp/znk-web/juminkanja/S2430/initialize?prefCd=29&kikanCd=2028300000&kikanKbn=2", "url2": "https://tsuge.jadecom.or.jp/", "内容": "奈良市立都祁診療所【2:診療所】【診療科目:内科_整形外科_眼科】奈良県奈良市都祁白石町１０８４番地" }, "geometry": { "type": "Point", "coordinates": [ 135.957268, 34.603883 ] } },
{ "type": "Feature", "properties": { "ID": 2922028400000, "正式名称": "医療法人西脇クリニック", "機関区分": 2, "都道府県コード": 29, "市区町村コード": 201, "所在地": "奈良県奈良市東紀寺町２丁目７番１３号", "緯度": 34.671957, "経度": 135.839608, "url": "https://www.iryou.teikyouseido.mhlw.go.jp/znk-web/juminkanja/S2430/initialize?prefCd=29&kikanCd=2028400000&kikanKbn=2", "url2": "https://www.nishiwaki-clinic.jp", "内容": "医療法人西脇クリニック【2:診療所】【診療科目:内科_消化器内科_胃腸内科_外科_肛門外科_整形外科】奈良県奈良市東紀寺町２丁目７番１３号" }, "geometry": { "type": "Point", "coordinates": [ 135.839608, 34.671957 ] } },
{ "type": "Feature", "properties": { "ID": 2922029000000, "正式名称": "奥医院", "機関区分": 2, "都道府県コード": 29, "市区町村コード": 201, "所在地": "奈良県奈良市東城戸町５３", "緯度": 34.679734, "経度": 135.827886, "url": "https://www.iryou.teikyouseido.mhlw.go.jp/znk-web/juminkanja/S2430/initialize?prefCd=29&kikanCd=2029000000&kikanKbn=2", "url2": null, "内容": "奥医院【2:診療所】【診療科目:内科】奈良県奈良市東城戸町５３" }, "geometry": { "type": "Point", "coordinates": [ 135.827886, 34.679734 ] } },
{ "type": "Feature", "properties": { "ID": 2922029200000, "正式名称": "医療法人　前川医院", "機関区分": 2, "都道府県コード": 29, "市区町村コード": 201, "所在地": "奈良県奈良市東登美ケ丘１丁目１２番３号", "緯度": 34.717367, "経度": 135.75814, "url": "https://www.iryou.teikyouseido.mhlw.go.jp/znk-web/juminkanja/S2430/initialize?prefCd=29&kikanCd=2029200000&kikanKbn=2", "url2": "http://maekawaiin.com", "内容": "医療法人　前川医院【2:診療所】【診療科目:内科_消化器内科_内視鏡内科】奈良県奈良市東登美ケ丘１丁目１２番３号" }, "geometry": { "type": "Point", "coordinates": [ 135.75814, 34.717367 ] } },
{ "type": "Feature", "properties": { "ID": 2922029400000, "正式名称": "にいのみ小児科", "機関区分": 2, "都道府県コード": 29, "市区町村コード": 201, "所在地": "奈良県奈良市藤ノ木台３丁目４－１７", "緯度": 34.676816, "経度": 135.756809, "url": "https://www.iryou.teikyouseido.mhlw.go.jp/znk-web/juminkanja/S2430/initialize?prefCd=29&kikanCd=2029400000&kikanKbn=2", "url2": "www.niinomi.jp", "内容": "にいのみ小児科【2:診療所】【診療科目:小児科】奈良県奈良市藤ノ木台３丁目４－１７" }, "geometry": { "type": "Point", "coordinates": [ 135.756809, 34.676816 ] } },
{ "type": "Feature", "properties": { "ID": 2922029600000, "正式名称": "まほろばクリニック", "機関区分": 2, "都道府県コード": 29, "市区町村コード": 201, "所在地": "奈良県奈良市奈良阪町２２７１の３", "緯度": 34.703787, "経度": 135.835968, "url": "https://www.iryou.teikyouseido.mhlw.go.jp/znk-web/juminkanja/S2430/initialize?prefCd=29&kikanCd=2029600000&kikanKbn=2", "url2": null, "内容": "まほろばクリニック【2:診療所】【診療科目:内科_消化器内科】奈良県奈良市奈良阪町２２７１の３" }, "geometry": { "type": "Point", "coordinates": [ 135.835968, 34.703787 ] } },
{ "type": "Feature", "properties": { "ID": 2922029800000, "正式名称": "医療法人双福会伊藤医院", "機関区分": 2, "都道府県コード": 29, "市区町村コード": 201, "所在地": "奈良県奈良市南永井町３７７番地の３", "緯度": 34.653208, "経度": 135.819943, "url": "https://www.iryou.teikyouseido.mhlw.go.jp/znk-web/juminkanja/S2430/initialize?prefCd=29&kikanCd=2029800000&kikanKbn=2", "url2": null, "内容": "医療法人双福会伊藤医院【2:診療所】【診療科目:内科_消化器内科_外科_肛門外科_整形外科_小児科_放射線科】奈良県奈良市南永井町３７７番地の３" }, "geometry": { "type": "Point", "coordinates": [ 135.819943, 34.653208 ] } },
{ "type": "Feature", "properties": { "ID": 2922030000000, "正式名称": "東谷医院", "機関区分": 2, "都道府県コード": 29, "市区町村コード": 201, "所在地": "奈良県奈良市南魚屋町３７番地", "緯度": 34.67865, "経度": 135.825442, "url": "https://www.iryou.teikyouseido.mhlw.go.jp/znk-web/juminkanja/S2430/initialize?prefCd=29&kikanCd=2030000000&kikanKbn=2", "url2": "http://higashitani-iin.com", "内容": "東谷医院【2:診療所】【診療科目:内科_外科_アレルギー科_リウマチ科_リハビリテーション科】奈良県奈良市南魚屋町３７番地" }, "geometry": { "type": "Point", "coordinates": [ 135.825442, 34.67865 ] } },
{ "type": "Feature", "properties": { "ID": 2922030400000, "正式名称": "社会医療法人健生会　さくら診療所", "機関区分": 2, "都道府県コード": 29, "市区町村コード": 201, "所在地": "奈良県奈良市南京終町一丁目１８３－２５", "緯度": 34.670485, "経度": 135.825609, "url": "https://www.iryou.teikyouseido.mhlw.go.jp/znk-web/juminkanja/S2430/initialize?prefCd=29&kikanCd=2030400000&kikanKbn=2", "url2": "http://www.okatani.or.jp/sakura/index.htm", "内容": "社会医療法人健生会　さくら診療所【2:診療所】【診療科目:内科_眼科】奈良県奈良市南京終町一丁目１８３－２５" }, "geometry": { "type": "Point", "coordinates": [ 135.825609, 34.670485 ] } },
{ "type": "Feature", "properties": { "ID": 2922030600000, "正式名称": "医療法人　侑生会　にしで整形外科", "機関区分": 2, "都道府県コード": 29, "市区町村コード": 201, "所在地": "奈良県奈良市南京終町二丁目１２０１番１４エービスビル１階", "緯度": 34.669235, "経度": 135.819109, "url": "https://www.iryou.teikyouseido.mhlw.go.jp/znk-web/juminkanja/S2430/initialize?prefCd=29&kikanCd=2030600000&kikanKbn=2", "url2": null, "内容": "医療法人　侑生会　にしで整形外科【2:診療所】【診療科目:整形外科_リハビリテーション科】奈良県奈良市南京終町二丁目１２０１番１４エービスビル１階" }, "geometry": { "type": "Point", "coordinates": [ 135.819109, 34.669235 ] } },
{ "type": "Feature", "properties": { "ID": 2922030800000, "正式名称": "金田内科医院", "機関区分": 2, "都道府県コード": 29, "市区町村コード": 201, "所在地": "奈良県奈良市南市町６", "緯度": 34.680789, "経度": 135.830108, "url": "https://www.iryou.teikyouseido.mhlw.go.jp/znk-web/juminkanja/S2430/initialize?prefCd=29&kikanCd=2030800000&kikanKbn=2", "url2": null, "内容": "金田内科医院【2:診療所】【診療科目:内科_循環器内科】奈良県奈良市南市町６" }, "geometry": { "type": "Point", "coordinates": [ 135.830108, 34.680789 ] } },
{ "type": "Feature", "properties": { "ID": 2922030900000, "正式名称": "医療法人　寺崎クリニック", "機関区分": 2, "都道府県コード": 29, "市区町村コード": 201, "所在地": "奈良県奈良市南城戸町６７番地", "緯度": 34.677734, "経度": 135.827414, "url": "https://www.iryou.teikyouseido.mhlw.go.jp/znk-web/juminkanja/S2430/initialize?prefCd=29&kikanCd=2030900000&kikanKbn=2", "url2": "http;//www.terasaki-clinic.com", "内容": "医療法人　寺崎クリニック【2:診療所】【診療科目:内科_皮膚科_泌尿器科】奈良県奈良市南城戸町６７番地" }, "geometry": { "type": "Point", "coordinates": [ 135.827414, 34.677734 ] } },
{ "type": "Feature", "properties": { "ID": 2922031100000, "正式名称": "奈良市立休日夜間応急診療所", "機関区分": 2, "都道府県コード": 29, "市区町村コード": 201, "所在地": "奈良県奈良市柏木町５１９番地の２８", "緯度": 34.672557, "経度": 135.800225, "url": "https://www.iryou.teikyouseido.mhlw.go.jp/znk-web/juminkanja/S2430/initialize?prefCd=29&kikanCd=2031100000&kikanKbn=2", "url2": "http://www.city.nara.lg.jp/www/contents/1177026292738/index.html#1", "内容": "奈良市立休日夜間応急診療所【2:診療所】【診療科目:内科_小児科】奈良県奈良市柏木町５１９番地の２８" }, "geometry": { "type": "Point", "coordinates": [ 135.800225, 34.672557 ] } },
{ "type": "Feature", "properties": { "ID": 2922031300000, "正式名称": "三馬整形外科", "機関区分": 2, "都道府県コード": 29, "市区町村コード": 201, "所在地": "奈良県奈良市二条町２－２－７武田ビル１階", "緯度": 34.692981, "経度": 135.787222, "url": "https://www.iryou.teikyouseido.mhlw.go.jp/znk-web/juminkanja/S2430/initialize?prefCd=29&kikanCd=2031300000&kikanKbn=2", "url2": "http://www.sammaseikeigeka.jp/", "内容": "三馬整形外科【2:診療所】【診療科目:整形外科_リハビリテーション科】奈良県奈良市二条町２－２－７武田ビル１階" }, "geometry": { "type": "Point", "coordinates": [ 135.787222, 34.692981 ] } },
{ "type": "Feature", "properties": { "ID": 2922031400000, "正式名称": "片岡診療所", "機関区分": 2, "都道府県コード": 29, "市区町村コード": 201, "所在地": "奈良県奈良市二条町２丁目３－１０", "緯度": 34.693426, "経度": 135.788389, "url": "https://www.iryou.teikyouseido.mhlw.go.jp/znk-web/juminkanja/S2430/initialize?prefCd=29&kikanCd=2031400000&kikanKbn=2", "url2": "kataoka-cl.net", "内容": "片岡診療所【2:診療所】【診療科目:内科_精神科_心療内科】奈良県奈良市二条町２丁目３－１０" }, "geometry": { "type": "Point", "coordinates": [ 135.788389, 34.693426 ] } },
{ "type": "Feature", "properties": { "ID": 2922031500000, "正式名称": "医療法人西大寺こころのクリニック", "機関区分": 2, "都道府県コード": 29, "市区町村コード": 201, "所在地": "奈良県奈良市二条町二丁目５８番地４山原二条ビル４階", "緯度": 34.69387, "経度": 135.787, "url": "https://www.iryou.teikyouseido.mhlw.go.jp/znk-web/juminkanja/S2430/initialize?prefCd=29&kikanCd=2031500000&kikanKbn=2", "url2": null, "内容": "医療法人西大寺こころのクリニック【2:診療所】【診療科目:精神科_神経科_心療内科】奈良県奈良市二条町二丁目５８番地４山原二条ビル４階" }, "geometry": { "type": "Point", "coordinates": [ 135.787, 34.69387 ] } },
{ "type": "Feature", "properties": { "ID": 2922032000000, "正式名称": "梅の木クリニック", "機関区分": 2, "都道府県コード": 29, "市区町村コード": 201, "所在地": "奈良県奈良市尼辻中町１０番２５号", "緯度": 34.681649, "経度": 135.784306, "url": "https://www.iryou.teikyouseido.mhlw.go.jp/znk-web/juminkanja/S2430/initialize?prefCd=29&kikanCd=2032000000&kikanKbn=2", "url2": null, "内容": "梅の木クリニック【2:診療所】【診療科目:内科_整形外科_リウマチ科】奈良県奈良市尼辻中町１０番２５号" }, "geometry": { "type": "Point", "coordinates": [ 135.784306, 34.681649 ] } },
{ "type": "Feature", "properties": { "ID": 2922032100000, "正式名称": "福山医院", "機関区分": 2, "都道府県コード": 29, "市区町村コード": 201, "所在地": "奈良県奈良市尼辻中町１１－３", "緯度": 34.681649, "経度": 135.78389, "url": "https://www.iryou.teikyouseido.mhlw.go.jp/znk-web/juminkanja/S2430/initialize?prefCd=29&kikanCd=2032100000&kikanKbn=2", "url2": "www.fuky.jp", "内容": "福山医院【2:診療所】【診療科目:内科_消化器内科_小児科】奈良県奈良市尼辻中町１１－３" }, "geometry": { "type": "Point", "coordinates": [ 135.78389, 34.681649 ] } },
{ "type": "Feature", "properties": { "ID": 2922032500000, "正式名称": "植村医院", "機関区分": 2, "都道府県コード": 29, "市区町村コード": 201, "所在地": "奈良県奈良市般若寺町１７０", "緯度": 34.700093, "経度": 135.835523, "url": "https://www.iryou.teikyouseido.mhlw.go.jp/znk-web/juminkanja/S2430/initialize?prefCd=29&kikanCd=2032500000&kikanKbn=2", "url2": null, "内容": "植村医院【2:診療所】【診療科目:内科_小児科】奈良県奈良市般若寺町１７０" }, "geometry": { "type": "Point", "coordinates": [ 135.835523, 34.700093 ] } },
{ "type": "Feature", "properties": { "ID": 2922032700000, "正式名称": "医療法人　田中医院", "機関区分": 2, "都道府県コード": 29, "市区町村コード": 201, "所在地": "奈良県奈良市百楽園２丁目１－１", "緯度": 34.696508, "経度": 135.744698, "url": "https://www.iryou.teikyouseido.mhlw.go.jp/znk-web/juminkanja/S2430/initialize?prefCd=29&kikanCd=2032700000&kikanKbn=2", "url2": "//www.justmystage.com/home/tanakaseikei", "内容": "医療法人　田中医院【2:診療所】【診療科目:外科_整形外科_リハビリテーション科】奈良県奈良市百楽園２丁目１－１" }, "geometry": { "type": "Point", "coordinates": [ 135.744698, 34.696508 ] } },
{ "type": "Feature", "properties": { "ID": 2922032800000, "正式名称": "医療法人やすい小児科医院", "機関区分": 2, "都道府県コード": 29, "市区町村コード": 201, "所在地": "奈良県奈良市富雄元町１丁目１２番１号オルサム富雄４階", "緯度": 34.694647, "経度": 135.738976, "url": "https://www.iryou.teikyouseido.mhlw.go.jp/znk-web/juminkanja/S2430/initialize?prefCd=29&kikanCd=2032800000&kikanKbn=2", "url2": null, "内容": "医療法人やすい小児科医院【2:診療所】【診療科目:小児科】奈良県奈良市富雄元町１丁目１２番１号オルサム富雄４階" }, "geometry": { "type": "Point", "coordinates": [ 135.738976, 34.694647 ] } },
{ "type": "Feature", "properties": { "ID": 2922032900000, "正式名称": "医療法人　竹谷内科医院", "機関区分": 2, "都道府県コード": 29, "市区町村コード": 201, "所在地": "奈良県奈良市富雄元町２丁目１番１９号奥川ビル２階", "緯度": 34.693814, "経度": 135.735587, "url": "https://www.iryou.teikyouseido.mhlw.go.jp/znk-web/juminkanja/S2430/initialize?prefCd=29&kikanCd=2032900000&kikanKbn=2", "url2": null, "内容": "医療法人　竹谷内科医院【2:診療所】【診療科目:内科_呼吸器内科_循環器内科_消化器内科】奈良県奈良市富雄元町２丁目１番１９号奥川ビル２階" }, "geometry": { "type": "Point", "coordinates": [ 135.735587, 34.693814 ] } },
{ "type": "Feature", "properties": { "ID": 2922033000000, "正式名称": "富雄医院", "機関区分": 2, "都道府県コード": 29, "市区町村コード": 201, "所在地": "奈良県奈良市富雄元町３－１－２", "緯度": 34.693536, "経度": 135.733671, "url": "https://www.iryou.teikyouseido.mhlw.go.jp/znk-web/juminkanja/S2430/initialize?prefCd=29&kikanCd=2033000000&kikanKbn=2", "url2": "tomioiin.com", "内容": "富雄医院【2:診療所】【診療科目:内科_小児科_アレルギー科_リウマチ科】奈良県奈良市富雄元町３－１－２" }, "geometry": { "type": "Point", "coordinates": [ 135.733671, 34.693536 ] } },
{ "type": "Feature", "properties": { "ID": 2922033100000, "正式名称": "前田小児科医院", "機関区分": 2, "都道府県コード": 29, "市区町村コード": 201, "所在地": "奈良県奈良市富雄元町４－８－１４", "緯度": 34.689814, "経度": 135.73481, "url": "https://www.iryou.teikyouseido.mhlw.go.jp/znk-web/juminkanja/S2430/initialize?prefCd=29&kikanCd=2033100000&kikanKbn=2", "url2": null, "内容": "前田小児科医院【2:診療所】【診療科目:内科_アレルギー疾患内科_小児科_皮膚科_アレルギー科】奈良県奈良市富雄元町４－８－１４" }, "geometry": { "type": "Point", "coordinates": [ 135.73481, 34.689814 ] } },
{ "type": "Feature", "properties": { "ID": 2922033200000, "正式名称": "梅谷内科クリニック", "機関区分": 2, "都道府県コード": 29, "市区町村コード": 201, "所在地": "奈良県奈良市富雄川西２－７－７富雄川西メディカルビル１Ｆ", "緯度": 34.697123, "経度": 135.731708, "url": "https://www.iryou.teikyouseido.mhlw.go.jp/znk-web/juminkanja/S2430/initialize?prefCd=29&kikanCd=2033200000&kikanKbn=2", "url2": null, "内容": "梅谷内科クリニック【2:診療所】【診療科目:内科_呼吸器内科_循環器内科_リハビリテーション科】奈良県奈良市富雄川西２－７－７富雄川西メディカルビル１Ｆ" }, "geometry": { "type": "Point", "coordinates": [ 135.731708, 34.697123 ] } },
{ "type": "Feature", "properties": { "ID": 2922033300000, "正式名称": "まつもと耳鼻咽喉科", "機関区分": 2, "都道府県コード": 29, "市区町村コード": 201, "所在地": "奈良県奈良市富雄川西２－７－７富雄川西メディカルビル２Ｆ", "緯度": 34.696647, "経度": 135.73181, "url": "https://www.iryou.teikyouseido.mhlw.go.jp/znk-web/juminkanja/S2430/initialize?prefCd=29&kikanCd=2033300000&kikanKbn=2", "url2": null, "内容": "まつもと耳鼻咽喉科【2:診療所】【診療科目:耳鼻いんこう科】奈良県奈良市富雄川西２－７－７富雄川西メディカルビル２Ｆ" }, "geometry": { "type": "Point", "coordinates": [ 135.73181, 34.696647 ] } },
{ "type": "Feature", "properties": { "ID": 2922033500000, "正式名称": "医療法人社団　河本眼科", "機関区分": 2, "都道府県コード": 29, "市区町村コード": 201, "所在地": "奈良県奈良市富雄北１－３－２", "緯度": 34.694925, "経度": 135.735337, "url": "https://www.iryou.teikyouseido.mhlw.go.jp/znk-web/juminkanja/S2430/initialize?prefCd=29&kikanCd=2033500000&kikanKbn=2", "url2": "http://koumoto-ganka.com/", "内容": "医療法人社団　河本眼科【2:診療所】【診療科目:眼科】奈良県奈良市富雄北１－３－２" }, "geometry": { "type": "Point", "coordinates": [ 135.735337, 34.694925 ] } },
{ "type": "Feature", "properties": { "ID": 2922033600000, "正式名称": "坂東医院", "機関区分": 2, "都道府県コード": 29, "市区町村コード": 201, "所在地": "奈良県奈良市富雄北２－１－４中里ビル２Ｆ", "緯度": 34.694841, "経度": 135.735893, "url": "https://www.iryou.teikyouseido.mhlw.go.jp/znk-web/juminkanja/S2430/initialize?prefCd=29&kikanCd=2033600000&kikanKbn=2", "url2": null, "内容": "坂東医院【2:診療所】【診療科目:漢方内科_漢方皮膚科】奈良県奈良市富雄北２－１－４中里ビル２Ｆ" }, "geometry": { "type": "Point", "coordinates": [ 135.735893, 34.694841 ] } },
{ "type": "Feature", "properties": { "ID": 2922033700000, "正式名称": "眼科松村医院", "機関区分": 2, "都道府県コード": 29, "市区町村コード": 201, "所在地": "奈良県奈良市富雄北２－４－３", "緯度": 34.69523, "経度": 135.736198, "url": "https://www.iryou.teikyouseido.mhlw.go.jp/znk-web/juminkanja/S2430/initialize?prefCd=29&kikanCd=2033700000&kikanKbn=2", "url2": "http://www.matsumura-ganka.com", "内容": "眼科松村医院【2:診療所】【診療科目:眼科】奈良県奈良市富雄北２－４－３" }, "geometry": { "type": "Point", "coordinates": [ 135.736198, 34.69523 ] } },
{ "type": "Feature", "properties": { "ID": 2922033800000, "正式名称": "竹林メンタルクリニック", "機関区分": 2, "都道府県コード": 29, "市区町村コード": 201, "所在地": "奈良県奈良市富雄北２丁目１－４中里ビル１階", "緯度": 34.694841, "経度": 135.735893, "url": "https://www.iryou.teikyouseido.mhlw.go.jp/znk-web/juminkanja/S2430/initialize?prefCd=29&kikanCd=2033800000&kikanKbn=2", "url2": "https://www.takebayashi.biz", "内容": "竹林メンタルクリニック【2:診療所】【診療科目:精神科_心療内科】奈良県奈良市富雄北２丁目１－４中里ビル１階" }, "geometry": { "type": "Point", "coordinates": [ 135.735893, 34.694841 ] } },
{ "type": "Feature", "properties": { "ID": 2922033900000, "正式名称": "村井整形外科", "機関区分": 2, "都道府県コード": 29, "市区町村コード": 201, "所在地": "奈良県奈良市富雄北２丁目３番３号", "緯度": 34.695064, "経度": 135.735837, "url": "https://www.iryou.teikyouseido.mhlw.go.jp/znk-web/juminkanja/S2430/initialize?prefCd=29&kikanCd=2033900000&kikanKbn=2", "url2": "http://muraiseikei.com/", "内容": "村井整形外科【2:診療所】【診療科目:整形外科_リウマチ科_リハビリテーション科】奈良県奈良市富雄北２丁目３番３号" }, "geometry": { "type": "Point", "coordinates": [ 135.735837, 34.695064 ] } },
{ "type": "Feature", "properties": { "ID": 2922034000000, "正式名称": "まつうら眼科", "機関区分": 2, "都道府県コード": 29, "市区町村コード": 201, "所在地": "奈良県奈良市平松１－３１－２４　池田ビル１Ｆ", "緯度": 34.68026, "経度": 135.775085, "url": "https://www.iryou.teikyouseido.mhlw.go.jp/znk-web/juminkanja/S2430/initialize?prefCd=29&kikanCd=2034000000&kikanKbn=2", "url2": null, "内容": "まつうら眼科【2:診療所】【診療科目:眼科】奈良県奈良市平松１－３１－２４　池田ビル１Ｆ" }, "geometry": { "type": "Point", "coordinates": [ 135.775085, 34.68026 ] } },
{ "type": "Feature", "properties": { "ID": 2922034100000, "正式名称": "むくぼ医院", "機関区分": 2, "都道府県コード": 29, "市区町村コード": 201, "所在地": "奈良県奈良市平松一丁目３１番２２号", "緯度": 34.68026, "経度": 135.775085, "url": "https://www.iryou.teikyouseido.mhlw.go.jp/znk-web/juminkanja/S2430/initialize?prefCd=29&kikanCd=2034100000&kikanKbn=2", "url2": "https://www.mukubo.com", "内容": "むくぼ医院【2:診療所】【診療科目:内科_呼吸器内科_消化器内科】奈良県奈良市平松一丁目３１番２２号" }, "geometry": { "type": "Point", "coordinates": [ 135.775085, 34.68026 ] } },
{ "type": "Feature", "properties": { "ID": 2922034300000, "正式名称": "医療法人　森仁会　森田内科循環器科クリニック", "機関区分": 2, "都道府県コード": 29, "市区町村コード": 201, "所在地": "奈良県奈良市宝来三丁目３番２１号", "緯度": 34.681955, "経度": 135.776251, "url": "https://www.iryou.teikyouseido.mhlw.go.jp/znk-web/juminkanja/S2430/initialize?prefCd=29&kikanCd=2034300000&kikanKbn=2", "url2": null, "内容": "医療法人　森仁会　森田内科循環器科クリニック【2:診療所】【診療科目:内科_循環器内科_小児科】奈良県奈良市宝来三丁目３番２１号" }, "geometry": { "type": "Point", "coordinates": [ 135.776251, 34.681955 ] } },
{ "type": "Feature", "properties": { "ID": 2922034400000, "正式名称": "医療法人社団誠明会　永田眼科", "機関区分": 2, "都道府県コード": 29, "市区町村コード": 201, "所在地": "奈良県奈良市宝来町北山田１１４７", "緯度": 34.685732, "経度": 135.764947, "url": "https://www.iryou.teikyouseido.mhlw.go.jp/znk-web/juminkanja/S2430/initialize?prefCd=29&kikanCd=2034400000&kikanKbn=2", "url2": "http://www.nagata-eye-clinic.com/index.html", "内容": "医療法人社団誠明会　永田眼科【2:診療所】【診療科目:眼科】奈良県奈良市宝来町北山田１１４７" }, "geometry": { "type": "Point", "coordinates": [ 135.764947, 34.685732 ] } },
{ "type": "Feature", "properties": { "ID": 2922034900000, "正式名称": "医療法人　加藤眼科医院", "機関区分": 2, "都道府県コード": 29, "市区町村コード": 201, "所在地": "奈良県奈良市法蓮町９７３番地の３", "緯度": 34.691288, "経度": 135.821719, "url": "https://www.iryou.teikyouseido.mhlw.go.jp/znk-web/juminkanja/S2430/initialize?prefCd=29&kikanCd=2034900000&kikanKbn=2", "url2": null, "内容": "医療法人　加藤眼科医院【2:診療所】【診療科目:眼科】奈良県奈良市法蓮町９７３番地の３" }, "geometry": { "type": "Point", "coordinates": [ 135.821719, 34.691288 ] } },
{ "type": "Feature", "properties": { "ID": 2922035100000, "正式名称": "医療法人　飯田医院", "機関区分": 2, "都道府県コード": 29, "市区町村コード": 201, "所在地": "奈良県奈良市北市町３６", "緯度": 34.687816, "経度": 135.823442, "url": "https://www.iryou.teikyouseido.mhlw.go.jp/znk-web/juminkanja/S2430/initialize?prefCd=29&kikanCd=2035100000&kikanKbn=2", "url2": "http://iidaclinic.webmedipr.jp/", "内容": "医療法人　飯田医院【2:診療所】【診療科目:皮膚科_美容皮膚科】奈良県奈良市北市町３６" }, "geometry": { "type": "Point", "coordinates": [ 135.823442, 34.687816 ] } },
{ "type": "Feature", "properties": { "ID": 2922035200000, "正式名称": "医療法人健英会鍜治田クリニック", "機関区分": 2, "都道府県コード": 29, "市区町村コード": 201, "所在地": "奈良県奈良市北登美ケ丘３－１２－１５", "緯度": 34.723533, "経度": 135.755334, "url": "https://www.iryou.teikyouseido.mhlw.go.jp/znk-web/juminkanja/S2430/initialize?prefCd=29&kikanCd=2035200000&kikanKbn=2", "url2": "www.ecamera.jp", "内容": "医療法人健英会鍜治田クリニック【2:診療所】【診療科目:内科_消化器内科】奈良県奈良市北登美ケ丘３－１２－１５" }, "geometry": { "type": "Point", "coordinates": [ 135.755334, 34.723533 ] } },
{ "type": "Feature", "properties": { "ID": 2922035300000, "正式名称": "医療法人明日香会　ＡＳＫＡレディースクリニック", "機関区分": 2, "都道府県コード": 29, "市区町村コード": 201, "所在地": "奈良県奈良市北登美ケ丘３－３－１７", "緯度": 34.723033, "経度": 135.757973, "url": "https://www.iryou.teikyouseido.mhlw.go.jp/znk-web/juminkanja/S2430/initialize?prefCd=29&kikanCd=2035300000&kikanKbn=2", "url2": "https://aska-cl.com", "内容": "医療法人明日香会　ＡＳＫＡレディースクリニック【2:診療所】【診療科目:産婦人科（生殖医療）】奈良県奈良市北登美ケ丘３－３－１７" }, "geometry": { "type": "Point", "coordinates": [ 135.757973, 34.723033 ] } },
{ "type": "Feature", "properties": { "ID": 2922035400000, "正式名称": "ありまこどもクリニック", "機関区分": 2, "都道府県コード": 29, "市区町村コード": 201, "所在地": "奈良県奈良市北登美ケ丘四丁目１番１８号", "緯度": 34.722756, "経度": 135.758834, "url": "https://www.iryou.teikyouseido.mhlw.go.jp/znk-web/juminkanja/S2430/initialize?prefCd=29&kikanCd=2035400000&kikanKbn=2", "url2": "https://www.arimacc.com/", "内容": "ありまこどもクリニック【2:診療所】【診療科目:小児科】奈良県奈良市北登美ケ丘四丁目１番１８号" }, "geometry": { "type": "Point", "coordinates": [ 135.758834, 34.722756 ] } },
{ "type": "Feature", "properties": { "ID": 2922035700000, "正式名称": "公益社団法人地域医療振興協会奈良市立柳生診療所", "機関区分": 2, "都道府県コード": 29, "市区町村コード": 201, "所在地": "奈良県奈良市邑地町２７８６番地", "緯度": 34.719621, "経度": 135.979038, "url": "https://www.iryou.teikyouseido.mhlw.go.jp/znk-web/juminkanja/S2430/initialize?prefCd=29&kikanCd=2035700000&kikanKbn=2", "url2": null, "内容": "公益社団法人地域医療振興協会奈良市立柳生診療所【2:診療所】【診療科目:内科_外科_小児科】奈良県奈良市邑地町２７８６番地" }, "geometry": { "type": "Point", "coordinates": [ 135.979038, 34.719621 ] } },
{ "type": "Feature", "properties": { "ID": 2922035800000, "正式名称": "北岡クリニック", "機関区分": 2, "都道府県コード": 29, "市区町村コード": 201, "所在地": "奈良県奈良市林小路町１－１１", "緯度": 34.683344, "経度": 135.826303, "url": "https://www.iryou.teikyouseido.mhlw.go.jp/znk-web/juminkanja/S2430/initialize?prefCd=29&kikanCd=2035800000&kikanKbn=2", "url2": "http://www.kitaoka-clinic.com", "内容": "北岡クリニック【2:診療所】【診療科目:内科_循環器内科_消化器内科】奈良県奈良市林小路町１－１１" }, "geometry": { "type": "Point", "coordinates": [ 135.826303, 34.683344 ] } },
{ "type": "Feature", "properties": { "ID": 2922036000000, "正式名称": "医療法人　和田医院", "機関区分": 2, "都道府県コード": 29, "市区町村コード": 201, "所在地": "奈良県奈良市恋の窪３丁目７番３号", "緯度": 34.673595, "経度": 135.80761, "url": "https://www.iryou.teikyouseido.mhlw.go.jp/znk-web/juminkanja/S2430/initialize?prefCd=29&kikanCd=2036000000&kikanKbn=2", "url2": null, "内容": "医療法人　和田医院【2:診療所】【診療科目:内科_外科_整形外科_リハビリテーション科】奈良県奈良市恋の窪３丁目７番３号" }, "geometry": { "type": "Point", "coordinates": [ 135.80761, 34.673595 ] } },
{ "type": "Feature", "properties": { "ID": 2922036200000, "正式名称": "医療法人社団おおもりクリニック", "機関区分": 2, "都道府県コード": 29, "市区町村コード": 201, "所在地": "奈良県奈良市六条２－１８－３６", "緯度": 34.671289, "経度": 135.77253, "url": "https://www.iryou.teikyouseido.mhlw.go.jp/znk-web/juminkanja/S2430/initialize?prefCd=29&kikanCd=2036200000&kikanKbn=2", "url2": "http://www.ohmoriclinic.com", "内容": "医療法人社団おおもりクリニック【2:診療所】【診療科目:内科_糖尿病内科_循環器内科】奈良県奈良市六条２－１８－３６" }, "geometry": { "type": "Point", "coordinates": [ 135.77253, 34.671289 ] } },
{ "type": "Feature", "properties": { "ID": 2922036500000, "正式名称": "秋岡耳鼻咽喉科医院", "機関区分": 2, "都道府県コード": 29, "市区町村コード": 201, "所在地": "奈良県奈良市六条西１丁目１番７号", "緯度": 34.671817, "経度": 135.772835, "url": "https://www.iryou.teikyouseido.mhlw.go.jp/znk-web/juminkanja/S2430/initialize?prefCd=29&kikanCd=2036500000&kikanKbn=2", "url2": null, "内容": "秋岡耳鼻咽喉科医院【2:診療所】【診療科目:耳鼻いんこう科】奈良県奈良市六条西１丁目１番７号" }, "geometry": { "type": "Point", "coordinates": [ 135.772835, 34.671817 ] } },
{ "type": "Feature", "properties": { "ID": 2922036600000, "正式名称": "医療法人庄野整形外科", "機関区分": 2, "都道府県コード": 29, "市区町村コード": 201, "所在地": "奈良県奈良市六条二丁目１９番８号", "緯度": 34.671962, "経度": 135.773801, "url": "https://www.iryou.teikyouseido.mhlw.go.jp/znk-web/juminkanja/S2430/initialize?prefCd=29&kikanCd=2036600000&kikanKbn=2", "url2": "http://www.shonoortho.com", "内容": "医療法人庄野整形外科【2:診療所】【診療科目:整形外科_リハビリテーション科】奈良県奈良市六条二丁目１９番８号" }, "geometry": { "type": "Point", "coordinates": [ 135.773801, 34.671962 ] } },
{ "type": "Feature", "properties": { "ID": 2922036700000, "正式名称": "医療法人　和田内科外科医院", "機関区分": 2, "都道府県コード": 29, "市区町村コード": 201, "所在地": "奈良県奈良市六条緑町３丁目８－４８", "緯度": 34.669567, "経度": 135.766725, "url": "https://www.iryou.teikyouseido.mhlw.go.jp/znk-web/juminkanja/S2430/initialize?prefCd=29&kikanCd=2036700000&kikanKbn=2", "url2": null, "内容": "医療法人　和田内科外科医院【2:診療所】【診療科目:内科_外科】奈良県奈良市六条緑町３丁目８－４８" }, "geometry": { "type": "Point", "coordinates": [ 135.766725, 34.669567 ] } },
{ "type": "Feature", "properties": { "ID": 2922036900000, "正式名称": "医療法人社団宏義会宇山内科クリニック", "機関区分": 2, "都道府県コード": 29, "市区町村コード": 209, "所在地": "奈良県生駒市東生駒２丁目２０７－１２０", "緯度": 34.685842, "経度": 135.714228, "url": "https://www.iryou.teikyouseido.mhlw.go.jp/znk-web/juminkanja/S2430/initialize?prefCd=29&kikanCd=2036900000&kikanKbn=2", "url2": "http://uyamanaika.com", "内容": "医療法人社団宏義会宇山内科クリニック【2:診療所】【診療科目:内科_消化器内科】奈良県生駒市東生駒２丁目２０７－１２０" }, "geometry": { "type": "Point", "coordinates": [ 135.714228, 34.685842 ] } },
{ "type": "Feature", "properties": { "ID": 2922037000000, "正式名称": "医療法人飯岡会のぞみ診療所", "機関区分": 2, "都道府県コード": 29, "市区町村コード": 206, "所在地": "奈良県桜井市忍阪３９番地の１", "緯度": 34.513363, "経度": 135.865557, "url": "https://www.iryou.teikyouseido.mhlw.go.jp/znk-web/juminkanja/S2430/initialize?prefCd=29&kikanCd=2037000000&kikanKbn=2", "url2": "nozomisinryou.com/", "内容": "医療法人飯岡会のぞみ診療所【2:診療所】【診療科目:内科_糖尿病内科_消化器内科_胃腸内科_肝臓内科_小児科】奈良県桜井市忍阪３９番地の１" }, "geometry": { "type": "Point", "coordinates": [ 135.865557, 34.513363 ] } },
{ "type": "Feature", "properties": { "ID": 2922037100000, "正式名称": "吉村診療所", "機関区分": 2, "都道府県コード": 29, "市区町村コード": 208, "所在地": "奈良県御所市１３４７", "緯度": 34.463588, "経度": 135.738459, "url": "https://www.iryou.teikyouseido.mhlw.go.jp/znk-web/juminkanja/S2430/initialize?prefCd=29&kikanCd=2037100000&kikanKbn=2", "url2": null, "内容": "吉村診療所【2:診療所】【診療科目:内科_小児科】奈良県御所市１３４７" }, "geometry": { "type": "Point", "coordinates": [ 135.738459, 34.463588 ] } },
{ "type": "Feature", "properties": { "ID": 2922037400000, "正式名称": "にのみや整形外科", "機関区分": 2, "都道府県コード": 29, "市区町村コード": 202, "所在地": "奈良県大和高田市本郷町２－３", "緯度": 34.515583, "経度": 135.744512, "url": "https://www.iryou.teikyouseido.mhlw.go.jp/znk-web/juminkanja/S2430/initialize?prefCd=29&kikanCd=2037400000&kikanKbn=2", "url2": "ninomiya-seikei.com", "内容": "にのみや整形外科【2:診療所】【診療科目:整形外科_リウマチ科_リハビリテーション科】奈良県大和高田市本郷町２－３" }, "geometry": { "type": "Point", "coordinates": [ 135.744512, 34.515583 ] } },
{ "type": "Feature", "properties": { "ID": 2922037500000, "正式名称": "医療法人晃仁会生駒吉岡皮膚科医院", "機関区分": 2, "都道府県コード": 29, "市区町村コード": 209, "所在地": "奈良県生駒市北新町１０番３６－４０３号", "緯度": 34.694296, "経度": 135.697736, "url": "https://www.iryou.teikyouseido.mhlw.go.jp/znk-web/juminkanja/S2430/initialize?prefCd=29&kikanCd=2037500000&kikanKbn=2", "url2": "https://yoshiokahifuka-ikoma.jp/", "内容": "医療法人晃仁会生駒吉岡皮膚科医院【2:診療所】【診療科目:皮膚科_アレルギー科】奈良県生駒市北新町１０番３６－４０３号" }, "geometry": { "type": "Point", "coordinates": [ 135.697736, 34.694296 ] } },
{ "type": "Feature", "properties": { "ID": 2922037900000, "正式名称": "杉本クリニック", "機関区分": 2, "都道府県コード": 29, "市区町村コード": 206, "所在地": "奈良県桜井市谷３０６－２", "緯度": 34.508886, "経度": 135.845724, "url": "https://www.iryou.teikyouseido.mhlw.go.jp/znk-web/juminkanja/S2430/initialize?prefCd=29&kikanCd=2037900000&kikanKbn=2", "url2": null, "内容": "杉本クリニック【2:診療所】【診療科目:内科_消化器内科_外科_肛門外科】奈良県桜井市谷３０６－２" }, "geometry": { "type": "Point", "coordinates": [ 135.845724, 34.508886 ] } },
{ "type": "Feature", "properties": { "ID": 2922038000000, "正式名称": "なか小児科", "機関区分": 2, "都道府県コード": 29, "市区町村コード": 203, "所在地": "奈良県大和郡山市外川町７５番地", "緯度": 34.644958, "経度": 135.767781, "url": "https://www.iryou.teikyouseido.mhlw.go.jp/znk-web/juminkanja/S2430/initialize?prefCd=29&kikanCd=2038000000&kikanKbn=2", "url2": "http://www.nakaped.com/", "内容": "なか小児科【2:診療所】【診療科目:小児科】奈良県大和郡山市外川町７５番地" }, "geometry": { "type": "Point", "coordinates": [ 135.767781, 34.644958 ] } },
{ "type": "Feature", "properties": { "ID": 2922038400000, "正式名称": "新名クリニック", "機関区分": 2, "都道府県コード": 29, "市区町村コード": 210, "所在地": "奈良県香芝市西真美３丁目８番１０", "緯度": 34.544579, "経度": 135.716179, "url": "https://www.iryou.teikyouseido.mhlw.go.jp/znk-web/juminkanja/S2430/initialize?prefCd=29&kikanCd=2038400000&kikanKbn=2", "url2": "http://www.shimmyo.dr-clinic.jp", "内容": "新名クリニック【2:診療所】【診療科目:形成外科_皮膚科_美容皮膚科】奈良県香芝市西真美３丁目８番１０" }, "geometry": { "type": "Point", "coordinates": [ 135.716179, 34.544579 ] } },
{ "type": "Feature", "properties": { "ID": 2922038500000, "正式名称": "佐々木クリニック", "機関区分": 2, "都道府県コード": 29, "市区町村コード": 210, "所在地": "奈良県香芝市畑４丁目５３８－１", "緯度": 34.539746, "経度": 135.686876, "url": "https://www.iryou.teikyouseido.mhlw.go.jp/znk-web/juminkanja/S2430/initialize?prefCd=29&kikanCd=2038500000&kikanKbn=2", "url2": "sasaki-c.net", "内容": "佐々木クリニック【2:診療所】【診療科目:内科_肛門外科_皮膚科】奈良県香芝市畑４丁目５３８－１" }, "geometry": { "type": "Point", "coordinates": [ 135.686876, 34.539746 ] } },
{ "type": "Feature", "properties": { "ID": 2922038600000, "正式名称": "上田医院", "機関区分": 2, "都道府県コード": 29, "市区町村コード": 202, "所在地": "奈良県大和高田市礒野東町１－１０上田ビル４階", "緯度": 34.508917, "経度": 135.741179, "url": "https://www.iryou.teikyouseido.mhlw.go.jp/znk-web/juminkanja/S2430/initialize?prefCd=29&kikanCd=2038600000&kikanKbn=2", "url2": null, "内容": "上田医院【2:診療所】【診療科目:内科_神経内科_小児科】奈良県大和高田市礒野東町１－１０上田ビル４階" }, "geometry": { "type": "Point", "coordinates": [ 135.741179, 34.508917 ] } },
{ "type": "Feature", "properties": { "ID": 2922038700000, "正式名称": "松岡内科医院", "機関区分": 2, "都道府県コード": 29, "市区町村コード": 203, "所在地": "奈良県大和郡山市泉原町１－１３４", "緯度": 34.635265, "経度": 135.745867, "url": "https://www.iryou.teikyouseido.mhlw.go.jp/znk-web/juminkanja/S2430/initialize?prefCd=29&kikanCd=2038700000&kikanKbn=2", "url2": null, "内容": "松岡内科医院【2:診療所】【診療科目:内科_循環器内科_消化器内科_放射線科】奈良県大和郡山市泉原町１－１３４" }, "geometry": { "type": "Point", "coordinates": [ 135.745867, 34.635265 ] } },
{ "type": "Feature", "properties": { "ID": 2922039000000, "正式名称": "森下眼科クリニック", "機関区分": 2, "都道府県コード": 29, "市区町村コード": 203, "所在地": "奈良県大和郡山市田中町７６６－１", "緯度": 34.644542, "経度": 135.768115, "url": "https://www.iryou.teikyouseido.mhlw.go.jp/znk-web/juminkanja/S2430/initialize?prefCd=29&kikanCd=2039000000&kikanKbn=2", "url2": "http://www.justmystage.com/home/morishitaeye/", "内容": "森下眼科クリニック【2:診療所】【診療科目:眼科】奈良県大和郡山市田中町７６６－１" }, "geometry": { "type": "Point", "coordinates": [ 135.768115, 34.644542 ] } },
{ "type": "Feature", "properties": { "ID": 2922039100000, "正式名称": "片山クリニック", "機関区分": 2, "都道府県コード": 29, "市区町村コード": 203, "所在地": "奈良県大和郡山市九条町２９７－１ＫＹビル３Ｆ", "緯度": 34.659513, "経度": 135.783196, "url": "https://www.iryou.teikyouseido.mhlw.go.jp/znk-web/juminkanja/S2430/initialize?prefCd=29&kikanCd=2039100000&kikanKbn=2", "url2": "http://www.katayama-c.com/", "内容": "片山クリニック【2:診療所】【診療科目:精神科_心療内科】奈良県大和郡山市九条町２９７－１ＫＹビル３Ｆ" }, "geometry": { "type": "Point", "coordinates": [ 135.783196, 34.659513 ] } },
{ "type": "Feature", "properties": { "ID": 2922039200000, "正式名称": "医療法人芳愛会原医院", "機関区分": 2, "都道府県コード": 29, "市区町村コード": 203, "所在地": "奈良県大和郡山市横田町７０８番地の３", "緯度": 34.618573, "経度": 135.802169, "url": "https://www.iryou.teikyouseido.mhlw.go.jp/znk-web/juminkanja/S2430/initialize?prefCd=29&kikanCd=2039200000&kikanKbn=2", "url2": "http://www.drh-cl.com/", "内容": "医療法人芳愛会原医院【2:診療所】【診療科目:内科_小児科】奈良県大和郡山市横田町７０８番地の３" }, "geometry": { "type": "Point", "coordinates": [ 135.802169, 34.618573 ] } },
{ "type": "Feature", "properties": { "ID": 2922039500000, "正式名称": "たかしま耳鼻咽喉科", "機関区分": 2, "都道府県コード": 29, "市区町村コード": 212, "所在地": "奈良県宇陀市榛原萩原２８４３－２６", "緯度": 34.529169, "経度": 135.955743, "url": "https://www.iryou.teikyouseido.mhlw.go.jp/znk-web/juminkanja/S2430/initialize?prefCd=29&kikanCd=2039500000&kikanKbn=2", "url2": "https://www2.i-helios-net.com/top.php?mdid=11111400", "内容": "たかしま耳鼻咽喉科【2:診療所】【診療科目:耳鼻いんこう科_アレルギー科】奈良県宇陀市榛原萩原２８４３－２６" }, "geometry": { "type": "Point", "coordinates": [ 135.955743, 34.529169 ] } },
{ "type": "Feature", "properties": { "ID": 2922039600000, "正式名称": "勝間内科医院", "機関区分": 2, "都道府県コード": 29, "市区町村コード": 209, "所在地": "奈良県生駒市さつき台２丁目４５１－２７", "緯度": 34.674288, "経度": 135.718618, "url": "https://www.iryou.teikyouseido.mhlw.go.jp/znk-web/juminkanja/S2430/initialize?prefCd=29&kikanCd=2039600000&kikanKbn=2", "url2": "http://katsumanaika.com/", "内容": "勝間内科医院【2:診療所】【診療科目:内科_消化器内科】奈良県生駒市さつき台２丁目４５１－２７" }, "geometry": { "type": "Point", "coordinates": [ 135.718618, 34.674288 ] } },
{ "type": "Feature", "properties": { "ID": 2922039800000, "正式名称": "医療法人さくら会　うねび内科クリニック", "機関区分": 2, "都道府県コード": 29, "市区町村コード": 205, "所在地": "奈良県橿原市四分町２－１うねびクリニックモール１階", "緯度": 34.495308, "経度": 135.796203, "url": "https://www.iryou.teikyouseido.mhlw.go.jp/znk-web/juminkanja/S2430/initialize?prefCd=29&kikanCd=2039800000&kikanKbn=2", "url2": "http//unebi-naika.com/", "内容": "医療法人さくら会　うねび内科クリニック【2:診療所】【診療科目:内科_呼吸器内科_循環器内科_アレルギー科】奈良県橿原市四分町２－１うねびクリニックモール１階" }, "geometry": { "type": "Point", "coordinates": [ 135.796203, 34.495308 ] } },
{ "type": "Feature", "properties": { "ID": 2922039900000, "正式名称": "医療法人牧之段内科", "機関区分": 2, "都道府県コード": 29, "市区町村コード": 209, "所在地": "奈良県生駒市谷田町８５０－４谷田ビル２ＦＢ", "緯度": 34.694924, "経度": 135.70159, "url": "https://www.iryou.teikyouseido.mhlw.go.jp/znk-web/juminkanja/S2430/initialize?prefCd=29&kikanCd=2039900000&kikanKbn=2", "url2": "http://www.makinodanclinic.jp", "内容": "医療法人牧之段内科【2:診療所】【診療科目:内科_呼吸器内科】奈良県生駒市谷田町８５０－４谷田ビル２ＦＢ" }, "geometry": { "type": "Point", "coordinates": [ 135.70159, 34.694924 ] } },
{ "type": "Feature", "properties": { "ID": 2922040000000, "正式名称": "うえだ眼科クリニック", "機関区分": 2, "都道府県コード": 29, "市区町村コード": 205, "所在地": "奈良県橿原市久米町６１５番地赤心ビル３階", "緯度": 34.483115, "経度": 135.792676, "url": "https://www.iryou.teikyouseido.mhlw.go.jp/znk-web/juminkanja/S2430/initialize?prefCd=29&kikanCd=2040000000&kikanKbn=2", "url2": null, "内容": "うえだ眼科クリニック【2:診療所】【診療科目:眼科】奈良県橿原市久米町６１５番地赤心ビル３階" }, "geometry": { "type": "Point", "coordinates": [ 135.792676, 34.483115 ] } },
{ "type": "Feature", "properties": { "ID": 2922040100000, "正式名称": "医療法人　賢惠会　おおすみ整形外科", "機関区分": 2, "都道府県コード": 29, "市区町村コード": 209, "所在地": "奈良県生駒市小平尾町４－１－３", "緯度": 34.663455, "経度": 135.707841, "url": "https://www.iryou.teikyouseido.mhlw.go.jp/znk-web/juminkanja/S2430/initialize?prefCd=29&kikanCd=2040100000&kikanKbn=2", "url2": "http://www.osumi-seikei.com", "内容": "医療法人　賢惠会　おおすみ整形外科【2:診療所】【診療科目:整形外科_リハビリテーション科】奈良県生駒市小平尾町４－１－３" }, "geometry": { "type": "Point", "coordinates": [ 135.707841, 34.663455 ] } },
{ "type": "Feature", "properties": { "ID": 2922040300000, "正式名称": "福田医院", "機関区分": 2, "都道府県コード": 29, "市区町村コード": 209, "所在地": "奈良県生駒市東生駒１－７７－１０", "緯度": 34.690536, "経度": 135.710867, "url": "https://www.iryou.teikyouseido.mhlw.go.jp/znk-web/juminkanja/S2430/initialize?prefCd=29&kikanCd=2040300000&kikanKbn=2", "url2": null, "内容": "福田医院【2:診療所】【診療科目:耳鼻いんこう科_頭頸部・耳鼻いんこう科】奈良県生駒市東生駒１－７７－１０" }, "geometry": { "type": "Point", "coordinates": [ 135.710867, 34.690536 ] } },
{ "type": "Feature", "properties": { "ID": 2922040600000, "正式名称": "医療法人新和会岡本内科こどもクリニック", "機関区分": 2, "都道府県コード": 29, "市区町村コード": 206, "所在地": "奈良県桜井市戒重２０６番地", "緯度": 34.512613, "経度": 135.837782, "url": "https://www.iryou.teikyouseido.mhlw.go.jp/znk-web/juminkanja/S2430/initialize?prefCd=29&kikanCd=2040600000&kikanKbn=2", "url2": "http://www.okamotonaikakodomo.com", "内容": "医療法人新和会岡本内科こどもクリニック【2:診療所】【診療科目:内科_内分泌内科_糖尿病・代謝内科_小児科_アレルギー科】奈良県桜井市戒重２０６番地" }, "geometry": { "type": "Point", "coordinates": [ 135.837782, 34.512613 ] } },
{ "type": "Feature", "properties": { "ID": 2922040700000, "正式名称": "梅川皮膚科", "機関区分": 2, "都道府県コード": 29, "市区町村コード": 210, "所在地": "奈良県香芝市旭ケ丘５丁目３６－１", "緯度": 34.555828, "経度": 135.686181, "url": "https://www.iryou.teikyouseido.mhlw.go.jp/znk-web/juminkanja/S2430/initialize?prefCd=29&kikanCd=2040700000&kikanKbn=2", "url2": null, "内容": "梅川皮膚科【2:診療所】【診療科目:皮膚科】奈良県香芝市旭ケ丘５丁目３６－１" }, "geometry": { "type": "Point", "coordinates": [ 135.686181, 34.555828 ] } },
{ "type": "Feature", "properties": { "ID": 2922040900000, "正式名称": "医療法人翠悠会香芝透析クリニック", "機関区分": 2, "都道府県コード": 29, "市区町村コード": 210, "所在地": "奈良県香芝市穴虫８８０番", "緯度": 34.549556, "経度": 135.686235, "url": "https://www.iryou.teikyouseido.mhlw.go.jp/znk-web/juminkanja/S2430/initialize?prefCd=29&kikanCd=2040900000&kikanKbn=2", "url2": "http://www.suiyuukai.or.jp/", "内容": "医療法人翠悠会香芝透析クリニック【2:診療所】【診療科目:内科】奈良県香芝市穴虫８８０番" }, "geometry": { "type": "Point", "coordinates": [ 135.686235, 34.549556 ] } },
{ "type": "Feature", "properties": { "ID": 2922041100000, "正式名称": "あだち耳鼻咽喉科", "機関区分": 2, "都道府県コード": 29, "市区町村コード": 342, "所在地": "奈良県生駒郡平群町三里３８４番５", "緯度": 34.630515, "経度": 135.711537, "url": "https://www.iryou.teikyouseido.mhlw.go.jp/znk-web/juminkanja/S2430/initialize?prefCd=29&kikanCd=2041100000&kikanKbn=2", "url2": "https://www.adachi-jibika.com", "内容": "あだち耳鼻咽喉科【2:診療所】【診療科目:耳鼻いんこう科】奈良県生駒郡平群町三里３８４番５" }, "geometry": { "type": "Point", "coordinates": [ 135.711537, 34.630515 ] } },
{ "type": "Feature", "properties": { "ID": 2922041200000, "正式名称": "医療法人おおぞらこどもクリニック", "機関区分": 2, "都道府県コード": 29, "市区町村コード": 203, "所在地": "奈良県大和郡山市天井町２２３番１", "緯度": 34.638237, "経度": 135.786058, "url": "https://www.iryou.teikyouseido.mhlw.go.jp/znk-web/juminkanja/S2430/initialize?prefCd=29&kikanCd=2041200000&kikanKbn=2", "url2": "https://bigsky-c.com/", "内容": "医療法人おおぞらこどもクリニック【2:診療所】【診療科目:小児科】奈良県大和郡山市天井町２２３番１" }, "geometry": { "type": "Point", "coordinates": [ 135.786058, 34.638237 ] } },
{ "type": "Feature", "properties": { "ID": 2922041300000, "正式名称": "かわはらこどもクリニック", "機関区分": 2, "都道府県コード": 29, "市区町村コード": 205, "所在地": "奈良県橿原市上品寺町２０４－１", "緯度": 34.519583, "経度": 135.793785, "url": "https://www.iryou.teikyouseido.mhlw.go.jp/znk-web/juminkanja/S2430/initialize?prefCd=29&kikanCd=2041300000&kikanKbn=2", "url2": "http://www.kawahara-cc.jp/", "内容": "かわはらこどもクリニック【2:診療所】【診療科目:小児科_アレルギー科】奈良県橿原市上品寺町２０４－１" }, "geometry": { "type": "Point", "coordinates": [ 135.793785, 34.519583 ] } },
{ "type": "Feature", "properties": { "ID": 2922041400000, "正式名称": "医療法人竹川内科クリニック", "機関区分": 2, "都道府県コード": 29, "市区町村コード": 205, "所在地": "奈良県橿原市内膳町五丁目３番５号コスモ大和八木１Ｆ", "緯度": 34.514778, "経度": 135.792674, "url": "https://www.iryou.teikyouseido.mhlw.go.jp/znk-web/juminkanja/S2430/initialize?prefCd=29&kikanCd=2041400000&kikanKbn=2", "url2": null, "内容": "医療法人竹川内科クリニック【2:診療所】【診療科目:内科_消化器内科_耳鼻いんこう科_精神科_心療内科】奈良県橿原市内膳町五丁目３番５号コスモ大和八木１Ｆ" }, "geometry": { "type": "Point", "coordinates": [ 135.792674, 34.514778 ] } },
{ "type": "Feature", "properties": { "ID": 2922041500000, "正式名称": "医療法人金泉会かないずみ胃腸科・内科", "機関区分": 2, "都道府県コード": 29, "市区町村コード": 343, "所在地": "奈良県生駒郡三郷町東信貴ケ丘一丁目８番２６号", "緯度": 34.605989, "経度": 135.7054, "url": "https://www.iryou.teikyouseido.mhlw.go.jp/znk-web/juminkanja/S2430/initialize?prefCd=29&kikanCd=2041500000&kikanKbn=2", "url2": "http://www4kcn.ne.jp/~donguri3/kmc/", "内容": "医療法人金泉会かないずみ胃腸科・内科【2:診療所】【診療科目:内科_消化器内科_乳腺外科】奈良県生駒郡三郷町東信貴ケ丘一丁目８番２６号" }, "geometry": { "type": "Point", "coordinates": [ 135.7054, 34.605989 ] } },
{ "type": "Feature", "properties": { "ID": 2922041600000, "正式名称": "医療法人　はしもと会　はしもとクリニック", "機関区分": 2, "都道府県コード": 29, "市区町村コード": 342, "所在地": "奈良県生駒郡平群町三里３８４－１", "緯度": 34.630515, "経度": 135.711537, "url": "https://www.iryou.teikyouseido.mhlw.go.jp/znk-web/juminkanja/S2430/initialize?prefCd=29&kikanCd=2041600000&kikanKbn=2", "url2": null, "内容": "医療法人　はしもと会　はしもとクリニック【2:診療所】【診療科目:内科_消化器内科】奈良県生駒郡平群町三里３８４－１" }, "geometry": { "type": "Point", "coordinates": [ 135.711537, 34.630515 ] } },
{ "type": "Feature", "properties": { "ID": 2922041700000, "正式名称": "川本耳鼻咽喉科", "機関区分": 2, "都道府県コード": 29, "市区町村コード": 203, "所在地": "奈良県大和郡山市高田町６番１", "緯度": 34.648181, "経度": 135.789446, "url": "https://www.iryou.teikyouseido.mhlw.go.jp/znk-web/juminkanja/S2430/initialize?prefCd=29&kikanCd=2041700000&kikanKbn=2", "url2": "https://www.kawamoto-ent.net", "内容": "川本耳鼻咽喉科【2:診療所】【診療科目:小児耳鼻いんこう科_耳鼻いんこう科_頭頸部・耳鼻いんこう科】奈良県大和郡山市高田町６番１" }, "geometry": { "type": "Point", "coordinates": [ 135.789446, 34.648181 ] } },
{ "type": "Feature", "properties": { "ID": 2922041800000, "正式名称": "八木医院", "機関区分": 2, "都道府県コード": 29, "市区町村コード": 203, "所在地": "奈良県大和郡山市今国府町１８３－１", "緯度": 34.619128, "経度": 135.768394, "url": "https://www.iryou.teikyouseido.mhlw.go.jp/znk-web/juminkanja/S2430/initialize?prefCd=29&kikanCd=2041800000&kikanKbn=2", "url2": "https://medicalnote.jp/hospitals/197731", "内容": "八木医院【2:診療所】【診療科目:内科_消化器内科_外科_肛門外科】奈良県大和郡山市今国府町１８３－１" }, "geometry": { "type": "Point", "coordinates": [ 135.768394, 34.619128 ] } },
{ "type": "Feature", "properties": { "ID": 2922042000000, "正式名称": "医療法人　とりい眼科", "機関区分": 2, "都道府県コード": 29, "市区町村コード": 206, "所在地": "奈良県桜井市大字川合２５６－２", "緯度": 34.514613, "経度": 135.846225, "url": "https://www.iryou.teikyouseido.mhlw.go.jp/znk-web/juminkanja/S2430/initialize?prefCd=29&kikanCd=2042000000&kikanKbn=2", "url2": "https://www.torii-ganka.com/", "内容": "医療法人　とりい眼科【2:診療所】【診療科目:眼科】奈良県桜井市大字川合２５６－２" }, "geometry": { "type": "Point", "coordinates": [ 135.846225, 34.514613 ] } },
{ "type": "Feature", "properties": { "ID": 2922042100000, "正式名称": "酢谷内科", "機関区分": 2, "都道府県コード": 29, "市区町村コード": 205, "所在地": "奈良県橿原市久米町６１５赤心ビル２Ｆ", "緯度": 34.483559, "経度": 135.790593, "url": "https://www.iryou.teikyouseido.mhlw.go.jp/znk-web/juminkanja/S2430/initialize?prefCd=29&kikanCd=2042100000&kikanKbn=2", "url2": null, "内容": "酢谷内科【2:診療所】【診療科目:内科_循環器内科】奈良県橿原市久米町６１５赤心ビル２Ｆ" }, "geometry": { "type": "Point", "coordinates": [ 135.790593, 34.483559 ] } },
{ "type": "Feature", "properties": { "ID": 2922042200000, "正式名称": "医療法人風天会森医院", "機関区分": 2, "都道府県コード": 29, "市区町村コード": 205, "所在地": "奈良県橿原市五条野町２２９４", "緯度": 34.473894, "経度": 135.803092, "url": "https://www.iryou.teikyouseido.mhlw.go.jp/znk-web/juminkanja/S2430/initialize?prefCd=29&kikanCd=2042200000&kikanKbn=2", "url2": "http://www.futen.or.jp/", "内容": "医療法人風天会森医院【2:診療所】【診療科目:内科_呼吸器内科_循環器内科_消化器内科_小児科_アレルギー科】奈良県橿原市五条野町２２９４" }, "geometry": { "type": "Point", "coordinates": [ 135.803092, 34.473894 ] } },
{ "type": "Feature", "properties": { "ID": 2922042300000, "正式名称": "医療法人　小嶌内科小児科", "機関区分": 2, "都道府県コード": 29, "市区町村コード": 363, "所在地": "奈良県磯城郡田原本町三笠１７番地の８", "緯度": 34.550636, "経度": 135.790062, "url": "https://www.iryou.teikyouseido.mhlw.go.jp/znk-web/juminkanja/S2430/initialize?prefCd=29&kikanCd=2042300000&kikanKbn=2", "url2": "http://www.kojima-clinic.info/", "内容": "医療法人　小嶌内科小児科【2:診療所】【診療科目:内科_消化器内科_小児科】奈良県磯城郡田原本町三笠１７番地の８" }, "geometry": { "type": "Point", "coordinates": [ 135.790062, 34.550636 ] } },
{ "type": "Feature", "properties": { "ID": 2922042400000, "正式名称": "医療法人井田会五位堂こころのクリニック", "機関区分": 2, "都道府県コード": 29, "市区町村コード": 210, "所在地": "奈良県香芝市瓦口２３３７番地", "緯度": 34.537247, "経度": 135.716846, "url": "https://www.iryou.teikyouseido.mhlw.go.jp/znk-web/juminkanja/S2430/initialize?prefCd=29&kikanCd=2042400000&kikanKbn=2", "url2": "http://park19.wakwak.com/~goido-kokoro/", "内容": "医療法人井田会五位堂こころのクリニック【2:診療所】【診療科目:精神科_心療内科】奈良県香芝市瓦口２３３７番地" }, "geometry": { "type": "Point", "coordinates": [ 135.716846, 34.537247 ] } },
{ "type": "Feature", "properties": { "ID": 2922042500000, "正式名称": "医療法人悠明会　郡山いむらクリニック", "機関区分": 2, "都道府県コード": 29, "市区町村コード": 203, "所在地": "奈良県大和郡山市田中町７６３", "緯度": 34.644653, "経度": 135.767948, "url": "https://www.iryou.teikyouseido.mhlw.go.jp/znk-web/juminkanja/S2430/initialize?prefCd=29&kikanCd=2042500000&kikanKbn=2", "url2": "http://www.imura-clinic.jp", "内容": "医療法人悠明会　郡山いむらクリニック【2:診療所】【診療科目:内科_整形外科_皮膚科】奈良県大和郡山市田中町７６３" }, "geometry": { "type": "Point", "coordinates": [ 135.767948, 34.644653 ] } },
{ "type": "Feature", "properties": { "ID": 2922042700000, "正式名称": "阪口クリニック", "機関区分": 2, "都道府県コード": 29, "市区町村コード": 205, "所在地": "奈良県橿原市北妙法寺町５２１", "緯度": 34.521139, "経度": 135.780147, "url": "https://www.iryou.teikyouseido.mhlw.go.jp/znk-web/juminkanja/S2430/initialize?prefCd=29&kikanCd=2042700000&kikanKbn=2", "url2": null, "内容": "阪口クリニック【2:診療所】【診療科目:内科_消化器内科_胃腸内科_外科_乳腺外科_肛門科】奈良県橿原市北妙法寺町５２１" }, "geometry": { "type": "Point", "coordinates": [ 135.780147, 34.521139 ] } },
{ "type": "Feature", "properties": { "ID": 2922042800000, "正式名称": "医療法人　但馬会　田口クリニック", "機関区分": 2, "都道府県コード": 29, "市区町村コード": 209, "所在地": "奈良県生駒市有里町３１番地", "緯度": 34.670121, "経度": 135.707508, "url": "https://www.iryou.teikyouseido.mhlw.go.jp/znk-web/juminkanja/S2430/initialize?prefCd=29&kikanCd=2042800000&kikanKbn=2", "url2": "http://www.myclinic.ne.jp/taguchiclinic/pc/index.html", "内容": "医療法人　但馬会　田口クリニック【2:診療所】【診療科目:内科_消化器内科_外科_整形外科_リハビリテーション科】奈良県生駒市有里町３１番地" }, "geometry": { "type": "Point", "coordinates": [ 135.707508, 34.670121 ] } },
{ "type": "Feature", "properties": { "ID": 2922042900000, "正式名称": "石川医院", "機関区分": 2, "都道府県コード": 29, "市区町村コード": 401, "所在地": "奈良県高市郡高取町下土佐３３１", "緯度": 34.447119, "経度": 135.797677, "url": "https://www.iryou.teikyouseido.mhlw.go.jp/znk-web/juminkanja/S2430/initialize?prefCd=29&kikanCd=2042900000&kikanKbn=2", "url2": null, "内容": "石川医院【2:診療所】【診療科目:皮膚科】奈良県高市郡高取町下土佐３３１" }, "geometry": { "type": "Point", "coordinates": [ 135.797677, 34.447119 ] } },
{ "type": "Feature", "properties": { "ID": 2922043000000, "正式名称": "中井整形外科クリニック", "機関区分": 2, "都道府県コード": 29, "市区町村コード": 205, "所在地": "奈良県橿原市曽我町１０５３番地１", "緯度": 34.519166, "経度": 135.774092, "url": "https://www.iryou.teikyouseido.mhlw.go.jp/znk-web/juminkanja/S2430/initialize?prefCd=29&kikanCd=2043000000&kikanKbn=2", "url2": null, "内容": "中井整形外科クリニック【2:診療所】【診療科目:整形外科_リウマチ科_リハビリテーション科】奈良県橿原市曽我町１０５３番地１" }, "geometry": { "type": "Point", "coordinates": [ 135.774092, 34.519166 ] } },
{ "type": "Feature", "properties": { "ID": 2922043100000, "正式名称": "たかしま泌尿器科", "機関区分": 2, "都道府県コード": 29, "市区町村コード": 205, "所在地": "奈良県橿原市内膳町１丁目１－５大通口ビル３階", "緯度": 34.512056, "経度": 135.793119, "url": "https://www.iryou.teikyouseido.mhlw.go.jp/znk-web/juminkanja/S2430/initialize?prefCd=29&kikanCd=2043100000&kikanKbn=2", "url2": "http://www.takashima-clinic.com", "内容": "たかしま泌尿器科【2:診療所】【診療科目:泌尿器科】奈良県橿原市内膳町１丁目１－５大通口ビル３階" }, "geometry": { "type": "Point", "coordinates": [ 135.793119, 34.512056 ] } },
{ "type": "Feature", "properties": { "ID": 2922043200000, "正式名称": "かわしま内科・外科・こどもクリニック", "機関区分": 2, "都道府県コード": 29, "市区町村コード": 210, "所在地": "奈良県香芝市旭ケ丘２丁目３０－４", "緯度": 34.554995, "経度": 135.693958, "url": "https://www.iryou.teikyouseido.mhlw.go.jp/znk-web/juminkanja/S2430/initialize?prefCd=29&kikanCd=2043200000&kikanKbn=2", "url2": "https://www.medic-grp.co.jp/doctor/kawashima/", "内容": "かわしま内科・外科・こどもクリニック【2:診療所】【診療科目:内科_胃腸内科_外科_小児科_小児外科_アレルギー科_放射線科】奈良県香芝市旭ケ丘２丁目３０－４" }, "geometry": { "type": "Point", "coordinates": [ 135.693958, 34.554995 ] } },
{ "type": "Feature", "properties": { "ID": 2922043300000, "正式名称": "医療法人植田医院", "機関区分": 2, "都道府県コード": 29, "市区町村コード": 209, "所在地": "奈良県生駒市小瀬町５９番地１", "緯度": 34.663733, "経度": 135.709508, "url": "https://www.iryou.teikyouseido.mhlw.go.jp/znk-web/juminkanja/S2430/initialize?prefCd=29&kikanCd=2043300000&kikanKbn=2", "url2": "https://uedaclinic.org", "内容": "医療法人植田医院【2:診療所】【診療科目:内科_眼科】奈良県生駒市小瀬町５９番地１" }, "geometry": { "type": "Point", "coordinates": [ 135.709508, 34.663733 ] } },
{ "type": "Feature", "properties": { "ID": 2922043400000, "正式名称": "医療法人　下村医院", "機関区分": 2, "都道府県コード": 29, "市区町村コード": 211, "所在地": "奈良県葛城市當麻４０－２", "緯度": 34.514805, "経度": 135.706459, "url": "https://www.iryou.teikyouseido.mhlw.go.jp/znk-web/juminkanja/S2430/initialize?prefCd=29&kikanCd=2043400000&kikanKbn=2", "url2": "https://www.shimomura-iin.com/", "内容": "医療法人　下村医院【2:診療所】【診療科目:内科_小児科】奈良県葛城市當麻４０－２" }, "geometry": { "type": "Point", "coordinates": [ 135.706459, 34.514805 ] } },
{ "type": "Feature", "properties": { "ID": 2922043500000, "正式名称": "医療法人風尚会やました医院", "機関区分": 2, "都道府県コード": 29, "市区町村コード": 209, "所在地": "奈良県生駒市南田原町１０３９", "緯度": 34.71395, "経度": 135.704506, "url": "https://www.iryou.teikyouseido.mhlw.go.jp/znk-web/juminkanja/S2430/initialize?prefCd=29&kikanCd=2043500000&kikanKbn=2", "url2": "ikoma-yamashitaiin.com", "内容": "医療法人風尚会やました医院【2:診療所】【診療科目:脳神経外科_リハビリテーション科】奈良県生駒市南田原町１０３９" }, "geometry": { "type": "Point", "coordinates": [ 135.704506, 34.71395 ] } },
{ "type": "Feature", "properties": { "ID": 2922043600000, "正式名称": "医療法人吉川会　吉川診療所", "機関区分": 2, "都道府県コード": 29, "市区町村コード": 208, "所在地": "奈良県御所市東松本８－１ＡＴＹビル１Ｆ", "緯度": 34.465255, "経度": 135.732543, "url": "https://www.iryou.teikyouseido.mhlw.go.jp/znk-web/juminkanja/S2430/initialize?prefCd=29&kikanCd=2043600000&kikanKbn=2", "url2": "http://www.yoshikawa-shinryousyo", "内容": "医療法人吉川会　吉川診療所【2:診療所】【診療科目:内科_消化器内科_神経内科_整形外科_小児科_皮膚科_精神科_リハビリテーション科_放射線科】奈良県御所市東松本８－１ＡＴＹビル１Ｆ" }, "geometry": { "type": "Point", "coordinates": [ 135.732543, 34.465255 ] } },
{ "type": "Feature", "properties": { "ID": 2922043700000, "正式名称": "医療法人幸風会くずもとファミリークリニック", "機関区分": 2, "都道府県コード": 29, "市区町村コード": 424, "所在地": "奈良県北葛城郡上牧町葛城台３丁目１２－２２", "緯度": 34.555662, "経度": 135.722095, "url": "https://www.iryou.teikyouseido.mhlw.go.jp/znk-web/juminkanja/S2430/initialize?prefCd=29&kikanCd=2043700000&kikanKbn=2", "url2": "http://www.kuzumoto_clinic.net/", "内容": "医療法人幸風会くずもとファミリークリニック【2:診療所】【診療科目:内科_消化器内科_外科_肛門外科_小児外科】奈良県北葛城郡上牧町葛城台３丁目１２－２２" }, "geometry": { "type": "Point", "coordinates": [ 135.722095, 34.555662 ] } },
{ "type": "Feature", "properties": { "ID": 2922043800000, "正式名称": "川本医院", "機関区分": 2, "都道府県コード": 29, "市区町村コード": 344, "所在地": "奈良県生駒郡斑鳩町阿波２－５－１", "緯度": 34.605796, "経度": 135.742563, "url": "https://www.iryou.teikyouseido.mhlw.go.jp/znk-web/juminkanja/S2430/initialize?prefCd=29&kikanCd=2043800000&kikanKbn=2", "url2": null, "内容": "川本医院【2:診療所】【診療科目:内科_消化器内科】奈良県生駒郡斑鳩町阿波２－５－１" }, "geometry": { "type": "Point", "coordinates": [ 135.742563, 34.605796 ] } },
{ "type": "Feature", "properties": { "ID": 2922043900000, "正式名称": "医療法人石誠会　いしむら整形外科", "機関区分": 2, "都道府県コード": 29, "市区町村コード": 342, "所在地": "奈良県生駒郡平群町三里３８５－２", "緯度": 34.629737, "経度": 135.706398, "url": "https://www.iryou.teikyouseido.mhlw.go.jp/znk-web/juminkanja/S2430/initialize?prefCd=29&kikanCd=2043900000&kikanKbn=2", "url2": "http://www.i-seikei.com/", "内容": "医療法人石誠会　いしむら整形外科【2:診療所】【診療科目:整形外科_リハビリテーション科】奈良県生駒郡平群町三里３８５－２" }, "geometry": { "type": "Point", "coordinates": [ 135.706398, 34.629737 ] } },
{ "type": "Feature", "properties": { "ID": 2922044100000, "正式名称": "まつだ眼科", "機関区分": 2, "都道府県コード": 29, "市区町村コード": 202, "所在地": "奈良県大和高田市神楽２－１－２３－４", "緯度": 34.520732, "経度": 135.742715, "url": "https://www.iryou.teikyouseido.mhlw.go.jp/znk-web/juminkanja/S2430/initialize?prefCd=29&kikanCd=2044100000&kikanKbn=2", "url2": "http://matsuda-eyeclinic.com/", "内容": "まつだ眼科【2:診療所】【診療科目:眼科】奈良県大和高田市神楽２－１－２３－４" }, "geometry": { "type": "Point", "coordinates": [ 135.742715, 34.520732 ] } },
{ "type": "Feature", "properties": { "ID": 2922044300000, "正式名称": "とみい眼科", "機関区分": 2, "都道府県コード": 29, "市区町村コード": 342, "所在地": "奈良県生駒郡平群町椿井７３４－１", "緯度": 34.612572, "経度": 135.707844, "url": "https://www.iryou.teikyouseido.mhlw.go.jp/znk-web/juminkanja/S2430/initialize?prefCd=29&kikanCd=2044300000&kikanKbn=2", "url2": "www.tomii-ganka.jp", "内容": "とみい眼科【2:診療所】【診療科目:眼科】奈良県生駒郡平群町椿井７３４－１" }, "geometry": { "type": "Point", "coordinates": [ 135.707844, 34.612572 ] } },
{ "type": "Feature", "properties": { "ID": 2922044400000, "正式名称": "医療法人藤井会　ふじい内科医院", "機関区分": 2, "都道府県コード": 29, "市区町村コード": 205, "所在地": "奈良県橿原市曽我町８４９－３", "緯度": 34.512556, "経度": 135.776509, "url": "https://www.iryou.teikyouseido.mhlw.go.jp/znk-web/juminkanja/S2430/initialize?prefCd=29&kikanCd=2044400000&kikanKbn=2", "url2": null, "内容": "医療法人藤井会　ふじい内科医院【2:診療所】【診療科目:内科_糖尿病内科_循環器内科_腎臓内科】奈良県橿原市曽我町８４９－３" }, "geometry": { "type": "Point", "coordinates": [ 135.776509, 34.512556 ] } },
{ "type": "Feature", "properties": { "ID": 2922044500000, "正式名称": "医療法人友愛会かつらぎクリニック", "機関区分": 2, "都道府県コード": 29, "市区町村コード": 211, "所在地": "奈良県葛城市北花内６１６番地の１", "緯度": 34.488252, "経度": 135.731014, "url": "https://www.iryou.teikyouseido.mhlw.go.jp/znk-web/juminkanja/S2430/initialize?prefCd=29&kikanCd=2044500000&kikanKbn=2", "url2": "http://www.youai-kai.com", "内容": "医療法人友愛会かつらぎクリニック【2:診療所】【診療科目:内科_小児科_皮膚科】奈良県葛城市北花内６１６番地の１" }, "geometry": { "type": "Point", "coordinates": [ 135.731014, 34.488252 ] } },
{ "type": "Feature", "properties": { "ID": 2922044600000, "正式名称": "医療法人康成会旭ヶ丘クリニック", "機関区分": 2, "都道府県コード": 29, "市区町村コード": 210, "所在地": "奈良県香芝市旭ケ丘５丁目３６－１", "緯度": 34.555828, "経度": 135.686181, "url": "https://www.iryou.teikyouseido.mhlw.go.jp/znk-web/juminkanja/S2430/initialize?prefCd=29&kikanCd=2044600000&kikanKbn=2", "url2": "http://www.kouseikai-med.com", "内容": "医療法人康成会旭ヶ丘クリニック【2:診療所】【診療科目:内科_腎臓内科】奈良県香芝市旭ケ丘５丁目３６－１" }, "geometry": { "type": "Point", "coordinates": [ 135.686181, 34.555828 ] } },
{ "type": "Feature", "properties": { "ID": 2922044700000, "正式名称": "医療法人かない眼科クリニック", "機関区分": 2, "都道府県コード": 29, "市区町村コード": 211, "所在地": "奈良県葛城市北花内６１６－８", "緯度": 34.488493, "経度": 135.730937, "url": "https://www.iryou.teikyouseido.mhlw.go.jp/znk-web/juminkanja/S2430/initialize?prefCd=29&kikanCd=2044700000&kikanKbn=2", "url2": null, "内容": "医療法人かない眼科クリニック【2:診療所】【診療科目:眼科】奈良県葛城市北花内６１６－８" }, "geometry": { "type": "Point", "coordinates": [ 135.730937, 34.488493 ] } },
{ "type": "Feature", "properties": { "ID": 2922044900000, "正式名称": "医療法人たかはしファミリークリニック", "機関区分": 2, "都道府県コード": 29, "市区町村コード": 204, "所在地": "奈良県天理市西井戸堂町４３９－５", "緯度": 34.58866, "経度": 135.817086, "url": "https://www.iryou.teikyouseido.mhlw.go.jp/znk-web/juminkanja/S2430/initialize?prefCd=29&kikanCd=2044900000&kikanKbn=2", "url2": "http://web1.kcn.jp/family-clinic", "内容": "医療法人たかはしファミリークリニック【2:診療所】【診療科目:内科_小児科_アレルギー科】奈良県天理市西井戸堂町４３９－５" }, "geometry": { "type": "Point", "coordinates": [ 135.817086, 34.58866 ] } },
{ "type": "Feature", "properties": { "ID": 2922045200000, "正式名称": "医療法人社団誠医会　安東内科医院", "機関区分": 2, "都道府県コード": 29, "市区町村コード": 205, "所在地": "奈良県橿原市山之坊町６９－１", "緯度": 34.515029, "経度": 135.809673, "url": "https://www.iryou.teikyouseido.mhlw.go.jp/znk-web/juminkanja/S2430/initialize?prefCd=29&kikanCd=2045200000&kikanKbn=2", "url2": "www.andoclinic.com", "内容": "医療法人社団誠医会　安東内科医院【2:診療所】【診療科目:内科_神経内科_リハビリテーション科】奈良県橿原市山之坊町６９－１" }, "geometry": { "type": "Point", "coordinates": [ 135.809673, 34.515029 ] } },
{ "type": "Feature", "properties": { "ID": 2922045500000, "正式名称": "おおさか耳鼻咽喉科", "機関区分": 2, "都道府県コード": 29, "市区町村コード": 344, "所在地": "奈良県生駒郡斑鳩町興留７－２－１２", "緯度": 34.602768, "経度": 135.738869, "url": "https://www.iryou.teikyouseido.mhlw.go.jp/znk-web/juminkanja/S2430/initialize?prefCd=29&kikanCd=2045500000&kikanKbn=2", "url2": null, "内容": "おおさか耳鼻咽喉科【2:診療所】【診療科目:耳鼻いんこう科】奈良県生駒郡斑鳩町興留７－２－１２" }, "geometry": { "type": "Point", "coordinates": [ 135.738869, 34.602768 ] } },
{ "type": "Feature", "properties": { "ID": 2922045600000, "正式名称": "医療法人　医昌会　まつたハートクリニック", "機関区分": 2, "都道府県コード": 29, "市区町村コード": 203, "所在地": "奈良県大和郡山市本庄町２４７－１", "緯度": 34.633238, "経度": 135.782864, "url": "https://www.iryou.teikyouseido.mhlw.go.jp/znk-web/juminkanja/S2430/initialize?prefCd=29&kikanCd=2045600000&kikanKbn=2", "url2": null, "内容": "医療法人　医昌会　まつたハートクリニック【2:診療所】【診療科目:内科_循環器内科_外科_心臓血管外科_リハビリテーション科】奈良県大和郡山市本庄町２４７－１" }, "geometry": { "type": "Point", "coordinates": [ 135.782864, 34.633238 ] } },
{ "type": "Feature", "properties": { "ID": 2922045700000, "正式名称": "宇陀市国民健康保険直営東里診療所", "機関区分": 2, "都道府県コード": 29, "市区町村コード": 212, "所在地": "奈良県宇陀市室生上笠間２９８２－１", "緯度": 34.612939, "経度": 136.030122, "url": "https://www.iryou.teikyouseido.mhlw.go.jp/znk-web/juminkanja/S2430/initialize?prefCd=29&kikanCd=2045700000&kikanKbn=2", "url2": "http://www.city.uda.nara.jp/kaigoanshin/kaigo_gidebook/iryokikan/ichiran_nyuingai/001.html", "内容": "宇陀市国民健康保険直営東里診療所【2:診療所】【診療科目:内科_整形外科】奈良県宇陀市室生上笠間２９８２－１" }, "geometry": { "type": "Point", "coordinates": [ 136.030122, 34.612939 ] } },
{ "type": "Feature", "properties": { "ID": 2922045800000, "正式名称": "宇陀市国民健康保険直営田口診療所", "機関区分": 2, "都道府県コード": 29, "市区町村コード": 212, "所在地": "奈良県宇陀市室生田口元上田口２０５４", "緯度": 34.509978, "経度": 136.052292, "url": "https://www.iryou.teikyouseido.mhlw.go.jp/znk-web/juminkanja/S2430/initialize?prefCd=29&kikanCd=2045800000&kikanKbn=2", "url2": null, "内容": "宇陀市国民健康保険直営田口診療所【2:診療所】【診療科目:内科_整形外科_小児科】奈良県宇陀市室生田口元上田口２０５４" }, "geometry": { "type": "Point", "coordinates": [ 136.052292, 34.509978 ] } },
{ "type": "Feature", "properties": { "ID": 2922045900000, "正式名称": "なんのレディースクリニック", "機関区分": 2, "都道府県コード": 29, "市区町村コード": 344, "所在地": "奈良県生駒郡斑鳩町興留５丁目１４－８", "緯度": 34.60324, "経度": 135.739814, "url": "https://www.iryou.teikyouseido.mhlw.go.jp/znk-web/juminkanja/S2430/initialize?prefCd=29&kikanCd=2045900000&kikanKbn=2", "url2": null, "内容": "なんのレディースクリニック【2:診療所】【診療科目:産婦人科_産科_婦人科】奈良県生駒郡斑鳩町興留５丁目１４－８" }, "geometry": { "type": "Point", "coordinates": [ 135.739814, 34.60324 ] } },
{ "type": "Feature", "properties": { "ID": 2922046100000, "正式名称": "まつきクリニック", "機関区分": 2, "都道府県コード": 29, "市区町村コード": 344, "所在地": "奈良県生駒郡斑鳩町法隆寺東１丁目５番１０号", "緯度": 34.613378, "経度": 135.741174, "url": "https://www.iryou.teikyouseido.mhlw.go.jp/znk-web/juminkanja/S2430/initialize?prefCd=29&kikanCd=2046100000&kikanKbn=2", "url2": null, "内容": "まつきクリニック【2:診療所】【診療科目:内科_泌尿器科】奈良県生駒郡斑鳩町法隆寺東１丁目５番１０号" }, "geometry": { "type": "Point", "coordinates": [ 135.741174, 34.613378 ] } },
{ "type": "Feature", "properties": { "ID": 2922046300000, "正式名称": "皮フ科大野クリニック", "機関区分": 2, "都道府県コード": 29, "市区町村コード": 206, "所在地": "奈良県桜井市桜井７２１－５", "緯度": 34.511641, "経度": 135.854003, "url": "https://www.iryou.teikyouseido.mhlw.go.jp/znk-web/juminkanja/S2430/initialize?prefCd=29&kikanCd=2046300000&kikanKbn=2", "url2": "http://www.hifu-oh33.com", "内容": "皮フ科大野クリニック【2:診療所】【診療科目:小児皮膚科_皮膚科_美容皮膚科】奈良県桜井市桜井７２１－５" }, "geometry": { "type": "Point", "coordinates": [ 135.854003, 34.511641 ] } },
{ "type": "Feature", "properties": { "ID": 2922046400000, "正式名称": "医療法人　いぬい耳鼻咽喉科", "機関区分": 2, "都道府県コード": 29, "市区町村コード": 206, "所在地": "奈良県桜井市三輪４７－１", "緯度": 34.522501, "経度": 135.843253, "url": "https://www.iryou.teikyouseido.mhlw.go.jp/znk-web/juminkanja/S2430/initialize?prefCd=29&kikanCd=2046400000&kikanKbn=2", "url2": null, "内容": "医療法人　いぬい耳鼻咽喉科【2:診療所】【診療科目:耳鼻いんこう科_気管食道・耳鼻いんこう科_頭頸部・耳鼻いんこう科_耳鼻咽喉科　気管食道科　アレルギー科_アレルギー科】奈良県桜井市三輪４７－１" }, "geometry": { "type": "Point", "coordinates": [ 135.843253, 34.522501 ] } },
{ "type": "Feature", "properties": { "ID": 2922046500000, "正式名称": "竹田内科クリニック", "機関区分": 2, "都道府県コード": 29, "市区町村コード": 425, "所在地": "奈良県北葛城郡王寺町久度２丁目３－１－３０２号", "緯度": 34.597962, "経度": 135.702789, "url": "https://www.iryou.teikyouseido.mhlw.go.jp/znk-web/juminkanja/S2430/initialize?prefCd=29&kikanCd=2046500000&kikanKbn=2", "url2": "https://takeda-naika.info/", "内容": "竹田内科クリニック【2:診療所】【診療科目:内科_循環器内科】奈良県北葛城郡王寺町久度２丁目３－１－３０２号" }, "geometry": { "type": "Point", "coordinates": [ 135.702789, 34.597962 ] } },
{ "type": "Feature", "properties": { "ID": 2922046600000, "正式名称": "ごいちクリニック", "機関区分": 2, "都道府県コード": 29, "市区町村コード": 442, "所在地": "奈良県吉野郡大淀町北野１９１３－６", "緯度": 34.394181, "経度": 135.822622, "url": "https://www.iryou.teikyouseido.mhlw.go.jp/znk-web/juminkanja/S2430/initialize?prefCd=29&kikanCd=2046600000&kikanKbn=2", "url2": null, "内容": "ごいちクリニック【2:診療所】【診療科目:内科_糖尿病内科_脂質代謝内科_呼吸器内科_循環器内科_消化器内科_内視鏡内科】奈良県吉野郡大淀町北野１９１３－６" }, "geometry": { "type": "Point", "coordinates": [ 135.822622, 34.394181 ] } },
{ "type": "Feature", "properties": { "ID": 2922046900000, "正式名称": "中島医院", "機関区分": 2, "都道府県コード": 29, "市区町村コード": 203, "所在地": "奈良県大和郡山市柳５丁目１６番地", "緯度": 34.642987, "経度": 135.783197, "url": "https://www.iryou.teikyouseido.mhlw.go.jp/znk-web/juminkanja/S2430/initialize?prefCd=29&kikanCd=2046900000&kikanKbn=2", "url2": null, "内容": "中島医院【2:診療所】【診療科目:内科_脳神経外科_リハビリテーション科】奈良県大和郡山市柳５丁目１６番地" }, "geometry": { "type": "Point", "coordinates": [ 135.783197, 34.642987 ] } },
{ "type": "Feature", "properties": { "ID": 2922047000000, "正式名称": "医療法人壮健会　安川クリニック", "機関区分": 2, "都道府県コード": 29, "市区町村コード": 426, "所在地": "奈良県北葛城郡広陵町馬見中５丁目１番１２号", "緯度": 34.54719, "経度": 135.721568, "url": "https://www.iryou.teikyouseido.mhlw.go.jp/znk-web/juminkanja/S2430/initialize?prefCd=29&kikanCd=2047000000&kikanKbn=2", "url2": null, "内容": "医療法人壮健会　安川クリニック【2:診療所】【診療科目:内科_整形外科_リハビリテーション科】奈良県北葛城郡広陵町馬見中５丁目１番１２号" }, "geometry": { "type": "Point", "coordinates": [ 135.721568, 34.54719 ] } },
{ "type": "Feature", "properties": { "ID": 2922047100000, "正式名称": "山科皮膚科医院", "機関区分": 2, "都道府県コード": 29, "市区町村コード": 203, "所在地": "奈良県大和郡山市高田町９２番１４号　ハーベス大和郡山店２階", "緯度": 34.647625, "経度": 135.791196, "url": "https://www.iryou.teikyouseido.mhlw.go.jp/znk-web/juminkanja/S2430/initialize?prefCd=29&kikanCd=2047100000&kikanKbn=2", "url2": "https://www.yamashina-hifuka.jp", "内容": "山科皮膚科医院【2:診療所】【診療科目:皮膚科】奈良県大和郡山市高田町９２番１４号　ハーベス大和郡山店２階" }, "geometry": { "type": "Point", "coordinates": [ 135.791196, 34.647625 ] } },
{ "type": "Feature", "properties": { "ID": 2922047200000, "正式名称": "阪倉クリニック", "機関区分": 2, "都道府県コード": 29, "市区町村コード": 209, "所在地": "奈良県生駒市白庭台３丁目１５番５号", "緯度": 34.72356, "経度": 135.715754, "url": "https://www.iryou.teikyouseido.mhlw.go.jp/znk-web/juminkanja/S2430/initialize?prefCd=29&kikanCd=2047200000&kikanKbn=2", "url2": "http://www.myclinic.ne.jp/sakakura", "内容": "阪倉クリニック【2:診療所】【診療科目:内科_外科_リハビリテーション科】奈良県生駒市白庭台３丁目１５番５号" }, "geometry": { "type": "Point", "coordinates": [ 135.715754, 34.72356 ] } },
{ "type": "Feature", "properties": { "ID": 2922047300000, "正式名称": "松本内科クリニック", "機関区分": 2, "都道府県コード": 29, "市区町村コード": 203, "所在地": "奈良県大和郡山市高田町９２－１４　ハーベス２Ｆ", "緯度": 34.647625, "経度": 135.791196, "url": "https://www.iryou.teikyouseido.mhlw.go.jp/znk-web/juminkanja/S2430/initialize?prefCd=29&kikanCd=2047300000&kikanKbn=2", "url2": null, "内容": "松本内科クリニック【2:診療所】【診療科目:内科_糖尿病内科_老年内科】奈良県大和郡山市高田町９２－１４　ハーベス２Ｆ" }, "geometry": { "type": "Point", "coordinates": [ 135.791196, 34.647625 ] } },
{ "type": "Feature", "properties": { "ID": 2922047700000, "正式名称": "山本医院", "機関区分": 2, "都道府県コード": 29, "市区町村コード": 211, "所在地": "奈良県葛城市八川１５３－１", "緯度": 34.508305, "経度": 135.71682, "url": "https://www.iryou.teikyouseido.mhlw.go.jp/znk-web/juminkanja/S2430/initialize?prefCd=29&kikanCd=2047700000&kikanKbn=2", "url2": "http://www.eonet.ne.jp/~ymcl/", "内容": "山本医院【2:診療所】【診療科目:内科_循環器内科_耳鼻いんこう科_美容皮膚科_リハビリテーション科】奈良県葛城市八川１５３－１" }, "geometry": { "type": "Point", "coordinates": [ 135.71682, 34.508305 ] } },
{ "type": "Feature", "properties": { "ID": 2922047800000, "正式名称": "クリニック神宮前", "機関区分": 2, "都道府県コード": 29, "市区町村コード": 205, "所在地": "奈良県橿原市内膳町５－４－４１　コンフォート八木１Ｆ", "緯度": 34.515639, "経度": 135.792591, "url": "https://www.iryou.teikyouseido.mhlw.go.jp/znk-web/juminkanja/S2430/initialize?prefCd=29&kikanCd=2047800000&kikanKbn=2", "url2": "http://clinic-takami.com/", "内容": "クリニック神宮前【2:診療所】【診療科目:内科_循環器内科_放射線科】奈良県橿原市内膳町５－４－４１　コンフォート八木１Ｆ" }, "geometry": { "type": "Point", "coordinates": [ 135.792591, 34.515639 ] } },
{ "type": "Feature", "properties": { "ID": 2922047900000, "正式名称": "耳鼻咽喉科いぬいクリニック", "機関区分": 2, "都道府県コード": 29, "市区町村コード": 205, "所在地": "奈良県橿原市大軽町１１６－６", "緯度": 34.479338, "経度": 135.796426, "url": "https://www.iryou.teikyouseido.mhlw.go.jp/znk-web/juminkanja/S2430/initialize?prefCd=29&kikanCd=2047900000&kikanKbn=2", "url2": null, "内容": "耳鼻咽喉科いぬいクリニック【2:診療所】【診療科目:耳鼻いんこう科_アレルギー科】奈良県橿原市大軽町１１６－６" }, "geometry": { "type": "Point", "coordinates": [ 135.796426, 34.479338 ] } },
{ "type": "Feature", "properties": { "ID": 2922048000000, "正式名称": "熊田内科クリニック", "機関区分": 2, "都道府県コード": 29, "市区町村コード": 212, "所在地": "奈良県宇陀市榛原天満台東１－１０－１３", "緯度": 34.545639, "経度": 135.973408, "url": "https://www.iryou.teikyouseido.mhlw.go.jp/znk-web/juminkanja/S2430/initialize?prefCd=29&kikanCd=2048000000&kikanKbn=2", "url2": null, "内容": "熊田内科クリニック【2:診療所】【診療科目:内科_循環器内科_消化器内科_小児科】奈良県宇陀市榛原天満台東１－１０－１３" }, "geometry": { "type": "Point", "coordinates": [ 135.973408, 34.545639 ] } },
{ "type": "Feature", "properties": { "ID": 2922048400000, "正式名称": "辻本内科メンタルクリニック", "機関区分": 2, "都道府県コード": 29, "市区町村コード": 205, "所在地": "奈良県橿原市木原町２３０番１", "緯度": 34.516417, "経度": 135.801035, "url": "https://www.iryou.teikyouseido.mhlw.go.jp/znk-web/juminkanja/S2430/initialize?prefCd=29&kikanCd=2048400000&kikanKbn=2", "url2": null, "内容": "辻本内科メンタルクリニック【2:診療所】【診療科目:内科_精神科_心療内科】奈良県橿原市木原町２３０番１" }, "geometry": { "type": "Point", "coordinates": [ 135.801035, 34.516417 ] } },
{ "type": "Feature", "properties": { "ID": 2922048500000, "正式名称": "生駒胃腸科肛門科診療所", "機関区分": 2, "都道府県コード": 29, "市区町村コード": 209, "所在地": "奈良県生駒市本町７－１０生駒医療ビル４階", "緯度": 34.691341, "経度": 135.697452, "url": "https://www.iryou.teikyouseido.mhlw.go.jp/znk-web/juminkanja/S2430/initialize?prefCd=29&kikanCd=2048500000&kikanKbn=2", "url2": "http://www.kenseikai-nara.jp", "内容": "生駒胃腸科肛門科診療所【2:診療所】【診療科目:胃腸内科_内視鏡内科_胃腸外科_肛門外科】奈良県生駒市本町７－１０生駒医療ビル４階" }, "geometry": { "type": "Point", "coordinates": [ 135.697452, 34.691341 ] } },
{ "type": "Feature", "properties": { "ID": 2922048600000, "正式名称": "いこま駅前クリニック", "機関区分": 2, "都道府県コード": 29, "市区町村コード": 209, "所在地": "奈良県生駒市本町７－１０", "緯度": 34.691341, "経度": 135.697313, "url": "https://www.iryou.teikyouseido.mhlw.go.jp/znk-web/juminkanja/S2430/initialize?prefCd=29&kikanCd=2048600000&kikanKbn=2", "url2": null, "内容": "いこま駅前クリニック【2:診療所】【診療科目:内科_精神科_心療内科】奈良県生駒市本町７－１０" }, "geometry": { "type": "Point", "coordinates": [ 135.697313, 34.691341 ] } },
{ "type": "Feature", "properties": { "ID": 2922048700000, "正式名称": "医療法人松本眼科", "機関区分": 2, "都道府県コード": 29, "市区町村コード": 203, "所在地": "奈良県大和郡山市小泉町東２丁目５－４", "緯度": 34.621516, "経度": 135.764033, "url": "https://www.iryou.teikyouseido.mhlw.go.jp/znk-web/juminkanja/S2430/initialize?prefCd=29&kikanCd=2048700000&kikanKbn=2", "url2": "http://www.eonet.ne.jp/~matsumoto-eye/", "内容": "医療法人松本眼科【2:診療所】【診療科目:眼科】奈良県大和郡山市小泉町東２丁目５－４" }, "geometry": { "type": "Point", "coordinates": [ 135.764033, 34.621516 ] } },
{ "type": "Feature", "properties": { "ID": 2922048800000, "正式名称": "医療法人下里クリニック", "機関区分": 2, "都道府県コード": 29, "市区町村コード": 205, "所在地": "奈良県橿原市菖蒲町４丁目９番１６号", "緯度": 34.475866, "経度": 135.80723, "url": "https://www.iryou.teikyouseido.mhlw.go.jp/znk-web/juminkanja/S2430/initialize?prefCd=29&kikanCd=2048800000&kikanKbn=2", "url2": null, "内容": "医療法人下里クリニック【2:診療所】【診療科目:内科_婦人科_リハビリテーション科_放射線科】奈良県橿原市菖蒲町４丁目９番１６号" }, "geometry": { "type": "Point", "coordinates": [ 135.80723, 34.475866 ] } },
{ "type": "Feature", "properties": { "ID": 2922048900000, "正式名称": "医療法人博郁会　岩田ペインクリニック内科", "機関区分": 2, "都道府県コード": 29, "市区町村コード": 425, "所在地": "奈良県北葛城郡王寺町王寺２－６－４　クレール吉田３Ｆ", "緯度": 34.596463, "経度": 135.705872, "url": "https://www.iryou.teikyouseido.mhlw.go.jp/znk-web/juminkanja/S2430/initialize?prefCd=29&kikanCd=2048900000&kikanKbn=2", "url2": "http://www.oji-med", "内容": "医療法人博郁会　岩田ペインクリニック内科【2:診療所】【診療科目:内科_ペインクリニック内科_麻酔科】奈良県北葛城郡王寺町王寺２－６－４　クレール吉田３Ｆ" }, "geometry": { "type": "Point", "coordinates": [ 135.705872, 34.596463 ] } },
{ "type": "Feature", "properties": { "ID": 2922049000000, "正式名称": "山下内科クリニック", "機関区分": 2, "都道府県コード": 29, "市区町村コード": 427, "所在地": "奈良県北葛城郡河合町西山台５２５－５", "緯度": 34.581687, "経度": 135.730343, "url": "https://www.iryou.teikyouseido.mhlw.go.jp/znk-web/juminkanja/S2430/initialize?prefCd=29&kikanCd=2049000000&kikanKbn=2", "url2": "http://www.yamashitacl.com", "内容": "山下内科クリニック【2:診療所】【診療科目:内科_循環器内科】奈良県北葛城郡河合町西山台５２５－５" }, "geometry": { "type": "Point", "coordinates": [ 135.730343, 34.581687 ] } },
{ "type": "Feature", "properties": { "ID": 2922049200000, "正式名称": "医療法人　岩井内科・皮膚科", "機関区分": 2, "都道府県コード": 29, "市区町村コード": 207, "所在地": "奈良県五條市今井２丁目２番１２号", "緯度": 34.354794, "経度": 135.703606, "url": "https://www.iryou.teikyouseido.mhlw.go.jp/znk-web/juminkanja/S2430/initialize?prefCd=29&kikanCd=2049200000&kikanKbn=2", "url2": null, "内容": "医療法人　岩井内科・皮膚科【2:診療所】【診療科目:内科_循環器内科_皮膚科_リハビリテーション科】奈良県五條市今井２丁目２番１２号" }, "geometry": { "type": "Point", "coordinates": [ 135.703606, 34.354794 ] } },
{ "type": "Feature", "properties": { "ID": 2922049300000, "正式名称": "医療法人　南平整形外科", "機関区分": 2, "都道府県コード": 29, "市区町村コード": 211, "所在地": "奈良県葛城市尺土９－１０あすかビル１階", "緯度": 34.508417, "経度": 135.72293, "url": "https://www.iryou.teikyouseido.mhlw.go.jp/znk-web/juminkanja/S2430/initialize?prefCd=29&kikanCd=2049300000&kikanKbn=2", "url2": "https://nampei.or.jp/", "内容": "医療法人　南平整形外科【2:診療所】【診療科目:整形外科_リウマチ科_リハビリテーション科】奈良県葛城市尺土９－１０あすかビル１階" }, "geometry": { "type": "Point", "coordinates": [ 135.72293, 34.508417 ] } },
{ "type": "Feature", "properties": { "ID": 2922049500000, "正式名称": "おおさかクリニック", "機関区分": 2, "都道府県コード": 29, "市区町村コード": 203, "所在地": "奈良県大和郡山市小泉町東３丁目６－１", "緯度": 34.620794, "経度": 135.763755, "url": "https://www.iryou.teikyouseido.mhlw.go.jp/znk-web/juminkanja/S2430/initialize?prefCd=29&kikanCd=2049500000&kikanKbn=2", "url2": null, "内容": "おおさかクリニック【2:診療所】【診療科目:内科_小児科_耳鼻いんこう科】奈良県大和郡山市小泉町東３丁目６－１" }, "geometry": { "type": "Point", "coordinates": [ 135.763755, 34.620794 ] } },
{ "type": "Feature", "properties": { "ID": 2922049600000, "正式名称": "医療法人泰山会　福西クリニック", "機関区分": 2, "都道府県コード": 29, "市区町村コード": 443, "所在地": "奈良県吉野郡下市町新住１５５ー１", "緯度": 34.380793, "経度": 135.782737, "url": "https://www.iryou.teikyouseido.mhlw.go.jp/znk-web/juminkanja/S2430/initialize?prefCd=29&kikanCd=2049600000&kikanKbn=2", "url2": "http://taizankai.or.jp", "内容": "医療法人泰山会　福西クリニック【2:診療所】【診療科目:内科_消化器内科_皮膚科_リハビリテーション科】奈良県吉野郡下市町新住１５５ー１" }, "geometry": { "type": "Point", "coordinates": [ 135.782737, 34.380793 ] } },
{ "type": "Feature", "properties": { "ID": 2922049800000, "正式名称": "公益社団法人　地域医療振興協会　明日香村国民健康保険診療所", "機関区分": 2, "都道府県コード": 29, "市区町村コード": 402, "所在地": "奈良県高市郡明日香村立部７４５番地", "緯度": 34.467978, "経度": 135.814314, "url": "https://www.iryou.teikyouseido.mhlw.go.jp/znk-web/juminkanja/S2430/initialize?prefCd=29&kikanCd=2049800000&kikanKbn=2", "url2": null, "内容": "公益社団法人　地域医療振興協会　明日香村国民健康保険診療所【2:診療所】【診療科目:内科_外科_整形外科_小児科】奈良県高市郡明日香村立部７４５番地" }, "geometry": { "type": "Point", "coordinates": [ 135.814314, 34.467978 ] } },
{ "type": "Feature", "properties": { "ID": 2922049900000, "正式名称": "医療法人康成会藤原京クリニック", "機関区分": 2, "都道府県コード": 29, "市区町村コード": 205, "所在地": "奈良県橿原市四分町２３番地", "緯度": 34.49603, "経度": 135.798397, "url": "https://www.iryou.teikyouseido.mhlw.go.jp/znk-web/juminkanja/S2430/initialize?prefCd=29&kikanCd=2049900000&kikanKbn=2", "url2": "https://www.kouseikai-med.com/fujiwarakyo/", "内容": "医療法人康成会藤原京クリニック【2:診療所】【診療科目:内科_人工透析内科】奈良県橿原市四分町２３番地" }, "geometry": { "type": "Point", "coordinates": [ 135.798397, 34.49603 ] } },
{ "type": "Feature", "properties": { "ID": 2922050000000, "正式名称": "まえだ耳鼻咽喉科クリニック", "機関区分": 2, "都道府県コード": 29, "市区町村コード": 205, "所在地": "奈良県橿原市北八木町３丁目４番３２号", "緯度": 34.512918, "経度": 135.798063, "url": "https://www.iryou.teikyouseido.mhlw.go.jp/znk-web/juminkanja/S2430/initialize?prefCd=29&kikanCd=2050000000&kikanKbn=2", "url2": "http://www.maeda-jibika.com", "内容": "まえだ耳鼻咽喉科クリニック【2:診療所】【診療科目:耳鼻いんこう科_アレルギー科】奈良県橿原市北八木町３丁目４番３２号" }, "geometry": { "type": "Point", "coordinates": [ 135.798063, 34.512918 ] } },
{ "type": "Feature", "properties": { "ID": 2922050200000, "正式名称": "中村医院", "機関区分": 2, "都道府県コード": 29, "市区町村コード": 202, "所在地": "奈良県大和高田市大谷６００", "緯度": 34.525471, "経度": 135.729374, "url": "https://www.iryou.teikyouseido.mhlw.go.jp/znk-web/juminkanja/S2430/initialize?prefCd=29&kikanCd=2050200000&kikanKbn=2", "url2": "https://www.nakamura-clinic2003.com/", "内容": "中村医院【2:診療所】【診療科目:内科_小児科_放射線科】奈良県大和高田市大谷６００" }, "geometry": { "type": "Point", "coordinates": [ 135.729374, 34.525471 ] } },
{ "type": "Feature", "properties": { "ID": 2922050400000, "正式名称": "井阪整形外科", "機関区分": 2, "都道府県コード": 29, "市区町村コード": 424, "所在地": "奈良県北葛城郡上牧町片岡台２－１３－１２", "緯度": 34.578187, "経度": 135.717289, "url": "https://www.iryou.teikyouseido.mhlw.go.jp/znk-web/juminkanja/S2430/initialize?prefCd=29&kikanCd=2050400000&kikanKbn=2", "url2": null, "内容": "井阪整形外科【2:診療所】【診療科目:整形外科_リウマチ科_リハビリテーション科】奈良県北葛城郡上牧町片岡台２－１３－１２" }, "geometry": { "type": "Point", "coordinates": [ 135.717289, 34.578187 ] } },
{ "type": "Feature", "properties": { "ID": 2922050500000, "正式名称": "橋本クリニック", "機関区分": 2, "都道府県コード": 29, "市区町村コード": 205, "所在地": "奈良県橿原市八木町１－７－３０", "緯度": 34.509862, "経度": 135.792786, "url": "https://www.iryou.teikyouseido.mhlw.go.jp/znk-web/juminkanja/S2430/initialize?prefCd=29&kikanCd=2050500000&kikanKbn=2", "url2": "http://www.hashimotoclinic.net/index.html", "内容": "橋本クリニック【2:診療所】【診療科目:内科_脳神経外科_小児外科_リハビリテーション科】奈良県橿原市八木町１－７－３０" }, "geometry": { "type": "Point", "coordinates": [ 135.792786, 34.509862 ] } },
{ "type": "Feature", "properties": { "ID": 2922050700000, "正式名称": "石井医院", "機関区分": 2, "都道府県コード": 29, "市区町村コード": 426, "所在地": "奈良県北葛城郡広陵町萱野６７７－１", "緯度": 34.566828, "経度": 135.751342, "url": "https://www.iryou.teikyouseido.mhlw.go.jp/znk-web/juminkanja/S2430/initialize?prefCd=29&kikanCd=2050700000&kikanKbn=2", "url2": null, "内容": "石井医院【2:診療所】【診療科目:内科_小児科_リハビリテーション科_放射線科】奈良県北葛城郡広陵町萱野６７７－１" }, "geometry": { "type": "Point", "coordinates": [ 135.751342, 34.566828 ] } },
{ "type": "Feature", "properties": { "ID": 2922050800000, "正式名称": "おおすみ内科医院", "機関区分": 2, "都道府県コード": 29, "市区町村コード": 205, "所在地": "奈良県橿原市石原田町１６０－６", "緯度": 34.513973, "経度": 135.816172, "url": "https://www.iryou.teikyouseido.mhlw.go.jp/znk-web/juminkanja/S2430/initialize?prefCd=29&kikanCd=2050800000&kikanKbn=2", "url2": null, "内容": "おおすみ内科医院【2:診療所】【診療科目:内科_消化器内科】奈良県橿原市石原田町１６０－６" }, "geometry": { "type": "Point", "coordinates": [ 135.816172, 34.513973 ] } },
{ "type": "Feature", "properties": { "ID": 2922050900000, "正式名称": "王寺眼科耳鼻咽喉科医院", "機関区分": 2, "都道府県コード": 29, "市区町村コード": 425, "所在地": "奈良県北葛城郡王寺町久度５丁目２番１２号", "緯度": 34.596554, "経度": 135.698453, "url": "https://www.iryou.teikyouseido.mhlw.go.jp/znk-web/juminkanja/S2430/initialize?prefCd=29&kikanCd=2050900000&kikanKbn=2", "url2": null, "内容": "王寺眼科耳鼻咽喉科医院【2:診療所】【診療科目:眼科】奈良県北葛城郡王寺町久度５丁目２番１２号" }, "geometry": { "type": "Point", "coordinates": [ 135.698453, 34.596554 ] } },
{ "type": "Feature", "properties": { "ID": 2922051000000, "正式名称": "医療法人やわらぎ会やわらぎクリニック", "機関区分": 2, "都道府県コード": 29, "市区町村コード": 343, "所在地": "奈良県生駒郡三郷町立野南２丁目８番１２号", "緯度": 34.589907, "経度": 135.686819, "url": "https://www.iryou.teikyouseido.mhlw.go.jp/znk-web/juminkanja/S2430/initialize?prefCd=29&kikanCd=2051000000&kikanKbn=2", "url2": "http://www.yawaragikai.jp/", "内容": "医療法人やわらぎ会やわらぎクリニック【2:診療所】【診療科目:内科_整形外科_小児科_リハビリテーション科】奈良県生駒郡三郷町立野南２丁目８番１２号" }, "geometry": { "type": "Point", "coordinates": [ 135.686819, 34.589907 ] } },
{ "type": "Feature", "properties": { "ID": 2922051200000, "正式名称": "医療法人坂根医院", "機関区分": 2, "都道府県コード": 29, "市区町村コード": 363, "所在地": "奈良県磯城郡田原本町矢部３３７番地１", "緯度": 34.538581, "経度": 135.784952, "url": "https://www.iryou.teikyouseido.mhlw.go.jp/znk-web/juminkanja/S2430/initialize?prefCd=29&kikanCd=2051200000&kikanKbn=2", "url2": "http://www.eonet.ne.jp/~sakane-clinic/", "内容": "医療法人坂根医院【2:診療所】【診療科目:内科_呼吸器内科_小児科_アレルギー科_リハビリテーション科】奈良県磯城郡田原本町矢部３３７番地１" }, "geometry": { "type": "Point", "coordinates": [ 135.784952, 34.538581 ] } },
{ "type": "Feature", "properties": { "ID": 2922051300000, "正式名称": "大佐古医院", "機関区分": 2, "都道府県コード": 29, "市区町村コード": 205, "所在地": "奈良県橿原市内膳町２丁目４番１号", "緯度": 34.51064, "経度": 135.789814, "url": "https://www.iryou.teikyouseido.mhlw.go.jp/znk-web/juminkanja/S2430/initialize?prefCd=29&kikanCd=2051300000&kikanKbn=2", "url2": "http://web1.kcn.jp/oosakoiin/", "内容": "大佐古医院【2:診療所】【診療科目:リハビリテーション科】奈良県橿原市内膳町２丁目４番１号" }, "geometry": { "type": "Point", "coordinates": [ 135.789814, 34.51064 ] } },
{ "type": "Feature", "properties": { "ID": 2922051400000, "正式名称": "医療法人豊生会トミークリニック", "機関区分": 2, "都道府県コード": 29, "市区町村コード": 442, "所在地": "奈良県吉野郡大淀町矢走６６６番地の６", "緯度": 34.404957, "経度": 135.785847, "url": "https://www.iryou.teikyouseido.mhlw.go.jp/znk-web/juminkanja/S2430/initialize?prefCd=29&kikanCd=2051400000&kikanKbn=2", "url2": null, "内容": "医療法人豊生会トミークリニック【2:診療所】【診療科目:内科_心療内科_リハビリテーション科_放射線科】奈良県吉野郡大淀町矢走６６６番地の６" }, "geometry": { "type": "Point", "coordinates": [ 135.785847, 34.404957 ] } },
{ "type": "Feature", "properties": { "ID": 2922051500000, "正式名称": "医療法人西井会西井クリニック", "機関区分": 2, "都道府県コード": 29, "市区町村コード": 205, "所在地": "奈良県橿原市光陽町１００番地の２１", "緯度": 34.486003, "経度": 135.766372, "url": "https://www.iryou.teikyouseido.mhlw.go.jp/znk-web/juminkanja/S2430/initialize?prefCd=29&kikanCd=2051500000&kikanKbn=2", "url2": null, "内容": "医療法人西井会西井クリニック【2:診療所】【診療科目:内科_糖尿病内科_循環器内科_腎臓内科_循環器外科_心臓血管外科_リハビリテーション科】奈良県橿原市光陽町１００番地の２１" }, "geometry": { "type": "Point", "coordinates": [ 135.766372, 34.486003 ] } },
{ "type": "Feature", "properties": { "ID": 2922051700000, "正式名称": "日の出診療所", "機関区分": 2, "都道府県コード": 29, "市区町村コード": 202, "所在地": "奈良県大和高田市日之出町１１番６号", "緯度": 34.521138, "経度": 135.748205, "url": "https://www.iryou.teikyouseido.mhlw.go.jp/znk-web/juminkanja/S2430/initialize?prefCd=29&kikanCd=2051700000&kikanKbn=2", "url2": "http://www2.kenseikai-nara.jp/hinode/index.html", "内容": "日の出診療所【2:診療所】【診療科目:内科_眼科】奈良県大和高田市日之出町１１番６号" }, "geometry": { "type": "Point", "coordinates": [ 135.748205, 34.521138 ] } },
{ "type": "Feature", "properties": { "ID": 2922051800000, "正式名称": "医療法人芳隆会　八嶌医院", "機関区分": 2, "都道府県コード": 29, "市区町村コード": 205, "所在地": "奈良県橿原市内膳町２丁目１番３０号", "緯度": 34.510557, "経度": 135.790536, "url": "https://www.iryou.teikyouseido.mhlw.go.jp/znk-web/juminkanja/S2430/initialize?prefCd=29&kikanCd=2051800000&kikanKbn=2", "url2": "yashima2195.byoinnavi.jp/PC/", "内容": "医療法人芳隆会　八嶌医院【2:診療所】【診療科目:内科_小児科_放射線科】奈良県橿原市内膳町２丁目１番３０号" }, "geometry": { "type": "Point", "coordinates": [ 135.790536, 34.510557 ] } },
{ "type": "Feature", "properties": { "ID": 2922051900000, "正式名称": "医療法人　へんみ眼科クリニック", "機関区分": 2, "都道府県コード": 29, "市区町村コード": 210, "所在地": "奈良県香芝市瓦口香芝市瓦口２３１０番地", "緯度": 34.535299, "経度": 135.719209, "url": "https://www.iryou.teikyouseido.mhlw.go.jp/znk-web/juminkanja/S2430/initialize?prefCd=29&kikanCd=2051900000&kikanKbn=2", "url2": "henmiganka.sakura.ne.jp", "内容": "医療法人　へんみ眼科クリニック【2:診療所】【診療科目:眼科】奈良県香芝市瓦口香芝市瓦口２３１０番地" }, "geometry": { "type": "Point", "coordinates": [ 135.719209, 34.535299 ] } },
{ "type": "Feature", "properties": { "ID": 2922052100000, "正式名称": "医療法人正和会野村医院", "機関区分": 2, "都道府県コード": 29, "市区町村コード": 322, "所在地": "奈良県山辺郡山添村大西５０２番地の１", "緯度": 34.680959, "経度": 136.041424, "url": "https://www.iryou.teikyouseido.mhlw.go.jp/znk-web/juminkanja/S2430/initialize?prefCd=29&kikanCd=2052100000&kikanKbn=2", "url2": "https://nomuraclinic.pro/", "内容": "医療法人正和会野村医院【2:診療所】【診療科目:内科_糖尿病内科_循環器内科_腎臓内科_リウマチ科】奈良県山辺郡山添村大西５０２番地の１" }, "geometry": { "type": "Point", "coordinates": [ 136.041424, 34.680959 ] } },
{ "type": "Feature", "properties": { "ID": 2922052200000, "正式名称": "医療法人吉生会吉井整形外科医院", "機関区分": 2, "都道府県コード": 29, "市区町村コード": 212, "所在地": "奈良県宇陀市榛原福地３７４番地１", "緯度": 34.533138, "経度": 135.963673, "url": "https://www.iryou.teikyouseido.mhlw.go.jp/znk-web/juminkanja/S2430/initialize?prefCd=29&kikanCd=2052200000&kikanKbn=2", "url2": "www.yoshii-seikei.or.jp", "内容": "医療法人吉生会吉井整形外科医院【2:診療所】【診療科目:内科_外科_整形外科_リウマチ科_リハビリテーション科_放射線科】奈良県宇陀市榛原福地３７４番地１" }, "geometry": { "type": "Point", "coordinates": [ 135.963673, 34.533138 ] } },
{ "type": "Feature", "properties": { "ID": 2922052300000, "正式名称": "むらかみ小児科", "機関区分": 2, "都道府県コード": 29, "市区町村コード": 427, "所在地": "奈良県北葛城郡河合町広瀬台３丁目３番地６", "緯度": 34.585047, "経度": 135.72051, "url": "https://www.iryou.teikyouseido.mhlw.go.jp/znk-web/juminkanja/S2430/initialize?prefCd=29&kikanCd=2052300000&kikanKbn=2", "url2": "www.murakamishounika.jp", "内容": "むらかみ小児科【2:診療所】【診療科目:小児科_皮膚科_アレルギー科】奈良県北葛城郡河合町広瀬台３丁目３番地６" }, "geometry": { "type": "Point", "coordinates": [ 135.72051, 34.585047 ] } },
{ "type": "Feature", "properties": { "ID": 2922052500000, "正式名称": "山下皮膚科クリニック", "機関区分": 2, "都道府県コード": 29, "市区町村コード": 427, "所在地": "奈良県北葛城郡河合町西山台５２５－１", "緯度": 34.58177, "経度": 135.730704, "url": "https://www.iryou.teikyouseido.mhlw.go.jp/znk-web/juminkanja/S2430/initialize?prefCd=29&kikanCd=2052500000&kikanKbn=2", "url2": "http://www.yamashitacl.com", "内容": "山下皮膚科クリニック【2:診療所】【診療科目:皮膚科_アレルギー科】奈良県北葛城郡河合町西山台５２５－１" }, "geometry": { "type": "Point", "coordinates": [ 135.730704, 34.58177 ] } },
{ "type": "Feature", "properties": { "ID": 2922053100000, "正式名称": "一般社団法人　葛城メディカルセンター", "機関区分": 2, "都道府県コード": 29, "市区町村コード": 202, "所在地": "奈良県大和高田市西町１番地４５大和高田市保健センター３階", "緯度": 34.516027, "経度": 135.740179, "url": "https://www.iryou.teikyouseido.mhlw.go.jp/znk-web/juminkanja/S2430/initialize?prefCd=29&kikanCd=2053100000&kikanKbn=2", "url2": null, "内容": "一般社団法人　葛城メディカルセンター【2:診療所】【診療科目:内科】奈良県大和高田市西町１番地４５大和高田市保健センター３階" }, "geometry": { "type": "Point", "coordinates": [ 135.740179, 34.516027 ] } },
{ "type": "Feature", "properties": { "ID": 2922053400000, "正式名称": "医療法人　黄クリニック", "機関区分": 2, "都道府県コード": 29, "市区町村コード": 202, "所在地": "奈良県大和高田市神楽２丁目１２番３４号", "緯度": 34.52286, "経度": 135.742984, "url": "https://www.iryou.teikyouseido.mhlw.go.jp/znk-web/juminkanja/S2430/initialize?prefCd=29&kikanCd=2053400000&kikanKbn=2", "url2": null, "内容": "医療法人　黄クリニック【2:診療所】【診療科目:内科_呼吸器内科_循環器内科_消化器内科_肛門外科】奈良県大和高田市神楽２丁目１２番３４号" }, "geometry": { "type": "Point", "coordinates": [ 135.742984, 34.52286 ] } },
{ "type": "Feature", "properties": { "ID": 2922053500000, "正式名称": "医療法人　田中医院", "機関区分": 2, "都道府県コード": 29, "市区町村コード": 202, "所在地": "奈良県大和高田市幸町２丁目１８番地大和高田アーバンコンフォート１階", "緯度": 34.516944, "経度": 135.745373, "url": "https://www.iryou.teikyouseido.mhlw.go.jp/znk-web/juminkanja/S2430/initialize?prefCd=29&kikanCd=2053500000&kikanKbn=2", "url2": null, "内容": "医療法人　田中医院【2:診療所】【診療科目:内科_外科_小児科_皮膚科_泌尿器科_リハビリテーション科】奈良県大和高田市幸町２丁目１８番地大和高田アーバンコンフォート１階" }, "geometry": { "type": "Point", "coordinates": [ 135.745373, 34.516944 ] } },
{ "type": "Feature", "properties": { "ID": 2922053600000, "正式名称": "医療法人中谷診療所", "機関区分": 2, "都道府県コード": 29, "市区町村コード": 202, "所在地": "奈良県大和高田市春日町２丁目１－６０", "緯度": 34.504306, "経度": 135.739457, "url": "https://www.iryou.teikyouseido.mhlw.go.jp/znk-web/juminkanja/S2430/initialize?prefCd=29&kikanCd=2053600000&kikanKbn=2", "url2": null, "内容": "医療法人中谷診療所【2:診療所】【診療科目:内科_小児科】奈良県大和高田市春日町２丁目１－６０" }, "geometry": { "type": "Point", "coordinates": [ 135.739457, 34.504306 ] } },
{ "type": "Feature", "properties": { "ID": 2922053700000, "正式名称": "医療法人　前之園診療所", "機関区分": 2, "都道府県コード": 29, "市区町村コード": 202, "所在地": "奈良県大和高田市土庫１－１３－１３", "緯度": 34.524166, "経度": 135.7509, "url": "https://www.iryou.teikyouseido.mhlw.go.jp/znk-web/juminkanja/S2430/initialize?prefCd=29&kikanCd=2053700000&kikanKbn=2", "url2": null, "内容": "医療法人　前之園診療所【2:診療所】【診療科目:内科_小児科】奈良県大和高田市土庫１－１３－１３" }, "geometry": { "type": "Point", "coordinates": [ 135.7509, 34.524166 ] } },
{ "type": "Feature", "properties": { "ID": 2922053800000, "正式名称": "医療法人松田医院", "機関区分": 2, "都道府県コード": 29, "市区町村コード": 202, "所在地": "奈良県大和高田市本郷町１０番２７号", "緯度": 34.513667, "経度": 135.745317, "url": "https://www.iryou.teikyouseido.mhlw.go.jp/znk-web/juminkanja/S2430/initialize?prefCd=29&kikanCd=2053800000&kikanKbn=2", "url2": null, "内容": "医療法人松田医院【2:診療所】【診療科目:内科_小児科】奈良県大和高田市本郷町１０番２７号" }, "geometry": { "type": "Point", "coordinates": [ 135.745317, 34.513667 ] } },
{ "type": "Feature", "properties": { "ID": 2922053900000, "正式名称": "社会医療法人健生会　土庫こども診療所", "機関区分": 2, "都道府県コード": 29, "市区町村コード": 202, "所在地": "奈良県大和高田市日之出町１３－３", "緯度": 34.521805, "経度": 135.749039, "url": "https://www.iryou.teikyouseido.mhlw.go.jp/znk-web/juminkanja/S2430/initialize?prefCd=29&kikanCd=2053900000&kikanKbn=2", "url2": "https://kenseikai-nara.or.jp/kodomo", "内容": "社会医療法人健生会　土庫こども診療所【2:診療所】【診療科目:小児科】奈良県大和高田市日之出町１３－３" }, "geometry": { "type": "Point", "coordinates": [ 135.749039, 34.521805 ] } },
{ "type": "Feature", "properties": { "ID": 2922054000000, "正式名称": "医療法人春日医院", "機関区分": 2, "都道府県コード": 29, "市区町村コード": 202, "所在地": "奈良県大和高田市東中２丁目４番１号", "緯度": 34.502418, "経度": 135.739207, "url": "https://www.iryou.teikyouseido.mhlw.go.jp/znk-web/juminkanja/S2430/initialize?prefCd=29&kikanCd=2054000000&kikanKbn=2", "url2": "http://www.mahoroba.ne.jp/~kasuga/", "内容": "医療法人春日医院【2:診療所】【診療科目:内科_呼吸器内科_小児科】奈良県大和高田市東中２丁目４番１号" }, "geometry": { "type": "Point", "coordinates": [ 135.739207, 34.502418 ] } },
{ "type": "Feature", "properties": { "ID": 2922054100000, "正式名称": "医療法人翠悠会　高田診療所", "機関区分": 2, "都道府県コード": 29, "市区町村コード": 202, "所在地": "奈良県大和高田市西町１番２６号", "緯度": 34.515583, "経度": 135.739206, "url": "https://www.iryou.teikyouseido.mhlw.go.jp/znk-web/juminkanja/S2430/initialize?prefCd=29&kikanCd=2054100000&kikanKbn=2", "url2": "http://www.suiyuukai.or.jp/clinic/takada.html", "内容": "医療法人翠悠会　高田診療所【2:診療所】【診療科目:循環器内科】奈良県大和高田市西町１番２６号" }, "geometry": { "type": "Point", "coordinates": [ 135.739206, 34.515583 ] } },
{ "type": "Feature", "properties": { "ID": 2922054200000, "正式名称": "池田眼科医院", "機関区分": 2, "都道府県コード": 29, "市区町村コード": 202, "所在地": "奈良県大和高田市南本町２－８", "緯度": 34.511917, "経度": 135.743429, "url": "https://www.iryou.teikyouseido.mhlw.go.jp/znk-web/juminkanja/S2430/initialize?prefCd=29&kikanCd=2054200000&kikanKbn=2", "url2": null, "内容": "池田眼科医院【2:診療所】【診療科目:眼科】奈良県大和高田市南本町２－８" }, "geometry": { "type": "Point", "coordinates": [ 135.743429, 34.511917 ] } },
{ "type": "Feature", "properties": { "ID": 2922054600000, "正式名称": "岡本耳鼻咽喉科医院", "機関区分": 2, "都道府県コード": 29, "市区町村コード": 202, "所在地": "奈良県大和高田市北本町２－２４", "緯度": 34.516666, "経度": 135.742317, "url": "https://www.iryou.teikyouseido.mhlw.go.jp/znk-web/juminkanja/S2430/initialize?prefCd=29&kikanCd=2054600000&kikanKbn=2", "url2": null, "内容": "岡本耳鼻咽喉科医院【2:診療所】【診療科目:耳鼻いんこう科】奈良県大和高田市北本町２－２４" }, "geometry": { "type": "Point", "coordinates": [ 135.742317, 34.516666 ] } },
{ "type": "Feature", "properties": { "ID": 2922054900000, "正式名称": "阪本整形外科医院", "機関区分": 2, "都道府県コード": 29, "市区町村コード": 202, "所在地": "奈良県大和高田市神楽２丁目１３番８号", "緯度": 34.523665, "経度": 135.7424, "url": "https://www.iryou.teikyouseido.mhlw.go.jp/znk-web/juminkanja/S2430/initialize?prefCd=29&kikanCd=2054900000&kikanKbn=2", "url2": null, "内容": "阪本整形外科医院【2:診療所】【診療科目:整形外科】奈良県大和高田市神楽２丁目１３番８号" }, "geometry": { "type": "Point", "coordinates": [ 135.7424, 34.523665 ] } },
{ "type": "Feature", "properties": { "ID": 2922055100000, "正式名称": "医療法人　下河辺医院", "機関区分": 2, "都道府県コード": 29, "市区町村コード": 202, "所在地": "奈良県大和高田市片塩町１１－２８", "緯度": 34.509334, "経度": 135.743845, "url": "https://www.iryou.teikyouseido.mhlw.go.jp/znk-web/juminkanja/S2430/initialize?prefCd=29&kikanCd=2055100000&kikanKbn=2", "url2": "https://shimokobe-clinic.com", "内容": "医療法人　下河辺医院【2:診療所】【診療科目:内科_消化器内科_小児科_放射線科】奈良県大和高田市片塩町１１－２８" }, "geometry": { "type": "Point", "coordinates": [ 135.743845, 34.509334 ] } },
{ "type": "Feature", "properties": { "ID": 2922055600000, "正式名称": "西澤医院", "機関区分": 2, "都道府県コード": 29, "市区町村コード": 202, "所在地": "奈良県大和高田市内本町１３－１３", "緯度": 34.512778, "経度": 135.742956, "url": "https://www.iryou.teikyouseido.mhlw.go.jp/znk-web/juminkanja/S2430/initialize?prefCd=29&kikanCd=2055600000&kikanKbn=2", "url2": null, "内容": "西澤医院【2:診療所】【診療科目:内科_外科_小児科】奈良県大和高田市内本町１３－１３" }, "geometry": { "type": "Point", "coordinates": [ 135.742956, 34.512778 ] } },
{ "type": "Feature", "properties": { "ID": 2922055700000, "正式名称": "うえだクリニック", "機関区分": 2, "都道府県コード": 29, "市区町村コード": 202, "所在地": "奈良県大和高田市大谷７５８－８０", "緯度": 34.527211, "経度": 135.734196, "url": "https://www.iryou.teikyouseido.mhlw.go.jp/znk-web/juminkanja/S2430/initialize?prefCd=29&kikanCd=2055700000&kikanKbn=2", "url2": "https://uedaclinic-yamatotakada.com/", "内容": "うえだクリニック【2:診療所】【診療科目:内科_消化器内科_外科_肛門外科_放射線科】奈良県大和高田市大谷７５８－８０" }, "geometry": { "type": "Point", "coordinates": [ 135.734196, 34.527211 ] } },
{ "type": "Feature", "properties": { "ID": 2922055800000, "正式名称": "はしもと婦人科クリニック", "機関区分": 2, "都道府県コード": 29, "市区町村コード": 202, "所在地": "奈良県大和高田市片塩町１６－９永長ビル２０１号室", "緯度": 34.507362, "経度": 135.742651, "url": "https://www.iryou.teikyouseido.mhlw.go.jp/znk-web/juminkanja/S2430/initialize?prefCd=29&kikanCd=2055800000&kikanKbn=2", "url2": null, "内容": "はしもと婦人科クリニック【2:診療所】【診療科目:内科_婦人科】奈良県大和高田市片塩町１６－９永長ビル２０１号室" }, "geometry": { "type": "Point", "coordinates": [ 135.742651, 34.507362 ] } },
{ "type": "Feature", "properties": { "ID": 2922056100000, "正式名称": "吉田医院", "機関区分": 2, "都道府県コード": 29, "市区町村コード": 202, "所在地": "奈良県大和高田市礒野北町１３－１", "緯度": 34.51025, "経度": 135.733041, "url": "https://www.iryou.teikyouseido.mhlw.go.jp/znk-web/juminkanja/S2430/initialize?prefCd=29&kikanCd=2056100000&kikanKbn=2", "url2": null, "内容": "吉田医院【2:診療所】【診療科目:内科_外科_泌尿器科】奈良県大和高田市礒野北町１３－１" }, "geometry": { "type": "Point", "coordinates": [ 135.733041, 34.51025 ] } },
{ "type": "Feature", "properties": { "ID": 2922056300000, "正式名称": "葛城地区休日診療所", "機関区分": 2, "都道府県コード": 29, "市区町村コード": 202, "所在地": "奈良県大和高田市西町１－４５／大和高田市保健センター１階", "緯度": 34.516055, "経度": 135.740151, "url": "https://www.iryou.teikyouseido.mhlw.go.jp/znk-web/juminkanja/S2430/initialize?prefCd=29&kikanCd=2056300000&kikanKbn=2", "url2": null, "内容": "葛城地区休日診療所【2:診療所】【診療科目:内科_小児科_歯科】奈良県大和高田市西町１－４５／大和高田市保健センター１階" }, "geometry": { "type": "Point", "coordinates": [ 135.740151, 34.516055 ] } },
{ "type": "Feature", "properties": { "ID": 2922056400000, "正式名称": "大和高田市国民健康保険天満診療所", "機関区分": 2, "都道府県コード": 29, "市区町村コード": 202, "所在地": "奈良県大和高田市吉井４０番地の１", "緯度": 34.487558, "経度": 135.75729, "url": "https://www.iryou.teikyouseido.mhlw.go.jp/znk-web/juminkanja/S2430/initialize?prefCd=29&kikanCd=2056400000&kikanKbn=2", "url2": null, "内容": "大和高田市国民健康保険天満診療所【2:診療所】【診療科目:内科_小児科】奈良県大和高田市吉井４０番地の１" }, "geometry": { "type": "Point", "coordinates": [ 135.75729, 34.487558 ] } },
{ "type": "Feature", "properties": { "ID": 2922056900000, "正式名称": "医療法人　榎本医院", "機関区分": 2, "都道府県コード": 29, "市区町村コード": 208, "所在地": "奈良県御所市戸毛１１３０", "緯度": 34.428259, "経度": 135.756653, "url": "https://www.iryou.teikyouseido.mhlw.go.jp/znk-web/juminkanja/S2430/initialize?prefCd=29&kikanCd=2056900000&kikanKbn=2", "url2": "http://www.enomotoiin.or.jp", "内容": "医療法人　榎本医院【2:診療所】【診療科目:内科_呼吸器内科_消化器内科_外科_消化器外科_大腸・肛門外科_放射線科_麻酔科】奈良県御所市戸毛１１３０" }, "geometry": { "type": "Point", "coordinates": [ 135.756653, 34.428259 ] } },
{ "type": "Feature", "properties": { "ID": 2922057200000, "正式名称": "医療法人友愛会　沢田医院", "機関区分": 2, "都道府県コード": 29, "市区町村コード": 208, "所在地": "奈良県御所市１８０番地の１４", "緯度": 34.463949, "経度": 135.732265, "url": "https://www.iryou.teikyouseido.mhlw.go.jp/znk-web/juminkanja/S2430/initialize?prefCd=29&kikanCd=2057200000&kikanKbn=2", "url2": "http://www.youai-kai.com", "内容": "医療法人友愛会　沢田医院【2:診療所】【診療科目:内科_整形外科_小児科_皮膚科】奈良県御所市１８０番地の１４" }, "geometry": { "type": "Point", "coordinates": [ 135.732265, 34.463949 ] } },
{ "type": "Feature", "properties": { "ID": 2922057300000, "正式名称": "医療法人　山下医院", "機関区分": 2, "都道府県コード": 29, "市区町村コード": 208, "所在地": "奈良県御所市三室１１０－１", "緯度": 34.458894, "経度": 135.730738, "url": "https://www.iryou.teikyouseido.mhlw.go.jp/znk-web/juminkanja/S2430/initialize?prefCd=29&kikanCd=2057300000&kikanKbn=2", "url2": null, "内容": "医療法人　山下医院【2:診療所】【診療科目:内科_消化器内科】奈良県御所市三室１１０－１" }, "geometry": { "type": "Point", "coordinates": [ 135.730738, 34.458894 ] } },
{ "type": "Feature", "properties": { "ID": 2922057500000, "正式名称": "上島医院", "機関区分": 2, "都道府県コード": 29, "市区町村コード": 208, "所在地": "奈良県御所市６９１", "緯度": 34.465311, "経度": 135.743736, "url": "https://www.iryou.teikyouseido.mhlw.go.jp/znk-web/juminkanja/S2430/initialize?prefCd=29&kikanCd=2057500000&kikanKbn=2", "url2": null, "内容": "上島医院【2:診療所】【診療科目:内科_糖尿病内科_循環器内科_消化器内科】奈良県御所市６９１" }, "geometry": { "type": "Point", "coordinates": [ 135.743736, 34.465311 ] } },
{ "type": "Feature", "properties": { "ID": 2922057700000, "正式名称": "勝山診療所", "機関区分": 2, "都道府県コード": 29, "市区町村コード": 208, "所在地": "奈良県御所市御国通り２丁目３４３番地の４", "緯度": 34.462838, "経度": 135.734487, "url": "https://www.iryou.teikyouseido.mhlw.go.jp/znk-web/juminkanja/S2430/initialize?prefCd=29&kikanCd=2057700000&kikanKbn=2", "url2": "https://www.katsuyama-clinic.com", "内容": "勝山診療所【2:診療所】【診療科目:内科_外科_脳神経外科_小児科】奈良県御所市御国通り２丁目３４３番地の４" }, "geometry": { "type": "Point", "coordinates": [ 135.734487, 34.462838 ] } },
{ "type": "Feature", "properties": { "ID": 2922057800000, "正式名称": "勝山内科医院", "機関区分": 2, "都道府県コード": 29, "市区町村コード": 208, "所在地": "奈良県御所市中央通り１１２８", "緯度": 34.46556, "経度": 135.736765, "url": "https://www.iryou.teikyouseido.mhlw.go.jp/znk-web/juminkanja/S2430/initialize?prefCd=29&kikanCd=2057800000&kikanKbn=2", "url2": null, "内容": "勝山内科医院【2:診療所】【診療科目:内科_循環器内科_小児科】奈良県御所市中央通り１１２８" }, "geometry": { "type": "Point", "coordinates": [ 135.736765, 34.46556 ] } },
{ "type": "Feature", "properties": { "ID": 2922057900000, "正式名称": "清保医院", "機関区分": 2, "都道府県コード": 29, "市区町村コード": 208, "所在地": "奈良県御所市御所９８－１", "緯度": 34.464838, "経度": 135.738153, "url": "https://www.iryou.teikyouseido.mhlw.go.jp/znk-web/juminkanja/S2430/initialize?prefCd=29&kikanCd=2057900000&kikanKbn=2", "url2": null, "内容": "清保医院【2:診療所】【診療科目:内科_胃腸内科_外科_肛門外科_整形外科_リハビリテーション科_放射線科_麻酔科】奈良県御所市御所９８－１" }, "geometry": { "type": "Point", "coordinates": [ 135.738153, 34.464838 ] } },
{ "type": "Feature", "properties": { "ID": 2922058200000, "正式名称": "神宝医院", "機関区分": 2, "都道府県コード": 29, "市区町村コード": 208, "所在地": "奈良県御所市御門町６３０－５", "緯度": 34.463561, "経度": 135.743236, "url": "https://www.iryou.teikyouseido.mhlw.go.jp/znk-web/juminkanja/S2430/initialize?prefCd=29&kikanCd=2058200000&kikanKbn=2", "url2": "http://shinpo-nara-gose-hiro-jp", "内容": "神宝医院【2:診療所】【診療科目:内科_消化器内科_胃腸内科_肛門内科_外科_肛門外科_心療内科_放射線科】奈良県御所市御門町６３０－５" }, "geometry": { "type": "Point", "coordinates": [ 135.743236, 34.463561 ] } },
{ "type": "Feature", "properties": { "ID": 2922058400000, "正式名称": "福井医院", "機関区分": 2, "都道府県コード": 29, "市区町村コード": 208, "所在地": "奈良県御所市御国通り２丁目３３５－１", "緯度": 34.462894, "経度": 135.734154, "url": "https://www.iryou.teikyouseido.mhlw.go.jp/znk-web/juminkanja/S2430/initialize?prefCd=29&kikanCd=2058400000&kikanKbn=2", "url2": null, "内容": "福井医院【2:診療所】【診療科目:内科_整形外科】奈良県御所市御国通り２丁目３３５－１" }, "geometry": { "type": "Point", "coordinates": [ 135.734154, 34.462894 ] } },
{ "type": "Feature", "properties": { "ID": 2922058700000, "正式名称": "堀江医院", "機関区分": 2, "都道府県コード": 29, "市区町村コード": 208, "所在地": "奈良県御所市櫛羅７３５－２", "緯度": 34.464421, "経度": 135.7176, "url": "https://www.iryou.teikyouseido.mhlw.go.jp/znk-web/juminkanja/S2430/initialize?prefCd=29&kikanCd=2058700000&kikanKbn=2", "url2": null, "内容": "堀江医院【2:診療所】【診療科目:内科_消化器内科】奈良県御所市櫛羅７３５－２" }, "geometry": { "type": "Point", "coordinates": [ 135.7176, 34.464421 ] } },
{ "type": "Feature", "properties": { "ID": 2922058800000, "正式名称": "松村医院", "機関区分": 2, "都道府県コード": 29, "市区町村コード": 208, "所在地": "奈良県御所市戸毛９９１", "緯度": 34.431314, "経度": 135.759098, "url": "https://www.iryou.teikyouseido.mhlw.go.jp/znk-web/juminkanja/S2430/initialize?prefCd=29&kikanCd=2058800000&kikanKbn=2", "url2": "https://www.matsumuraiin.net/", "内容": "松村医院【2:診療所】【診療科目:内科_呼吸器内科_小児科】奈良県御所市戸毛９９１" }, "geometry": { "type": "Point", "coordinates": [ 135.759098, 34.431314 ] } },
{ "type": "Feature", "properties": { "ID": 2922058900000, "正式名称": "森岡医院", "機関区分": 2, "都道府県コード": 29, "市区町村コード": 208, "所在地": "奈良県御所市寺内町　７５５－１", "緯度": 34.459672, "経度": 135.741403, "url": "https://www.iryou.teikyouseido.mhlw.go.jp/znk-web/juminkanja/S2430/initialize?prefCd=29&kikanCd=2058900000&kikanKbn=2", "url2": null, "内容": "森岡医院【2:診療所】【診療科目:内科_循環器内科_小児科】奈良県御所市寺内町　７５５－１" }, "geometry": { "type": "Point", "coordinates": [ 135.741403, 34.459672 ] } },
{ "type": "Feature", "properties": { "ID": 2922059000000, "正式名称": "御所市休日応急診療所", "機関区分": 2, "都道府県コード": 29, "市区町村コード": 208, "所在地": "奈良県御所市豊年橋通り７７４番地の１", "緯度": 34.460894, "経度": 135.73932, "url": "https://www.iryou.teikyouseido.mhlw.go.jp/znk-web/juminkanja/S2430/initialize?prefCd=29&kikanCd=2059000000&kikanKbn=2", "url2": null, "内容": "御所市休日応急診療所【2:診療所】【診療科目:内科_小児科】奈良県御所市豊年橋通り７７４番地の１" }, "geometry": { "type": "Point", "coordinates": [ 135.73932, 34.460894 ] } },
{ "type": "Feature", "properties": { "ID": 2922059300000, "正式名称": "医療法人下田診療所", "機関区分": 2, "都道府県コード": 29, "市区町村コード": 210, "所在地": "奈良県香芝市下田西４丁目２０３番地の１", "緯度": 34.540191, "経度": 135.703958, "url": "https://www.iryou.teikyouseido.mhlw.go.jp/znk-web/juminkanja/S2430/initialize?prefCd=29&kikanCd=2059300000&kikanKbn=2", "url2": null, "内容": "医療法人下田診療所【2:診療所】【診療科目:内科_外科_小児科】奈良県香芝市下田西４丁目２０３番地の１" }, "geometry": { "type": "Point", "coordinates": [ 135.703958, 34.540191 ] } },
{ "type": "Feature", "properties": { "ID": 2922059400000, "正式名称": "医療法人真希会　岡耳鼻咽喉科", "機関区分": 2, "都道府県コード": 29, "市区町村コード": 210, "所在地": "奈良県香芝市真美ケ丘６丁目１０番地エコール・マミ南館２階", "緯度": 34.544496, "経度": 135.724206, "url": "https://www.iryou.teikyouseido.mhlw.go.jp/znk-web/juminkanja/S2430/initialize?prefCd=29&kikanCd=2059400000&kikanKbn=2", "url2": "okajibika.com", "内容": "医療法人真希会　岡耳鼻咽喉科【2:診療所】【診療科目:耳鼻いんこう科】奈良県香芝市真美ケ丘６丁目１０番地エコール・マミ南館２階" }, "geometry": { "type": "Point", "coordinates": [ 135.724206, 34.544496 ] } },
{ "type": "Feature", "properties": { "ID": 2922059600000, "正式名称": "医療法人山本内科医院", "機関区分": 2, "都道府県コード": 29, "市区町村コード": 210, "所在地": "奈良県香芝市真美ケ丘１丁目１４番２８号", "緯度": 34.54058, "経度": 135.718179, "url": "https://www.iryou.teikyouseido.mhlw.go.jp/znk-web/juminkanja/S2430/initialize?prefCd=29&kikanCd=2059600000&kikanKbn=2", "url2": "www.yamamoto-naika-iin.com", "内容": "医療法人山本内科医院【2:診療所】【診療科目:内科_呼吸器内科_消化器内科_小児科_アレルギー科】奈良県香芝市真美ケ丘１丁目１４番２８号" }, "geometry": { "type": "Point", "coordinates": [ 135.718179, 34.54058 ] } },
{ "type": "Feature", "properties": { "ID": 2922059700000, "正式名称": "大須賀眼科", "機関区分": 2, "都道府県コード": 29, "市区町村コード": 210, "所在地": "奈良県香芝市真美ケ丘六丁目１０番地エコール・マミ南館２館", "緯度": 34.54458, "経度": 135.724012, "url": "https://www.iryou.teikyouseido.mhlw.go.jp/znk-web/juminkanja/S2430/initialize?prefCd=29&kikanCd=2059700000&kikanKbn=2", "url2": null, "内容": "大須賀眼科【2:診療所】【診療科目:眼科】奈良県香芝市真美ケ丘六丁目１０番地エコール・マミ南館２館" }, "geometry": { "type": "Point", "coordinates": [ 135.724012, 34.54458 ] } },
{ "type": "Feature", "properties": { "ID": 2922059800000, "正式名称": "医療法人澤田医院", "機関区分": 2, "都道府県コード": 29, "市区町村コード": 210, "所在地": "奈良県香芝市五位堂５丁目１５５", "緯度": 34.530386, "経度": 135.71518, "url": "https://www.iryou.teikyouseido.mhlw.go.jp/znk-web/juminkanja/S2430/initialize?prefCd=29&kikanCd=2059800000&kikanKbn=2", "url2": "http://www.sawada-clinic.net", "内容": "医療法人澤田医院【2:診療所】【診療科目:内科_消化器内科_小児科_放射線科】奈良県香芝市五位堂５丁目１５５" }, "geometry": { "type": "Point", "coordinates": [ 135.71518, 34.530386 ] } },
{ "type": "Feature", "properties": { "ID": 2922060000000, "正式名称": "医療法人　牧浦医院", "機関区分": 2, "都道府県コード": 29, "市区町村コード": 210, "所在地": "奈良県香芝市高２８番地", "緯度": 34.557328, "経度": 135.704874, "url": "https://www.iryou.teikyouseido.mhlw.go.jp/znk-web/juminkanja/S2430/initialize?prefCd=29&kikanCd=2060000000&kikanKbn=2", "url2": null, "内容": "医療法人　牧浦医院【2:診療所】【診療科目:内科_小児科】奈良県香芝市高２８番地" }, "geometry": { "type": "Point", "coordinates": [ 135.704874, 34.557328 ] } },
{ "type": "Feature", "properties": { "ID": 2922060100000, "正式名称": "池原クリニック", "機関区分": 2, "都道府県コード": 29, "市区町村コード": 210, "所在地": "奈良県香芝市五位堂１０１３番地", "緯度": 34.534275, "経度": 135.719596, "url": "https://www.iryou.teikyouseido.mhlw.go.jp/znk-web/juminkanja/S2430/initialize?prefCd=29&kikanCd=2060100000&kikanKbn=2", "url2": null, "内容": "池原クリニック【2:診療所】【診療科目:内科_整形外科_リウマチ科_リハビリテーション科】奈良県香芝市五位堂１０１３番地" }, "geometry": { "type": "Point", "coordinates": [ 135.719596, 34.534275 ] } },
{ "type": "Feature", "properties": { "ID": 2922060200000, "正式名称": "池原皮膚科", "機関区分": 2, "都道府県コード": 29, "市区町村コード": 210, "所在地": "奈良県香芝市瓦口２３００番地", "緯度": 34.535747, "経度": 135.719235, "url": "https://www.iryou.teikyouseido.mhlw.go.jp/znk-web/juminkanja/S2430/initialize?prefCd=29&kikanCd=2060200000&kikanKbn=2", "url2": null, "内容": "池原皮膚科【2:診療所】【診療科目:皮膚科】奈良県香芝市瓦口２３００番地" }, "geometry": { "type": "Point", "coordinates": [ 135.719235, 34.535747 ] } },
{ "type": "Feature", "properties": { "ID": 2922060300000, "正式名称": "香芝村尾クリニック", "機関区分": 2, "都道府県コード": 29, "市区町村コード": 210, "所在地": "奈良県香芝市磯壁３－４０－１", "緯度": 34.53908, "経度": 135.702708, "url": "https://www.iryou.teikyouseido.mhlw.go.jp/znk-web/juminkanja/S2430/initialize?prefCd=29&kikanCd=2060300000&kikanKbn=2", "url2": null, "内容": "香芝村尾クリニック【2:診療所】【診療科目:内科_消化器内科_アレルギー疾患内科_小児科_小児皮膚科_耳鼻いんこう科_頭頸部・耳鼻いんこう科_皮膚科】奈良県香芝市磯壁３－４０－１" }, "geometry": { "type": "Point", "coordinates": [ 135.702708, 34.53908 ] } },
{ "type": "Feature", "properties": { "ID": 2922060400000, "正式名称": "医療法人千幸会　片岡医院", "機関区分": 2, "都道府県コード": 29, "市区町村コード": 210, "所在地": "奈良県香芝市西真美１丁目５の１プラザ西真美２００１号", "緯度": 34.544357, "経度": 135.714402, "url": "https://www.iryou.teikyouseido.mhlw.go.jp/znk-web/juminkanja/S2430/initialize?prefCd=29&kikanCd=2060400000&kikanKbn=2", "url2": null, "内容": "医療法人千幸会　片岡医院【2:診療所】【診療科目:内科_小児科】奈良県香芝市西真美１丁目５の１プラザ西真美２００１号" }, "geometry": { "type": "Point", "coordinates": [ 135.714402, 34.544357 ] } },
{ "type": "Feature", "properties": { "ID": 2922060700000, "正式名称": "さかもと小児科", "機関区分": 2, "都道府県コード": 29, "市区町村コード": 210, "所在地": "奈良県香芝市上中５４４－１", "緯度": 34.568327, "経度": 135.703818, "url": "https://www.iryou.teikyouseido.mhlw.go.jp/znk-web/juminkanja/S2430/initialize?prefCd=29&kikanCd=2060700000&kikanKbn=2", "url2": null, "内容": "さかもと小児科【2:診療所】【診療科目:内科_小児科】奈良県香芝市上中５４４－１" }, "geometry": { "type": "Point", "coordinates": [ 135.703818, 34.568327 ] } },
{ "type": "Feature", "properties": { "ID": 2922060900000, "正式名称": "高橋耳鼻咽喉科", "機関区分": 2, "都道府県コード": 29, "市区町村コード": 210, "所在地": "奈良県香芝市狐井１８０－４", "緯度": 34.539024, "経度": 135.705875, "url": "https://www.iryou.teikyouseido.mhlw.go.jp/znk-web/juminkanja/S2430/initialize?prefCd=29&kikanCd=2060900000&kikanKbn=2", "url2": null, "内容": "高橋耳鼻咽喉科【2:診療所】【診療科目:耳鼻いんこう科】奈良県香芝市狐井１８０－４" }, "geometry": { "type": "Point", "coordinates": [ 135.705875, 34.539024 ] } },
{ "type": "Feature", "properties": { "ID": 2922061600000, "正式名称": "松井内科", "機関区分": 2, "都道府県コード": 29, "市区町村コード": 210, "所在地": "奈良県香芝市逢坂１丁目４５８－１", "緯度": 34.544912, "経度": 135.692542, "url": "https://www.iryou.teikyouseido.mhlw.go.jp/znk-web/juminkanja/S2430/initialize?prefCd=29&kikanCd=2061600000&kikanKbn=2", "url2": "https://www.matuinaika.jp", "内容": "松井内科【2:診療所】【診療科目:内科_消化器内科_胃腸内科_肝臓内科_皮膚科】奈良県香芝市逢坂１丁目４５８－１" }, "geometry": { "type": "Point", "coordinates": [ 135.692542, 34.544912 ] } },
{ "type": "Feature", "properties": { "ID": 2922061700000, "正式名称": "内科　松山医院", "機関区分": 2, "都道府県コード": 29, "市区町村コード": 210, "所在地": "奈良県香芝市磯壁６－２３４－６", "緯度": 34.531886, "経度": 135.701292, "url": "https://www.iryou.teikyouseido.mhlw.go.jp/znk-web/juminkanja/S2430/initialize?prefCd=29&kikanCd=2061700000&kikanKbn=2", "url2": null, "内容": "内科　松山医院【2:診療所】【診療科目:内科】奈良県香芝市磯壁６－２３４－６" }, "geometry": { "type": "Point", "coordinates": [ 135.701292, 34.531886 ] } },
{ "type": "Feature", "properties": { "ID": 2922061800000, "正式名称": "まみ小児科", "機関区分": 2, "都道府県コード": 29, "市区町村コード": 210, "所在地": "奈良県香芝市真美ケ丘６－７－１３", "緯度": 34.544329, "経度": 135.721012, "url": "https://www.iryou.teikyouseido.mhlw.go.jp/znk-web/juminkanja/S2430/initialize?prefCd=29&kikanCd=2061800000&kikanKbn=2", "url2": null, "内容": "まみ小児科【2:診療所】【診療科目:小児科】奈良県香芝市真美ケ丘６－７－１３" }, "geometry": { "type": "Point", "coordinates": [ 135.721012, 34.544329 ] } },
{ "type": "Feature", "properties": { "ID": 2922061900000, "正式名称": "マミ皮フ科クリニック", "機関区分": 2, "都道府県コード": 29, "市区町村コード": 210, "所在地": "奈良県香芝市真美ケ丘６番１０号　エコール・マミ南館２Ｆ", "緯度": 34.54594, "経度": 135.724706, "url": "https://www.iryou.teikyouseido.mhlw.go.jp/znk-web/juminkanja/S2430/initialize?prefCd=29&kikanCd=2061900000&kikanKbn=2", "url2": "https://www.mamiderma.com/", "内容": "マミ皮フ科クリニック【2:診療所】【診療科目:皮膚科】奈良県香芝市真美ケ丘６番１０号　エコール・マミ南館２Ｆ" }, "geometry": { "type": "Point", "coordinates": [ 135.724706, 34.54594 ] } },
{ "type": "Feature", "properties": { "ID": 2922062000000, "正式名称": "医療法人優芽会森本眼科", "機関区分": 2, "都道府県コード": 29, "市区町村コード": 210, "所在地": "奈良県香芝市西真美１－５－１プラザ西真美２００２", "緯度": 34.544357, "経度": 135.714402, "url": "https://www.iryou.teikyouseido.mhlw.go.jp/znk-web/juminkanja/S2430/initialize?prefCd=29&kikanCd=2062000000&kikanKbn=2", "url2": "https://www.morimotoganka.com/", "内容": "医療法人優芽会森本眼科【2:診療所】【診療科目:眼科】奈良県香芝市西真美１－５－１プラザ西真美２００２" }, "geometry": { "type": "Point", "coordinates": [ 135.714402, 34.544357 ] } },
{ "type": "Feature", "properties": { "ID": 2922062100000, "正式名称": "安田医院", "機関区分": 2, "都道府県コード": 29, "市区町村コード": 210, "所在地": "奈良県香芝市今泉７－１", "緯度": 34.569715, "経度": 135.700068, "url": "https://www.iryou.teikyouseido.mhlw.go.jp/znk-web/juminkanja/S2430/initialize?prefCd=29&kikanCd=2062100000&kikanKbn=2", "url2": null, "内容": "安田医院【2:診療所】【診療科目:内科_外科_肛門外科_皮膚科_放射線科】奈良県香芝市今泉７－１" }, "geometry": { "type": "Point", "coordinates": [ 135.700068, 34.569715 ] } },
{ "type": "Feature", "properties": { "ID": 2922062300000, "正式名称": "医療法人　鵜山医院", "機関区分": 2, "都道府県コード": 29, "市区町村コード": 211, "所在地": "奈良県葛城市新庄１６番地", "緯度": 34.487086, "経度": 135.720265, "url": "https://www.iryou.teikyouseido.mhlw.go.jp/znk-web/juminkanja/S2430/initialize?prefCd=29&kikanCd=2062300000&kikanKbn=2", "url2": null, "内容": "医療法人　鵜山医院【2:診療所】【診療科目:内科_循環器内科_腎臓内科_小児科】奈良県葛城市新庄１６番地" }, "geometry": { "type": "Point", "coordinates": [ 135.720265, 34.487086 ] } },
{ "type": "Feature", "properties": { "ID": 2922062400000, "正式名称": "医療法人　小泉医院", "機関区分": 2, "都道府県コード": 29, "市区町村コード": 211, "所在地": "奈良県葛城市新庄１１９", "緯度": 34.488197, "経度": 135.72232, "url": "https://www.iryou.teikyouseido.mhlw.go.jp/znk-web/juminkanja/S2430/initialize?prefCd=29&kikanCd=2062400000&kikanKbn=2", "url2": null, "内容": "医療法人　小泉医院【2:診療所】【診療科目:内科_小児科】奈良県葛城市新庄１１９" }, "geometry": { "type": "Point", "coordinates": [ 135.72232, 34.488197 ] } },
{ "type": "Feature", "properties": { "ID": 2922062600000, "正式名称": "医療法人　堀内医院", "機関区分": 2, "都道府県コード": 29, "市区町村コード": 211, "所在地": "奈良県葛城市忍海３３８番地の４", "緯度": 34.475615, "経度": 135.730292, "url": "https://www.iryou.teikyouseido.mhlw.go.jp/znk-web/juminkanja/S2430/initialize?prefCd=29&kikanCd=2062600000&kikanKbn=2", "url2": "htps://www.horiuchiclinic.jp", "内容": "医療法人　堀内医院【2:診療所】【診療科目:内科_小児科_麻酔科】奈良県葛城市忍海３３８番地の４" }, "geometry": { "type": "Point", "coordinates": [ 135.730292, 34.475615 ] } },
{ "type": "Feature", "properties": { "ID": 2922062900000, "正式名称": "板橋医院", "機関区分": 2, "都道府県コード": 29, "市区町村コード": 211, "所在地": "奈良県葛城市北花内７４９－１", "緯度": 34.487836, "経度": 135.725987, "url": "https://www.iryou.teikyouseido.mhlw.go.jp/znk-web/juminkanja/S2430/initialize?prefCd=29&kikanCd=2062900000&kikanKbn=2", "url2": null, "内容": "板橋医院【2:診療所】【診療科目:内科_眼科】奈良県葛城市北花内７４９－１" }, "geometry": { "type": "Point", "coordinates": [ 135.725987, 34.487836 ] } },
{ "type": "Feature", "properties": { "ID": 2922063100000, "正式名称": "関谷外科胃腸科", "機関区分": 2, "都道府県コード": 29, "市区町村コード": 211, "所在地": "奈良県葛城市北花内６９２", "緯度": 34.488975, "経度": 135.733458, "url": "https://www.iryou.teikyouseido.mhlw.go.jp/znk-web/juminkanja/S2430/initialize?prefCd=29&kikanCd=2063100000&kikanKbn=2", "url2": null, "内容": "関谷外科胃腸科【2:診療所】【診療科目:外科_消化器外科_整形外科】奈良県葛城市北花内６９２" }, "geometry": { "type": "Point", "coordinates": [ 135.733458, 34.488975 ] } },
{ "type": "Feature", "properties": { "ID": 2922063800000, "正式名称": "医療法人　優啓会　　　かがや内科クリニック", "機関区分": 2, "都道府県コード": 29, "市区町村コード": 424, "所在地": "奈良県北葛城郡上牧町米山台２丁目２番１０号", "緯度": 34.559133, "経度": 135.712512, "url": "https://www.iryou.teikyouseido.mhlw.go.jp/znk-web/juminkanja/S2430/initialize?prefCd=29&kikanCd=2063800000&kikanKbn=2", "url2": "http://www.kagayaclinic.jp", "内容": "医療法人　優啓会　　　かがや内科クリニック【2:診療所】【診療科目:内科】奈良県北葛城郡上牧町米山台２丁目２番１０号" }, "geometry": { "type": "Point", "coordinates": [ 135.712512, 34.559133 ] } },
{ "type": "Feature", "properties": { "ID": 2922063900000, "正式名称": "安達内科医院", "機関区分": 2, "都道府県コード": 29, "市区町村コード": 424, "所在地": "奈良県北葛城郡上牧町桜ケ丘２－１３－２１", "緯度": 34.57541, "経度": 135.725149, "url": "https://www.iryou.teikyouseido.mhlw.go.jp/znk-web/juminkanja/S2430/initialize?prefCd=29&kikanCd=2063900000&kikanKbn=2", "url2": null, "内容": "安達内科医院【2:診療所】【診療科目:内科】奈良県北葛城郡上牧町桜ケ丘２－１３－２１" }, "geometry": { "type": "Point", "coordinates": [ 135.725149, 34.57541 ] } },
{ "type": "Feature", "properties": { "ID": 2922064300000, "正式名称": "医療法人　酒井診療所", "機関区分": 2, "都道府県コード": 29, "市区町村コード": 425, "所在地": "奈良県北葛城郡王寺町王寺２－２－５", "緯度": 34.595268, "経度": 135.706594, "url": "https://www.iryou.teikyouseido.mhlw.go.jp/znk-web/juminkanja/S2430/initialize?prefCd=29&kikanCd=2064300000&kikanKbn=2", "url2": "http://sakai0324.byoinnavi.jp", "内容": "医療法人　酒井診療所【2:診療所】【診療科目:外科_整形外科】奈良県北葛城郡王寺町王寺２－２－５" }, "geometry": { "type": "Point", "coordinates": [ 135.706594, 34.595268 ] } },
{ "type": "Feature", "properties": { "ID": 2922064500000, "正式名称": "医療法人エリュウ医院", "機関区分": 2, "都道府県コード": 29, "市区町村コード": 425, "所在地": "奈良県北葛城郡王寺町王寺２－４－７王寺クリニックスクエア２Ｆ", "緯度": 34.596296, "経度": 135.706511, "url": "https://www.iryou.teikyouseido.mhlw.go.jp/znk-web/juminkanja/S2430/initialize?prefCd=29&kikanCd=2064500000&kikanKbn=2", "url2": null, "内容": "医療法人エリュウ医院【2:診療所】【診療科目:耳鼻いんこう科】奈良県北葛城郡王寺町王寺２－４－７王寺クリニックスクエア２Ｆ" }, "geometry": { "type": "Point", "coordinates": [ 135.706511, 34.596296 ] } },
{ "type": "Feature", "properties": { "ID": 2922064700000, "正式名称": "医療法人圭仁会　にわもと内科・呼吸器クリニック", "機関区分": 2, "都道府県コード": 29, "市区町村コード": 425, "所在地": "奈良県北葛城郡王寺町本町四丁目４６番５０号", "緯度": 34.582393, "経度": 135.704157, "url": "https://www.iryou.teikyouseido.mhlw.go.jp/znk-web/juminkanja/S2430/initialize?prefCd=29&kikanCd=2064700000&kikanKbn=2", "url2": "https://oji-nishikawaclinic.jp/", "内容": "医療法人圭仁会　にわもと内科・呼吸器クリニック【2:診療所】【診療科目:内科_呼吸器内科_アレルギー科_リハビリテーション科】奈良県北葛城郡王寺町本町四丁目４６番５０号" }, "geometry": { "type": "Point", "coordinates": [ 135.704157, 34.582393 ] } },
{ "type": "Feature", "properties": { "ID": 2922064900000, "正式名称": "医療法人白鳳会林産婦人科", "機関区分": 2, "都道府県コード": 29, "市区町村コード": 425, "所在地": "奈良県北葛城郡王寺町葛下１丁目９番１号", "緯度": 34.591047, "経度": 135.709955, "url": "https://www.iryou.teikyouseido.mhlw.go.jp/znk-web/juminkanja/S2430/initialize?prefCd=29&kikanCd=2064900000&kikanKbn=2", "url2": "http://hakuhoukai.or.jp/", "内容": "医療法人白鳳会林産婦人科【2:診療所】【診療科目:産婦人科】奈良県北葛城郡王寺町葛下１丁目９番１号" }, "geometry": { "type": "Point", "coordinates": [ 135.709955, 34.591047 ] } },
{ "type": "Feature", "properties": { "ID": 2922065000000, "正式名称": "王寺胃腸内科", "機関区分": 2, "都道府県コード": 29, "市区町村コード": 425, "所在地": "奈良県北葛城郡王寺町舟戸１－１－１０", "緯度": 34.597962, "経度": 135.708511, "url": "https://www.iryou.teikyouseido.mhlw.go.jp/znk-web/juminkanja/S2430/initialize?prefCd=29&kikanCd=2065000000&kikanKbn=2", "url2": null, "内容": "王寺胃腸内科【2:診療所】【診療科目:内科_胃腸内科_外科_肛門外科】奈良県北葛城郡王寺町舟戸１－１－１０" }, "geometry": { "type": "Point", "coordinates": [ 135.708511, 34.597962 ] } },
{ "type": "Feature", "properties": { "ID": 2922065100000, "正式名称": "医療法人映明会　くまがい眼科", "機関区分": 2, "都道府県コード": 29, "市区町村コード": 425, "所在地": "奈良県北葛城郡王寺町王寺２丁目８番２０号", "緯度": 34.595685, "経度": 135.70565, "url": "https://www.iryou.teikyouseido.mhlw.go.jp/znk-web/juminkanja/S2430/initialize?prefCd=29&kikanCd=2065100000&kikanKbn=2", "url2": "http://www.kumagaiganka.jp", "内容": "医療法人映明会　くまがい眼科【2:診療所】【診療科目:眼科】奈良県北葛城郡王寺町王寺２丁目８番２０号" }, "geometry": { "type": "Point", "coordinates": [ 135.70565, 34.595685 ] } },
{ "type": "Feature", "properties": { "ID": 2922065200000, "正式名称": "医療法人牧浦皮膚泌尿器科", "機関区分": 2, "都道府県コード": 29, "市区町村コード": 425, "所在地": "奈良県北葛城郡王寺町本町１丁目２番４３号", "緯度": 34.592546, "経度": 135.707206, "url": "https://www.iryou.teikyouseido.mhlw.go.jp/znk-web/juminkanja/S2430/initialize?prefCd=29&kikanCd=2065200000&kikanKbn=2", "url2": null, "内容": "医療法人牧浦皮膚泌尿器科【2:診療所】【診療科目:皮膚科_泌尿器科】奈良県北葛城郡王寺町本町１丁目２番４３号" }, "geometry": { "type": "Point", "coordinates": [ 135.707206, 34.592546 ] } },
{ "type": "Feature", "properties": { "ID": 2922065600000, "正式名称": "王寺ステーション眼科", "機関区分": 2, "都道府県コード": 29, "市区町村コード": 425, "所在地": "奈良県北葛城郡王寺町王寺２－４－７王寺クリニックスクエア４階", "緯度": 34.596351, "経度": 135.706789, "url": "https://www.iryou.teikyouseido.mhlw.go.jp/znk-web/juminkanja/S2430/initialize?prefCd=29&kikanCd=2065600000&kikanKbn=2", "url2": "http://www.oji-station-eyeclinic.com/", "内容": "王寺ステーション眼科【2:診療所】【診療科目:眼科】奈良県北葛城郡王寺町王寺２－４－７王寺クリニックスクエア４階" }, "geometry": { "type": "Point", "coordinates": [ 135.706789, 34.596351 ] } },
{ "type": "Feature", "properties": { "ID": 2922065700000, "正式名称": "医療法人晃成会　南王寺診療所", "機関区分": 2, "都道府県コード": 29, "市区町村コード": 425, "所在地": "奈良県北葛城郡王寺町本町４－６－１６　レクタビル", "緯度": 34.583061, "経度": 135.704598, "url": "https://www.iryou.teikyouseido.mhlw.go.jp/znk-web/juminkanja/S2430/initialize?prefCd=29&kikanCd=2065700000&kikanKbn=2", "url2": "https://minamiohji-clinic.com/", "内容": "医療法人晃成会　南王寺診療所【2:診療所】【診療科目:内科_呼吸器内科_循環器内科_消化器内科_リハビリテーション科】奈良県北葛城郡王寺町本町４－６－１６　レクタビル" }, "geometry": { "type": "Point", "coordinates": [ 135.704598, 34.583061 ] } },
{ "type": "Feature", "properties": { "ID": 2922065900000, "正式名称": "医療法人杉原内科", "機関区分": 2, "都道府県コード": 29, "市区町村コード": 426, "所在地": "奈良県北葛城郡広陵町三吉７０－２", "緯度": 34.545163, "経度": 135.73965, "url": "https://www.iryou.teikyouseido.mhlw.go.jp/znk-web/juminkanja/S2430/initialize?prefCd=29&kikanCd=2065900000&kikanKbn=2", "url2": null, "内容": "医療法人杉原内科【2:診療所】【診療科目:内科_消化器内科_放射線科】奈良県北葛城郡広陵町三吉７０－２" }, "geometry": { "type": "Point", "coordinates": [ 135.73965, 34.545163 ] } },
{ "type": "Feature", "properties": { "ID": 2922066000000, "正式名称": "医療法人　竹村医院", "機関区分": 2, "都道府県コード": 29, "市区町村コード": 426, "所在地": "奈良県北葛城郡広陵町百済１３２７", "緯度": 34.542803, "経度": 135.762342, "url": "https://www.iryou.teikyouseido.mhlw.go.jp/znk-web/juminkanja/S2430/initialize?prefCd=29&kikanCd=2066000000&kikanKbn=2", "url2": null, "内容": "医療法人　竹村医院【2:診療所】【診療科目:内科_婦人科】奈良県北葛城郡広陵町百済１３２７" }, "geometry": { "type": "Point", "coordinates": [ 135.762342, 34.542803 ] } },
{ "type": "Feature", "properties": { "ID": 2922066100000, "正式名称": "中堀医院", "機関区分": 2, "都道府県コード": 29, "市区町村コード": 426, "所在地": "奈良県北葛城郡広陵町的場９４番地の１", "緯度": 34.5668, "経度": 135.753953, "url": "https://www.iryou.teikyouseido.mhlw.go.jp/znk-web/juminkanja/S2430/initialize?prefCd=29&kikanCd=2066100000&kikanKbn=2", "url2": null, "内容": "中堀医院【2:診療所】【診療科目:内科_循環器内科_小児科】奈良県北葛城郡広陵町的場９４番地の１" }, "geometry": { "type": "Point", "coordinates": [ 135.753953, 34.5668 ] } },
{ "type": "Feature", "properties": { "ID": 2922066200000, "正式名称": "いまづ小児科", "機関区分": 2, "都道府県コード": 29, "市区町村コード": 426, "所在地": "奈良県北葛城郡広陵町馬見中５－６－３７", "緯度": 34.548274, "経度": 135.722234, "url": "https://www.iryou.teikyouseido.mhlw.go.jp/znk-web/juminkanja/S2430/initialize?prefCd=29&kikanCd=2066200000&kikanKbn=2", "url2": "http://imazu-syonika.com/", "内容": "いまづ小児科【2:診療所】【診療科目:小児科】奈良県北葛城郡広陵町馬見中５－６－３７" }, "geometry": { "type": "Point", "coordinates": [ 135.722234, 34.548274 ] } },
{ "type": "Feature", "properties": { "ID": 2922066400000, "正式名称": "岡本クリニック", "機関区分": 2, "都道府県コード": 29, "市区町村コード": 426, "所在地": "奈良県北葛城郡広陵町三吉５４２－２", "緯度": 34.556939, "経度": 135.735233, "url": "https://www.iryou.teikyouseido.mhlw.go.jp/znk-web/juminkanja/S2430/initialize?prefCd=29&kikanCd=2066400000&kikanKbn=2", "url2": null, "内容": "岡本クリニック【2:診療所】【診療科目:内科_皮膚科_泌尿器科】奈良県北葛城郡広陵町三吉５４２－２" }, "geometry": { "type": "Point", "coordinates": [ 135.735233, 34.556939 ] } },
{ "type": "Feature", "properties": { "ID": 2922066500000, "正式名称": "高谷医院", "機関区分": 2, "都道府県コード": 29, "市区町村コード": 426, "所在地": "奈良県北葛城郡広陵町大塚７２８の２", "緯度": 34.535858, "経度": 135.736567, "url": "https://www.iryou.teikyouseido.mhlw.go.jp/znk-web/juminkanja/S2430/initialize?prefCd=29&kikanCd=2066500000&kikanKbn=2", "url2": null, "内容": "高谷医院【2:診療所】【診療科目:内科_整形外科】奈良県北葛城郡広陵町大塚７２８の２" }, "geometry": { "type": "Point", "coordinates": [ 135.736567, 34.535858 ] } },
{ "type": "Feature", "properties": { "ID": 2922066700000, "正式名称": "藤井整形外科", "機関区分": 2, "都道府県コード": 29, "市区町村コード": 426, "所在地": "奈良県北葛城郡広陵町馬見中２丁目１１－１６", "緯度": 34.548718, "経度": 135.728984, "url": "https://www.iryou.teikyouseido.mhlw.go.jp/znk-web/juminkanja/S2430/initialize?prefCd=29&kikanCd=2066700000&kikanKbn=2", "url2": "https://fujii-orth.com/", "内容": "藤井整形外科【2:診療所】【診療科目:外科_整形外科_リハビリテーション科】奈良県北葛城郡広陵町馬見中２丁目１１－１６" }, "geometry": { "type": "Point", "coordinates": [ 135.728984, 34.548718 ] } },
{ "type": "Feature", "properties": { "ID": 2922066900000, "正式名称": "松田内科医院", "機関区分": 2, "都道府県コード": 29, "市区町村コード": 426, "所在地": "奈良県北葛城郡広陵町大塚５２－２", "緯度": 34.533081, "経度": 135.743594, "url": "https://www.iryou.teikyouseido.mhlw.go.jp/znk-web/juminkanja/S2430/initialize?prefCd=29&kikanCd=2066900000&kikanKbn=2", "url2": null, "内容": "松田内科医院【2:診療所】【診療科目:内科_消化器内科_小児科_放射線科】奈良県北葛城郡広陵町大塚５２－２" }, "geometry": { "type": "Point", "coordinates": [ 135.743594, 34.533081 ] } },
{ "type": "Feature", "properties": { "ID": 2922067000000, "正式名称": "真美ケ丘クリニック", "機関区分": 2, "都道府県コード": 29, "市区町村コード": 426, "所在地": "奈良県北葛城郡広陵町馬見北２－６－１４", "緯度": 34.551134, "経度": 135.730511, "url": "https://www.iryou.teikyouseido.mhlw.go.jp/znk-web/juminkanja/S2430/initialize?prefCd=29&kikanCd=2067000000&kikanKbn=2", "url2": null, "内容": "真美ケ丘クリニック【2:診療所】【診療科目:内科_小児科_婦人科】奈良県北葛城郡広陵町馬見北２－６－１４" }, "geometry": { "type": "Point", "coordinates": [ 135.730511, 34.551134 ] } },
{ "type": "Feature", "properties": { "ID": 2922067100000, "正式名称": "山下内科医院", "機関区分": 2, "都道府県コード": 29, "市区町村コード": 426, "所在地": "奈良県北葛城郡広陵町馬見中２丁目６－１４", "緯度": 34.547552, "経度": 135.730761, "url": "https://www.iryou.teikyouseido.mhlw.go.jp/znk-web/juminkanja/S2430/initialize?prefCd=29&kikanCd=2067100000&kikanKbn=2", "url2": "http://ym-naika.byoinnavi.jp/", "内容": "山下内科医院【2:診療所】【診療科目:内科_循環器内科_小児科】奈良県北葛城郡広陵町馬見中２丁目６－１４" }, "geometry": { "type": "Point", "coordinates": [ 135.730761, 34.547552 ] } },
{ "type": "Feature", "properties": { "ID": 2922067200000, "正式名称": "（公財）ニッセイ聖隷健康福祉財団ウェルエイジングプラザ奈良ニッセイエデンの園　ニッセイ聖隷クリニック", "機関区分": 2, "都道府県コード": 29, "市区町村コード": 427, "所在地": "奈良県北葛城郡河合町高塚台１－８－１", "緯度": 34.579604, "経度": 135.722372, "url": "https://www.iryou.teikyouseido.mhlw.go.jp/znk-web/juminkanja/S2430/initialize?prefCd=29&kikanCd=2067200000&kikanKbn=2", "url2": "http://www.nissay-seirei.org/nara/facilities/clinic.php", "内容": "（公財）ニッセイ聖隷健康福祉財団ウェルエイジングプラザ奈良ニッセイエデンの園　ニッセイ聖隷クリニック【2:診療所】【診療科目:内科_循環器内科_神経内科_脳神経外科_整形外科_皮膚科_精神科_心療内科】奈良県北葛城郡河合町高塚台１－８－１" }, "geometry": { "type": "Point", "coordinates": [ 135.722372, 34.579604 ] } },
{ "type": "Feature", "properties": { "ID": 2922067300000, "正式名称": "医療法人　坂上医院", "機関区分": 2, "都道府県コード": 29, "市区町村コード": 427, "所在地": "奈良県北葛城郡河合町広瀬台３－８－１０", "緯度": 34.587769, "経度": 135.71876, "url": "https://www.iryou.teikyouseido.mhlw.go.jp/znk-web/juminkanja/S2430/initialize?prefCd=29&kikanCd=2067300000&kikanKbn=2", "url2": "https://www.sakagami-dr.com", "内容": "医療法人　坂上医院【2:診療所】【診療科目:内科_消化器内科_胃腸内科】奈良県北葛城郡河合町広瀬台３－８－１０" }, "geometry": { "type": "Point", "coordinates": [ 135.71876, 34.587769 ] } },
{ "type": "Feature", "properties": { "ID": 2922067400000, "正式名称": "社会医療法人健生会　河合診療所", "機関区分": 2, "都道府県コード": 29, "市区町村コード": 427, "所在地": "奈良県北葛城郡河合町穴闇８１－１", "緯度": 34.586909, "経度": 135.74087, "url": "https://www.iryou.teikyouseido.mhlw.go.jp/znk-web/juminkanja/S2430/initialize?prefCd=29&kikanCd=2067400000&kikanKbn=2", "url2": "http://kenseikai-nara.or.jp/kawai/index.html", "内容": "社会医療法人健生会　河合診療所【2:診療所】【診療科目:内科_消化器内科_小児科_放射線科】奈良県北葛城郡河合町穴闇８１－１" }, "geometry": { "type": "Point", "coordinates": [ 135.74087, 34.586909 ] } },
{ "type": "Feature", "properties": { "ID": 2922067600000, "正式名称": "医療法人康成会　星和台クリニック", "機関区分": 2, "都道府県コード": 29, "市区町村コード": 427, "所在地": "奈良県北葛城郡河合町星和台２丁目１番地の２０", "緯度": 34.585825, "経度": 135.717011, "url": "https://www.iryou.teikyouseido.mhlw.go.jp/znk-web/juminkanja/S2430/initialize?prefCd=29&kikanCd=2067600000&kikanKbn=2", "url2": "http://www.kouseikai-med.com", "内容": "医療法人康成会　星和台クリニック【2:診療所】【診療科目:内科_腎臓内科_皮膚科_泌尿器科】奈良県北葛城郡河合町星和台２丁目１番地の２０" }, "geometry": { "type": "Point", "coordinates": [ 135.717011, 34.585825 ] } },
{ "type": "Feature", "properties": { "ID": 2922068100000, "正式名称": "西岡眼科", "機関区分": 2, "都道府県コード": 29, "市区町村コード": 427, "所在地": "奈良県北葛城郡河合町中山台１－２３－９", "緯度": 34.582936, "経度": 135.719094, "url": "https://www.iryou.teikyouseido.mhlw.go.jp/znk-web/juminkanja/S2430/initialize?prefCd=29&kikanCd=2068100000&kikanKbn=2", "url2": null, "内容": "西岡眼科【2:診療所】【診療科目:眼科】奈良県北葛城郡河合町中山台１－２３－９" }, "geometry": { "type": "Point", "coordinates": [ 135.719094, 34.582936 ] } },
{ "type": "Feature", "properties": { "ID": 2922068300000, "正式名称": "水野内科医院", "機関区分": 2, "都道府県コード": 29, "市区町村コード": 427, "所在地": "奈良県北葛城郡河合町西穴闇２３２", "緯度": 34.586742, "経度": 135.734648, "url": "https://www.iryou.teikyouseido.mhlw.go.jp/znk-web/juminkanja/S2430/initialize?prefCd=29&kikanCd=2068300000&kikanKbn=2", "url2": null, "内容": "水野内科医院【2:診療所】【診療科目:内科_リハビリテーション科_放射線科】奈良県北葛城郡河合町西穴闇２３２" }, "geometry": { "type": "Point", "coordinates": [ 135.734648, 34.586742 ] } },
{ "type": "Feature", "properties": { "ID": 2922068700000, "正式名称": "島田医院", "機関区分": 2, "都道府県コード": 29, "市区町村コード": 441, "所在地": "奈良県吉野郡吉野町上市１２６", "緯度": 34.39632, "経度": 135.857119, "url": "https://www.iryou.teikyouseido.mhlw.go.jp/znk-web/juminkanja/S2430/initialize?prefCd=29&kikanCd=2068700000&kikanKbn=2", "url2": null, "内容": "島田医院【2:診療所】【診療科目:内科_皮膚科】奈良県吉野郡吉野町上市１２６" }, "geometry": { "type": "Point", "coordinates": [ 135.857119, 34.39632 ] } },
{ "type": "Feature", "properties": { "ID": 2922069000000, "正式名称": "社会福祉法人綜合施設　美吉野園診療所", "機関区分": 2, "都道府県コード": 29, "市区町村コード": 442, "所在地": "奈良県吉野郡大淀町下渕６２９", "緯度": 34.388292, "経度": 135.780903, "url": "https://www.iryou.teikyouseido.mhlw.go.jp/znk-web/juminkanja/S2430/initialize?prefCd=29&kikanCd=2069000000&kikanKbn=2", "url2": "http://www.miyoshinoen.jp/", "内容": "社会福祉法人綜合施設　美吉野園診療所【2:診療所】【診療科目:内科】奈良県吉野郡大淀町下渕６２９" }, "geometry": { "type": "Point", "coordinates": [ 135.780903, 34.388292 ] } },
{ "type": "Feature", "properties": { "ID": 2922069200000, "正式名称": "医療法人田仲医院", "機関区分": 2, "都道府県コード": 29, "市区町村コード": 442, "所在地": "奈良県吉野郡大淀町下渕５４番地３", "緯度": 34.38257, "経度": 135.790847, "url": "https://www.iryou.teikyouseido.mhlw.go.jp/znk-web/juminkanja/S2430/initialize?prefCd=29&kikanCd=2069200000&kikanKbn=2", "url2": null, "内容": "医療法人田仲医院【2:診療所】【診療科目:内科_循環器内科_消化器内科_小児科_放射線科】奈良県吉野郡大淀町下渕５４番地３" }, "geometry": { "type": "Point", "coordinates": [ 135.790847, 34.38257 ] } },
{ "type": "Feature", "properties": { "ID": 2922069300000, "正式名称": "中辻医院", "機関区分": 2, "都道府県コード": 29, "市区町村コード": 442, "所在地": "奈良県吉野郡大淀町桧垣本１０４番地の２", "緯度": 34.390097, "経度": 135.795596, "url": "https://www.iryou.teikyouseido.mhlw.go.jp/znk-web/juminkanja/S2430/initialize?prefCd=29&kikanCd=2069300000&kikanKbn=2", "url2": "http://nakatujihp.com", "内容": "中辻医院【2:診療所】【診療科目:内科_泌尿器科_リハビリテーション科】奈良県吉野郡大淀町桧垣本１０４番地の２" }, "geometry": { "type": "Point", "coordinates": [ 135.795596, 34.390097 ] } },
{ "type": "Feature", "properties": { "ID": 2922069500000, "正式名称": "オケタ整形外科", "機関区分": 2, "都道府県コード": 29, "市区町村コード": 442, "所在地": "奈良県吉野郡大淀町下渕８１－３", "緯度": 34.38157, "経度": 135.789681, "url": "https://www.iryou.teikyouseido.mhlw.go.jp/znk-web/juminkanja/S2430/initialize?prefCd=29&kikanCd=2069500000&kikanKbn=2", "url2": null, "内容": "オケタ整形外科【2:診療所】【診療科目:整形外科_リウマチ科_リハビリテーション科】奈良県吉野郡大淀町下渕８１－３" }, "geometry": { "type": "Point", "coordinates": [ 135.789681, 34.38157 ] } },
{ "type": "Feature", "properties": { "ID": 2922069600000, "正式名称": "仲西整形外科", "機関区分": 2, "都道府県コード": 29, "市区町村コード": 442, "所在地": "奈良県吉野郡大淀町新野７１－１", "緯度": 34.386765, "経度": 135.810484, "url": "https://www.iryou.teikyouseido.mhlw.go.jp/znk-web/juminkanja/S2430/initialize?prefCd=29&kikanCd=2069600000&kikanKbn=2", "url2": null, "内容": "仲西整形外科【2:診療所】【診療科目:整形外科_リウマチ科_リハビリテーション科】奈良県吉野郡大淀町新野７１－１" }, "geometry": { "type": "Point", "coordinates": [ 135.810484, 34.386765 ] } },
{ "type": "Feature", "properties": { "ID": 2922069900000, "正式名称": "山岸眼科医院", "機関区分": 2, "都道府県コード": 29, "市区町村コード": 443, "所在地": "奈良県　吉野郡　下市町　新住　１２０", "緯度": 34.379737, "経度": 135.784376, "url": "https://www.iryou.teikyouseido.mhlw.go.jp/znk-web/juminkanja/S2430/initialize?prefCd=29&kikanCd=2069900000&kikanKbn=2", "url2": null, "内容": "山岸眼科医院【2:診療所】【診療科目:眼科】奈良県　吉野郡　下市町　新住　１２０" }, "geometry": { "type": "Point", "coordinates": [ 135.784376, 34.379737 ] } },
{ "type": "Feature", "properties": { "ID": 2922070300000, "正式名称": "黒滝村国民健康保険診療所", "機関区分": 2, "都道府県コード": 29, "市区町村コード": 444, "所在地": "奈良県吉野郡黒滝村寺戸１８２ー１", "緯度": 34.310746, "経度": 135.85029, "url": "https://www.iryou.teikyouseido.mhlw.go.jp/znk-web/juminkanja/S2430/initialize?prefCd=29&kikanCd=2070300000&kikanKbn=2", "url2": "http://www.vill.kurotaki.nara.jp/service/welfare/clinic.html", "内容": "黒滝村国民健康保険診療所【2:診療所】【診療科目:内科_外科_小児科】奈良県吉野郡黒滝村寺戸１８２ー１" }, "geometry": { "type": "Point", "coordinates": [ 135.85029, 34.310746 ] } },
{ "type": "Feature", "properties": { "ID": 2922070500000, "正式名称": "天川村国民健康保険直営診療所", "機関区分": 2, "都道府県コード": 29, "市区町村コード": 446, "所在地": "奈良県吉野郡天川村南日裏２００番地", "緯度": 34.227782, "経度": 135.8411, "url": "https://www.iryou.teikyouseido.mhlw.go.jp/znk-web/juminkanja/S2430/initialize?prefCd=29&kikanCd=2070500000&kikanKbn=2", "url2": null, "内容": "天川村国民健康保険直営診療所【2:診療所】【診療科目:内科_外科_整形外科_小児科】奈良県吉野郡天川村南日裏２００番地" }, "geometry": { "type": "Point", "coordinates": [ 135.8411, 34.227782 ] } },
{ "type": "Feature", "properties": { "ID": 2922070700000, "正式名称": "上北山村国民健康保険診療所", "機関区分": 2, "都道府県コード": 29, "市区町村コード": 451, "所在地": "奈良県吉野郡上北山村河合３８１番地", "緯度": 34.133184, "経度": 136.00173, "url": "https://www.iryou.teikyouseido.mhlw.go.jp/znk-web/juminkanja/S2430/initialize?prefCd=29&kikanCd=2070700000&kikanKbn=2", "url2": null, "内容": "上北山村国民健康保険診療所【2:診療所】【診療科目:内科_外科_整形外科_小児科】奈良県吉野郡上北山村河合３８１番地" }, "geometry": { "type": "Point", "coordinates": [ 136.00173, 34.133184 ] } },
{ "type": "Feature", "properties": { "ID": 2922070800000, "正式名称": "川上村国民健康保険川上診療所", "機関区分": 2, "都道府県コード": 29, "市区町村コード": 452, "所在地": "奈良県吉野郡川上村迫１３３４ー２３", "緯度": 34.338939, "経度": 135.952947, "url": "https://www.iryou.teikyouseido.mhlw.go.jp/znk-web/juminkanja/S2430/initialize?prefCd=29&kikanCd=2070800000&kikanKbn=2", "url2": "http://www.vill.kawakami.nara.jp/", "内容": "川上村国民健康保険川上診療所【2:診療所】【診療科目:内科_外科_整形外科_泌尿器科_放射線科】奈良県吉野郡川上村迫１３３４ー２３" }, "geometry": { "type": "Point", "coordinates": [ 135.952947, 34.338939 ] } },
{ "type": "Feature", "properties": { "ID": 2922071100000, "正式名称": "下間医院", "機関区分": 2, "都道府県コード": 29, "市区町村コード": 453, "所在地": "奈良県吉野郡東吉野村小７３０", "緯度": 34.391656, "経度": 135.981775, "url": "https://www.iryou.teikyouseido.mhlw.go.jp/znk-web/juminkanja/S2430/initialize?prefCd=29&kikanCd=2071100000&kikanKbn=2", "url2": null, "内容": "下間医院【2:診療所】【診療科目:内科】奈良県吉野郡東吉野村小７３０" }, "geometry": { "type": "Point", "coordinates": [ 135.981775, 34.391656 ] } },
{ "type": "Feature", "properties": { "ID": 2922071200000, "正式名称": "下間医院中黒診療所", "機関区分": 2, "都道府県コード": 29, "市区町村コード": 453, "所在地": "奈良県吉野郡東吉野村中黒大字糸納７－６，７－５", "緯度": 34.382767, "経度": 135.942501, "url": "https://www.iryou.teikyouseido.mhlw.go.jp/znk-web/juminkanja/S2430/initialize?prefCd=29&kikanCd=2071200000&kikanKbn=2", "url2": null, "内容": "下間医院中黒診療所【2:診療所】【診療科目:内科】奈良県吉野郡東吉野村中黒大字糸納７－６，７－５" }, "geometry": { "type": "Point", "coordinates": [ 135.942501, 34.382767 ] } },
{ "type": "Feature", "properties": { "ID": 2922071400000, "正式名称": "米田医院", "機関区分": 2, "都道府県コード": 29, "市区町村コード": 453, "所在地": "奈良県吉野郡東吉野村小川７０４", "緯度": 34.404349, "経度": 135.96972, "url": "https://www.iryou.teikyouseido.mhlw.go.jp/znk-web/juminkanja/S2430/initialize?prefCd=29&kikanCd=2071400000&kikanKbn=2", "url2": null, "内容": "米田医院【2:診療所】【診療科目:内科_代謝内科_糖尿病・内分泌内科_糖尿病・代謝内科_疼痛緩和内科_外科】奈良県吉野郡東吉野村小川７０４" }, "geometry": { "type": "Point", "coordinates": [ 135.96972, 34.404349 ] } },
{ "type": "Feature", "properties": { "ID": 2922071900000, "正式名称": "医療法人　藤井整形外科", "機関区分": 2, "都道府県コード": 29, "市区町村コード": 203, "所在地": "奈良県大和郡山市柳町１２８番地９　　カイチビル２階", "緯度": 34.645348, "経度": 135.785697, "url": "https://www.iryou.teikyouseido.mhlw.go.jp/znk-web/juminkanja/S2430/initialize?prefCd=29&kikanCd=2071900000&kikanKbn=2", "url2": null, "内容": "医療法人　藤井整形外科【2:診療所】【診療科目:外科_整形外科_リハビリテーション科】奈良県大和郡山市柳町１２８番地９　　カイチビル２階" }, "geometry": { "type": "Point", "coordinates": [ 135.785697, 34.645348 ] } },
{ "type": "Feature", "properties": { "ID": 2922072100000, "正式名称": "社会医療法人健生会　小泉診療所", "機関区分": 2, "都道府県コード": 29, "市区町村コード": 203, "所在地": "奈良県大和郡山市小泉町５５２", "緯度": 34.623488, "経度": 135.761533, "url": "https://www.iryou.teikyouseido.mhlw.go.jp/znk-web/juminkanja/S2430/initialize?prefCd=29&kikanCd=2072100000&kikanKbn=2", "url2": "http://www.okatani.or.jp/koizumi/index.htm", "内容": "社会医療法人健生会　小泉診療所【2:診療所】【診療科目:内科_消化器内科_整形外科_放射線科】奈良県大和郡山市小泉町５５２" }, "geometry": { "type": "Point", "coordinates": [ 135.761533, 34.623488 ] } },
{ "type": "Feature", "properties": { "ID": 2922072300000, "正式名称": "医療法人　砂川医院", "機関区分": 2, "都道府県コード": 29, "市区町村コード": 203, "所在地": "奈良県大和郡山市堺町７２番地", "緯度": 34.651097, "経度": 135.783585, "url": "https://www.iryou.teikyouseido.mhlw.go.jp/znk-web/juminkanja/S2430/initialize?prefCd=29&kikanCd=2072300000&kikanKbn=2", "url2": null, "内容": "医療法人　砂川医院【2:診療所】【診療科目:内科】奈良県大和郡山市堺町７２番地" }, "geometry": { "type": "Point", "coordinates": [ 135.783585, 34.651097 ] } },
{ "type": "Feature", "properties": { "ID": 2922072600000, "正式名称": "医療法人　林整形外科医院", "機関区分": 2, "都道府県コード": 29, "市区町村コード": 203, "所在地": "奈良県大和郡山市南郡山町２３６－３", "緯度": 34.646236, "経度": 135.781419, "url": "https://www.iryou.teikyouseido.mhlw.go.jp/znk-web/juminkanja/S2430/initialize?prefCd=29&kikanCd=2072600000&kikanKbn=2", "url2": null, "内容": "医療法人　林整形外科医院【2:診療所】【診療科目:整形外科_リウマチ科_リハビリテーション科】奈良県大和郡山市南郡山町２３６－３" }, "geometry": { "type": "Point", "coordinates": [ 135.781419, 34.646236 ] } },
{ "type": "Feature", "properties": { "ID": 2922072700000, "正式名称": "医療法人上田医院　上田医院北和診療所", "機関区分": 2, "都道府県コード": 29, "市区町村コード": 203, "所在地": "奈良県大和郡山市九条町３６２番地の２", "緯度": 34.66029, "経度": 135.782585, "url": "https://www.iryou.teikyouseido.mhlw.go.jp/znk-web/juminkanja/S2430/initialize?prefCd=29&kikanCd=2072700000&kikanKbn=2", "url2": "http://bgoinnav.jp/clinic/46771", "内容": "医療法人上田医院　上田医院北和診療所【2:診療所】【診療科目:内科_循環器内科_小児科_放射線科】奈良県大和郡山市九条町３６２番地の２" }, "geometry": { "type": "Point", "coordinates": [ 135.782585, 34.66029 ] } },
{ "type": "Feature", "properties": { "ID": 2922073700000, "正式名称": "奥井医院", "機関区分": 2, "都道府県コード": 29, "市区町村コード": 203, "所在地": "奈良県大和郡山市筒井町４６０－１５／オッシェム・ロジナ２階", "緯度": 34.621489, "経度": 135.781115, "url": "https://www.iryou.teikyouseido.mhlw.go.jp/znk-web/juminkanja/S2430/initialize?prefCd=29&kikanCd=2073700000&kikanKbn=2", "url2": null, "内容": "奥井医院【2:診療所】【診療科目:内科_リハビリテーション科】奈良県大和郡山市筒井町４６０－１５／オッシェム・ロジナ２階" }, "geometry": { "type": "Point", "coordinates": [ 135.781115, 34.621489 ] } },
{ "type": "Feature", "properties": { "ID": 2922073800000, "正式名称": "奥村医院", "機関区分": 2, "都道府県コード": 29, "市区町村コード": 203, "所在地": "奈良県大和郡山市美濃庄町２９７－４４", "緯度": 34.640293, "経度": 135.800946, "url": "https://www.iryou.teikyouseido.mhlw.go.jp/znk-web/juminkanja/S2430/initialize?prefCd=29&kikanCd=2073800000&kikanKbn=2", "url2": null, "内容": "奥村医院【2:診療所】【診療科目:内科_小児科_皮膚科】奈良県大和郡山市美濃庄町２９７－４４" }, "geometry": { "type": "Point", "coordinates": [ 135.800946, 34.640293 ] } },
{ "type": "Feature", "properties": { "ID": 2922074200000, "正式名称": "関谷医院", "機関区分": 2, "都道府県コード": 29, "市区町村コード": 203, "所在地": "奈良県大和郡山市南郡山町５３９－９", "緯度": 34.647014, "経度": 135.782197, "url": "https://www.iryou.teikyouseido.mhlw.go.jp/znk-web/juminkanja/S2430/initialize?prefCd=29&kikanCd=2074200000&kikanKbn=2", "url2": "https://sekiyaclinic.net/", "内容": "関谷医院【2:診療所】【診療科目:外科_肛門外科】奈良県大和郡山市南郡山町５３９－９" }, "geometry": { "type": "Point", "coordinates": [ 135.782197, 34.647014 ] } },
{ "type": "Feature", "properties": { "ID": 2922074300000, "正式名称": "高樹医院", "機関区分": 2, "都道府県コード": 29, "市区町村コード": 203, "所在地": "奈良県大和郡山市南郡山町２２６－２", "緯度": 34.646097, "経度": 135.781225, "url": "https://www.iryou.teikyouseido.mhlw.go.jp/znk-web/juminkanja/S2430/initialize?prefCd=29&kikanCd=2074300000&kikanKbn=2", "url2": "www1.mahoroba.ne.jp/~ykmao/hp/takagi", "内容": "高樹医院【2:診療所】【診療科目:内科_消化器内科】奈良県大和郡山市南郡山町２２６－２" }, "geometry": { "type": "Point", "coordinates": [ 135.781225, 34.646097 ] } },
{ "type": "Feature", "properties": { "ID": 2922074600000, "正式名称": "辻村医院", "機関区分": 2, "都道府県コード": 29, "市区町村コード": 203, "所在地": "奈良県大和郡山市柳町１９８の２", "緯度": 34.643653, "経度": 135.783947, "url": "https://www.iryou.teikyouseido.mhlw.go.jp/znk-web/juminkanja/S2430/initialize?prefCd=29&kikanCd=2074600000&kikanKbn=2", "url2": "http://www1.mahoroba.ne.jp/~ykmao/hp/tsujimura/", "内容": "辻村医院【2:診療所】【診療科目:内科_循環器内科_産婦人科】奈良県大和郡山市柳町１９８の２" }, "geometry": { "type": "Point", "coordinates": [ 135.783947, 34.643653 ] } },
{ "type": "Feature", "properties": { "ID": 2922074800000, "正式名称": "中村メンタルクリニック", "機関区分": 2, "都道府県コード": 29, "市区町村コード": 203, "所在地": "奈良県大和郡山市朝日町１番２２号フクオカビル本館１階", "緯度": 34.646986, "経度": 135.779642, "url": "https://www.iryou.teikyouseido.mhlw.go.jp/znk-web/juminkanja/S2430/initialize?prefCd=29&kikanCd=2074800000&kikanKbn=2", "url2": null, "内容": "中村メンタルクリニック【2:診療所】【診療科目:精神科】奈良県大和郡山市朝日町１番２２号フクオカビル本館１階" }, "geometry": { "type": "Point", "coordinates": [ 135.779642, 34.646986 ] } },
{ "type": "Feature", "properties": { "ID": 2922074900000, "正式名称": "はちすか内科", "機関区分": 2, "都道府県コード": 29, "市区町村コード": 203, "所在地": "奈良県大和郡山市柳町１２８－９カイチビル５Ｆ", "緯度": 34.64532, "経度": 135.785752, "url": "https://www.iryou.teikyouseido.mhlw.go.jp/znk-web/juminkanja/S2430/initialize?prefCd=29&kikanCd=2074900000&kikanKbn=2", "url2": null, "内容": "はちすか内科【2:診療所】【診療科目:内科_呼吸器内科_循環器内科】奈良県大和郡山市柳町１２８－９カイチビル５Ｆ" }, "geometry": { "type": "Point", "coordinates": [ 135.785752, 34.64532 ] } },
{ "type": "Feature", "properties": { "ID": 2922075300000, "正式名称": "牧浦内科", "機関区分": 2, "都道府県コード": 29, "市区町村コード": 203, "所在地": "奈良県大和郡山市額田部北町４７９－３", "緯度": 34.607129, "経度": 135.779616, "url": "https://www.iryou.teikyouseido.mhlw.go.jp/znk-web/juminkanja/S2430/initialize?prefCd=29&kikanCd=2075300000&kikanKbn=2", "url2": null, "内容": "牧浦内科【2:診療所】【診療科目:内科_循環器内科_小児科】奈良県大和郡山市額田部北町４７９－３" }, "geometry": { "type": "Point", "coordinates": [ 135.779616, 34.607129 ] } },
{ "type": "Feature", "properties": { "ID": 2922075500000, "正式名称": "医療法人三橋医院三橋仁美レディースクリニック", "機関区分": 2, "都道府県コード": 29, "市区町村コード": 203, "所在地": "奈良県大和郡山市矢田町通１９", "緯度": 34.647097, "経度": 135.785363, "url": "https://www.iryou.teikyouseido.mhlw.go.jp/znk-web/juminkanja/S2430/initialize?prefCd=29&kikanCd=2075500000&kikanKbn=2", "url2": "https://yh-clinic.jp/", "内容": "医療法人三橋医院三橋仁美レディースクリニック【2:診療所】【診療科目:内科_婦人科_産婦人科（生殖医療）】奈良県大和郡山市矢田町通１９" }, "geometry": { "type": "Point", "coordinates": [ 135.785363, 34.647097 ] } },
{ "type": "Feature", "properties": { "ID": 2922076100000, "正式名称": "大和郡山市立休日応急診療所", "機関区分": 2, "都道府県コード": 29, "市区町村コード": 203, "所在地": "奈良県大和郡山市本庄町３１７番地２", "緯度": 34.637765, "経度": 135.787669, "url": "https://www.iryou.teikyouseido.mhlw.go.jp/znk-web/juminkanja/S2430/initialize?prefCd=29&kikanCd=2076100000&kikanKbn=2", "url2": null, "内容": "大和郡山市立休日応急診療所【2:診療所】【診療科目:内科_小児科】奈良県大和郡山市本庄町３１７番地２" }, "geometry": { "type": "Point", "coordinates": [ 135.787669, 34.637765 ] } },
{ "type": "Feature", "properties": { "ID": 2922076900000, "正式名称": "医療法人　阿部診療所", "機関区分": 2, "都道府県コード": 29, "市区町村コード": 209, "所在地": "奈良県生駒市元町１丁目１３番１号グリーンヒルいこま４階", "緯度": 34.692785, "経度": 135.69623, "url": "https://www.iryou.teikyouseido.mhlw.go.jp/znk-web/juminkanja/S2430/initialize?prefCd=29&kikanCd=2076900000&kikanKbn=2", "url2": "https://abe-sinnryousyo.com", "内容": "医療法人　阿部診療所【2:診療所】【診療科目:内科_消化器内科_胃腸内科_内視鏡内科_放射線科】奈良県生駒市元町１丁目１３番１号グリーンヒルいこま４階" }, "geometry": { "type": "Point", "coordinates": [ 135.69623, 34.692785 ] } },
{ "type": "Feature", "properties": { "ID": 2922077000000, "正式名称": "医療法人　大塚医院", "機関区分": 2, "都道府県コード": 29, "市区町村コード": 209, "所在地": "奈良県生駒市あすか野北１丁目２番１２号", "緯度": 34.713284, "経度": 135.72106, "url": "https://www.iryou.teikyouseido.mhlw.go.jp/znk-web/juminkanja/S2430/initialize?prefCd=29&kikanCd=2077000000&kikanKbn=2", "url2": null, "内容": "医療法人　大塚医院【2:診療所】【診療科目:内科_循環器内科_小児科】奈良県生駒市あすか野北１丁目２番１２号" }, "geometry": { "type": "Point", "coordinates": [ 135.72106, 34.713284 ] } },
{ "type": "Feature", "properties": { "ID": 2922077200000, "正式名称": "医療法人近藤整形外科", "機関区分": 2, "都道府県コード": 29, "市区町村コード": 209, "所在地": "奈良県生駒市辻町３９９番地５０／トキワビル１階", "緯度": 34.694674, "経度": 135.710117, "url": "https://www.iryou.teikyouseido.mhlw.go.jp/znk-web/juminkanja/S2430/initialize?prefCd=29&kikanCd=2077200000&kikanKbn=2", "url2": null, "内容": "医療法人近藤整形外科【2:診療所】【診療科目:外科_整形外科_リハビリテーション科】奈良県生駒市辻町３９９番地５０／トキワビル１階" }, "geometry": { "type": "Point", "coordinates": [ 135.710117, 34.694674 ] } },
{ "type": "Feature", "properties": { "ID": 2922077300000, "正式名称": "医療法人社団有山会有山診療所", "機関区分": 2, "都道府県コード": 29, "市区町村コード": 209, "所在地": "奈良県生駒市高山町４２６１－１", "緯度": 34.753335, "経度": 135.721503, "url": "https://www.iryou.teikyouseido.mhlw.go.jp/znk-web/juminkanja/S2430/initialize?prefCd=29&kikanCd=2077300000&kikanKbn=2", "url2": "ariyama-clinic.net", "内容": "医療法人社団有山会有山診療所【2:診療所】【診療科目:内科】奈良県生駒市高山町４２６１－１" }, "geometry": { "type": "Point", "coordinates": [ 135.721503, 34.753335 ] } },
{ "type": "Feature", "properties": { "ID": 2922077400000, "正式名称": "医療法人社団有山会　鹿ノ台クリニック", "機関区分": 2, "都道府県コード": 29, "市区町村コード": 209, "所在地": "奈良県生駒市鹿ノ台西１－１－８", "緯度": 34.735337, "経度": 135.749418, "url": "https://www.iryou.teikyouseido.mhlw.go.jp/znk-web/juminkanja/S2430/initialize?prefCd=29&kikanCd=2077400000&kikanKbn=2", "url2": null, "内容": "医療法人社団有山会　鹿ノ台クリニック【2:診療所】【診療科目:内科】奈良県生駒市鹿ノ台西１－１－８" }, "geometry": { "type": "Point", "coordinates": [ 135.749418, 34.735337 ] } },
{ "type": "Feature", "properties": { "ID": 2922077600000, "正式名称": "医療法人　田原クリニック", "機関区分": 2, "都道府県コード": 29, "市区町村コード": 209, "所在地": "奈良県生駒市南田原町３７７番地", "緯度": 34.722532, "経度": 135.704228, "url": "https://www.iryou.teikyouseido.mhlw.go.jp/znk-web/juminkanja/S2430/initialize?prefCd=29&kikanCd=2077600000&kikanKbn=2", "url2": null, "内容": "医療法人　田原クリニック【2:診療所】【診療科目:内科】奈良県生駒市南田原町３７７番地" }, "geometry": { "type": "Point", "coordinates": [ 135.704228, 34.722532 ] } },
{ "type": "Feature", "properties": { "ID": 2922077800000, "正式名称": "医療法人松井小児科", "機関区分": 2, "都道府県コード": 29, "市区町村コード": 209, "所在地": "奈良県生駒市西旭ケ丘１３番１８号", "緯度": 34.68671, "経度": 135.70115, "url": "https://www.iryou.teikyouseido.mhlw.go.jp/znk-web/juminkanja/S2430/initialize?prefCd=29&kikanCd=2077800000&kikanKbn=2", "url2": null, "内容": "医療法人松井小児科【2:診療所】【診療科目:小児科】奈良県生駒市西旭ケ丘１３番１８号" }, "geometry": { "type": "Point", "coordinates": [ 135.70115, 34.68671 ] } },
{ "type": "Feature", "properties": { "ID": 2922078000000, "正式名称": "一般財団法人生駒メディカルセンター　休日夜間応急診療所", "機関区分": 2, "都道府県コード": 29, "市区町村コード": 209, "所在地": "奈良県生駒市東新町１番３号", "緯度": 34.692813, "経度": 135.699396, "url": "https://www.iryou.teikyouseido.mhlw.go.jp/znk-web/juminkanja/S2430/initialize?prefCd=29&kikanCd=2078000000&kikanKbn=2", "url2": "https://ikomamedical.or.jp", "内容": "一般財団法人生駒メディカルセンター　休日夜間応急診療所【2:診療所】【診療科目:内科_小児科】奈良県生駒市東新町１番３号" }, "geometry": { "type": "Point", "coordinates": [ 135.699396, 34.692813 ] } },
{ "type": "Feature", "properties": { "ID": 2922078200000, "正式名称": "医療法人友岡診療所", "機関区分": 2, "都道府県コード": 29, "市区町村コード": 209, "所在地": "奈良県生駒市辻町３９７－８東生駒８番館２階", "緯度": 34.694008, "経度": 135.709256, "url": "https://www.iryou.teikyouseido.mhlw.go.jp/znk-web/juminkanja/S2430/initialize?prefCd=29&kikanCd=2078200000&kikanKbn=2", "url2": null, "内容": "医療法人友岡診療所【2:診療所】【診療科目:内科】奈良県生駒市辻町３９７－８東生駒８番館２階" }, "geometry": { "type": "Point", "coordinates": [ 135.709256, 34.694008 ] } },
{ "type": "Feature", "properties": { "ID": 2922079100000, "正式名称": "エイコクリニック", "機関区分": 2, "都道府県コード": 29, "市区町村コード": 209, "所在地": "奈良県生駒市中菜畑２丁目１１０９－１", "緯度": 34.680676, "経度": 135.705674, "url": "https://www.iryou.teikyouseido.mhlw.go.jp/znk-web/juminkanja/S2430/initialize?prefCd=29&kikanCd=2079100000&kikanKbn=2", "url2": null, "内容": "エイコクリニック【2:診療所】【診療科目:内科_呼吸器内科】奈良県生駒市中菜畑２丁目１１０９－１" }, "geometry": { "type": "Point", "coordinates": [ 135.705674, 34.680676 ] } },
{ "type": "Feature", "properties": { "ID": 2922079300000, "正式名称": "衞藤耳鼻咽喉科", "機関区分": 2, "都道府県コード": 29, "市区町村コード": 209, "所在地": "奈良県生駒市真弓４丁目４－５　２階", "緯度": 34.717617, "経度": 135.733337, "url": "https://www.iryou.teikyouseido.mhlw.go.jp/znk-web/juminkanja/S2430/initialize?prefCd=29&kikanCd=2079300000&kikanKbn=2", "url2": "www.eto-ent.com", "内容": "衞藤耳鼻咽喉科【2:診療所】【診療科目:耳鼻いんこう科_アレルギー科】奈良県生駒市真弓４丁目４－５　２階" }, "geometry": { "type": "Point", "coordinates": [ 135.733337, 34.717617 ] } },
{ "type": "Feature", "properties": { "ID": 2922079500000, "正式名称": "岡クリニック", "機関区分": 2, "都道府県コード": 29, "市区町村コード": 209, "所在地": "奈良県生駒市北新町１－２０　幸誠ビル３階", "緯度": 34.693341, "経度": 135.696813, "url": "https://www.iryou.teikyouseido.mhlw.go.jp/znk-web/juminkanja/S2430/initialize?prefCd=29&kikanCd=2079500000&kikanKbn=2", "url2": null, "内容": "岡クリニック【2:診療所】【診療科目:精神科_心療内科】奈良県生駒市北新町１－２０　幸誠ビル３階" }, "geometry": { "type": "Point", "coordinates": [ 135.696813, 34.693341 ] } },
{ "type": "Feature", "properties": { "ID": 2922079600000, "正式名称": "かなもと医院", "機関区分": 2, "都道府県コード": 29, "市区町村コード": 209, "所在地": "奈良県生駒市真弓１丁目８－３", "緯度": 34.721922, "経度": 135.727142, "url": "https://www.iryou.teikyouseido.mhlw.go.jp/znk-web/juminkanja/S2430/initialize?prefCd=29&kikanCd=2079600000&kikanKbn=2", "url2": null, "内容": "かなもと医院【2:診療所】【診療科目:内科_呼吸器内科_循環器内科_小児科】奈良県生駒市真弓１丁目８－３" }, "geometry": { "type": "Point", "coordinates": [ 135.727142, 34.721922 ] } },
{ "type": "Feature", "properties": { "ID": 2922079800000, "正式名称": "杉江産婦人科", "機関区分": 2, "都道府県コード": 29, "市区町村コード": 209, "所在地": "奈良県生駒市元町１ー１１－３", "緯度": 34.691674, "経度": 135.695646, "url": "https://www.iryou.teikyouseido.mhlw.go.jp/znk-web/juminkanja/S2430/initialize?prefCd=29&kikanCd=2079800000&kikanKbn=2", "url2": "https://sugie-mc.jp/", "内容": "杉江産婦人科【2:診療所】【診療科目:産婦人科】奈良県生駒市元町１ー１１－３" }, "geometry": { "type": "Point", "coordinates": [ 135.695646, 34.691674 ] } },
{ "type": "Feature", "properties": { "ID": 2922080100000, "正式名称": "竹内小児科", "機関区分": 2, "都道府県コード": 29, "市区町村コード": 209, "所在地": "奈良県生駒市東生駒１－７７－５", "緯度": 34.690314, "経度": 135.711645, "url": "https://www.iryou.teikyouseido.mhlw.go.jp/znk-web/juminkanja/S2430/initialize?prefCd=29&kikanCd=2080100000&kikanKbn=2", "url2": null, "内容": "竹内小児科【2:診療所】【診療科目:小児科】奈良県生駒市東生駒１－７７－５" }, "geometry": { "type": "Point", "coordinates": [ 135.711645, 34.690314 ] } },
{ "type": "Feature", "properties": { "ID": 2922080500000, "正式名称": "つばきもと医院", "機関区分": 2, "都道府県コード": 29, "市区町村コード": 209, "所在地": "奈良県生駒市小瀬町３０８番地の１", "緯度": 34.662733, "経度": 135.718035, "url": "https://www.iryou.teikyouseido.mhlw.go.jp/znk-web/juminkanja/S2430/initialize?prefCd=29&kikanCd=2080500000&kikanKbn=2", "url2": "http://www.eonet.ne.jp/~tsubaki62/", "内容": "つばきもと医院【2:診療所】【診療科目:内科_外科_肛門科】奈良県生駒市小瀬町３０８番地の１" }, "geometry": { "type": "Point", "coordinates": [ 135.718035, 34.662733 ] } },
{ "type": "Feature", "properties": { "ID": 2922080800000, "正式名称": "溝口医院", "機関区分": 2, "都道府県コード": 29, "市区町村コード": 209, "所在地": "奈良県生駒市南田原町１９７７池谷設備工業ビル１階", "緯度": 34.716116, "経度": 135.693868, "url": "https://www.iryou.teikyouseido.mhlw.go.jp/znk-web/juminkanja/S2430/initialize?prefCd=29&kikanCd=2080800000&kikanKbn=2", "url2": null, "内容": "溝口医院【2:診療所】【診療科目:内科_外科】奈良県生駒市南田原町１９７７池谷設備工業ビル１階" }, "geometry": { "type": "Point", "coordinates": [ 135.693868, 34.716116 ] } },
{ "type": "Feature", "properties": { "ID": 2922081100000, "正式名称": "山地眼科", "機関区分": 2, "都道府県コード": 29, "市区町村コード": 209, "所在地": "奈良県生駒市谷田町８７０－２　中谷ビル３Ｆ", "緯度": 34.695619, "経度": 135.701007, "url": "https://www.iryou.teikyouseido.mhlw.go.jp/znk-web/juminkanja/S2430/initialize?prefCd=29&kikanCd=2081100000&kikanKbn=2", "url2": "https://itp.ne.jp/info/292803095300000899/shop/", "内容": "山地眼科【2:診療所】【診療科目:眼科】奈良県生駒市谷田町８７０－２　中谷ビル３Ｆ" }, "geometry": { "type": "Point", "coordinates": [ 135.701007, 34.695619 ] } },
{ "type": "Feature", "properties": { "ID": 2922081300000, "正式名称": "吉永医院", "機関区分": 2, "都道府県コード": 29, "市区町村コード": 209, "所在地": "奈良県生駒市東生駒１－７７－８", "緯度": 34.690258, "経度": 135.712256, "url": "https://www.iryou.teikyouseido.mhlw.go.jp/znk-web/juminkanja/S2430/initialize?prefCd=29&kikanCd=2081300000&kikanKbn=2", "url2": null, "内容": "吉永医院【2:診療所】【診療科目:皮膚科】奈良県生駒市東生駒１－７７－８" }, "geometry": { "type": "Point", "coordinates": [ 135.712256, 34.690258 ] } },
{ "type": "Feature", "properties": { "ID": 2922081600000, "正式名称": "医療法人緑会たなかクリニック", "機関区分": 2, "都道府県コード": 29, "市区町村コード": 342, "所在地": "奈良県生駒郡平群町下垣内１２４", "緯度": 34.627015, "経度": 135.703121, "url": "https://www.iryou.teikyouseido.mhlw.go.jp/znk-web/juminkanja/S2430/initialize?prefCd=29&kikanCd=2081600000&kikanKbn=2", "url2": "http://www.nara-tanakaclinic.com", "内容": "医療法人緑会たなかクリニック【2:診療所】【診療科目:内科_神経内科】奈良県生駒郡平群町下垣内１２４" }, "geometry": { "type": "Point", "coordinates": [ 135.703121, 34.627015 ] } },
{ "type": "Feature", "properties": { "ID": 2922081700000, "正式名称": "松井内科", "機関区分": 2, "都道府県コード": 29, "市区町村コード": 342, "所在地": "奈良県生駒郡平群町菊美台１－７－５　宝栄辰巳ビル２Ｆ－１", "緯度": 34.648179, "経度": 135.708703, "url": "https://www.iryou.teikyouseido.mhlw.go.jp/znk-web/juminkanja/S2430/initialize?prefCd=29&kikanCd=2081700000&kikanKbn=2", "url2": null, "内容": "松井内科【2:診療所】【診療科目:内科】奈良県生駒郡平群町菊美台１－７－５　宝栄辰巳ビル２Ｆ－１" }, "geometry": { "type": "Point", "coordinates": [ 135.708703, 34.648179 ] } },
{ "type": "Feature", "properties": { "ID": 2922082400000, "正式名称": "夕陽ヶ丘診療所", "機関区分": 2, "都道府県コード": 29, "市区町村コード": 343, "所在地": "奈良県生駒郡三郷町夕陽ケ丘１番地４０", "緯度": 34.606517, "経度": 135.707288, "url": "https://www.iryou.teikyouseido.mhlw.go.jp/znk-web/juminkanja/S2430/initialize?prefCd=29&kikanCd=2082400000&kikanKbn=2", "url2": "http://www1.ocn.ne.jp/~yuuhi/", "内容": "夕陽ヶ丘診療所【2:診療所】【診療科目:内科_小児科_眼科】奈良県生駒郡三郷町夕陽ケ丘１番地４０" }, "geometry": { "type": "Point", "coordinates": [ 135.707288, 34.606517 ] } },
{ "type": "Feature", "properties": { "ID": 2922082500000, "正式名称": "城山台クリニック", "機関区分": 2, "都道府県コード": 29, "市区町村コード": 343, "所在地": "奈良県生駒郡三郷町城山台１－４－４", "緯度": 34.601517, "経度": 135.69154, "url": "https://www.iryou.teikyouseido.mhlw.go.jp/znk-web/juminkanja/S2430/initialize?prefCd=29&kikanCd=2082500000&kikanKbn=2", "url2": "www.shiroyamadai-cl.com", "内容": "城山台クリニック【2:診療所】【診療科目:内科_糖尿病内科_小児科_泌尿器科】奈良県生駒郡三郷町城山台１－４－４" }, "geometry": { "type": "Point", "coordinates": [ 135.69154, 34.601517 ] } },
{ "type": "Feature", "properties": { "ID": 2922082700000, "正式名称": "湯浅クリニック", "機関区分": 2, "都道府県コード": 29, "市区町村コード": 343, "所在地": "奈良県生駒郡三郷町信貴ケ丘１－１－２４", "緯度": 34.601434, "経度": 135.69429, "url": "https://www.iryou.teikyouseido.mhlw.go.jp/znk-web/juminkanja/S2430/initialize?prefCd=29&kikanCd=2082700000&kikanKbn=2", "url2": null, "内容": "湯浅クリニック【2:診療所】【診療科目:内科_脳神経外科】奈良県生駒郡三郷町信貴ケ丘１－１－２４" }, "geometry": { "type": "Point", "coordinates": [ 135.69429, 34.601434 ] } },
{ "type": "Feature", "properties": { "ID": 2922083100000, "正式名称": "医療法人　勝井整形外科", "機関区分": 2, "都道府県コード": 29, "市区町村コード": 344, "所在地": "奈良県生駒郡斑鳩町龍田西４丁目７－２", "緯度": 34.605351, "経度": 135.71526, "url": "https://www.iryou.teikyouseido.mhlw.go.jp/znk-web/juminkanja/S2430/initialize?prefCd=29&kikanCd=2083100000&kikanKbn=2", "url2": "https://www.katsuiseikei.com", "内容": "医療法人　勝井整形外科【2:診療所】【診療科目:整形外科_リハビリテーション科】奈良県生駒郡斑鳩町龍田西４丁目７－２" }, "geometry": { "type": "Point", "coordinates": [ 135.71526, 34.605351 ] } },
{ "type": "Feature", "properties": { "ID": 2922083200000, "正式名称": "医療法人　和礼会　前田クリニック", "機関区分": 2, "都道府県コード": 29, "市区町村コード": 344, "所在地": "奈良県生駒郡斑鳩町龍田西８丁目６番１０号", "緯度": 34.602933, "経度": 135.712344, "url": "https://www.iryou.teikyouseido.mhlw.go.jp/znk-web/juminkanja/S2430/initialize?prefCd=29&kikanCd=2083200000&kikanKbn=2", "url2": null, "内容": "医療法人　和礼会　前田クリニック【2:診療所】【診療科目:内科_外科_整形外科_リハビリテーション科】奈良県生駒郡斑鳩町龍田西８丁目６番１０号" }, "geometry": { "type": "Point", "coordinates": [ 135.712344, 34.602933 ] } },
{ "type": "Feature", "properties": { "ID": 2922083300000, "正式名称": "石崎整形外科・内科", "機関区分": 2, "都道府県コード": 29, "市区町村コード": 344, "所在地": "奈良県生駒郡斑鳩町興留５丁目１０－２８", "緯度": 34.603685, "経度": 135.737703, "url": "https://www.iryou.teikyouseido.mhlw.go.jp/znk-web/juminkanja/S2430/initialize?prefCd=29&kikanCd=2083300000&kikanKbn=2", "url2": "http://ishizaki.medicoop.ne.jp/", "内容": "石崎整形外科・内科【2:診療所】【診療科目:内科_整形外科】奈良県生駒郡斑鳩町興留５丁目１０－２８" }, "geometry": { "type": "Point", "coordinates": [ 135.737703, 34.603685 ] } },
{ "type": "Feature", "properties": { "ID": 2922083500000, "正式名称": "坂本医院", "機関区分": 2, "都道府県コード": 29, "市区町村コード": 344, "所在地": "奈良県生駒郡斑鳩町龍田２丁目３番１２号", "緯度": 34.607712, "経度": 135.723315, "url": "https://www.iryou.teikyouseido.mhlw.go.jp/znk-web/juminkanja/S2430/initialize?prefCd=29&kikanCd=2083500000&kikanKbn=2", "url2": null, "内容": "坂本医院【2:診療所】【診療科目:内科_小児科】奈良県生駒郡斑鳩町龍田２丁目３番１２号" }, "geometry": { "type": "Point", "coordinates": [ 135.723315, 34.607712 ] } },
{ "type": "Feature", "properties": { "ID": 2922083600000, "正式名称": "藤岡内科医院", "機関区分": 2, "都道府県コード": 29, "市区町村コード": 344, "所在地": "奈良県生駒郡斑鳩町幸前２丁目２－１２", "緯度": 34.615267, "経度": 135.747812, "url": "https://www.iryou.teikyouseido.mhlw.go.jp/znk-web/juminkanja/S2430/initialize?prefCd=29&kikanCd=2083600000&kikanKbn=2", "url2": null, "内容": "藤岡内科医院【2:診療所】【診療科目:内科_循環器内科】奈良県生駒郡斑鳩町幸前２丁目２－１２" }, "geometry": { "type": "Point", "coordinates": [ 135.747812, 34.615267 ] } },
{ "type": "Feature", "properties": { "ID": 2922084100000, "正式名称": "三室休日応急診療所", "機関区分": 2, "都道府県コード": 29, "市区町村コード": 344, "所在地": "奈良県生駒郡斑鳩町稲葉車瀬２丁目５番１８号", "緯度": 34.602462, "経度": 135.719149, "url": "https://www.iryou.teikyouseido.mhlw.go.jp/znk-web/juminkanja/S2430/initialize?prefCd=29&kikanCd=2084100000&kikanKbn=2", "url2": "http://www.mimuro-oq.jp", "内容": "三室休日応急診療所【2:診療所】【診療科目:内科_小児科_歯科】奈良県生駒郡斑鳩町稲葉車瀬２丁目５番１８号" }, "geometry": { "type": "Point", "coordinates": [ 135.719149, 34.602462 ] } },
{ "type": "Feature", "properties": { "ID": 2922084700000, "正式名称": "医療法人　菊川医院", "機関区分": 2, "都道府県コード": 29, "市区町村コード": 205, "所在地": "奈良県橿原市上品寺町３８０－２２", "緯度": 34.521805, "経度": 135.795424, "url": "https://www.iryou.teikyouseido.mhlw.go.jp/znk-web/juminkanja/S2430/initialize?prefCd=29&kikanCd=2084700000&kikanKbn=2", "url2": "http://www.kikukawaiin.clinic-hp.com/", "内容": "医療法人　菊川医院【2:診療所】【診療科目:内科_消化器内科_外科_消化器外科_肛門外科_アレルギー科_リハビリテーション科_放射線科】奈良県橿原市上品寺町３８０－２２" }, "geometry": { "type": "Point", "coordinates": [ 135.795424, 34.521805 ] } },
{ "type": "Feature", "properties": { "ID": 2922084900000, "正式名称": "医療法人　米田診療所", "機関区分": 2, "都道府県コード": 29, "市区町村コード": 205, "所在地": "奈良県橿原市東坊城町５１０", "緯度": 34.493197, "経度": 135.766872, "url": "https://www.iryou.teikyouseido.mhlw.go.jp/znk-web/juminkanja/S2430/initialize?prefCd=29&kikanCd=2084900000&kikanKbn=2", "url2": null, "内容": "医療法人　米田診療所【2:診療所】【診療科目:内科_整形外科_小児科】奈良県橿原市東坊城町５１０" }, "geometry": { "type": "Point", "coordinates": [ 135.766872, 34.493197 ] } },
{ "type": "Feature", "properties": { "ID": 2922085100000, "正式名称": "医療法人　田中医院", "機関区分": 2, "都道府県コード": 29, "市区町村コード": 205, "所在地": "奈良県橿原市四条町８２０－１５", "緯度": 34.504391, "経度": 135.789842, "url": "https://www.iryou.teikyouseido.mhlw.go.jp/znk-web/juminkanja/S2430/initialize?prefCd=29&kikanCd=2085100000&kikanKbn=2", "url2": "http://www.citydo.com/prf/nara/guide/sg/350001451.html", "内容": "医療法人　田中医院【2:診療所】【診療科目:内科_消化器内科_漢方内科_小児科_放射線科】奈良県橿原市四条町８２０－１５" }, "geometry": { "type": "Point", "coordinates": [ 135.789842, 34.504391 ] } },
{ "type": "Feature", "properties": { "ID": 2922085300000, "正式名称": "医療法人　村田医院", "機関区分": 2, "都道府県コード": 29, "市区町村コード": 205, "所在地": "奈良県橿原市曽我町１０４５－２５", "緯度": 34.518555, "経度": 135.77312, "url": "https://www.iryou.teikyouseido.mhlw.go.jp/znk-web/juminkanja/S2430/initialize?prefCd=29&kikanCd=2085300000&kikanKbn=2", "url2": null, "内容": "医療法人　村田医院【2:診療所】【診療科目:内科_胃腸内科_外科_整形外科_小児科_皮膚科_麻酔科】奈良県橿原市曽我町１０４５－２５" }, "geometry": { "type": "Point", "coordinates": [ 135.77312, 34.518555 ] } },
{ "type": "Feature", "properties": { "ID": 2922085500000, "正式名称": "医療法人杉浦整形外科", "機関区分": 2, "都道府県コード": 29, "市区町村コード": 205, "所在地": "奈良県橿原市新賀町８２－１", "緯度": 34.51969, "経度": 135.801546, "url": "https://www.iryou.teikyouseido.mhlw.go.jp/znk-web/juminkanja/S2430/initialize?prefCd=29&kikanCd=2085500000&kikanKbn=2", "url2": null, "内容": "医療法人杉浦整形外科【2:診療所】【診療科目:整形外科_リハビリテーション科】奈良県橿原市新賀町８２－１" }, "geometry": { "type": "Point", "coordinates": [ 135.801546, 34.51969 ] } },
{ "type": "Feature", "properties": { "ID": 2922085600000, "正式名称": "医療法人翠悠会診療所", "機関区分": 2, "都道府県コード": 29, "市区町村コード": 205, "所在地": "奈良県橿原市葛本町６７６－１", "緯度": 34.522694, "経度": 135.797951, "url": "https://www.iryou.teikyouseido.mhlw.go.jp/znk-web/juminkanja/S2430/initialize?prefCd=29&kikanCd=2085600000&kikanKbn=2", "url2": "http://www.suiyuukai.or.jp/ta-01.htmi", "内容": "医療法人翠悠会診療所【2:診療所】【診療科目:内科_人工透析内科】奈良県橿原市葛本町６７６－１" }, "geometry": { "type": "Point", "coordinates": [ 135.797951, 34.522694 ] } },
{ "type": "Feature", "properties": { "ID": 2922085700000, "正式名称": "医療法人　たなせ医院", "機関区分": 2, "都道府県コード": 29, "市区町村コード": 205, "所在地": "奈良県橿原市久米町４２１ー１", "緯度": 34.482587, "経度": 135.789565, "url": "https://www.iryou.teikyouseido.mhlw.go.jp/znk-web/juminkanja/S2430/initialize?prefCd=29&kikanCd=2085700000&kikanKbn=2", "url2": null, "内容": "医療法人　たなせ医院【2:診療所】【診療科目:内科_消化器内科_外科_肛門外科_リハビリテーション科】奈良県橿原市久米町４２１ー１" }, "geometry": { "type": "Point", "coordinates": [ 135.789565, 34.482587 ] } },
{ "type": "Feature", "properties": { "ID": 2922085800000, "正式名称": "医療法人中川会　久米診療所", "機関区分": 2, "都道府県コード": 29, "市区町村コード": 205, "所在地": "奈良県橿原市久米町６００－３", "緯度": 34.484023, "経度": 135.7916, "url": "https://www.iryou.teikyouseido.mhlw.go.jp/znk-web/juminkanja/S2430/initialize?prefCd=29&kikanCd=2085800000&kikanKbn=2", "url2": null, "内容": "医療法人中川会　久米診療所【2:診療所】【診療科目:内科_精神科_心療内科】奈良県橿原市久米町６００－３" }, "geometry": { "type": "Point", "coordinates": [ 135.7916, 34.484023 ] } },
{ "type": "Feature", "properties": { "ID": 2922086000000, "正式名称": "医療法人豊生会森下内科医院", "機関区分": 2, "都道府県コード": 29, "市区町村コード": 205, "所在地": "奈良県橿原市見瀬町６７１―１", "緯度": 34.469894, "経度": 135.798787, "url": "https://www.iryou.teikyouseido.mhlw.go.jp/znk-web/juminkanja/S2430/initialize?prefCd=29&kikanCd=2086000000&kikanKbn=2", "url2": null, "内容": "医療法人豊生会森下内科医院【2:診療所】【診療科目:内科】奈良県橿原市見瀬町６７１―１" }, "geometry": { "type": "Point", "coordinates": [ 135.798787, 34.469894 ] } },
{ "type": "Feature", "properties": { "ID": 2922086100000, "正式名称": "医療法人　松山耳鼻咽喉科", "機関区分": 2, "都道府県コード": 29, "市区町村コード": 205, "所在地": "奈良県橿原市南八木町２丁目２番１７号", "緯度": 34.507001, "経度": 135.794425, "url": "https://www.iryou.teikyouseido.mhlw.go.jp/znk-web/juminkanja/S2430/initialize?prefCd=29&kikanCd=2086100000&kikanKbn=2", "url2": "http://www.matsuyama-clinic.org", "内容": "医療法人　松山耳鼻咽喉科【2:診療所】【診療科目:気管食道外科_耳鼻いんこう科】奈良県橿原市南八木町２丁目２番１７号" }, "geometry": { "type": "Point", "coordinates": [ 135.794425, 34.507001 ] } },
{ "type": "Feature", "properties": { "ID": 2922086200000, "正式名称": "医療法人中尾医院", "機関区分": 2, "都道府県コード": 29, "市区町村コード": 205, "所在地": "奈良県橿原市菖蒲町３丁目２番３号", "緯度": 34.479088, "経度": 135.805064, "url": "https://www.iryou.teikyouseido.mhlw.go.jp/znk-web/juminkanja/S2430/initialize?prefCd=29&kikanCd=2086200000&kikanKbn=2", "url2": null, "内容": "医療法人中尾医院【2:診療所】【診療科目:内科_小児科_皮膚科_アレルギー科】奈良県橿原市菖蒲町３丁目２番３号" }, "geometry": { "type": "Point", "coordinates": [ 135.805064, 34.479088 ] } },
{ "type": "Feature", "properties": { "ID": 2922086300000, "正式名称": "医療法人　松谷医院", "機関区分": 2, "都道府県コード": 29, "市区町村コード": 205, "所在地": "奈良県橿原市中曽司町７５番地１", "緯度": 34.523437, "経度": 135.768686, "url": "https://www.iryou.teikyouseido.mhlw.go.jp/znk-web/juminkanja/S2430/initialize?prefCd=29&kikanCd=2086300000&kikanKbn=2", "url2": null, "内容": "医療法人　松谷医院【2:診療所】【診療科目:内科_消化器内科_リハビリテーション科】奈良県橿原市中曽司町７５番地１" }, "geometry": { "type": "Point", "coordinates": [ 135.768686, 34.523437 ] } },
{ "type": "Feature", "properties": { "ID": 2922086400000, "正式名称": "みなみクリニック", "機関区分": 2, "都道府県コード": 29, "市区町村コード": 205, "所在地": "奈良県橿原市古川町３９５－１", "緯度": 34.487531, "経度": 135.769039, "url": "https://www.iryou.teikyouseido.mhlw.go.jp/znk-web/juminkanja/S2430/initialize?prefCd=29&kikanCd=2086400000&kikanKbn=2", "url2": "http://www.nanfu.or.jp/minami-clinic.html", "内容": "みなみクリニック【2:診療所】【診療科目:内科_ペインクリニック内科】奈良県橿原市古川町３９５－１" }, "geometry": { "type": "Point", "coordinates": [ 135.769039, 34.487531 ] } },
{ "type": "Feature", "properties": { "ID": 2922086500000, "正式名称": "医療法人　吉川医院", "機関区分": 2, "都道府県コード": 29, "市区町村コード": 205, "所在地": "奈良県橿原市中曽司町１７５番地", "緯度": 34.521527, "経度": 135.772259, "url": "https://www.iryou.teikyouseido.mhlw.go.jp/znk-web/juminkanja/S2430/initialize?prefCd=29&kikanCd=2086500000&kikanKbn=2", "url2": "http://www.yoshikawa-clinic.or.jp/", "内容": "医療法人　吉川医院【2:診療所】【診療科目:内科_消化器内科_小児科_アレルギー科_リハビリテーション科】奈良県橿原市中曽司町１７５番地" }, "geometry": { "type": "Point", "coordinates": [ 135.772259, 34.521527 ] } },
{ "type": "Feature", "properties": { "ID": 2922086600000, "正式名称": "飛鳥川クリニック", "機関区分": 2, "都道府県コード": 29, "市区町村コード": 205, "所在地": "奈良県橿原市新口町１１９－３", "緯度": 34.52475, "経度": 135.795535, "url": "https://www.iryou.teikyouseido.mhlw.go.jp/znk-web/juminkanja/S2430/initialize?prefCd=29&kikanCd=2086600000&kikanKbn=2", "url2": "https://asukagawa.jp/sp/", "内容": "飛鳥川クリニック【2:診療所】【診療科目:内科_外科_婦人科_リハビリテーション科】奈良県橿原市新口町１１９－３" }, "geometry": { "type": "Point", "coordinates": [ 135.795535, 34.52475 ] } },
{ "type": "Feature", "properties": { "ID": 2922086900000, "正式名称": "笠原内科医院", "機関区分": 2, "都道府県コード": 29, "市区町村コード": 205, "所在地": "奈良県橿原市白橿町２丁目３１番１２号", "緯度": 34.474533, "経度": 135.790565, "url": "https://www.iryou.teikyouseido.mhlw.go.jp/znk-web/juminkanja/S2430/initialize?prefCd=29&kikanCd=2086900000&kikanKbn=2", "url2": "http://www1.kcn.ne.jp/~kasan/clinic/index.htm", "内容": "笠原内科医院【2:診療所】【診療科目:内科】奈良県橿原市白橿町２丁目３１番１２号" }, "geometry": { "type": "Point", "coordinates": [ 135.790565, 34.474533 ] } },
{ "type": "Feature", "properties": { "ID": 2922087600000, "正式名称": "酒本産婦人科医院", "機関区分": 2, "都道府県コード": 29, "市区町村コード": 205, "所在地": "奈良県橿原市内膳町４－４－２６", "緯度": 34.514778, "経度": 135.791785, "url": "https://www.iryou.teikyouseido.mhlw.go.jp/znk-web/juminkanja/S2430/initialize?prefCd=29&kikanCd=2087600000&kikanKbn=2", "url2": "https://www.sakamoto-sanfujinka.com/", "内容": "酒本産婦人科医院【2:診療所】【診療科目:産婦人科】奈良県橿原市内膳町４－４－２６" }, "geometry": { "type": "Point", "coordinates": [ 135.791785, 34.514778 ] } },
{ "type": "Feature", "properties": { "ID": 2922088100000, "正式名称": "たまい整形外科", "機関区分": 2, "都道府県コード": 29, "市区町村コード": 205, "所在地": "奈良県橿原市小綱町５番４４号", "緯度": 34.510529, "経度": 135.784064, "url": "https://www.iryou.teikyouseido.mhlw.go.jp/znk-web/juminkanja/S2430/initialize?prefCd=29&kikanCd=2088100000&kikanKbn=2", "url2": "https://www.tamai-seikei.com/", "内容": "たまい整形外科【2:診療所】【診療科目:整形外科_リウマチ科_リハビリテーション科】奈良県橿原市小綱町５番４４号" }, "geometry": { "type": "Point", "coordinates": [ 135.784064, 34.510529 ] } },
{ "type": "Feature", "properties": { "ID": 2922088300000, "正式名称": "土居医院", "機関区分": 2, "都道府県コード": 29, "市区町村コード": 205, "所在地": "奈良県橿原市山之坊町８５－３３", "緯度": 34.516852, "経度": 135.811718, "url": "https://www.iryou.teikyouseido.mhlw.go.jp/znk-web/juminkanja/S2430/initialize?prefCd=29&kikanCd=2088300000&kikanKbn=2", "url2": "doi-iin.jp", "内容": "土居医院【2:診療所】【診療科目:内科_循環器内科】奈良県橿原市山之坊町８５－３３" }, "geometry": { "type": "Point", "coordinates": [ 135.811718, 34.516852 ] } },
{ "type": "Feature", "properties": { "ID": 2922088600000, "正式名称": "なかつじ耳鼻咽喉科", "機関区分": 2, "都道府県コード": 29, "市区町村コード": 205, "所在地": "奈良県橿原市内膳町５丁目２番３０号ＯＪビル３階", "緯度": 34.513695, "経度": 135.792869, "url": "https://www.iryou.teikyouseido.mhlw.go.jp/znk-web/juminkanja/S2430/initialize?prefCd=29&kikanCd=2088600000&kikanKbn=2", "url2": null, "内容": "なかつじ耳鼻咽喉科【2:診療所】【診療科目:耳鼻いんこう科】奈良県橿原市内膳町５丁目２番３０号ＯＪビル３階" }, "geometry": { "type": "Point", "coordinates": [ 135.792869, 34.513695 ] } },
{ "type": "Feature", "properties": { "ID": 2922088900000, "正式名称": "西岡医院", "機関区分": 2, "都道府県コード": 29, "市区町村コード": 205, "所在地": "奈良県橿原市北八木町３丁目５０－１", "緯度": 34.513251, "経度": 135.79648, "url": "https://www.iryou.teikyouseido.mhlw.go.jp/znk-web/juminkanja/S2430/initialize?prefCd=29&kikanCd=2088900000&kikanKbn=2", "url2": "https://hnishi4.wixsite.com/hospital", "内容": "西岡医院【2:診療所】【診療科目:内科_皮膚科】奈良県橿原市北八木町３丁目５０－１" }, "geometry": { "type": "Point", "coordinates": [ 135.79648, 34.513251 ] } },
{ "type": "Feature", "properties": { "ID": 2922089000000, "正式名称": "医療法人にしべ眼科", "機関区分": 2, "都道府県コード": 29, "市区町村コード": 205, "所在地": "奈良県橿原市内膳町５－２－３０ＯＪビル４階", "緯度": 34.513695, "経度": 135.792897, "url": "https://www.iryou.teikyouseido.mhlw.go.jp/znk-web/juminkanja/S2430/initialize?prefCd=29&kikanCd=2089000000&kikanKbn=2", "url2": "http//www.nishibeganka.com/", "内容": "医療法人にしべ眼科【2:診療所】【診療科目:眼科】奈良県橿原市内膳町５－２－３０ＯＪビル４階" }, "geometry": { "type": "Point", "coordinates": [ 135.792897, 34.513695 ] } },
{ "type": "Feature", "properties": { "ID": 2922089600000, "正式名称": "ますが診療所", "機関区分": 2, "都道府県コード": 29, "市区町村コード": 205, "所在地": "奈良県橿原市曽我町１０６３－６　ラカーサ慈光", "緯度": 34.519, "経度": 135.773203, "url": "https://www.iryou.teikyouseido.mhlw.go.jp/znk-web/juminkanja/S2430/initialize?prefCd=29&kikanCd=2089600000&kikanKbn=2", "url2": null, "内容": "ますが診療所【2:診療所】【診療科目:内科_皮膚科_麻酔科】奈良県橿原市曽我町１０６３－６　ラカーサ慈光" }, "geometry": { "type": "Point", "coordinates": [ 135.773203, 34.519 ] } },
{ "type": "Feature", "properties": { "ID": 2922089900000, "正式名称": "森岡医院", "機関区分": 2, "都道府県コード": 29, "市区町村コード": 205, "所在地": "奈良県橿原市曽我町９２８ー１", "緯度": 34.518528, "経度": 135.774287, "url": "https://www.iryou.teikyouseido.mhlw.go.jp/znk-web/juminkanja/S2430/initialize?prefCd=29&kikanCd=2089900000&kikanKbn=2", "url2": null, "内容": "森岡医院【2:診療所】【診療科目:眼科】奈良県橿原市曽我町９２８ー１" }, "geometry": { "type": "Point", "coordinates": [ 135.774287, 34.518528 ] } },
{ "type": "Feature", "properties": { "ID": 2922090100000, "正式名称": "矢野内科外科医院", "機関区分": 2, "都道府県コード": 29, "市区町村コード": 205, "所在地": "奈良県橿原市栄和町２３－４　ニュー山雅１Ｆ", "緯度": 34.487504, "経度": 135.797092, "url": "https://www.iryou.teikyouseido.mhlw.go.jp/znk-web/juminkanja/S2430/initialize?prefCd=29&kikanCd=2090100000&kikanKbn=2", "url2": "yanonaikageka.com", "内容": "矢野内科外科医院【2:診療所】【診療科目:内科_消化器内科_胃腸内科_外科_肛門外科_整形外科_リハビリテーション科_放射線科】奈良県橿原市栄和町２３－４　ニュー山雅１Ｆ" }, "geometry": { "type": "Point", "coordinates": [ 135.797092, 34.487504 ] } },
{ "type": "Feature", "properties": { "ID": 2922090200000, "正式名称": "吉岡医院", "機関区分": 2, "都道府県コード": 29, "市区町村コード": 205, "所在地": "奈良県橿原市八木町２丁目２ー１８", "緯度": 34.508418, "経度": 135.795674, "url": "https://www.iryou.teikyouseido.mhlw.go.jp/znk-web/juminkanja/S2430/initialize?prefCd=29&kikanCd=2090200000&kikanKbn=2", "url2": null, "内容": "吉岡医院【2:診療所】【診療科目:内科_代謝内科_脂質代謝内科_糖尿病・内分泌内科_消化器内科_漢方内科_アレルギー疾患内科_皮膚科_アレルギー科】奈良県橿原市八木町２丁目２ー１８" }, "geometry": { "type": "Point", "coordinates": [ 135.795674, 34.508418 ] } },
{ "type": "Feature", "properties": { "ID": 2922090300000, "正式名称": "橿原市休日夜間応急診療所", "機関区分": 2, "都道府県コード": 29, "市区町村コード": 205, "所在地": "奈良県橿原市畝傍町９－１", "緯度": 34.49292, "経度": 135.793925, "url": "https://www.iryou.teikyouseido.mhlw.go.jp/znk-web/juminkanja/S2430/initialize?prefCd=29&kikanCd=2090300000&kikanKbn=2", "url2": "http://www.city.kashihara.nara.jp/chiikiiryo/d_ninshin/oukyuushinryou.html", "内容": "橿原市休日夜間応急診療所【2:診療所】【診療科目:内科_小児科_歯科】奈良県橿原市畝傍町９－１" }, "geometry": { "type": "Point", "coordinates": [ 135.793925, 34.49292 ] } },
{ "type": "Feature", "properties": { "ID": 2922090800000, "正式名称": "飯岡形成外科ひふ科", "機関区分": 2, "都道府県コード": 29, "市区町村コード": 206, "所在地": "奈良県桜井市川合２５９－５", "緯度": 34.515028, "経度": 135.846198, "url": "https://www.iryou.teikyouseido.mhlw.go.jp/znk-web/juminkanja/S2430/initialize?prefCd=29&kikanCd=2090800000&kikanKbn=2", "url2": null, "内容": "飯岡形成外科ひふ科【2:診療所】【診療科目:形成外科_小児皮膚科_皮膚科】奈良県桜井市川合２５９－５" }, "geometry": { "type": "Point", "coordinates": [ 135.846198, 34.515028 ] } },
{ "type": "Feature", "properties": { "ID": 2922091000000, "正式名称": "医療法人坂口クリニック", "機関区分": 2, "都道府県コード": 29, "市区町村コード": 206, "所在地": "奈良県桜井市桜井１９４－２　駅前グリーンビル", "緯度": 34.512557, "経度": 135.846864, "url": "https://www.iryou.teikyouseido.mhlw.go.jp/znk-web/juminkanja/S2430/initialize?prefCd=29&kikanCd=2091000000&kikanKbn=2", "url2": "http://www011.upp.so-net.ne.jp/sakaguc-clinic/", "内容": "医療法人坂口クリニック【2:診療所】【診療科目:内科_循環器内科】奈良県桜井市桜井１９４－２　駅前グリーンビル" }, "geometry": { "type": "Point", "coordinates": [ 135.846864, 34.512557 ] } },
{ "type": "Feature", "properties": { "ID": 2922091100000, "正式名称": "医療法人翠悠会　桜井透析クリニック", "機関区分": 2, "都道府県コード": 29, "市区町村コード": 206, "所在地": "奈良県桜井市大泉１５４ー３", "緯度": 34.517723, "経度": 135.845864, "url": "https://www.iryou.teikyouseido.mhlw.go.jp/znk-web/juminkanja/S2430/initialize?prefCd=29&kikanCd=2091100000&kikanKbn=2", "url2": null, "内容": "医療法人翠悠会　桜井透析クリニック【2:診療所】【診療科目:内科_泌尿器科】奈良県桜井市大泉１５４ー３" }, "geometry": { "type": "Point", "coordinates": [ 135.845864, 34.517723 ] } },
{ "type": "Feature", "properties": { "ID": 2922091300000, "正式名称": "医療法人　中島医院", "機関区分": 2, "都道府県コード": 29, "市区町村コード": 206, "所在地": "奈良県桜井市阿部３１１番地の２", "緯度": 34.507724, "経度": 135.838365, "url": "https://www.iryou.teikyouseido.mhlw.go.jp/znk-web/juminkanja/S2430/initialize?prefCd=29&kikanCd=2091300000&kikanKbn=2", "url2": "http://www.nara.med.or.jp/sakurai/sakuraicity/c145.html", "内容": "医療法人　中島医院【2:診療所】【診療科目:内科_循環器内科_消化器内科_リハビリテーション科】奈良県桜井市阿部３１１番地の２" }, "geometry": { "type": "Point", "coordinates": [ 135.838365, 34.507724 ] } },
{ "type": "Feature", "properties": { "ID": 2922091400000, "正式名称": "医療法人　幸仁会　木下医院", "機関区分": 2, "都道府県コード": 29, "市区町村コード": 206, "所在地": "奈良県桜井市阿部５５０番地", "緯度": 34.507102, "経度": 135.840688, "url": "https://www.iryou.teikyouseido.mhlw.go.jp/znk-web/juminkanja/S2430/initialize?prefCd=29&kikanCd=2091400000&kikanKbn=2", "url2": "https://kinoshita-iin.net/", "内容": "医療法人　幸仁会　木下医院【2:診療所】【診療科目:内科_消化器内科_胃腸内科_小児科_皮膚科】奈良県桜井市阿部５５０番地" }, "geometry": { "type": "Point", "coordinates": [ 135.840688, 34.507102 ] } },
{ "type": "Feature", "properties": { "ID": 2922091500000, "正式名称": "社会医療法人　健生会　大福診療所", "機関区分": 2, "都道府県コード": 29, "市区町村コード": 206, "所在地": "奈良県桜井市大福２４０－１", "緯度": 34.512446, "経度": 135.829255, "url": "https://www.iryou.teikyouseido.mhlw.go.jp/znk-web/juminkanja/S2430/initialize?prefCd=29&kikanCd=2091500000&kikanKbn=2", "url2": "http://www.kenseikai-nara.or.jp/daifuku/", "内容": "社会医療法人　健生会　大福診療所【2:診療所】【診療科目:内科_外科_小児科_放射線科】奈良県桜井市大福２４０－１" }, "geometry": { "type": "Point", "coordinates": [ 135.829255, 34.512446 ] } },
{ "type": "Feature", "properties": { "ID": 2922091600000, "正式名称": "青葉会　小阪医院", "機関区分": 2, "都道府県コード": 29, "市区町村コード": 206, "所在地": "奈良県桜井市桜井５４７", "緯度": 34.509613, "経度": 135.852086, "url": "https://www.iryou.teikyouseido.mhlw.go.jp/znk-web/juminkanja/S2430/initialize?prefCd=29&kikanCd=2091600000&kikanKbn=2", "url2": null, "内容": "青葉会　小阪医院【2:診療所】【診療科目:内科_消化器内科】奈良県桜井市桜井５４７" }, "geometry": { "type": "Point", "coordinates": [ 135.852086, 34.509613 ] } },
{ "type": "Feature", "properties": { "ID": 2922092200000, "正式名称": "上田クリニック", "機関区分": 2, "都道府県コード": 29, "市区町村コード": 206, "所在地": "奈良県桜井市粟殿４６８ー１８", "緯度": 34.520529, "経度": 135.842892, "url": "https://www.iryou.teikyouseido.mhlw.go.jp/znk-web/juminkanja/S2430/initialize?prefCd=29&kikanCd=2092200000&kikanKbn=2", "url2": null, "内容": "上田クリニック【2:診療所】【診療科目:性感染症内科_女性内科_婦人科_婦人科、女性内科】奈良県桜井市粟殿４６８ー１８" }, "geometry": { "type": "Point", "coordinates": [ 135.842892, 34.520529 ] } },
{ "type": "Feature", "properties": { "ID": 2922092300000, "正式名称": "大住診療所", "機関区分": 2, "都道府県コード": 29, "市区町村コード": 206, "所在地": "奈良県桜井市桜井９８７", "緯度": 34.511835, "経度": 135.849392, "url": "https://www.iryou.teikyouseido.mhlw.go.jp/znk-web/juminkanja/S2430/initialize?prefCd=29&kikanCd=2092300000&kikanKbn=2", "url2": null, "内容": "大住診療所【2:診療所】【診療科目:内科_消化器内科_外科_肛門外科_泌尿器科】奈良県桜井市桜井９８７" }, "geometry": { "type": "Point", "coordinates": [ 135.849392, 34.511835 ] } },
{ "type": "Feature", "properties": { "ID": 2922092600000, "正式名称": "奥山医院", "機関区分": 2, "都道府県コード": 29, "市区町村コード": 206, "所在地": "奈良県桜井市三輪３８４", "緯度": 34.525362, "経度": 135.848391, "url": "https://www.iryou.teikyouseido.mhlw.go.jp/znk-web/juminkanja/S2430/initialize?prefCd=29&kikanCd=2092600000&kikanKbn=2", "url2": null, "内容": "奥山医院【2:診療所】【診療科目:内科】奈良県桜井市三輪３８４" }, "geometry": { "type": "Point", "coordinates": [ 135.848391, 34.525362 ] } },
{ "type": "Feature", "properties": { "ID": 2922092800000, "正式名称": "共和リハビリテ－ション診療所", "機関区分": 2, "都道府県コード": 29, "市区町村コード": 206, "所在地": "奈良県桜井市桜井２６７－１", "緯度": 34.51178, "経度": 135.846503, "url": "https://www.iryou.teikyouseido.mhlw.go.jp/znk-web/juminkanja/S2430/initialize?prefCd=29&kikanCd=2092800000&kikanKbn=2", "url2": "https://kyowa-reha.jp", "内容": "共和リハビリテ－ション診療所【2:診療所】【診療科目:整形外科_リウマチ科_リハビリテーション科】奈良県桜井市桜井２６７－１" }, "geometry": { "type": "Point", "coordinates": [ 135.846503, 34.51178 ] } },
{ "type": "Feature", "properties": { "ID": 2922092900000, "正式名称": "小池医院", "機関区分": 2, "都道府県コード": 29, "市区町村コード": 206, "所在地": "奈良県桜井市外山１６５８", "緯度": 34.515113, "経度": 135.85628, "url": "https://www.iryou.teikyouseido.mhlw.go.jp/znk-web/juminkanja/S2430/initialize?prefCd=29&kikanCd=2092900000&kikanKbn=2", "url2": null, "内容": "小池医院【2:診療所】【診療科目:内科_消化器内科_外科_リハビリテーション科】奈良県桜井市外山１６５８" }, "geometry": { "type": "Point", "coordinates": [ 135.85628, 34.515113 ] } },
{ "type": "Feature", "properties": { "ID": 2922093100000, "正式名称": "小西橋医院", "機関区分": 2, "都道府県コード": 29, "市区町村コード": 206, "所在地": "奈良県桜井市谷２４０－１", "緯度": 34.51028, "経度": 135.842226, "url": "https://www.iryou.teikyouseido.mhlw.go.jp/znk-web/juminkanja/S2430/initialize?prefCd=29&kikanCd=2093100000&kikanKbn=2", "url2": "http://www.konishibashi.jp/", "内容": "小西橋医院【2:診療所】【診療科目:内科_脳神経内科_神経内科_小児科_小児耳鼻いんこう科_耳鼻いんこう科_アレルギー科_リハビリテーション科】奈良県桜井市谷２４０－１" }, "geometry": { "type": "Point", "coordinates": [ 135.842226, 34.51028 ] } },
{ "type": "Feature", "properties": { "ID": 2922093200000, "正式名称": "近藤眼科", "機関区分": 2, "都道府県コード": 29, "市区町村コード": 206, "所在地": "奈良県桜井市桜井４０", "緯度": 34.513224, "経度": 135.851419, "url": "https://www.iryou.teikyouseido.mhlw.go.jp/znk-web/juminkanja/S2430/initialize?prefCd=29&kikanCd=2093200000&kikanKbn=2", "url2": "kondo-ganka.jp", "内容": "近藤眼科【2:診療所】【診療科目:眼科】奈良県桜井市桜井４０" }, "geometry": { "type": "Point", "coordinates": [ 135.851419, 34.513224 ] } },
{ "type": "Feature", "properties": { "ID": 2922093500000, "正式名称": "内藤医院", "機関区分": 2, "都道府県コード": 29, "市区町村コード": 206, "所在地": "奈良県桜井市桜井９９６番地", "緯度": 34.511539, "経度": 135.849868, "url": "https://www.iryou.teikyouseido.mhlw.go.jp/znk-web/juminkanja/S2430/initialize?prefCd=29&kikanCd=2093500000&kikanKbn=2", "url2": "http://www.myclinic.ne.jp/naitoh_iin/", "内容": "内藤医院【2:診療所】【診療科目:婦人科】奈良県桜井市桜井９９６番地" }, "geometry": { "type": "Point", "coordinates": [ 135.849868, 34.511539 ] } },
{ "type": "Feature", "properties": { "ID": 2922093700000, "正式名称": "西村医院", "機関区分": 2, "都道府県コード": 29, "市区町村コード": 206, "所在地": "奈良県桜井市芝７８６－２", "緯度": 34.534499, "経度": 135.841364, "url": "https://www.iryou.teikyouseido.mhlw.go.jp/znk-web/juminkanja/S2430/initialize?prefCd=29&kikanCd=2093700000&kikanKbn=2", "url2": null, "内容": "西村医院【2:診療所】【診療科目:内科_小児科_放射線科】奈良県桜井市芝７８６－２" }, "geometry": { "type": "Point", "coordinates": [ 135.841364, 34.534499 ] } },
{ "type": "Feature", "properties": { "ID": 2922093800000, "正式名称": "羽田医院", "機関区分": 2, "都道府県コード": 29, "市区町村コード": 206, "所在地": "奈良県桜井市西之宮２２８－３５", "緯度": 34.513807, "経度": 135.8237, "url": "https://www.iryou.teikyouseido.mhlw.go.jp/znk-web/juminkanja/S2430/initialize?prefCd=29&kikanCd=2093800000&kikanKbn=2", "url2": null, "内容": "羽田医院【2:診療所】【診療科目:内科_糖尿病内科_呼吸器内科_循環器内科_消化器内科_老年内科_アレルギー疾患内科_小児科_皮膚科_アレルギー科_放射線科】奈良県桜井市西之宮２２８－３５" }, "geometry": { "type": "Point", "coordinates": [ 135.8237, 34.513807 ] } },
{ "type": "Feature", "properties": { "ID": 2922094000000, "正式名称": "医療法人　優心会　吉江医院", "機関区分": 2, "都道府県コード": 29, "市区町村コード": 206, "所在地": "奈良県桜井市東新堂８３番地の１", "緯度": 34.516279, "経度": 135.83431, "url": "https://www.iryou.teikyouseido.mhlw.go.jp/znk-web/juminkanja/S2430/initialize?prefCd=29&kikanCd=2094000000&kikanKbn=2", "url2": "http://www.yoshie.or.jp/", "内容": "医療法人　優心会　吉江医院【2:診療所】【診療科目:内科_腎臓内科_泌尿器科_歯科_矯正歯科_歯科口腔外科_小児歯科】奈良県桜井市東新堂８３番地の１" }, "geometry": { "type": "Point", "coordinates": [ 135.83431, 34.516279 ] } },
{ "type": "Feature", "properties": { "ID": 2922094200000, "正式名称": "桜井市休日夜間応急診療所", "機関区分": 2, "都道府県コード": 29, "市区町村コード": 206, "所在地": "奈良県桜井市大字粟殿１０００番地の１", "緯度": 34.521342, "経度": 135.843442, "url": "https://www.iryou.teikyouseido.mhlw.go.jp/znk-web/juminkanja/S2430/initialize?prefCd=29&kikanCd=2094200000&kikanKbn=2", "url2": "http://www.city.sakurai.nara.jp", "内容": "桜井市休日夜間応急診療所【2:診療所】【診療科目:内科_小児科】奈良県桜井市大字粟殿１０００番地の１" }, "geometry": { "type": "Point", "coordinates": [ 135.843442, 34.521342 ] } },
{ "type": "Feature", "properties": { "ID": 2922094600000, "正式名称": "医療法人　池田医院", "機関区分": 2, "都道府県コード": 29, "市区町村コード": 361, "所在地": "奈良県磯城郡川西町唐院３９８ー１", "緯度": 34.580882, "経度": 135.766007, "url": "https://www.iryou.teikyouseido.mhlw.go.jp/znk-web/juminkanja/S2430/initialize?prefCd=29&kikanCd=2094600000&kikanKbn=2", "url2": null, "内容": "医療法人　池田医院【2:診療所】【診療科目:内科_消化器内科_腎臓内科_小児科_皮膚科】奈良県磯城郡川西町唐院３９８ー１" }, "geometry": { "type": "Point", "coordinates": [ 135.766007, 34.580882 ] } },
{ "type": "Feature", "properties": { "ID": 2922094700000, "正式名称": "医療法人　健秀会", "機関区分": 2, "都道府県コード": 29, "市区町村コード": 361, "所在地": "奈良県磯城郡川西町結崎６２４－１", "緯度": 34.585771, "経度": 135.786477, "url": "https://www.iryou.teikyouseido.mhlw.go.jp/znk-web/juminkanja/S2430/initialize?prefCd=29&kikanCd=2094700000&kikanKbn=2", "url2": null, "内容": "医療法人　健秀会【2:診療所】【診療科目:内科_消化器内科_胃腸内科_肝臓内科】奈良県磯城郡川西町結崎６２４－１" }, "geometry": { "type": "Point", "coordinates": [ 135.786477, 34.585771 ] } },
{ "type": "Feature", "properties": { "ID": 2922094900000, "正式名称": "川西診療所", "機関区分": 2, "都道府県コード": 29, "市区町村コード": 361, "所在地": "奈良県磯城郡川西町結崎４５２－９８", "緯度": 34.585771, "経度": 135.780839, "url": "https://www.iryou.teikyouseido.mhlw.go.jp/znk-web/juminkanja/S2430/initialize?prefCd=29&kikanCd=2094900000&kikanKbn=2", "url2": null, "内容": "川西診療所【2:診療所】【診療科目:内科_消化器内科_外科_小児科_放射線科】奈良県磯城郡川西町結崎４５２－９８" }, "geometry": { "type": "Point", "coordinates": [ 135.780839, 34.585771 ] } },
{ "type": "Feature", "properties": { "ID": 2922095000000, "正式名称": "牧浦医院", "機関区分": 2, "都道府県コード": 29, "市区町村コード": 361, "所在地": "奈良県磯城郡川西町唐院４３－１", "緯度": 34.582937, "経度": 135.762701, "url": "https://www.iryou.teikyouseido.mhlw.go.jp/znk-web/juminkanja/S2430/initialize?prefCd=29&kikanCd=2095000000&kikanKbn=2", "url2": null, "内容": "牧浦医院【2:診療所】【診療科目:内科】奈良県磯城郡川西町唐院４３－１" }, "geometry": { "type": "Point", "coordinates": [ 135.762701, 34.582937 ] } },
{ "type": "Feature", "properties": { "ID": 2922095400000, "正式名称": "医療法人　母と子の城　久産婦人科内科", "機関区分": 2, "都道府県コード": 29, "市区町村コード": 363, "所在地": "奈良県磯城郡田原本町十六面２３番地の１", "緯度": 34.553885, "経度": 135.785701, "url": "https://www.iryou.teikyouseido.mhlw.go.jp/znk-web/juminkanja/S2430/initialize?prefCd=29&kikanCd=2095400000&kikanKbn=2", "url2": "www.hisa.or.jp", "内容": "医療法人　母と子の城　久産婦人科内科【2:診療所】【診療科目:内科_産婦人科_麻酔科】奈良県磯城郡田原本町十六面２３番地の１" }, "geometry": { "type": "Point", "coordinates": [ 135.785701, 34.553885 ] } },
{ "type": "Feature", "properties": { "ID": 2922095600000, "正式名称": "医療法人社団小阪内科クリニック", "機関区分": 2, "都道府県コード": 29, "市区町村コード": 363, "所在地": "奈良県磯城郡田原本町新町５２番地３", "緯度": 34.557552, "経度": 135.792728, "url": "https://www.iryou.teikyouseido.mhlw.go.jp/znk-web/juminkanja/S2430/initialize?prefCd=29&kikanCd=2095600000&kikanKbn=2", "url2": null, "内容": "医療法人社団小阪内科クリニック【2:診療所】【診療科目:内科_循環器内科_消化器内科_放射線科】奈良県磯城郡田原本町新町５２番地３" }, "geometry": { "type": "Point", "coordinates": [ 135.792728, 34.557552 ] } },
{ "type": "Feature", "properties": { "ID": 2922095700000, "正式名称": "医療法人根元整形外科眼科医院", "機関区分": 2, "都道府県コード": 29, "市区町村コード": 363, "所在地": "奈良県磯城郡田原本町秦庄１３７番地の１", "緯度": 34.545081, "経度": 135.788201, "url": "https://www.iryou.teikyouseido.mhlw.go.jp/znk-web/juminkanja/S2430/initialize?prefCd=29&kikanCd=2095700000&kikanKbn=2", "url2": null, "内容": "医療法人根元整形外科眼科医院【2:診療所】【診療科目:内科_外科_整形外科_眼科_リハビリテーション科】奈良県磯城郡田原本町秦庄１３７番地の１" }, "geometry": { "type": "Point", "coordinates": [ 135.788201, 34.545081 ] } },
{ "type": "Feature", "properties": { "ID": 2922095900000, "正式名称": "池田整形外科", "機関区分": 2, "都道府県コード": 29, "市区町村コード": 363, "所在地": "奈良県磯城郡田原本町２１３", "緯度": 34.554107, "経度": 135.788478, "url": "https://www.iryou.teikyouseido.mhlw.go.jp/znk-web/juminkanja/S2430/initialize?prefCd=29&kikanCd=2095900000&kikanKbn=2", "url2": "http://ikedaseikei.net/", "内容": "池田整形外科【2:診療所】【診療科目:整形外科_リハビリテーション科_放射線科】奈良県磯城郡田原本町２１３" }, "geometry": { "type": "Point", "coordinates": [ 135.788478, 34.554107 ] } },
{ "type": "Feature", "properties": { "ID": 2922096200000, "正式名称": "田原本療院", "機関区分": 2, "都道府県コード": 29, "市区町村コード": 363, "所在地": "奈良県磯城郡田原本町１２０", "緯度": 34.552302, "経度": 135.791784, "url": "https://www.iryou.teikyouseido.mhlw.go.jp/znk-web/juminkanja/S2430/initialize?prefCd=29&kikanCd=2096200000&kikanKbn=2", "url2": "https://ueyama-cl.jp", "内容": "田原本療院【2:診療所】【診療科目:内科_糖尿病内科_脂質代謝内科_呼吸器内科_老年・呼吸器内科_循環器内科_消化器内科_腎臓内科_小児科_リハビリテーション科】奈良県磯城郡田原本町１２０" }, "geometry": { "type": "Point", "coordinates": [ 135.791784, 34.552302 ] } },
{ "type": "Feature", "properties": { "ID": 2922096300000, "正式名称": "辻クリニック", "機関区分": 2, "都道府県コード": 29, "市区町村コード": 363, "所在地": "奈良県磯城郡田原本町５４７", "緯度": 34.55258, "経度": 135.792923, "url": "https://www.iryou.teikyouseido.mhlw.go.jp/znk-web/juminkanja/S2430/initialize?prefCd=29&kikanCd=2096300000&kikanKbn=2", "url2": null, "内容": "辻クリニック【2:診療所】【診療科目:内科_産婦人科】奈良県磯城郡田原本町５４７" }, "geometry": { "type": "Point", "coordinates": [ 135.792923, 34.55258 ] } },
{ "type": "Feature", "properties": { "ID": 2922096400000, "正式名称": "殿村医院", "機関区分": 2, "都道府県コード": 29, "市区町村コード": 363, "所在地": "奈良県磯城郡田原本町新町３０番地の１", "緯度": 34.558524, "経度": 135.792645, "url": "https://www.iryou.teikyouseido.mhlw.go.jp/znk-web/juminkanja/S2430/initialize?prefCd=29&kikanCd=2096400000&kikanKbn=2", "url2": null, "内容": "殿村医院【2:診療所】【診療科目:内科_循環器内科_小児科】奈良県磯城郡田原本町新町３０番地の１" }, "geometry": { "type": "Point", "coordinates": [ 135.792645, 34.558524 ] } },
{ "type": "Feature", "properties": { "ID": 2922096500000, "正式名称": "中尾医院", "機関区分": 2, "都道府県コード": 29, "市区町村コード": 363, "所在地": "奈良県磯城郡田原本町戎通２２１の６", "緯度": 34.554607, "経度": 135.791061, "url": "https://www.iryou.teikyouseido.mhlw.go.jp/znk-web/juminkanja/S2430/initialize?prefCd=29&kikanCd=2096500000&kikanKbn=2", "url2": "https://nakaoiin.main.jp/", "内容": "中尾医院【2:診療所】【診療科目:眼科】奈良県磯城郡田原本町戎通２２１の６" }, "geometry": { "type": "Point", "coordinates": [ 135.791061, 34.554607 ] } },
{ "type": "Feature", "properties": { "ID": 2922096700000, "正式名称": "水野医院", "機関区分": 2, "都道府県コード": 29, "市区町村コード": 363, "所在地": "奈良県磯城郡田原本町９３９トモルテたわらもと１０７", "緯度": 34.553219, "経度": 135.790107, "url": "https://www.iryou.teikyouseido.mhlw.go.jp/znk-web/juminkanja/S2430/initialize?prefCd=29&kikanCd=2096700000&kikanKbn=2", "url2": "http://www.dr-mizuno.com/", "内容": "水野医院【2:診療所】【診療科目:内科_消化器内科_外科_脳神経外科_乳腺外科_肛門外科_小児外科】奈良県磯城郡田原本町９３９トモルテたわらもと１０７" }, "geometry": { "type": "Point", "coordinates": [ 135.790107, 34.553219 ] } },
{ "type": "Feature", "properties": { "ID": 2922096800000, "正式名称": "森田整形外科医院", "機関区分": 2, "都道府県コード": 29, "市区町村コード": 363, "所在地": "奈良県磯城郡田原本町室町２５１番地", "緯度": 34.554774, "経度": 135.788367, "url": "https://www.iryou.teikyouseido.mhlw.go.jp/znk-web/juminkanja/S2430/initialize?prefCd=29&kikanCd=2096800000&kikanKbn=2", "url2": null, "内容": "森田整形外科医院【2:診療所】【診療科目:ペインクリニック外科_整形外科_リウマチ科_リハビリテーション科_放射線科】奈良県磯城郡田原本町室町２５１番地" }, "geometry": { "type": "Point", "coordinates": [ 135.788367, 34.554774 ] } },
{ "type": "Feature", "properties": { "ID": 2922097000000, "正式名称": "磯城休日応急診療所", "機関区分": 2, "都道府県コード": 29, "市区町村コード": 363, "所在地": "奈良県磯城郡田原本町宮古４０４－７", "緯度": 34.562852, "経度": 135.778366, "url": "https://www.iryou.teikyouseido.mhlw.go.jp/znk-web/juminkanja/S2430/initialize?prefCd=29&kikanCd=2097000000&kikanKbn=2", "url2": null, "内容": "磯城休日応急診療所【2:診療所】【診療科目:内科_小児科】奈良県磯城郡田原本町宮古４０４－７" }, "geometry": { "type": "Point", "coordinates": [ 135.778366, 34.562852 ] } },
{ "type": "Feature", "properties": { "ID": 2922097800000, "正式名称": "グランソール奈良", "機関区分": 2, "都道府県コード": 29, "市区町村コード": 212, "所在地": "奈良県宇陀市菟田野松井８－１", "緯度": 34.473203, "経度": 135.976217, "url": "https://www.iryou.teikyouseido.mhlw.go.jp/znk-web/juminkanja/S2430/initialize?prefCd=29&kikanCd=2097800000&kikanKbn=2", "url2": "http://www.grandsoul.co.jp", "内容": "グランソール奈良【2:診療所】【診療科目:内科_消化器内科_婦人科_リハビリテーション科_放射線科】奈良県宇陀市菟田野松井８－１" }, "geometry": { "type": "Point", "coordinates": [ 135.976217, 34.473203 ] } },
{ "type": "Feature", "properties": { "ID": 2922098100000, "正式名称": "社会福祉法人　豊生会　ゆぁほうむ榛原", "機関区分": 2, "都道府県コード": 29, "市区町村コード": 212, "所在地": "奈良県宇陀市榛原長峯２００－１", "緯度": 34.541281, "経度": 135.964881, "url": "https://www.iryou.teikyouseido.mhlw.go.jp/znk-web/juminkanja/S2430/initialize?prefCd=29&kikanCd=2098100000&kikanKbn=2", "url2": null, "内容": "社会福祉法人　豊生会　ゆぁほうむ榛原【2:診療所】【診療科目:内科】奈良県宇陀市榛原長峯２００－１" }, "geometry": { "type": "Point", "coordinates": [ 135.964881, 34.541281 ] } },
{ "type": "Feature", "properties": { "ID": 2922098200000, "正式名称": "医療法人萩乃里診療所", "機関区分": 2, "都道府県コード": 29, "市区町村コード": 212, "所在地": "奈良県宇陀市榛原萩乃里５番地１", "緯度": 34.527391, "経度": 135.956049, "url": "https://www.iryou.teikyouseido.mhlw.go.jp/znk-web/juminkanja/S2430/initialize?prefCd=29&kikanCd=2098200000&kikanKbn=2", "url2": null, "内容": "医療法人萩乃里診療所【2:診療所】【診療科目:内科】奈良県宇陀市榛原萩乃里５番地１" }, "geometry": { "type": "Point", "coordinates": [ 135.956049, 34.527391 ] } },
{ "type": "Feature", "properties": { "ID": 2922098300000, "正式名称": "医療法人豊生会加藤クリニック", "機関区分": 2, "都道府県コード": 29, "市区町村コード": 212, "所在地": "奈良県宇陀市榛原長峯２００番地の２", "緯度": 34.541334, "経度": 135.964992, "url": "https://www.iryou.teikyouseido.mhlw.go.jp/znk-web/juminkanja/S2430/initialize?prefCd=29&kikanCd=2098300000&kikanKbn=2", "url2": null, "内容": "医療法人豊生会加藤クリニック【2:診療所】【診療科目:内科_循環器内科_消化器内科_小児科_リハビリテーション科_放射線科】奈良県宇陀市榛原長峯２００番地の２" }, "geometry": { "type": "Point", "coordinates": [ 135.964992, 34.541334 ] } },
{ "type": "Feature", "properties": { "ID": 2922098400000, "正式名称": "医療法人釜本眼科医院", "機関区分": 2, "都道府県コード": 29, "市区町村コード": 212, "所在地": "奈良県宇陀市榛原高萩台７９ー１", "緯度": 34.530002, "経度": 135.954105, "url": "https://www.iryou.teikyouseido.mhlw.go.jp/znk-web/juminkanja/S2430/initialize?prefCd=29&kikanCd=2098400000&kikanKbn=2", "url2": null, "内容": "医療法人釜本眼科医院【2:診療所】【診療科目:眼科】奈良県宇陀市榛原高萩台７９ー１" }, "geometry": { "type": "Point", "coordinates": [ 135.954105, 34.530002 ] } },
{ "type": "Feature", "properties": { "ID": 2922098500000, "正式名称": "医療法人山本診療所", "機関区分": 2, "都道府県コード": 29, "市区町村コード": 212, "所在地": "奈良県宇陀市榛原ひのき坂２丁目１番９", "緯度": 34.538112, "経度": 135.961131, "url": "https://www.iryou.teikyouseido.mhlw.go.jp/znk-web/juminkanja/S2430/initialize?prefCd=29&kikanCd=2098500000&kikanKbn=2", "url2": null, "内容": "医療法人山本診療所【2:診療所】【診療科目:内科_外科_整形外科_小児科_リハビリテーション科】奈良県宇陀市榛原ひのき坂２丁目１番９" }, "geometry": { "type": "Point", "coordinates": [ 135.961131, 34.538112 ] } },
{ "type": "Feature", "properties": { "ID": 2922098700000, "正式名称": "医療法人谷口内科医院", "機関区分": 2, "都道府県コード": 29, "市区町村コード": 212, "所在地": "奈良県宇陀市榛原あかね台２－１９－５", "緯度": 34.533751, "経度": 135.949077, "url": "https://www.iryou.teikyouseido.mhlw.go.jp/znk-web/juminkanja/S2430/initialize?prefCd=29&kikanCd=2098700000&kikanKbn=2", "url2": "https://ssc8.doctorqube.com/taniguchi-cl/", "内容": "医療法人谷口内科医院【2:診療所】【診療科目:内科_呼吸器内科_循環器内科_消化器内科_小児科_放射線科】奈良県宇陀市榛原あかね台２－１９－５" }, "geometry": { "type": "Point", "coordinates": [ 135.949077, 34.533751 ] } },
{ "type": "Feature", "properties": { "ID": 2922099100000, "正式名称": "福井療院", "機関区分": 2, "都道府県コード": 29, "市区町村コード": 212, "所在地": "奈良県宇陀市室生大野２２５３", "緯度": 34.565332, "経度": 136.013904, "url": "https://www.iryou.teikyouseido.mhlw.go.jp/znk-web/juminkanja/S2430/initialize?prefCd=29&kikanCd=2099100000&kikanKbn=2", "url2": "www://2s.biglobe.ne.jp/FUKUI-R/", "内容": "福井療院【2:診療所】【診療科目:内科_外科_整形外科_リウマチ科_リハビリテーション科】奈良県宇陀市室生大野２２５３" }, "geometry": { "type": "Point", "coordinates": [ 136.013904, 34.565332 ] } },
{ "type": "Feature", "properties": { "ID": 2922099300000, "正式名称": "曽爾村国民健康保険診療所", "機関区分": 2, "都道府県コード": 29, "市区町村コード": 385, "所在地": "奈良県宇陀郡曽爾村伊賀見４３－１", "緯度": 34.524506, "経度": 136.136423, "url": "https://www.iryou.teikyouseido.mhlw.go.jp/znk-web/juminkanja/S2430/initialize?prefCd=29&kikanCd=2099300000&kikanKbn=2", "url2": null, "内容": "曽爾村国民健康保険診療所【2:診療所】【診療科目:内科_歯科】奈良県宇陀郡曽爾村伊賀見４３－１" }, "geometry": { "type": "Point", "coordinates": [ 136.136423, 34.524506 ] } },
{ "type": "Feature", "properties": { "ID": 2922099800000, "正式名称": "つぼさかクリニック", "機関区分": 2, "都道府県コード": 29, "市区町村コード": 401, "所在地": "奈良県高市郡高取町清水谷１４９－５", "緯度": 34.442147, "経度": 135.795511, "url": "https://www.iryou.teikyouseido.mhlw.go.jp/znk-web/juminkanja/S2430/initialize?prefCd=29&kikanCd=2099800000&kikanKbn=2", "url2": null, "内容": "つぼさかクリニック【2:診療所】【診療科目:内科_皮膚科_精神科】奈良県高市郡高取町清水谷１４９－５" }, "geometry": { "type": "Point", "coordinates": [ 135.795511, 34.442147 ] } },
{ "type": "Feature", "properties": { "ID": 2922100000000, "正式名称": "奥村胃腸科", "機関区分": 2, "都道府県コード": 29, "市区町村コード": 401, "所在地": "奈良県高市郡高取町観覚寺１４８１", "緯度": 34.449535, "経度": 135.797149, "url": "https://www.iryou.teikyouseido.mhlw.go.jp/znk-web/juminkanja/S2430/initialize?prefCd=29&kikanCd=2100000000&kikanKbn=2", "url2": null, "内容": "奥村胃腸科【2:診療所】【診療科目:内科_外科_放射線科】奈良県高市郡高取町観覚寺１４８１" }, "geometry": { "type": "Point", "coordinates": [ 135.797149, 34.449535 ] } },
{ "type": "Feature", "properties": { "ID": 2922100200000, "正式名称": "杉本医院", "機関区分": 2, "都道府県コード": 29, "市区町村コード": 401, "所在地": "奈良県高市郡高取町寺崎７９３", "緯度": 34.464006, "経度": 135.771762, "url": "https://www.iryou.teikyouseido.mhlw.go.jp/znk-web/juminkanja/S2430/initialize?prefCd=29&kikanCd=2100200000&kikanKbn=2", "url2": null, "内容": "杉本医院【2:診療所】【診療科目:内科】奈良県高市郡高取町寺崎７９３" }, "geometry": { "type": "Point", "coordinates": [ 135.771762, 34.464006 ] } },
{ "type": "Feature", "properties": { "ID": 2922100300000, "正式名称": "辰巳医院", "機関区分": 2, "都道府県コード": 29, "市区町村コード": 401, "所在地": "奈良県高市郡高取町大字下子島２３番地１", "緯度": 34.444723, "経度": 135.801657, "url": "https://www.iryou.teikyouseido.mhlw.go.jp/znk-web/juminkanja/S2430/initialize?prefCd=29&kikanCd=2100300000&kikanKbn=2", "url2": null, "内容": "辰巳医院【2:診療所】【診療科目:内科_循環器内科_放射線科】奈良県高市郡高取町大字下子島２３番地１" }, "geometry": { "type": "Point", "coordinates": [ 135.801657, 34.444723 ] } },
{ "type": "Feature", "properties": { "ID": 2922100500000, "正式名称": "医療法人朱雀会山下医院", "機関区分": 2, "都道府県コード": 29, "市区町村コード": 402, "所在地": "奈良県高市郡明日香村岡１１４３番地の３", "緯度": 34.4712, "経度": 135.82259, "url": "https://www.iryou.teikyouseido.mhlw.go.jp/znk-web/juminkanja/S2430/initialize?prefCd=29&kikanCd=2100500000&kikanKbn=2", "url2": null, "内容": "医療法人朱雀会山下医院【2:診療所】【診療科目:内科_消化器内科_外科】奈良県高市郡明日香村岡１１４３番地の３" }, "geometry": { "type": "Point", "coordinates": [ 135.82259, 34.4712 ] } },
{ "type": "Feature", "properties": { "ID": 2922101100000, "正式名称": "医療法人　奥田眼科", "機関区分": 2, "都道府県コード": 29, "市区町村コード": 204, "所在地": "奈良県天理市楢町２３２", "緯度": 34.625628, "経度": 135.828666, "url": "https://www.iryou.teikyouseido.mhlw.go.jp/znk-web/juminkanja/S2430/initialize?prefCd=29&kikanCd=2101100000&kikanKbn=2", "url2": "okudaganka.jp", "内容": "医療法人　奥田眼科【2:診療所】【診療科目:眼科】奈良県天理市楢町２３２" }, "geometry": { "type": "Point", "coordinates": [ 135.828666, 34.625628 ] } },
{ "type": "Feature", "properties": { "ID": 2922101200000, "正式名称": "医療法人　岩井メディカルクリニック", "機関区分": 2, "都道府県コード": 29, "市区町村コード": 204, "所在地": "奈良県天理市川原城町３０８", "緯度": 34.600103, "経度": 135.835, "url": "https://www.iryou.teikyouseido.mhlw.go.jp/znk-web/juminkanja/S2430/initialize?prefCd=29&kikanCd=2101200000&kikanKbn=2", "url2": "https://www.iwai-med.com/", "内容": "医療法人　岩井メディカルクリニック【2:診療所】【診療科目:内科_神経内科】奈良県天理市川原城町３０８" }, "geometry": { "type": "Point", "coordinates": [ 135.835, 34.600103 ] } },
{ "type": "Feature", "properties": { "ID": 2922101300000, "正式名称": "医療法人　おのざき整形外科", "機関区分": 2, "都道府県コード": 29, "市区町村コード": 204, "所在地": "奈良県天理市田井庄町７１８番地", "緯度": 34.59977, "経度": 135.825695, "url": "https://www.iryou.teikyouseido.mhlw.go.jp/znk-web/juminkanja/S2430/initialize?prefCd=29&kikanCd=2101300000&kikanKbn=2", "url2": null, "内容": "医療法人　おのざき整形外科【2:診療所】【診療科目:内科_外科_整形外科_リハビリテーション科】奈良県天理市田井庄町７１８番地" }, "geometry": { "type": "Point", "coordinates": [ 135.825695, 34.59977 ] } },
{ "type": "Feature", "properties": { "ID": 2922101400000, "正式名称": "医療法人　宣仁会　白濱医院", "機関区分": 2, "都道府県コード": 29, "市区町村コード": 204, "所在地": "奈良県天理市杉本町２８７－１", "緯度": 34.601547, "経度": 135.816668, "url": "https://www.iryou.teikyouseido.mhlw.go.jp/znk-web/juminkanja/S2430/initialize?prefCd=29&kikanCd=2101400000&kikanKbn=2", "url2": "http://www.shirahamaiin.jp/", "内容": "医療法人　宣仁会　白濱医院【2:診療所】【診療科目:整形外科_リハビリテーション科】奈良県天理市杉本町２８７－１" }, "geometry": { "type": "Point", "coordinates": [ 135.816668, 34.601547 ] } },
{ "type": "Feature", "properties": { "ID": 2922101500000, "正式名称": "医療法人　友永循環器医院", "機関区分": 2, "都道府県コード": 29, "市区町村コード": 204, "所在地": "奈良県天理市川原城町２７５番地の１松尾ビル２階", "緯度": 34.600909, "経度": 135.834445, "url": "https://www.iryou.teikyouseido.mhlw.go.jp/znk-web/juminkanja/S2430/initialize?prefCd=29&kikanCd=2101500000&kikanKbn=2", "url2": null, "内容": "医療法人　友永循環器医院【2:診療所】【診療科目:内科_循環器内科_小児科】奈良県天理市川原城町２７５番地の１松尾ビル２階" }, "geometry": { "type": "Point", "coordinates": [ 135.834445, 34.600909 ] } },
{ "type": "Feature", "properties": { "ID": 2922101600000, "正式名称": "医療法人宮城会　宮城医院", "機関区分": 2, "都道府県コード": 29, "市区町村コード": 204, "所在地": "奈良県天理市丹波市町３０２", "緯度": 34.59652, "経度": 135.835889, "url": "https://www.iryou.teikyouseido.mhlw.go.jp/znk-web/juminkanja/S2430/initialize?prefCd=29&kikanCd=2101600000&kikanKbn=2", "url2": "http://wwwmiyagikai.or.jp", "内容": "医療法人宮城会　宮城医院【2:診療所】【診療科目:内科_消化器内科_外科_整形外科_リハビリテーション科】奈良県天理市丹波市町３０２" }, "geometry": { "type": "Point", "coordinates": [ 135.835889, 34.59652 ] } },
{ "type": "Feature", "properties": { "ID": 2922101700000, "正式名称": "おおの皮ふ科", "機関区分": 2, "都道府県コード": 29, "市区町村コード": 204, "所在地": "奈良県天理市川原城町７５９番地", "緯度": 34.597666, "経度": 135.832529, "url": "https://www.iryou.teikyouseido.mhlw.go.jp/znk-web/juminkanja/S2430/initialize?prefCd=29&kikanCd=2101700000&kikanKbn=2", "url2": null, "内容": "おおの皮ふ科【2:診療所】【診療科目:皮膚科】奈良県天理市川原城町７５９番地" }, "geometry": { "type": "Point", "coordinates": [ 135.832529, 34.597666 ] } },
{ "type": "Feature", "properties": { "ID": 2922101900000, "正式名称": "医療法人裕雅会　張田耳鼻咽喉科", "機関区分": 2, "都道府県コード": 29, "市区町村コード": 204, "所在地": "奈良県天理市川原城町１１１番地１", "緯度": 34.599713, "経度": 135.832778, "url": "https://www.iryou.teikyouseido.mhlw.go.jp/znk-web/juminkanja/S2430/initialize?prefCd=29&kikanCd=2101900000&kikanKbn=2", "url2": "www.harita-cl.com", "内容": "医療法人裕雅会　張田耳鼻咽喉科【2:診療所】【診療科目:耳鼻いんこう科_精神科】奈良県天理市川原城町１１１番地１" }, "geometry": { "type": "Point", "coordinates": [ 135.832778, 34.599713 ] } },
{ "type": "Feature", "properties": { "ID": 2922102500000, "正式名称": "医療法人　貴和木会　鹿子木診療所", "機関区分": 2, "都道府県コード": 29, "市区町村コード": 204, "所在地": "奈良県天理市櫟本町７４２－２", "緯度": 34.619184, "経度": 135.827611, "url": "https://www.iryou.teikyouseido.mhlw.go.jp/znk-web/juminkanja/S2430/initialize?prefCd=29&kikanCd=2102500000&kikanKbn=2", "url2": "https://www.kanokogi-clinic.com/", "内容": "医療法人　貴和木会　鹿子木診療所【2:診療所】【診療科目:内科_小児科】奈良県天理市櫟本町７４２－２" }, "geometry": { "type": "Point", "coordinates": [ 135.827611, 34.619184 ] } },
{ "type": "Feature", "properties": { "ID": 2922102700000, "正式名称": "医療法人くらもと胃腸科医院", "機関区分": 2, "都道府県コード": 29, "市区町村コード": 204, "所在地": "奈良県天理市川原城町７０４－３Ｆ", "緯度": 34.599687, "経度": 135.832084, "url": "https://www.iryou.teikyouseido.mhlw.go.jp/znk-web/juminkanja/S2430/initialize?prefCd=29&kikanCd=2102700000&kikanKbn=2", "url2": "kuramoto-icho.com", "内容": "医療法人くらもと胃腸科医院【2:診療所】【診療科目:内科_消化器内科_胃腸内科_外科_肛門外科_放射線科】奈良県天理市川原城町７０４－３Ｆ" }, "geometry": { "type": "Point", "coordinates": [ 135.832084, 34.599687 ] } },
{ "type": "Feature", "properties": { "ID": 2922102800000, "正式名称": "クリニックせんざい", "機関区分": 2, "都道府県コード": 29, "市区町村コード": 204, "所在地": "奈良県天理市杉本町１７５－６", "緯度": 34.602825, "経度": 135.810974, "url": "https://www.iryou.teikyouseido.mhlw.go.jp/znk-web/juminkanja/S2430/initialize?prefCd=29&kikanCd=2102800000&kikanKbn=2", "url2": null, "内容": "クリニックせんざい【2:診療所】【診療科目:内科_外科_小児科_放射線科】奈良県天理市杉本町１７５－６" }, "geometry": { "type": "Point", "coordinates": [ 135.810974, 34.602825 ] } },
{ "type": "Feature", "properties": { "ID": 2922103100000, "正式名称": "平井眼科", "機関区分": 2, "都道府県コード": 29, "市区町村コード": 204, "所在地": "奈良県天理市川原城町３２７番地", "緯度": 34.599853, "経度": 135.835667, "url": "https://www.iryou.teikyouseido.mhlw.go.jp/znk-web/juminkanja/S2430/initialize?prefCd=29&kikanCd=2103100000&kikanKbn=2", "url2": null, "内容": "平井眼科【2:診療所】【診療科目:眼科】奈良県天理市川原城町３２７番地" }, "geometry": { "type": "Point", "coordinates": [ 135.835667, 34.599853 ] } },
{ "type": "Feature", "properties": { "ID": 2922103400000, "正式名称": "山辺高原奥田診療所", "機関区分": 2, "都道府県コード": 29, "市区町村コード": 204, "所在地": "奈良県天理市福住町５７４２", "緯度": 34.603354, "経度": 135.914771, "url": "https://www.iryou.teikyouseido.mhlw.go.jp/znk-web/juminkanja/S2430/initialize?prefCd=29&kikanCd=2103400000&kikanKbn=2", "url2": null, "内容": "山辺高原奥田診療所【2:診療所】【診療科目:内科】奈良県天理市福住町５７４２" }, "geometry": { "type": "Point", "coordinates": [ 135.914771, 34.603354 ] } },
{ "type": "Feature", "properties": { "ID": 2922103600000, "正式名称": "天理市立休日応急診療所", "機関区分": 2, "都道府県コード": 29, "市区町村コード": 204, "所在地": "奈良県天理市富堂町３００－１１番地", "緯度": 34.597617, "経度": 135.817815, "url": "https://www.iryou.teikyouseido.mhlw.go.jp/znk-web/juminkanja/S2430/initialize?prefCd=29&kikanCd=2103600000&kikanKbn=2", "url2": null, "内容": "天理市立休日応急診療所【2:診療所】【診療科目:内科_小児科】奈良県天理市富堂町３００－１１番地" }, "geometry": { "type": "Point", "coordinates": [ 135.817815, 34.597617 ] } },
{ "type": "Feature", "properties": { "ID": 2922103900000, "正式名称": "山添村国民健康保険　豊原診療所", "機関区分": 2, "都道府県コード": 29, "市区町村コード": 322, "所在地": "奈良県山辺郡山添村三ケ谷９７０番地", "緯度": 34.654629, "経度": 136.026315, "url": "https://www.iryou.teikyouseido.mhlw.go.jp/znk-web/juminkanja/S2430/initialize?prefCd=29&kikanCd=2103900000&kikanKbn=2", "url2": null, "内容": "山添村国民健康保険　豊原診療所【2:診療所】【診療科目:内科_外科】奈良県山辺郡山添村三ケ谷９７０番地" }, "geometry": { "type": "Point", "coordinates": [ 136.026315, 34.654629 ] } },
{ "type": "Feature", "properties": { "ID": 2922104000000, "正式名称": "山添村国民健康保険　波多野診療所", "機関区分": 2, "都道府県コード": 29, "市区町村コード": 322, "所在地": "奈良県山辺郡山添村中峰山１０２８－１", "緯度": 34.686626, "経度": 136.063699, "url": "https://www.iryou.teikyouseido.mhlw.go.jp/znk-web/juminkanja/S2430/initialize?prefCd=29&kikanCd=2104000000&kikanKbn=2", "url2": null, "内容": "山添村国民健康保険　波多野診療所【2:診療所】【診療科目:内科_外科_小児科_眼科_皮膚科】奈良県山辺郡山添村中峰山１０２８－１" }, "geometry": { "type": "Point", "coordinates": [ 136.063699, 34.686626 ] } },
{ "type": "Feature", "properties": { "ID": 2922104100000, "正式名称": "山添村国民健康保険東山診療所", "機関区分": 2, "都道府県コード": 29, "市区町村コード": 322, "所在地": "奈良県山辺郡山添村桐山６２－１", "緯度": 34.681847, "経度": 135.974485, "url": "https://www.iryou.teikyouseido.mhlw.go.jp/znk-web/juminkanja/S2430/initialize?prefCd=29&kikanCd=2104100000&kikanKbn=2", "url2": null, "内容": "山添村国民健康保険東山診療所【2:診療所】【診療科目:内科】奈良県山辺郡山添村桐山６２－１" }, "geometry": { "type": "Point", "coordinates": [ 135.974485, 34.681847 ] } },
{ "type": "Feature", "properties": { "ID": 2922104400000, "正式名称": "つわぶき苑医務室", "機関区分": 2, "都道府県コード": 29, "市区町村コード": 207, "所在地": "奈良県五條市住川町１１６３－２", "緯度": 34.387596, "経度": 135.725186, "url": "https://www.iryou.teikyouseido.mhlw.go.jp/znk-web/juminkanja/S2430/initialize?prefCd=29&kikanCd=2104400000&kikanKbn=2", "url2": null, "内容": "つわぶき苑医務室【2:診療所】【診療科目:内科_精神科】奈良県五條市住川町１１６３－２" }, "geometry": { "type": "Point", "coordinates": [ 135.725186, 34.387596 ] } },
{ "type": "Feature", "properties": { "ID": 2922104700000, "正式名称": "杉﨑医院", "機関区分": 2, "都道府県コード": 29, "市区町村コード": 207, "所在地": "奈良県五條市中之町１７７１番地の３３", "緯度": 34.361821, "経度": 135.682246, "url": "https://www.iryou.teikyouseido.mhlw.go.jp/znk-web/juminkanja/S2430/initialize?prefCd=29&kikanCd=2104700000&kikanKbn=2", "url2": "http://www.sugisaki.or.jp/", "内容": "杉﨑医院【2:診療所】【診療科目:内科_消化器内科_外科_乳腺外科_肛門外科】奈良県五條市中之町１７７１番地の３３" }, "geometry": { "type": "Point", "coordinates": [ 135.682246, 34.361821 ] } },
{ "type": "Feature", "properties": { "ID": 2922104900000, "正式名称": "医療法人　水本整形外科", "機関区分": 2, "都道府県コード": 29, "市区町村コード": 207, "所在地": "奈良県五條市五條２丁目３１３番地１", "緯度": 34.352377, "経度": 135.699078, "url": "https://www.iryou.teikyouseido.mhlw.go.jp/znk-web/juminkanja/S2430/initialize?prefCd=29&kikanCd=2104900000&kikanKbn=2", "url2": null, "内容": "医療法人　水本整形外科【2:診療所】【診療科目:整形外科_リウマチ科_リハビリテーション科】奈良県五條市五條２丁目３１３番地１" }, "geometry": { "type": "Point", "coordinates": [ 135.699078, 34.352377 ] } },
{ "type": "Feature", "properties": { "ID": 2922105000000, "正式名称": "医療法人　山田医院", "機関区分": 2, "都道府県コード": 29, "市区町村コード": 207, "所在地": "奈良県五條市須恵　２－１－２５", "緯度": 34.353988, "経度": 135.69694, "url": "https://www.iryou.teikyouseido.mhlw.go.jp/znk-web/juminkanja/S2430/initialize?prefCd=29&kikanCd=2105000000&kikanKbn=2", "url2": null, "内容": "医療法人　山田医院【2:診療所】【診療科目:内科_神経内科】奈良県五條市須恵　２－１－２５" }, "geometry": { "type": "Point", "coordinates": [ 135.69694, 34.353988 ] } },
{ "type": "Feature", "properties": { "ID": 2922105100000, "正式名称": "田畑医院", "機関区分": 2, "都道府県コード": 29, "市区町村コード": 207, "所在地": "奈良県五條市中之町１６１７番地の１", "緯度": 34.36757, "経度": 135.679135, "url": "https://www.iryou.teikyouseido.mhlw.go.jp/znk-web/juminkanja/S2430/initialize?prefCd=29&kikanCd=2105100000&kikanKbn=2", "url2": "http//www.tabataiin.jp/", "内容": "田畑医院【2:診療所】【診療科目:内科_泌尿器科】奈良県五條市中之町１６１７番地の１" }, "geometry": { "type": "Point", "coordinates": [ 135.679135, 34.36757 ] } },
{ "type": "Feature", "properties": { "ID": 2922105200000, "正式名称": "足立医院", "機関区分": 2, "都道府県コード": 29, "市区町村コード": 207, "所在地": "奈良県五條市須恵２－６－２１", "緯度": 34.354016, "経度": 135.698328, "url": "https://www.iryou.teikyouseido.mhlw.go.jp/znk-web/juminkanja/S2430/initialize?prefCd=29&kikanCd=2105200000&kikanKbn=2", "url2": "http://www.adachiiin.com/", "内容": "足立医院【2:診療所】【診療科目:内科_小児科_婦人科】奈良県五條市須恵２－６－２１" }, "geometry": { "type": "Point", "coordinates": [ 135.698328, 34.354016 ] } },
{ "type": "Feature", "properties": { "ID": 2922105400000, "正式名称": "鎌田医院", "機関区分": 2, "都道府県コード": 29, "市区町村コード": 207, "所在地": "奈良県五條市野原西１丁目６番８号", "緯度": 34.345711, "経度": 135.696162, "url": "https://www.iryou.teikyouseido.mhlw.go.jp/znk-web/juminkanja/S2430/initialize?prefCd=29&kikanCd=2105400000&kikanKbn=2", "url2": null, "内容": "鎌田医院【2:診療所】【診療科目:内科_消化器内科】奈良県五條市野原西１丁目６番８号" }, "geometry": { "type": "Point", "coordinates": [ 135.696162, 34.345711 ] } },
{ "type": "Feature", "properties": { "ID": 2922105500000, "正式名称": "阪口眼科", "機関区分": 2, "都道府県コード": 29, "市区町村コード": 207, "所在地": "奈良県五條市住川町２０４番地", "緯度": 34.380708, "経度": 135.717048, "url": "https://www.iryou.teikyouseido.mhlw.go.jp/znk-web/juminkanja/S2430/initialize?prefCd=29&kikanCd=2105500000&kikanKbn=2", "url2": null, "内容": "阪口眼科【2:診療所】【診療科目:眼科】奈良県五條市住川町２０４番地" }, "geometry": { "type": "Point", "coordinates": [ 135.717048, 34.380708 ] } },
{ "type": "Feature", "properties": { "ID": 2922105600000, "正式名称": "寒川医院", "機関区分": 2, "都道府県コード": 29, "市区町村コード": 207, "所在地": "奈良県五條市二見４丁目２－４", "緯度": 34.345017, "経度": 135.688302, "url": "https://www.iryou.teikyouseido.mhlw.go.jp/znk-web/juminkanja/S2430/initialize?prefCd=29&kikanCd=2105600000&kikanKbn=2", "url2": null, "内容": "寒川医院【2:診療所】【診療科目:内科_外科】奈良県五條市二見４丁目２－４" }, "geometry": { "type": "Point", "coordinates": [ 135.688302, 34.345017 ] } },
{ "type": "Feature", "properties": { "ID": 2922105900000, "正式名称": "中谷内科医院", "機関区分": 2, "都道府県コード": 29, "市区町村コード": 207, "所在地": "奈良県五條市野原西４丁目９番２５号", "緯度": 34.343876, "経度": 135.698387, "url": "https://www.iryou.teikyouseido.mhlw.go.jp/znk-web/juminkanja/S2430/initialize?prefCd=29&kikanCd=2105900000&kikanKbn=2", "url2": "http://nakatani-naika.com/", "内容": "中谷内科医院【2:診療所】【診療科目:内科】奈良県五條市野原西４丁目９番２５号" }, "geometry": { "type": "Point", "coordinates": [ 135.698387, 34.343876 ] } },
{ "type": "Feature", "properties": { "ID": 2922106200000, "正式名称": "前防医院", "機関区分": 2, "都道府県コード": 29, "市区町村コード": 207, "所在地": "奈良県五條市釜窪町１２６ー１", "緯度": 34.355266, "経度": 135.690551, "url": "https://www.iryou.teikyouseido.mhlw.go.jp/znk-web/juminkanja/S2430/initialize?prefCd=29&kikanCd=2106200000&kikanKbn=2", "url2": null, "内容": "前防医院【2:診療所】【診療科目:内科】奈良県五條市釜窪町１２６ー１" }, "geometry": { "type": "Point", "coordinates": [ 135.690551, 34.355266 ] } },
{ "type": "Feature", "properties": { "ID": 2922106500000, "正式名称": "五條市応急診療所", "機関区分": 2, "都道府県コード": 29, "市区町村コード": 207, "所在地": "奈良県五條市野原西５丁目２番５９号", "緯度": 34.340963, "経度": 135.69926, "url": "https://www.iryou.teikyouseido.mhlw.go.jp/znk-web/juminkanja/S2430/initialize?prefCd=29&kikanCd=2106500000&kikanKbn=2", "url2": "http://www.city.gojo.lg.jp", "内容": "五條市応急診療所【2:診療所】【診療科目:内科_小児科】奈良県五條市野原西５丁目２番５９号" }, "geometry": { "type": "Point", "coordinates": [ 135.69926, 34.340963 ] } },
{ "type": "Feature", "properties": { "ID": 2922106800000, "正式名称": "医療法人　鎌田医院賀名生診療所", "機関区分": 2, "都道府県コード": 29, "市区町村コード": 207, "所在地": "奈良県五條市西吉野町屋那瀬１３", "緯度": 34.293051, "経度": 135.72519, "url": "https://www.iryou.teikyouseido.mhlw.go.jp/znk-web/juminkanja/S2430/initialize?prefCd=29&kikanCd=2106800000&kikanKbn=2", "url2": null, "内容": "医療法人　鎌田医院賀名生診療所【2:診療所】【診療科目:内科_放射線科】奈良県五條市西吉野町屋那瀬１３" }, "geometry": { "type": "Point", "coordinates": [ 135.72519, 34.293051 ] } },
{ "type": "Feature", "properties": { "ID": 2922107000000, "正式名称": "野迫川村国民健康保険診療所", "機関区分": 2, "都道府県コード": 29, "市区町村コード": 447, "所在地": "奈良県吉野郡野迫川村大字中３５５番地の１", "緯度": 34.209503, "経度": 135.665338, "url": "https://www.iryou.teikyouseido.mhlw.go.jp/znk-web/juminkanja/S2430/initialize?prefCd=29&kikanCd=2107000000&kikanKbn=2", "url2": "https://www.vill.nosegawa.nara.jp/top/life/medical/365.html", "内容": "野迫川村国民健康保険診療所【2:診療所】【診療科目:内科_外科_歯科_歯科口腔外科】奈良県吉野郡野迫川村大字中３５５番地の１" }, "geometry": { "type": "Point", "coordinates": [ 135.665338, 34.209503 ] } },
{ "type": "Feature", "properties": { "ID": 2922107200000, "正式名称": "中川医院", "機関区分": 2, "都道府県コード": 29, "市区町村コード": 449, "所在地": "奈良県吉野郡十津川村平谷４５１", "緯度": 33.939978, "経度": 135.768786, "url": "https://www.iryou.teikyouseido.mhlw.go.jp/znk-web/juminkanja/S2430/initialize?prefCd=29&kikanCd=2107200000&kikanKbn=2", "url2": null, "内容": "中川医院【2:診療所】【診療科目:内科_糖尿病内科_消化器内科_小児科】奈良県吉野郡十津川村平谷４５１" }, "geometry": { "type": "Point", "coordinates": [ 135.768786, 33.939978 ] } },
{ "type": "Feature", "properties": { "ID": 2922107300000, "正式名称": "十津川村国民健康保険上野地診療所", "機関区分": 2, "都道府県コード": 29, "市区町村コード": 449, "所在地": "奈良県吉野郡十津川村大字上野地２６４番地", "緯度": 34.099656, "経度": 135.761807, "url": "https://www.iryou.teikyouseido.mhlw.go.jp/znk-web/juminkanja/S2430/initialize?prefCd=29&kikanCd=2107300000&kikanKbn=2", "url2": null, "内容": "十津川村国民健康保険上野地診療所【2:診療所】【診療科目:内科_消化器内科_外科_整形外科_小児科_耳鼻いんこう科】奈良県吉野郡十津川村大字上野地２６４番地" }, "geometry": { "type": "Point", "coordinates": [ 135.761807, 34.099656 ] } },
{ "type": "Feature", "properties": { "ID": 2922107400000, "正式名称": "十津川村国民健康保険小原診療所", "機関区分": 2, "都道府県コード": 29, "市区町村コード": 449, "所在地": "奈良県吉野郡十津川村大字小原２２５番地の１", "緯度": 33.988418, "経度": 135.792337, "url": "https://www.iryou.teikyouseido.mhlw.go.jp/znk-web/juminkanja/S2430/initialize?prefCd=29&kikanCd=2107400000&kikanKbn=2", "url2": null, "内容": "十津川村国民健康保険小原診療所【2:診療所】【診療科目:内科_消化器内科_外科_整形外科_小児科_耳鼻いんこう科】奈良県吉野郡十津川村大字小原２２５番地の１" }, "geometry": { "type": "Point", "coordinates": [ 135.792337, 33.988418 ] } },
{ "type": "Feature", "properties": { "ID": 2922107600000, "正式名称": "医療法人メディカルユー内膳町アイクリニック", "機関区分": 2, "都道府県コード": 29, "市区町村コード": 205, "所在地": "奈良県橿原市内膳町１丁目１番１１号Ｕ遊タウン６階", "緯度": 34.512418, "経度": 135.793424, "url": "https://www.iryou.teikyouseido.mhlw.go.jp/znk-web/juminkanja/S2430/initialize?prefCd=29&kikanCd=2107600000&kikanKbn=2", "url2": null, "内容": "医療法人メディカルユー内膳町アイクリニック【2:診療所】【診療科目:眼科】奈良県橿原市内膳町１丁目１番１１号Ｕ遊タウン６階" }, "geometry": { "type": "Point", "coordinates": [ 135.793424, 34.512418 ] } },
{ "type": "Feature", "properties": { "ID": 2922107700000, "正式名称": "医療法人角谷医院　角谷整形外科", "機関区分": 2, "都道府県コード": 29, "市区町村コード": 203, "所在地": "奈良県大和郡山市南郡山町５２０番地１８大和郡山マインド２１ビル　４階４Ａ及び４Ｂ", "緯度": 34.647236, "経度": 135.781169, "url": "https://www.iryou.teikyouseido.mhlw.go.jp/znk-web/juminkanja/S2430/initialize?prefCd=29&kikanCd=2107700000&kikanKbn=2", "url2": null, "内容": "医療法人角谷医院　角谷整形外科【2:診療所】【診療科目:整形外科_リウマチ科_リハビリテーション科】奈良県大和郡山市南郡山町５２０番地１８大和郡山マインド２１ビル　４階４Ａ及び４Ｂ" }, "geometry": { "type": "Point", "coordinates": [ 135.781169, 34.647236 ] } },
{ "type": "Feature", "properties": { "ID": 2922107800000, "正式名称": "医療法人おざきクリニック", "機関区分": 2, "都道府県コード": 29, "市区町村コード": 203, "所在地": "奈良県大和郡山市九条町１３１１の１", "緯度": 34.659346, "経度": 135.783196, "url": "https://www.iryou.teikyouseido.mhlw.go.jp/znk-web/juminkanja/S2430/initialize?prefCd=29&kikanCd=2107800000&kikanKbn=2", "url2": "http://www.myclinic.ne.jp/ozaki_cl/pc/", "内容": "医療法人おざきクリニック【2:診療所】【診療科目:内科_リウマチ科_リハビリテーション科】奈良県大和郡山市九条町１３１１の１" }, "geometry": { "type": "Point", "coordinates": [ 135.783196, 34.659346 ] } },
{ "type": "Feature", "properties": { "ID": 2922107900000, "正式名称": "片桐民主診療所", "機関区分": 2, "都道府県コード": 29, "市区町村コード": 203, "所在地": "奈良県大和郡山市新町３０５－９２", "緯度": 34.640459, "経度": 135.756671, "url": "https://www.iryou.teikyouseido.mhlw.go.jp/znk-web/juminkanja/S2430/initialize?prefCd=29&kikanCd=2107900000&kikanKbn=2", "url2": null, "内容": "片桐民主診療所【2:診療所】【診療科目:内科_整形外科_泌尿器科】奈良県大和郡山市新町３０５－９２" }, "geometry": { "type": "Point", "coordinates": [ 135.756671, 34.640459 ] } },
{ "type": "Feature", "properties": { "ID": 2922108100000, "正式名称": "山根整形外科", "機関区分": 2, "都道府県コード": 29, "市区町村コード": 202, "所在地": "奈良県大和高田市幸町２番１０号サンルピナス２Ｆ", "緯度": 34.517527, "経度": 135.744706, "url": "https://www.iryou.teikyouseido.mhlw.go.jp/znk-web/juminkanja/S2430/initialize?prefCd=29&kikanCd=2108100000&kikanKbn=2", "url2": null, "内容": "山根整形外科【2:診療所】【診療科目:整形外科】奈良県大和高田市幸町２番１０号サンルピナス２Ｆ" }, "geometry": { "type": "Point", "coordinates": [ 135.744706, 34.517527 ] } },
{ "type": "Feature", "properties": { "ID": 2922108200000, "正式名称": "辻田クリニック", "機関区分": 2, "都道府県コード": 29, "市区町村コード": 207, "所在地": "奈良県五條市五條１－７－５", "緯度": 34.350739, "経度": 135.696357, "url": "https://www.iryou.teikyouseido.mhlw.go.jp/znk-web/juminkanja/S2430/initialize?prefCd=29&kikanCd=2108200000&kikanKbn=2", "url2": null, "内容": "辻田クリニック【2:診療所】【診療科目:内科】奈良県五條市五條１－７－５" }, "geometry": { "type": "Point", "coordinates": [ 135.696357, 34.350739 ] } },
{ "type": "Feature", "properties": { "ID": 2922108300000, "正式名称": "医療法人好川婦人科クリニック", "機関区分": 2, "都道府県コード": 29, "市区町村コード": 209, "所在地": "奈良県生駒市東新町４番２０号石丸ビル１０１号", "緯度": 34.692786, "経度": 135.702507, "url": "https://www.iryou.teikyouseido.mhlw.go.jp/znk-web/juminkanja/S2430/initialize?prefCd=29&kikanCd=2108300000&kikanKbn=2", "url2": "https://yoshikawa-gyne.com", "内容": "医療法人好川婦人科クリニック【2:診療所】【診療科目:婦人科】奈良県生駒市東新町４番２０号石丸ビル１０１号" }, "geometry": { "type": "Point", "coordinates": [ 135.702507, 34.692786 ] } },
{ "type": "Feature", "properties": { "ID": 2922108400000, "正式名称": "かまだ医院", "機関区分": 2, "都道府県コード": 29, "市区町村コード": 210, "所在地": "奈良県香芝市鎌田４６４－３", "緯度": 34.525248, "経度": 135.714347, "url": "https://www.iryou.teikyouseido.mhlw.go.jp/znk-web/juminkanja/S2430/initialize?prefCd=29&kikanCd=2108400000&kikanKbn=2", "url2": "http://kamada-cl.com/", "内容": "かまだ医院【2:診療所】【診療科目:内科_消化器内科_内視鏡内科_外科_脳神経外科_消化器外科_乳腺外科_肛門外科_腹部外科】奈良県香芝市鎌田４６４－３" }, "geometry": { "type": "Point", "coordinates": [ 135.714347, 34.525248 ] } },
{ "type": "Feature", "properties": { "ID": 2922108600000, "正式名称": "佐野耳鼻科", "機関区分": 2, "都道府県コード": 29, "市区町村コード": 203, "所在地": "奈良県大和郡山市高田町９２－１４", "緯度": 34.647625, "経度": 135.791196, "url": "https://www.iryou.teikyouseido.mhlw.go.jp/znk-web/juminkanja/S2430/initialize?prefCd=29&kikanCd=2108600000&kikanKbn=2", "url2": null, "内容": "佐野耳鼻科【2:診療所】【診療科目:耳鼻いんこう科】奈良県大和郡山市高田町９２－１４" }, "geometry": { "type": "Point", "coordinates": [ 135.791196, 34.647625 ] } },
{ "type": "Feature", "properties": { "ID": 2922108800000, "正式名称": "医療法人　横尾皮膚科医院", "機関区分": 2, "都道府県コード": 29, "市区町村コード": 425, "所在地": "奈良県北葛城郡王寺町久度２丁目３番１ー３０３号", "緯度": 34.597962, "経度": 135.702789, "url": "https://www.iryou.teikyouseido.mhlw.go.jp/znk-web/juminkanja/S2430/initialize?prefCd=29&kikanCd=2108800000&kikanKbn=2", "url2": "http://www.oji-med.com", "内容": "医療法人　横尾皮膚科医院【2:診療所】【診療科目:皮膚科】奈良県北葛城郡王寺町久度２丁目３番１ー３０３号" }, "geometry": { "type": "Point", "coordinates": [ 135.702789, 34.597962 ] } },
{ "type": "Feature", "properties": { "ID": 2922108900000, "正式名称": "医療法人孝元会高岡医院", "機関区分": 2, "都道府県コード": 29, "市区町村コード": 205, "所在地": "奈良県橿原市石川町５０３", "緯度": 34.480754, "経度": 135.801647, "url": "https://www.iryou.teikyouseido.mhlw.go.jp/znk-web/juminkanja/S2430/initialize?prefCd=29&kikanCd=2108900000&kikanKbn=2", "url2": null, "内容": "医療法人孝元会高岡医院【2:診療所】【診療科目:内科_外科_整形外科】奈良県橿原市石川町５０３" }, "geometry": { "type": "Point", "coordinates": [ 135.801647, 34.480754 ] } },
{ "type": "Feature", "properties": { "ID": 2922109200000, "正式名称": "アイ・クリニック橿原きのした眼科", "機関区分": 2, "都道府県コード": 29, "市区町村コード": 205, "所在地": "奈良県橿原市木原町２１３－７Ｋ．ＭＥＤＩＣＡＬ　ＳＱＵＡＲＥ２Ａ", "緯度": 34.515278, "経度": 135.801674, "url": "https://www.iryou.teikyouseido.mhlw.go.jp/znk-web/juminkanja/S2430/initialize?prefCd=29&kikanCd=2109200000&kikanKbn=2", "url2": "https://www.kinoshita-clinic.jp", "内容": "アイ・クリニック橿原きのした眼科【2:診療所】【診療科目:眼科】奈良県橿原市木原町２１３－７Ｋ．ＭＥＤＩＣＡＬ　ＳＱＵＡＲＥ２Ａ" }, "geometry": { "type": "Point", "coordinates": [ 135.801674, 34.515278 ] } },
{ "type": "Feature", "properties": { "ID": 2922109300000, "正式名称": "医療法人森本整形外科クリニック", "機関区分": 2, "都道府県コード": 29, "市区町村コード": 206, "所在地": "奈良県桜井市桜井１１２６－６", "緯度": 34.511058, "経度": 135.854892, "url": "https://www.iryou.teikyouseido.mhlw.go.jp/znk-web/juminkanja/S2430/initialize?prefCd=29&kikanCd=2109300000&kikanKbn=2", "url2": "http://www.morimoto-sc.com/", "内容": "医療法人森本整形外科クリニック【2:診療所】【診療科目:外科_整形外科_リハビリテーション科】奈良県桜井市桜井１１２６－６" }, "geometry": { "type": "Point", "coordinates": [ 135.854892, 34.511058 ] } },
{ "type": "Feature", "properties": { "ID": 2922109600000, "正式名称": "奈良県先端科学技術大学院大学保健管理センター", "機関区分": 2, "都道府県コード": 29, "市区町村コード": 209, "所在地": "奈良県生駒市高山町８９１６番地の５", "緯度": 34.732754, "経度": 135.734808, "url": "https://www.iryou.teikyouseido.mhlw.go.jp/znk-web/juminkanja/S2430/initialize?prefCd=29&kikanCd=2109600000&kikanKbn=2", "url2": null, "内容": "奈良県先端科学技術大学院大学保健管理センター【2:診療所】【診療科目:内科】奈良県生駒市高山町８９１６番地の５" }, "geometry": { "type": "Point", "coordinates": [ 135.734808, 34.732754 ] } },
{ "type": "Feature", "properties": { "ID": 2922109700000, "正式名称": "医療法人山村クリニック", "機関区分": 2, "都道府県コード": 29, "市区町村コード": 205, "所在地": "奈良県橿原市内膳町５丁目２番３０号　ＯＪビル２階", "緯度": 34.513695, "経度": 135.792869, "url": "https://www.iryou.teikyouseido.mhlw.go.jp/znk-web/juminkanja/S2430/initialize?prefCd=29&kikanCd=2109700000&kikanKbn=2", "url2": null, "内容": "医療法人山村クリニック【2:診療所】【診療科目:内科_形成外科_皮膚科_麻酔科】奈良県橿原市内膳町５丁目２番３０号　ＯＪビル２階" }, "geometry": { "type": "Point", "coordinates": [ 135.792869, 34.513695 ] } },
{ "type": "Feature", "properties": { "ID": 2922109900000, "正式名称": "西崎医院", "機関区分": 2, "都道府県コード": 29, "市区町村コード": 209, "所在地": "奈良県生駒市北新町１２－３８－１０２", "緯度": 34.694619, "経度": 135.696841, "url": "https://www.iryou.teikyouseido.mhlw.go.jp/znk-web/juminkanja/S2430/initialize?prefCd=29&kikanCd=2109900000&kikanKbn=2", "url2": null, "内容": "西崎医院【2:診療所】【診療科目:内科_皮膚科_泌尿器科】奈良県生駒市北新町１２－３８－１０２" }, "geometry": { "type": "Point", "coordinates": [ 135.696841, 34.694619 ] } },
{ "type": "Feature", "properties": { "ID": 2922110000000, "正式名称": "矢田山診療所", "機関区分": 2, "都道府県コード": 29, "市区町村コード": 203, "所在地": "奈良県大和郡山市矢田山町５８番", "緯度": 34.641708, "経度": 135.746811, "url": "https://www.iryou.teikyouseido.mhlw.go.jp/znk-web/juminkanja/S2430/initialize?prefCd=29&kikanCd=2110000000&kikanKbn=2", "url2": "https://yatashin.com", "内容": "矢田山診療所【2:診療所】【診療科目:内科_循環器内科_消化器内科】奈良県大和郡山市矢田山町５８番" }, "geometry": { "type": "Point", "coordinates": [ 135.746811, 34.641708 ] } },
{ "type": "Feature", "properties": { "ID": 2922110100000, "正式名称": "医療法人あらい眼科", "機関区分": 2, "都道府県コード": 29, "市区町村コード": 425, "所在地": "奈良県北葛城郡王寺町久度２－３－１－２０１号", "緯度": 34.597962, "経度": 135.702789, "url": "https://www.iryou.teikyouseido.mhlw.go.jp/znk-web/juminkanja/S2430/initialize?prefCd=29&kikanCd=2110100000&kikanKbn=2", "url2": "https://arai-ganka-oji.com", "内容": "医療法人あらい眼科【2:診療所】【診療科目:眼科】奈良県北葛城郡王寺町久度２－３－１－２０１号" }, "geometry": { "type": "Point", "coordinates": [ 135.702789, 34.597962 ] } },
{ "type": "Feature", "properties": { "ID": 2922110200000, "正式名称": "尾崎整形外科医院", "機関区分": 2, "都道府県コード": 29, "市区町村コード": 202, "所在地": "奈良県大和高田市神楽１９０－５", "緯度": 34.524526, "経度": 135.742956, "url": "https://www.iryou.teikyouseido.mhlw.go.jp/znk-web/juminkanja/S2430/initialize?prefCd=29&kikanCd=2110200000&kikanKbn=2", "url2": "http://www.myclinic.ne.jp/ozaki", "内容": "尾崎整形外科医院【2:診療所】【診療科目:整形外科_リウマチ科_リハビリテーション科】奈良県大和高田市神楽１９０－５" }, "geometry": { "type": "Point", "coordinates": [ 135.742956, 34.524526 ] } },
{ "type": "Feature", "properties": { "ID": 2922110400000, "正式名称": "辻医院", "機関区分": 2, "都道府県コード": 29, "市区町村コード": 206, "所在地": "奈良県桜井市巻野内２２６－１", "緯度": 34.544554, "経度": 135.843252, "url": "https://www.iryou.teikyouseido.mhlw.go.jp/znk-web/juminkanja/S2430/initialize?prefCd=29&kikanCd=2110400000&kikanKbn=2", "url2": "https://www.tsuji-iin-sakurai.jp/", "内容": "辻医院【2:診療所】【診療科目:内科_小児科_心療内科】奈良県桜井市巻野内２２６－１" }, "geometry": { "type": "Point", "coordinates": [ 135.843252, 34.544554 ] } },
{ "type": "Feature", "properties": { "ID": 2922110500000, "正式名称": "北奥耳鼻咽喉科", "機関区分": 2, "都道府県コード": 29, "市区町村コード": 205, "所在地": "奈良県橿原市久米町６５０－１", "緯度": 34.483587, "経度": 135.79587, "url": "https://www.iryou.teikyouseido.mhlw.go.jp/znk-web/juminkanja/S2430/initialize?prefCd=29&kikanCd=2110500000&kikanKbn=2", "url2": "kitaokuorl.g3.xrea.com/", "内容": "北奥耳鼻咽喉科【2:診療所】【診療科目:耳鼻いんこう科_アレルギー科】奈良県橿原市久米町６５０－１" }, "geometry": { "type": "Point", "coordinates": [ 135.79587, 34.483587 ] } },
{ "type": "Feature", "properties": { "ID": 2922110600000, "正式名称": "はえの医院", "機関区分": 2, "都道府県コード": 29, "市区町村コード": 427, "所在地": "奈良県北葛城郡河合町星和台２－１－１３", "緯度": 34.586158, "経度": 135.715955, "url": "https://www.iryou.teikyouseido.mhlw.go.jp/znk-web/juminkanja/S2430/initialize?prefCd=29&kikanCd=2110600000&kikanKbn=2", "url2": "https://haeno-iin.com/", "内容": "はえの医院【2:診療所】【診療科目:内科_外科_肛門外科_リハビリテーション科】奈良県北葛城郡河合町星和台２－１－１３" }, "geometry": { "type": "Point", "coordinates": [ 135.715955, 34.586158 ] } },
{ "type": "Feature", "properties": { "ID": 2922110700000, "正式名称": "宮本医院", "機関区分": 2, "都道府県コード": 29, "市区町村コード": 205, "所在地": "奈良県橿原市葛本町３６４番地の１", "緯度": 34.526638, "経度": 135.80359, "url": "https://www.iryou.teikyouseido.mhlw.go.jp/znk-web/juminkanja/S2430/initialize?prefCd=29&kikanCd=2110700000&kikanKbn=2", "url2": null, "内容": "宮本医院【2:診療所】【診療科目:内科_小児科_放射線科】奈良県橿原市葛本町３６４番地の１" }, "geometry": { "type": "Point", "coordinates": [ 135.80359, 34.526638 ] } },
{ "type": "Feature", "properties": { "ID": 2922111000000, "正式名称": "はぎはらクリニック", "機関区分": 2, "都道府県コード": 29, "市区町村コード": 209, "所在地": "奈良県生駒市真弓４丁目４番７号", "緯度": 34.717533, "経度": 135.733559, "url": "https://www.iryou.teikyouseido.mhlw.go.jp/znk-web/juminkanja/S2430/initialize?prefCd=29&kikanCd=2111000000&kikanKbn=2", "url2": "http://hagihara-clinic.com/index.html", "内容": "はぎはらクリニック【2:診療所】【診療科目:内科_外科】奈良県生駒市真弓４丁目４番７号" }, "geometry": { "type": "Point", "coordinates": [ 135.733559, 34.717533 ] } },
{ "type": "Feature", "properties": { "ID": 2922111100000, "正式名称": "医療法人志水眼科", "機関区分": 2, "都道府県コード": 29, "市区町村コード": 203, "所在地": "奈良県大和郡山市筒井町１５９８番地の１", "緯度": 34.619128, "経度": 135.782809, "url": "https://www.iryou.teikyouseido.mhlw.go.jp/znk-web/juminkanja/S2430/initialize?prefCd=29&kikanCd=2111100000&kikanKbn=2", "url2": "http://www.shimizueyeclinic.com", "内容": "医療法人志水眼科【2:診療所】【診療科目:眼科】奈良県大和郡山市筒井町１５９８番地の１" }, "geometry": { "type": "Point", "coordinates": [ 135.782809, 34.619128 ] } },
{ "type": "Feature", "properties": { "ID": 2922111200000, "正式名称": "医療法人朋真会　はとこクリニック", "機関区分": 2, "都道府県コード": 29, "市区町村コード": 210, "所在地": "奈良県香芝市別所３番５", "緯度": 34.533797, "経度": 135.721697, "url": "https://www.iryou.teikyouseido.mhlw.go.jp/znk-web/juminkanja/S2430/initialize?prefCd=29&kikanCd=2111200000&kikanKbn=2", "url2": "hatoko-clinic.jp", "内容": "医療法人朋真会　はとこクリニック【2:診療所】【診療科目:内科_糖尿病内科_代謝・内分泌内科_形成外科_皮膚科】奈良県香芝市別所３番５" }, "geometry": { "type": "Point", "coordinates": [ 135.721697, 34.533797 ] } },
{ "type": "Feature", "properties": { "ID": 2922111300000, "正式名称": "医療法人愛信会　芝田内科クリニック", "機関区分": 2, "都道府県コード": 29, "市区町村コード": 342, "所在地": "奈良県生駒郡平群町椿井７３４－１", "緯度": 34.612683, "経度": 135.708149, "url": "https://www.iryou.teikyouseido.mhlw.go.jp/znk-web/juminkanja/S2430/initialize?prefCd=29&kikanCd=2111300000&kikanKbn=2", "url2": null, "内容": "医療法人愛信会　芝田内科クリニック【2:診療所】【診療科目:内科_小児科】奈良県生駒郡平群町椿井７３４－１" }, "geometry": { "type": "Point", "coordinates": [ 135.708149, 34.612683 ] } },
{ "type": "Feature", "properties": { "ID": 2922111400000, "正式名称": "山上内科医院", "機関区分": 2, "都道府県コード": 29, "市区町村コード": 209, "所在地": "奈良県生駒市小明町５５４番地１西口ビル１Ｆ", "緯度": 34.70634, "経度": 135.705839, "url": "https://www.iryou.teikyouseido.mhlw.go.jp/znk-web/juminkanja/S2430/initialize?prefCd=29&kikanCd=2111400000&kikanKbn=2", "url2": null, "内容": "山上内科医院【2:診療所】【診療科目:循環器内科_消化器内科】奈良県生駒市小明町５５４番地１西口ビル１Ｆ" }, "geometry": { "type": "Point", "coordinates": [ 135.705839, 34.70634 ] } },
{ "type": "Feature", "properties": { "ID": 2922111500000, "正式名称": "医療法人米田医院", "機関区分": 2, "都道府県コード": 29, "市区町村コード": 206, "所在地": "奈良県桜井市桜井５２６番地３", "緯度": 34.507391, "経度": 135.851642, "url": "https://www.iryou.teikyouseido.mhlw.go.jp/znk-web/juminkanja/S2430/initialize?prefCd=29&kikanCd=2111500000&kikanKbn=2", "url2": "yonedaclinic.com", "内容": "医療法人米田医院【2:診療所】【診療科目:内科_呼吸器内科_小児科_アレルギー科】奈良県桜井市桜井５２６番地３" }, "geometry": { "type": "Point", "coordinates": [ 135.851642, 34.507391 ] } },
{ "type": "Feature", "properties": { "ID": 2922111700000, "正式名称": "大月診療所", "機関区分": 2, "都道府県コード": 29, "市区町村コード": 206, "所在地": "奈良県桜井市谷９７番地・９８番地合併６", "緯度": 34.512446, "経度": 135.843892, "url": "https://www.iryou.teikyouseido.mhlw.go.jp/znk-web/juminkanja/S2430/initialize?prefCd=29&kikanCd=2111700000&kikanKbn=2", "url2": null, "内容": "大月診療所【2:診療所】【診療科目:外科_整形外科_リハビリテーション科】奈良県桜井市谷９７番地・９８番地合併６" }, "geometry": { "type": "Point", "coordinates": [ 135.843892, 34.512446 ] } },
{ "type": "Feature", "properties": { "ID": 2922111800000, "正式名称": "くま内科", "機関区分": 2, "都道府県コード": 29, "市区町村コード": 203, "所在地": "奈良県大和郡山市朝日町１－１３の２階", "緯度": 34.646986, "経度": 135.780558, "url": "https://www.iryou.teikyouseido.mhlw.go.jp/znk-web/juminkanja/S2430/initialize?prefCd=29&kikanCd=2111800000&kikanKbn=2", "url2": "http://www.medic-grp.co.jp/doctor/kuma-_-naika/", "内容": "くま内科【2:診療所】【診療科目:内科】奈良県大和郡山市朝日町１－１３の２階" }, "geometry": { "type": "Point", "coordinates": [ 135.780558, 34.646986 ] } },
{ "type": "Feature", "properties": { "ID": 2922112000000, "正式名称": "いのうえ内科クリニック", "機関区分": 2, "都道府県コード": 29, "市区町村コード": 204, "所在地": "奈良県天理市富堂町１４７－３", "緯度": 34.594409, "経度": 135.817752, "url": "https://www.iryou.teikyouseido.mhlw.go.jp/znk-web/juminkanja/S2430/initialize?prefCd=29&kikanCd=2112000000&kikanKbn=2", "url2": "inoue-clinic.in.coocan.jp", "内容": "いのうえ内科クリニック【2:診療所】【診療科目:内科_アレルギー科】奈良県天理市富堂町１４７－３" }, "geometry": { "type": "Point", "coordinates": [ 135.817752, 34.594409 ] } },
{ "type": "Feature", "properties": { "ID": 2922112100000, "正式名称": "李眼科", "機関区分": 2, "都道府県コード": 29, "市区町村コード": 204, "所在地": "奈良県天理市川原城町３７７－１ＧＲＡＮＤ　ＢＵＩＬＤ竹ノ花一階（Ａ－２号室）", "緯度": 34.599103, "経度": 135.836083, "url": "https://www.iryou.teikyouseido.mhlw.go.jp/znk-web/juminkanja/S2430/initialize?prefCd=29&kikanCd=2112100000&kikanKbn=2", "url2": null, "内容": "李眼科【2:診療所】【診療科目:眼科】奈良県天理市川原城町３７７－１ＧＲＡＮＤ　ＢＵＩＬＤ竹ノ花一階（Ａ－２号室）" }, "geometry": { "type": "Point", "coordinates": [ 135.836083, 34.599103 ] } },
{ "type": "Feature", "properties": { "ID": 2922112300000, "正式名称": "細井内科", "機関区分": 2, "都道府県コード": 29, "市区町村コード": 209, "所在地": "奈良県生駒市元町１丁目５－１６", "緯度": 34.692535, "経度": 135.698118, "url": "https://www.iryou.teikyouseido.mhlw.go.jp/znk-web/juminkanja/S2430/initialize?prefCd=29&kikanCd=2112300000&kikanKbn=2", "url2": null, "内容": "細井内科【2:診療所】【診療科目:内科】奈良県生駒市元町１丁目５－１６" }, "geometry": { "type": "Point", "coordinates": [ 135.698118, 34.692535 ] } },
{ "type": "Feature", "properties": { "ID": 2922112400000, "正式名称": "杉下クリニック", "機関区分": 2, "都道府県コード": 29, "市区町村コード": 209, "所在地": "奈良県生駒市小平尾町４－１－１", "緯度": 34.663455, "経度": 135.707841, "url": "https://www.iryou.teikyouseido.mhlw.go.jp/znk-web/juminkanja/S2430/initialize?prefCd=29&kikanCd=2112400000&kikanKbn=2", "url2": "https://kinoshita-med.com/", "内容": "杉下クリニック【2:診療所】【診療科目:内科_循環器内科】奈良県生駒市小平尾町４－１－１" }, "geometry": { "type": "Point", "coordinates": [ 135.707841, 34.663455 ] } },
{ "type": "Feature", "properties": { "ID": 2922112500000, "正式名称": "生駒　橋本眼科", "機関区分": 2, "都道府県コード": 29, "市区町村コード": 209, "所在地": "奈良県生駒市北新町１０－４５ＪＩＮＯマンション１Ｆ", "緯度": 34.695007, "経度": 135.696979, "url": "https://www.iryou.teikyouseido.mhlw.go.jp/znk-web/juminkanja/S2430/initialize?prefCd=29&kikanCd=2112500000&kikanKbn=2", "url2": "http://www.ikoma-eye.jp", "内容": "生駒　橋本眼科【2:診療所】【診療科目:眼科】奈良県生駒市北新町１０－４５ＪＩＮＯマンション１Ｆ" }, "geometry": { "type": "Point", "coordinates": [ 135.696979, 34.695007 ] } },
{ "type": "Feature", "properties": { "ID": 2922112600000, "正式名称": "医療法人医眞会植田医院", "機関区分": 2, "都道府県コード": 29, "市区町村コード": 206, "所在地": "奈良県桜井市三輪４９６番地１", "緯度": 34.526, "経度": 135.847169, "url": "https://www.iryou.teikyouseido.mhlw.go.jp/znk-web/juminkanja/S2430/initialize?prefCd=29&kikanCd=2112600000&kikanKbn=2", "url2": "http://www.i-isinkai.com/", "内容": "医療法人医眞会植田医院【2:診療所】【診療科目:内科】奈良県桜井市三輪４９６番地１" }, "geometry": { "type": "Point", "coordinates": [ 135.847169, 34.526 ] } },
{ "type": "Feature", "properties": { "ID": 2922112700000, "正式名称": "つじ眼科", "機関区分": 2, "都道府県コード": 29, "市区町村コード": 210, "所在地": "奈良県香芝市下田西１丁目１０－１９　メディカルプラザ香芝４階", "緯度": 34.544135, "経度": 135.703764, "url": "https://www.iryou.teikyouseido.mhlw.go.jp/znk-web/juminkanja/S2430/initialize?prefCd=29&kikanCd=2112700000&kikanKbn=2", "url2": null, "内容": "つじ眼科【2:診療所】【診療科目:眼科】奈良県香芝市下田西１丁目１０－１９　メディカルプラザ香芝４階" }, "geometry": { "type": "Point", "coordinates": [ 135.703764, 34.544135 ] } },
{ "type": "Feature", "properties": { "ID": 2922112800000, "正式名称": "まえだ泌尿器科クリニック", "機関区分": 2, "都道府県コード": 29, "市区町村コード": 210, "所在地": "奈良県香芝市下田西１丁目１０－１９メディカルプラザ香芝３階", "緯度": 34.543968, "経度": 135.703875, "url": "https://www.iryou.teikyouseido.mhlw.go.jp/znk-web/juminkanja/S2430/initialize?prefCd=29&kikanCd=2112800000&kikanKbn=2", "url2": "http://maeda-hinyoukika.com", "内容": "まえだ泌尿器科クリニック【2:診療所】【診療科目:腎臓内科_泌尿器科_男性泌尿器科_神経泌尿器科_腎臓・泌尿器科_性感染症内科　性機能科】奈良県香芝市下田西１丁目１０－１９メディカルプラザ香芝３階" }, "geometry": { "type": "Point", "coordinates": [ 135.703875, 34.543968 ] } },
{ "type": "Feature", "properties": { "ID": 2922113000000, "正式名称": "医療法人　のぞみ会　上田耳鼻咽喉科アレルギー科クリニック", "機関区分": 2, "都道府県コード": 29, "市区町村コード": 209, "所在地": "奈良県生駒市谷田町８７３番地１", "緯度": 34.695896, "経度": 135.700812, "url": "https://www.iryou.teikyouseido.mhlw.go.jp/znk-web/juminkanja/S2430/initialize?prefCd=29&kikanCd=2113000000&kikanKbn=2", "url2": null, "内容": "医療法人　のぞみ会　上田耳鼻咽喉科アレルギー科クリニック【2:診療所】【診療科目:耳鼻いんこう科_頭頸部・耳鼻いんこう科】奈良県生駒市谷田町８７３番地１" }, "geometry": { "type": "Point", "coordinates": [ 135.700812, 34.695896 ] } },
{ "type": "Feature", "properties": { "ID": 2922113100000, "正式名称": "医療法人ますだ産婦人科明日香ウイメンズ・クリニック", "機関区分": 2, "都道府県コード": 29, "市区町村コード": 205, "所在地": "奈良県橿原市見瀬町６０７番地の２", "緯度": 34.473894, "経度": 135.797231, "url": "https://www.iryou.teikyouseido.mhlw.go.jp/znk-web/juminkanja/S2430/initialize?prefCd=29&kikanCd=2113100000&kikanKbn=2", "url2": "http://www.asuka-wcl.com/", "内容": "医療法人ますだ産婦人科明日香ウイメンズ・クリニック【2:診療所】【診療科目:婦人科】奈良県橿原市見瀬町６０７番地の２" }, "geometry": { "type": "Point", "coordinates": [ 135.797231, 34.473894 ] } },
{ "type": "Feature", "properties": { "ID": 2922113200000, "正式名称": "医療法人良翔会河田胃腸科医院", "機関区分": 2, "都道府県コード": 29, "市区町村コード": 205, "所在地": "奈良県橿原市地黄町３２８番地の２", "緯度": 34.515334, "経度": 135.789536, "url": "https://www.iryou.teikyouseido.mhlw.go.jp/znk-web/juminkanja/S2430/initialize?prefCd=29&kikanCd=2113200000&kikanKbn=2", "url2": "http://www.kawataichouka.com/", "内容": "医療法人良翔会河田胃腸科医院【2:診療所】【診療科目:内科_消化器内科_小児科_放射線科】奈良県橿原市地黄町３２８番地の２" }, "geometry": { "type": "Point", "coordinates": [ 135.789536, 34.515334 ] } },
{ "type": "Feature", "properties": { "ID": 2922113400000, "正式名称": "医療法人悠和会きのした皮フ科クリニック", "機関区分": 2, "都道府県コード": 29, "市区町村コード": 205, "所在地": "奈良県橿原市木原町２１３番地の７　Ｋ．ＭＥＤＩＣＡＬ　ＳＱＵＡＲＥ　３Ａ", "緯度": 34.516028, "経度": 135.801923, "url": "https://www.iryou.teikyouseido.mhlw.go.jp/znk-web/juminkanja/S2430/initialize?prefCd=29&kikanCd=2113400000&kikanKbn=2", "url2": null, "内容": "医療法人悠和会きのした皮フ科クリニック【2:診療所】【診療科目:皮膚科】奈良県橿原市木原町２１３番地の７　Ｋ．ＭＥＤＩＣＡＬ　ＳＱＵＡＲＥ　３Ａ" }, "geometry": { "type": "Point", "coordinates": [ 135.801923, 34.516028 ] } },
{ "type": "Feature", "properties": { "ID": 2922113700000, "正式名称": "医療法人植松クリニック八木植松クリニック", "機関区分": 2, "都道府県コード": 29, "市区町村コード": 205, "所在地": "奈良県橿原市八木町１ー７ー３かしはらビル５階", "緯度": 34.510029, "経度": 135.791758, "url": "https://www.iryou.teikyouseido.mhlw.go.jp/znk-web/juminkanja/S2430/initialize?prefCd=29&kikanCd=2113700000&kikanKbn=2", "url2": null, "内容": "医療法人植松クリニック八木植松クリニック【2:診療所】【診療科目:精神科_心療内科】奈良県橿原市八木町１ー７ー３かしはらビル５階" }, "geometry": { "type": "Point", "coordinates": [ 135.791758, 34.510029 ] } },
{ "type": "Feature", "properties": { "ID": 2922113900000, "正式名称": "医療法人近藤クリニック　真美ヶ丘腎センター", "機関区分": 2, "都道府県コード": 29, "市区町村コード": 426, "所在地": "奈良県北葛城郡広陵町馬見北６－１－８", "緯度": 34.549811, "経度": 135.729475, "url": "https://www.iryou.teikyouseido.mhlw.go.jp/znk-web/juminkanja/S2430/initialize?prefCd=29&kikanCd=2113900000&kikanKbn=2", "url2": "https://www.kondo-clinic.jp", "内容": "医療法人近藤クリニック　真美ヶ丘腎センター【2:診療所】【診療科目:内科_泌尿器科】奈良県北葛城郡広陵町馬見北６－１－８" }, "geometry": { "type": "Point", "coordinates": [ 135.729475, 34.549811 ] } },
{ "type": "Feature", "properties": { "ID": 2922114000000, "正式名称": "かきざきクリニック", "機関区分": 2, "都道府県コード": 29, "市区町村コード": 203, "所在地": "奈良県大和郡山市本庄町２９７－１", "緯度": 34.63596, "経度": 135.785697, "url": "https://www.iryou.teikyouseido.mhlw.go.jp/znk-web/juminkanja/S2430/initialize?prefCd=29&kikanCd=2114000000&kikanKbn=2", "url2": null, "内容": "かきざきクリニック【2:診療所】【診療科目:内科_脳神経外科】奈良県大和郡山市本庄町２９７－１" }, "geometry": { "type": "Point", "coordinates": [ 135.785697, 34.63596 ] } },
{ "type": "Feature", "properties": { "ID": 2922114100000, "正式名称": "医療法人桐山医院", "機関区分": 2, "都道府県コード": 29, "市区町村コード": 205, "所在地": "奈良県橿原市大軽町１２３", "緯度": 34.478393, "経度": 135.797092, "url": "https://www.iryou.teikyouseido.mhlw.go.jp/znk-web/juminkanja/S2430/initialize?prefCd=29&kikanCd=2114100000&kikanKbn=2", "url2": "https://www.kiriyamaclinic28-3456.com", "内容": "医療法人桐山医院【2:診療所】【診療科目:内科_循環器内科_消化器内科_放射線科】奈良県橿原市大軽町１２３" }, "geometry": { "type": "Point", "coordinates": [ 135.797092, 34.478393 ] } },
{ "type": "Feature", "properties": { "ID": 2922114400000, "正式名称": "生駒もとまちクリニック", "機関区分": 2, "都道府県コード": 29, "市区町村コード": 209, "所在地": "奈良県生駒市元町１－５－５オベラス生駒３０１", "緯度": 34.692369, "経度": 135.698257, "url": "https://www.iryou.teikyouseido.mhlw.go.jp/znk-web/juminkanja/S2430/initialize?prefCd=29&kikanCd=2114400000&kikanKbn=2", "url2": null, "内容": "生駒もとまちクリニック【2:診療所】【診療科目:精神科_心療内科】奈良県生駒市元町１－５－５オベラス生駒３０１" }, "geometry": { "type": "Point", "coordinates": [ 135.698257, 34.692369 ] } },
{ "type": "Feature", "properties": { "ID": 2922114500000, "正式名称": "石井クリニック", "機関区分": 2, "都道府県コード": 29, "市区町村コード": 209, "所在地": "奈良県生駒市壱分町８３番４８", "緯度": 34.669205, "経度": 135.716062, "url": "https://www.iryou.teikyouseido.mhlw.go.jp/znk-web/juminkanja/S2430/initialize?prefCd=29&kikanCd=2114500000&kikanKbn=2", "url2": "http://ishii-clinic-2005.com", "内容": "石井クリニック【2:診療所】【診療科目:内科_消化器内科】奈良県生駒市壱分町８３番４８" }, "geometry": { "type": "Point", "coordinates": [ 135.716062, 34.669205 ] } },
{ "type": "Feature", "properties": { "ID": 2922114600000, "正式名称": "井上クリニック", "機関区分": 2, "都道府県コード": 29, "市区町村コード": 205, "所在地": "奈良県橿原市内膳町１－１－１１　Ｕ遊タウン１階", "緯度": 34.512418, "経度": 135.793424, "url": "https://www.iryou.teikyouseido.mhlw.go.jp/znk-web/juminkanja/S2430/initialize?prefCd=29&kikanCd=2114600000&kikanKbn=2", "url2": "http://www.inoueclinic.info", "内容": "井上クリニック【2:診療所】【診療科目:内科_循環器内科_外科_循環器外科_皮膚科_リハビリテーション科】奈良県橿原市内膳町１－１－１１　Ｕ遊タウン１階" }, "geometry": { "type": "Point", "coordinates": [ 135.793424, 34.512418 ] } },
{ "type": "Feature", "properties": { "ID": 2922114700000, "正式名称": "ぬくもりクリニック", "機関区分": 2, "都道府県コード": 29, "市区町村コード": 210, "所在地": "奈良県香芝市下田西２－７－６１", "緯度": 34.543607, "経度": 135.703292, "url": "https://www.iryou.teikyouseido.mhlw.go.jp/znk-web/juminkanja/S2430/initialize?prefCd=29&kikanCd=2114700000&kikanKbn=2", "url2": "http://www.nukumori-group.jp/", "内容": "ぬくもりクリニック【2:診療所】【診療科目:脳神経内科_リハビリテーション科】奈良県香芝市下田西２－７－６１" }, "geometry": { "type": "Point", "coordinates": [ 135.703292, 34.543607 ] } },
{ "type": "Feature", "properties": { "ID": 2922115000000, "正式名称": "さくらクリニック", "機関区分": 2, "都道府県コード": 29, "市区町村コード": 205, "所在地": "奈良県橿原市南八木町１丁目３－２", "緯度": 34.50814, "経度": 135.791425, "url": "https://www.iryou.teikyouseido.mhlw.go.jp/znk-web/juminkanja/S2430/initialize?prefCd=29&kikanCd=2115000000&kikanKbn=2", "url2": "http://sakura.wisnet.ne.jp/", "内容": "さくらクリニック【2:診療所】【診療科目:精神科_心療内科】奈良県橿原市南八木町１丁目３－２" }, "geometry": { "type": "Point", "coordinates": [ 135.791425, 34.50814 ] } },
{ "type": "Feature", "properties": { "ID": 2922115100000, "正式名称": "医療法人　中垣整形外科", "機関区分": 2, "都道府県コード": 29, "市区町村コード": 207, "所在地": "奈良県五條市今井４丁目３番１号", "緯度": 34.356628, "経度": 135.707742, "url": "https://www.iryou.teikyouseido.mhlw.go.jp/znk-web/juminkanja/S2430/initialize?prefCd=29&kikanCd=2115100000&kikanKbn=2", "url2": "http://health.yahoo.co.jp/hospital/detail/985133/", "内容": "医療法人　中垣整形外科【2:診療所】【診療科目:整形外科_リウマチ科_リハビリテーション科】奈良県五條市今井４丁目３番１号" }, "geometry": { "type": "Point", "coordinates": [ 135.707742, 34.356628 ] } },
{ "type": "Feature", "properties": { "ID": 2922115200000, "正式名称": "五條市立大塔診療所", "機関区分": 2, "都道府県コード": 29, "市区町村コード": 207, "所在地": "奈良県五條市大塔町辻堂４１", "緯度": 34.171491, "経度": 135.7568, "url": "https://www.iryou.teikyouseido.mhlw.go.jp/znk-web/juminkanja/S2430/initialize?prefCd=29&kikanCd=2115200000&kikanKbn=2", "url2": null, "内容": "五條市立大塔診療所【2:診療所】【診療科目:内科_外科_整形外科_小児科_放射線科】奈良県五條市大塔町辻堂４１" }, "geometry": { "type": "Point", "coordinates": [ 135.7568, 34.171491 ] } },
{ "type": "Feature", "properties": { "ID": 2922115400000, "正式名称": "医療法人　菊川内科医院", "機関区分": 2, "都道府県コード": 29, "市区町村コード": 206, "所在地": "奈良県桜井市桜井８６９番地の１", "緯度": 34.512105, "経度": 135.850261, "url": "https://www.iryou.teikyouseido.mhlw.go.jp/znk-web/juminkanja/S2430/initialize?prefCd=29&kikanCd=2115400000&kikanKbn=2", "url2": "https://www.kikukawanaikaiin.com/", "内容": "医療法人　菊川内科医院【2:診療所】【診療科目:内科_感染症内科_糖尿病・代謝内科_消化器内科】奈良県桜井市桜井８６９番地の１" }, "geometry": { "type": "Point", "coordinates": [ 135.850261, 34.512105 ] } },
{ "type": "Feature", "properties": { "ID": 2922115500000, "正式名称": "どいクリニック", "機関区分": 2, "都道府県コード": 29, "市区町村コード": 209, "所在地": "奈良県生駒市南田原町１０３８番", "緯度": 34.718255, "経度": 135.70245, "url": "https://www.iryou.teikyouseido.mhlw.go.jp/znk-web/juminkanja/S2430/initialize?prefCd=29&kikanCd=2115500000&kikanKbn=2", "url2": null, "内容": "どいクリニック【2:診療所】【診療科目:小児科】奈良県生駒市南田原町１０３８番" }, "geometry": { "type": "Point", "coordinates": [ 135.70245, 34.718255 ] } },
{ "type": "Feature", "properties": { "ID": 2922115600000, "正式名称": "医療法人博友会　みちのクリニック", "機関区分": 2, "都道府県コード": 29, "市区町村コード": 210, "所在地": "奈良県香芝市下田西１丁目６－１２香芝アネックス１階", "緯度": 34.541385, "経度": 135.705347, "url": "https://www.iryou.teikyouseido.mhlw.go.jp/znk-web/juminkanja/S2430/initialize?prefCd=29&kikanCd=2115600000&kikanKbn=2", "url2": "http://www.michino-clinic.com/", "内容": "医療法人博友会　みちのクリニック【2:診療所】【診療科目:内科_外科_整形外科_小児科】奈良県香芝市下田西１丁目６－１２香芝アネックス１階" }, "geometry": { "type": "Point", "coordinates": [ 135.705347, 34.541385 ] } },
{ "type": "Feature", "properties": { "ID": 2922115700000, "正式名称": "山内醫院", "機関区分": 2, "都道府県コード": 29, "市区町村コード": 345, "所在地": "奈良県生駒郡安堵町東安堵９６５－２１", "緯度": 34.606101, "経度": 135.757117, "url": "https://www.iryou.teikyouseido.mhlw.go.jp/znk-web/juminkanja/S2430/initialize?prefCd=29&kikanCd=2115700000&kikanKbn=2", "url2": null, "内容": "山内醫院【2:診療所】【診療科目:内科_小児科】奈良県生駒郡安堵町東安堵９６５－２１" }, "geometry": { "type": "Point", "coordinates": [ 135.757117, 34.606101 ] } },
{ "type": "Feature", "properties": { "ID": 2922115800000, "正式名称": "医療法人彩雲会　辻本内科医院", "機関区分": 2, "都道府県コード": 29, "市区町村コード": 205, "所在地": "奈良県橿原市内膳町１－１－５　大通口ビル２階", "緯度": 34.512556, "経度": 135.792508, "url": "https://www.iryou.teikyouseido.mhlw.go.jp/znk-web/juminkanja/S2430/initialize?prefCd=29&kikanCd=2115800000&kikanKbn=2", "url2": null, "内容": "医療法人彩雲会　辻本内科医院【2:診療所】【診療科目:内科_呼吸器内科_循環器内科_アレルギー科】奈良県橿原市内膳町１－１－５　大通口ビル２階" }, "geometry": { "type": "Point", "coordinates": [ 135.792508, 34.512556 ] } },
{ "type": "Feature", "properties": { "ID": 2922115900000, "正式名称": "佐々木内科", "機関区分": 2, "都道府県コード": 29, "市区町村コード": 205, "所在地": "奈良県橿原市小綱町５－３６", "緯度": 34.510779, "経度": 135.783842, "url": "https://www.iryou.teikyouseido.mhlw.go.jp/znk-web/juminkanja/S2430/initialize?prefCd=29&kikanCd=2115900000&kikanKbn=2", "url2": null, "内容": "佐々木内科【2:診療所】【診療科目:内科_循環器内科_消化器内科】奈良県橿原市小綱町５－３６" }, "geometry": { "type": "Point", "coordinates": [ 135.783842, 34.510779 ] } },
{ "type": "Feature", "properties": { "ID": 2922116000000, "正式名称": "医療法人平治会　さくらレディースクリニック", "機関区分": 2, "都道府県コード": 29, "市区町村コード": 205, "所在地": "奈良県橿原市上品寺町５２８", "緯度": 34.518404, "経度": 135.793461, "url": "https://www.iryou.teikyouseido.mhlw.go.jp/znk-web/juminkanja/S2430/initialize?prefCd=29&kikanCd=2116000000&kikanKbn=2", "url2": "sacra-lc.com", "内容": "医療法人平治会　さくらレディースクリニック【2:診療所】【診療科目:産科_婦人科】奈良県橿原市上品寺町５２８" }, "geometry": { "type": "Point", "coordinates": [ 135.793461, 34.518404 ] } },
{ "type": "Feature", "properties": { "ID": 2922116300000, "正式名称": "佐道医院", "機関区分": 2, "都道府県コード": 29, "市区町村コード": 209, "所在地": "奈良県生駒市俵口町１１１３番地１１", "緯度": 34.703006, "経度": 135.698725, "url": "https://www.iryou.teikyouseido.mhlw.go.jp/znk-web/juminkanja/S2430/initialize?prefCd=29&kikanCd=2116300000&kikanKbn=2", "url2": null, "内容": "佐道医院【2:診療所】【診療科目:内科_外科】奈良県生駒市俵口町１１１３番地１１" }, "geometry": { "type": "Point", "coordinates": [ 135.698725, 34.703006 ] } },
{ "type": "Feature", "properties": { "ID": 2922116500000, "正式名称": "柏木耳鼻咽喉科", "機関区分": 2, "都道府県コード": 29, "市区町村コード": 205, "所在地": "奈良県橿原市久米町６１５番地赤心ビル１Ｆ", "緯度": 34.483242, "経度": 135.792806, "url": "https://www.iryou.teikyouseido.mhlw.go.jp/znk-web/juminkanja/S2430/initialize?prefCd=29&kikanCd=2116500000&kikanKbn=2", "url2": null, "内容": "柏木耳鼻咽喉科【2:診療所】【診療科目:耳鼻いんこう科_気管食道・耳鼻いんこう科_アレルギー科】奈良県橿原市久米町６１５番地赤心ビル１Ｆ" }, "geometry": { "type": "Point", "coordinates": [ 135.792806, 34.483242 ] } },
{ "type": "Feature", "properties": { "ID": 2922116600000, "正式名称": "松本クリニック", "機関区分": 2, "都道府県コード": 29, "市区町村コード": 202, "所在地": "奈良県大和高田市神楽２－１－２３－２", "緯度": 34.520756, "経度": 135.742687, "url": "https://www.iryou.teikyouseido.mhlw.go.jp/znk-web/juminkanja/S2430/initialize?prefCd=29&kikanCd=2116600000&kikanKbn=2", "url2": null, "内容": "松本クリニック【2:診療所】【診療科目:内科_精神科_心療内科】奈良県大和高田市神楽２－１－２３－２" }, "geometry": { "type": "Point", "coordinates": [ 135.742687, 34.520756 ] } },
{ "type": "Feature", "properties": { "ID": 2922116900000, "正式名称": "きたクリニック", "機関区分": 2, "都道府県コード": 29, "市区町村コード": 202, "所在地": "奈良県大和高田市土庫一丁目３番２２号", "緯度": 34.520333, "経度": 135.752622, "url": "https://www.iryou.teikyouseido.mhlw.go.jp/znk-web/juminkanja/S2430/initialize?prefCd=29&kikanCd=2116900000&kikanKbn=2", "url2": "https://kim-cli.com", "内容": "きたクリニック【2:診療所】【診療科目:内科_呼吸器内科_循環器内科_小児科_リハビリテーション科】奈良県大和高田市土庫一丁目３番２２号" }, "geometry": { "type": "Point", "coordinates": [ 135.752622, 34.520333 ] } },
{ "type": "Feature", "properties": { "ID": 2922117000000, "正式名称": "医療法人雅会山本クリニック", "機関区分": 2, "都道府県コード": 29, "市区町村コード": 205, "所在地": "奈良県橿原市東坊城町２０２－１", "緯度": 34.493558, "経度": 135.763067, "url": "https://www.iryou.teikyouseido.mhlw.go.jp/znk-web/juminkanja/S2430/initialize?prefCd=29&kikanCd=2117000000&kikanKbn=2", "url2": null, "内容": "医療法人雅会山本クリニック【2:診療所】【診療科目:内科_消化器内科_外科_肛門外科_リハビリテーション科】奈良県橿原市東坊城町２０２－１" }, "geometry": { "type": "Point", "coordinates": [ 135.763067, 34.493558 ] } },
{ "type": "Feature", "properties": { "ID": 2922117100000, "正式名称": "医療法人生火会松宮医院", "機関区分": 2, "都道府県コード": 29, "市区町村コード": 209, "所在地": "奈良県生駒市東松ケ丘１７－８", "緯度": 34.699618, "経度": 135.697896, "url": "https://www.iryou.teikyouseido.mhlw.go.jp/znk-web/juminkanja/S2430/initialize?prefCd=29&kikanCd=2117100000&kikanKbn=2", "url2": null, "内容": "医療法人生火会松宮医院【2:診療所】【診療科目:内科_消化器内科】奈良県生駒市東松ケ丘１７－８" }, "geometry": { "type": "Point", "coordinates": [ 135.697896, 34.699618 ] } },
{ "type": "Feature", "properties": { "ID": 2922117300000, "正式名称": "医療法人和田クリニック", "機関区分": 2, "都道府県コード": 29, "市区町村コード": 210, "所在地": "奈良県香芝市下田西１丁目１０番１７号　アバンギャルド１階", "緯度": 34.543829, "経度": 135.703625, "url": "https://www.iryou.teikyouseido.mhlw.go.jp/znk-web/juminkanja/S2430/initialize?prefCd=29&kikanCd=2117300000&kikanKbn=2", "url2": null, "内容": "医療法人和田クリニック【2:診療所】【診療科目:内科_呼吸器内科_循環器内科_外科_心臓血管外科】奈良県香芝市下田西１丁目１０番１７号　アバンギャルド１階" }, "geometry": { "type": "Point", "coordinates": [ 135.703625, 34.543829 ] } },
{ "type": "Feature", "properties": { "ID": 2922117500000, "正式名称": "医療法人希　二上駅前診療所", "機関区分": 2, "都道府県コード": 29, "市区町村コード": 210, "所在地": "奈良県香芝市穴虫１０４５番１", "緯度": 34.547217, "経度": 135.686015, "url": "https://www.iryou.teikyouseido.mhlw.go.jp/znk-web/juminkanja/S2430/initialize?prefCd=29&kikanCd=2117500000&kikanKbn=2", "url2": null, "内容": "医療法人希　二上駅前診療所【2:診療所】【診療科目:内科_循環器内科_消化器内科_ペインクリニック内科_ペインクリニック外科_整形外科_小児科_耳鼻いんこう科_リウマチ科_麻酔科】奈良県香芝市穴虫１０４５番１" }, "geometry": { "type": "Point", "coordinates": [ 135.686015, 34.547217 ] } },
{ "type": "Feature", "properties": { "ID": 2922117600000, "正式名称": "医療法人健成会うえだ耳鼻咽喉科", "機関区分": 2, "都道府県コード": 29, "市区町村コード": 425, "所在地": "奈良県北葛城郡王寺町王寺２丁目６番４号クレール吉田３階", "緯度": 34.596463, "経度": 135.705872, "url": "https://www.iryou.teikyouseido.mhlw.go.jp/znk-web/juminkanja/S2430/initialize?prefCd=29&kikanCd=2117600000&kikanKbn=2", "url2": null, "内容": "医療法人健成会うえだ耳鼻咽喉科【2:診療所】【診療科目:耳鼻いんこう科_頭頸部・耳鼻いんこう科_耳鼻咽喉科全般】奈良県北葛城郡王寺町王寺２丁目６番４号クレール吉田３階" }, "geometry": { "type": "Point", "coordinates": [ 135.705872, 34.596463 ] } },
{ "type": "Feature", "properties": { "ID": 2922117700000, "正式名称": "上田医院", "機関区分": 2, "都道府県コード": 29, "市区町村コード": 202, "所在地": "奈良県大和高田市内本町７－２９", "緯度": 34.513833, "経度": 135.743123, "url": "https://www.iryou.teikyouseido.mhlw.go.jp/znk-web/juminkanja/S2430/initialize?prefCd=29&kikanCd=2117700000&kikanKbn=2", "url2": null, "内容": "上田医院【2:診療所】【診療科目:内科_小児科】奈良県大和高田市内本町７－２９" }, "geometry": { "type": "Point", "coordinates": [ 135.743123, 34.513833 ] } },
{ "type": "Feature", "properties": { "ID": 2922117800000, "正式名称": "松山医院", "機関区分": 2, "都道府県コード": 29, "市区町村コード": 204, "所在地": "奈良県天理市柳本町１９６番地１", "緯度": 34.561885, "経度": 135.845057, "url": "https://www.iryou.teikyouseido.mhlw.go.jp/znk-web/juminkanja/S2430/initialize?prefCd=29&kikanCd=2117800000&kikanKbn=2", "url2": "https://www.matsuyama-iin.jp/", "内容": "松山医院【2:診療所】【診療科目:内科_小児科】奈良県天理市柳本町１９６番地１" }, "geometry": { "type": "Point", "coordinates": [ 135.845057, 34.561885 ] } },
{ "type": "Feature", "properties": { "ID": 2922117900000, "正式名称": "中谷医院", "機関区分": 2, "都道府県コード": 29, "市区町村コード": 202, "所在地": "奈良県大和高田市礒野東町３番５号", "緯度": 34.508112, "経度": 135.74179, "url": "https://www.iryou.teikyouseido.mhlw.go.jp/znk-web/juminkanja/S2430/initialize?prefCd=29&kikanCd=2117900000&kikanKbn=2", "url2": null, "内容": "中谷医院【2:診療所】【診療科目:内科_循環器内科_消化器内科】奈良県大和高田市礒野東町３番５号" }, "geometry": { "type": "Point", "coordinates": [ 135.74179, 34.508112 ] } },
{ "type": "Feature", "properties": { "ID": 2922118000000, "正式名称": "久保医院", "機関区分": 2, "都道府県コード": 29, "市区町村コード": 212, "所在地": "奈良県宇陀市大宇陀拾生１８５８", "緯度": 34.477535, "経度": 135.93297, "url": "https://www.iryou.teikyouseido.mhlw.go.jp/znk-web/juminkanja/S2430/initialize?prefCd=29&kikanCd=2118000000&kikanKbn=2", "url2": null, "内容": "久保医院【2:診療所】【診療科目:内科】奈良県宇陀市大宇陀拾生１８５８" }, "geometry": { "type": "Point", "coordinates": [ 135.93297, 34.477535 ] } },
{ "type": "Feature", "properties": { "ID": 2922118500000, "正式名称": "医療法人　栄仁会　高の原すずらん内科", "機関区分": 2, "都道府県コード": 29, "市区町村コード": 201, "所在地": "奈良県奈良市右京一丁目３番地の４", "緯度": 34.721839, "経度": 135.789471, "url": "https://www.iryou.teikyouseido.mhlw.go.jp/znk-web/juminkanja/S2430/initialize?prefCd=29&kikanCd=2118500000&kikanKbn=2", "url2": "http://www.i-clinic.ne.jp/suzuran-naika/", "内容": "医療法人　栄仁会　高の原すずらん内科【2:診療所】【診療科目:内科_糖尿病内科】奈良県奈良市右京一丁目３番地の４" }, "geometry": { "type": "Point", "coordinates": [ 135.789471, 34.721839 ] } },
{ "type": "Feature", "properties": { "ID": 2922118600000, "正式名称": "中辻耳鼻咽喉科クリニック", "機関区分": 2, "都道府県コード": 29, "市区町村コード": 201, "所在地": "奈良県奈良市右京一丁目３番地の４サンタウンすずらん館１階", "緯度": 34.722617, "経度": 135.789304, "url": "https://www.iryou.teikyouseido.mhlw.go.jp/znk-web/juminkanja/S2430/initialize?prefCd=29&kikanCd=2118600000&kikanKbn=2", "url2": "http://www.4187-4133.com/", "内容": "中辻耳鼻咽喉科クリニック【2:診療所】【診療科目:耳鼻いんこう科】奈良県奈良市右京一丁目３番地の４サンタウンすずらん館１階" }, "geometry": { "type": "Point", "coordinates": [ 135.789304, 34.722617 ] } },
{ "type": "Feature", "properties": { "ID": 2922119000000, "正式名称": "かわもとクリニック", "機関区分": 2, "都道府県コード": 29, "市区町村コード": 210, "所在地": "奈良県香芝市畑３－９２６－１", "緯度": 34.541524, "経度": 135.693542, "url": "https://www.iryou.teikyouseido.mhlw.go.jp/znk-web/juminkanja/S2430/initialize?prefCd=29&kikanCd=2119000000&kikanKbn=2", "url2": null, "内容": "かわもとクリニック【2:診療所】【診療科目:内科_循環器内科_老年内科_小児科】奈良県香芝市畑３－９２６－１" }, "geometry": { "type": "Point", "coordinates": [ 135.693542, 34.541524 ] } },
{ "type": "Feature", "properties": { "ID": 2922119100000, "正式名称": "ひろ整形外科クリニック", "機関区分": 2, "都道府県コード": 29, "市区町村コード": 210, "所在地": "奈良県香芝市旭ケ丘２－３０－１", "緯度": 34.55505, "経度": 135.694486, "url": "https://www.iryou.teikyouseido.mhlw.go.jp/znk-web/juminkanja/S2430/initialize?prefCd=29&kikanCd=2119100000&kikanKbn=2", "url2": "http://www.hiro-clinic.info", "内容": "ひろ整形外科クリニック【2:診療所】【診療科目:内科_ペインクリニック外科_整形外科_リウマチ科_リハビリテーション科】奈良県香芝市旭ケ丘２－３０－１" }, "geometry": { "type": "Point", "coordinates": [ 135.694486, 34.55505 ] } },
{ "type": "Feature", "properties": { "ID": 2922120200000, "正式名称": "ひらい内科クリニック", "機関区分": 2, "都道府県コード": 29, "市区町村コード": 207, "所在地": "奈良県五條市今井４－１－１６", "緯度": 34.355969, "経度": 135.706158, "url": "https://www.iryou.teikyouseido.mhlw.go.jp/znk-web/juminkanja/S2430/initialize?prefCd=29&kikanCd=2120200000&kikanKbn=2", "url2": null, "内容": "ひらい内科クリニック【2:診療所】【診療科目:内科_呼吸器内科_アレルギー疾患内科】奈良県五條市今井４－１－１６" }, "geometry": { "type": "Point", "coordinates": [ 135.706158, 34.355969 ] } },
{ "type": "Feature", "properties": { "ID": 2922120300000, "正式名称": "永野整形外科クリニック", "機関区分": 2, "都道府県コード": 29, "市区町村コード": 210, "所在地": "奈良県香芝市旭ケ丘４－２－１", "緯度": 34.551828, "経度": 135.688792, "url": "https://www.iryou.teikyouseido.mhlw.go.jp/znk-web/juminkanja/S2430/initialize?prefCd=29&kikanCd=2120300000&kikanKbn=2", "url2": "http://www.nagano-seikeigeka.jp/", "内容": "永野整形外科クリニック【2:診療所】【診療科目:整形外科_リウマチ科_リハビリテーション科】奈良県香芝市旭ケ丘４－２－１" }, "geometry": { "type": "Point", "coordinates": [ 135.688792, 34.551828 ] } },
{ "type": "Feature", "properties": { "ID": 2922120400000, "正式名称": "おかむら整形外科", "機関区分": 2, "都道府県コード": 29, "市区町村コード": 203, "所在地": "奈良県大和郡山市九条町１８８番地２", "緯度": 34.658124, "経度": 135.788113, "url": "https://www.iryou.teikyouseido.mhlw.go.jp/znk-web/juminkanja/S2430/initialize?prefCd=29&kikanCd=2120400000&kikanKbn=2", "url2": "https://okamura-ortho.amebaownd.com/", "内容": "おかむら整形外科【2:診療所】【診療科目:整形外科_リウマチ科_リハビリテーション科】奈良県大和郡山市九条町１８８番地２" }, "geometry": { "type": "Point", "coordinates": [ 135.788113, 34.658124 ] } },
{ "type": "Feature", "properties": { "ID": 2922120900000, "正式名称": "医療法人宗紀会つくだクリニック", "機関区分": 2, "都道府県コード": 29, "市区町村コード": 201, "所在地": "奈良県奈良市三条大路一丁目１０番４３号", "緯度": 34.684109, "経度": 135.800809, "url": "https://www.iryou.teikyouseido.mhlw.go.jp/znk-web/juminkanja/S2430/initialize?prefCd=29&kikanCd=2120900000&kikanKbn=2", "url2": "http://www.tsukuchan.com/", "内容": "医療法人宗紀会つくだクリニック【2:診療所】【診療科目:児童精神科】奈良県奈良市三条大路一丁目１０番４３号" }, "geometry": { "type": "Point", "coordinates": [ 135.800809, 34.684109 ] } },
{ "type": "Feature", "properties": { "ID": 2922121100000, "正式名称": "医療法人桜潤会　奈良やよいクリニック", "機関区分": 2, "都道府県コード": 29, "市区町村コード": 201, "所在地": "奈良県奈良市三条本町２番２０号マツダオフィスビル１Ｆ", "緯度": 34.679845, "経度": 135.819692, "url": "https://www.iryou.teikyouseido.mhlw.go.jp/znk-web/juminkanja/S2430/initialize?prefCd=29&kikanCd=2121100000&kikanKbn=2", "url2": "http://www.narayayoi-clinic.com", "内容": "医療法人桜潤会　奈良やよいクリニック【2:診療所】【診療科目:内科_皮膚科_泌尿器科】奈良県奈良市三条本町２番２０号マツダオフィスビル１Ｆ" }, "geometry": { "type": "Point", "coordinates": [ 135.819692, 34.679845 ] } },
{ "type": "Feature", "properties": { "ID": 2922121200000, "正式名称": "ＫＥＮレディースクリニック", "機関区分": 2, "都道府県コード": 29, "市区町村コード": 344, "所在地": "奈良県生駒郡斑鳩町興留４－１０－１４　野口ビル１Ｆ", "緯度": 34.602962, "経度": 135.737175, "url": "https://www.iryou.teikyouseido.mhlw.go.jp/znk-web/juminkanja/S2430/initialize?prefCd=29&kikanCd=2121200000&kikanKbn=2", "url2": "https://ken-lc.jp", "内容": "ＫＥＮレディースクリニック【2:診療所】【診療科目:産婦人科】奈良県生駒郡斑鳩町興留４－１０－１４　野口ビル１Ｆ" }, "geometry": { "type": "Point", "coordinates": [ 135.737175, 34.602962 ] } },
{ "type": "Feature", "properties": { "ID": 2922121400000, "正式名称": "川崎眼科", "機関区分": 2, "都道府県コード": 29, "市区町村コード": 210, "所在地": "奈良県香芝市旭ケ丘４－２－１", "緯度": 34.551523, "経度": 135.687987, "url": "https://www.iryou.teikyouseido.mhlw.go.jp/znk-web/juminkanja/S2430/initialize?prefCd=29&kikanCd=2121400000&kikanKbn=2", "url2": null, "内容": "川崎眼科【2:診療所】【診療科目:眼科】奈良県香芝市旭ケ丘４－２－１" }, "geometry": { "type": "Point", "coordinates": [ 135.687987, 34.551523 ] } },
{ "type": "Feature", "properties": { "ID": 2922121500000, "正式名称": "長谷整形外科クリニック", "機関区分": 2, "都道府県コード": 29, "市区町村コード": 201, "所在地": "奈良県奈良市藤ノ木台四丁目６番４号", "緯度": 34.676233, "経度": 135.757336, "url": "https://www.iryou.teikyouseido.mhlw.go.jp/znk-web/juminkanja/S2430/initialize?prefCd=29&kikanCd=2121500000&kikanKbn=2", "url2": "https://www.hase-seikei.com", "内容": "長谷整形外科クリニック【2:診療所】【診療科目:整形外科_リウマチ科_リハビリテーション科】奈良県奈良市藤ノ木台四丁目６番４号" }, "geometry": { "type": "Point", "coordinates": [ 135.757336, 34.676233 ] } },
{ "type": "Feature", "properties": { "ID": 2922121800000, "正式名称": "医療法人　原整形外科", "機関区分": 2, "都道府県コード": 29, "市区町村コード": 203, "所在地": "奈良県大和郡山市矢田山町５９番地の８", "緯度": 34.641736, "経度": 135.745867, "url": "https://www.iryou.teikyouseido.mhlw.go.jp/znk-web/juminkanja/S2430/initialize?prefCd=29&kikanCd=2121800000&kikanKbn=2", "url2": "https://www.haraseikei.jp/clinic", "内容": "医療法人　原整形外科【2:診療所】【診療科目:外科_整形外科_リウマチ科_リハビリテーション科】奈良県大和郡山市矢田山町５９番地の８" }, "geometry": { "type": "Point", "coordinates": [ 135.745867, 34.641736 ] } },
{ "type": "Feature", "properties": { "ID": 2922121900000, "正式名称": "医療法人ふくしまクリニック", "機関区分": 2, "都道府県コード": 29, "市区町村コード": 204, "所在地": "奈良県天理市指柳町３１１－３", "緯度": 34.604408, "経度": 135.826112, "url": "https://www.iryou.teikyouseido.mhlw.go.jp/znk-web/juminkanja/S2430/initialize?prefCd=29&kikanCd=2121900000&kikanKbn=2", "url2": "http://www.fukushima-cl-com/", "内容": "医療法人ふくしまクリニック【2:診療所】【診療科目:内科_循環器内科】奈良県天理市指柳町３１１－３" }, "geometry": { "type": "Point", "coordinates": [ 135.826112, 34.604408 ] } },
{ "type": "Feature", "properties": { "ID": 2922122300000, "正式名称": "医療法人　博悠会　おおつかクリニック", "機関区分": 2, "都道府県コード": 29, "市区町村コード": 209, "所在地": "奈良県生駒市北新町１０番３６－４０４号", "緯度": 34.694274, "経度": 135.697342, "url": "https://www.iryou.teikyouseido.mhlw.go.jp/znk-web/juminkanja/S2430/initialize?prefCd=29&kikanCd=2122300000&kikanKbn=2", "url2": "http://www.otsuka-clinic.info/", "内容": "医療法人　博悠会　おおつかクリニック【2:診療所】【診療科目:内科_脳神経内科_脳神経外科_整形外科_リハビリテーション科】奈良県生駒市北新町１０番３６－４０４号" }, "geometry": { "type": "Point", "coordinates": [ 135.697342, 34.694274 ] } },
{ "type": "Feature", "properties": { "ID": 2922122500000, "正式名称": "きむら内科医院", "機関区分": 2, "都道府県コード": 29, "市区町村コード": 206, "所在地": "奈良県桜井市桜井５２－４", "緯度": 34.513891, "経度": 135.851475, "url": "https://www.iryou.teikyouseido.mhlw.go.jp/znk-web/juminkanja/S2430/initialize?prefCd=29&kikanCd=2122500000&kikanKbn=2", "url2": "http://www.kimura-naikaclinic.com", "内容": "きむら内科医院【2:診療所】【診療科目:内科_循環器内科】奈良県桜井市桜井５２－４" }, "geometry": { "type": "Point", "coordinates": [ 135.851475, 34.513891 ] } },
{ "type": "Feature", "properties": { "ID": 2922122600000, "正式名称": "岩井内科クリニック", "機関区分": 2, "都道府県コード": 29, "市区町村コード": 201, "所在地": "奈良県奈良市大宮町四丁目３３１－１", "緯度": 34.68215, "経度": 135.808471, "url": "https://www.iryou.teikyouseido.mhlw.go.jp/znk-web/juminkanja/S2430/initialize?prefCd=29&kikanCd=2122600000&kikanKbn=2", "url2": "www.iwainaika.jp", "内容": "岩井内科クリニック【2:診療所】【診療科目:内科_消化器内科】奈良県奈良市大宮町四丁目３３１－１" }, "geometry": { "type": "Point", "coordinates": [ 135.808471, 34.68215 ] } },
{ "type": "Feature", "properties": { "ID": 2922122700000, "正式名称": "医療法人　みぞかみ内科", "機関区分": 2, "都道府県コード": 29, "市区町村コード": 442, "所在地": "奈良県吉野郡大淀町土田３２１番１", "緯度": 34.389236, "経度": 135.801013, "url": "https://www.iryou.teikyouseido.mhlw.go.jp/znk-web/juminkanja/S2430/initialize?prefCd=29&kikanCd=2122700000&kikanKbn=2", "url2": "http://website.infomity.net/c8510000057/index.html", "内容": "医療法人　みぞかみ内科【2:診療所】【診療科目:内科_消化器内科】奈良県吉野郡大淀町土田３２１番１" }, "geometry": { "type": "Point", "coordinates": [ 135.801013, 34.389236 ] } },
{ "type": "Feature", "properties": { "ID": 2922122800000, "正式名称": "くらら耳鼻咽喉科", "機関区分": 2, "都道府県コード": 29, "市区町村コード": 201, "所在地": "奈良県奈良市富雄元町三丁目１番１５号グランドハイツあづま１階", "緯度": 34.692925, "経度": 135.733532, "url": "https://www.iryou.teikyouseido.mhlw.go.jp/znk-web/juminkanja/S2430/initialize?prefCd=29&kikanCd=2122800000&kikanKbn=2", "url2": "http://www.clara-clinic.jp/", "内容": "くらら耳鼻咽喉科【2:診療所】【診療科目:耳鼻いんこう科】奈良県奈良市富雄元町三丁目１番１５号グランドハイツあづま１階" }, "geometry": { "type": "Point", "coordinates": [ 135.733532, 34.692925 ] } },
{ "type": "Feature", "properties": { "ID": 2922123200000, "正式名称": "学園前アイクリニック", "機関区分": 2, "都道府県コード": 29, "市区町村コード": 201, "所在地": "奈良県奈良市学園北一丁目１番１号ル・シエル学園前北ビル３Ｆ３０５号室Ｂ", "緯度": 34.698465, "経度": 135.751621, "url": "https://www.iryou.teikyouseido.mhlw.go.jp/znk-web/juminkanja/S2430/initialize?prefCd=29&kikanCd=2123200000&kikanKbn=2", "url2": null, "内容": "学園前アイクリニック【2:診療所】【診療科目:眼科】奈良県奈良市学園北一丁目１番１号ル・シエル学園前北ビル３Ｆ３０５号室Ｂ" }, "geometry": { "type": "Point", "coordinates": [ 135.751621, 34.698465 ] } },
{ "type": "Feature", "properties": { "ID": 2922123300000, "正式名称": "ますだクリニック北野", "機関区分": 2, "都道府県コード": 29, "市区町村コード": 442, "所在地": "奈良県吉野郡大淀町北野１２３－１０", "緯度": 34.399597, "経度": 135.825621, "url": "https://www.iryou.teikyouseido.mhlw.go.jp/znk-web/juminkanja/S2430/initialize?prefCd=29&kikanCd=2123300000&kikanKbn=2", "url2": null, "内容": "ますだクリニック北野【2:診療所】【診療科目:内科_皮膚科】奈良県吉野郡大淀町北野１２３－１０" }, "geometry": { "type": "Point", "coordinates": [ 135.825621, 34.399597 ] } },
{ "type": "Feature", "properties": { "ID": 2922123400000, "正式名称": "ひらた泌尿器科クリニック", "機関区分": 2, "都道府県コード": 29, "市区町村コード": 203, "所在地": "奈良県大和郡山市柳町１２８－９カイチビル４階", "緯度": 34.645327, "経度": 135.785705, "url": "https://www.iryou.teikyouseido.mhlw.go.jp/znk-web/juminkanja/S2430/initialize?prefCd=29&kikanCd=2123400000&kikanKbn=2", "url2": "http://hirata-uro.com/", "内容": "ひらた泌尿器科クリニック【2:診療所】【診療科目:泌尿器科】奈良県大和郡山市柳町１２８－９カイチビル４階" }, "geometry": { "type": "Point", "coordinates": [ 135.785705, 34.645327 ] } },
{ "type": "Feature", "properties": { "ID": 2922123600000, "正式名称": "木村泌尿器科クリニック", "機関区分": 2, "都道府県コード": 29, "市区町村コード": 209, "所在地": "奈良県生駒市北大和１丁目３－３", "緯度": 34.723977, "経度": 135.724809, "url": "https://www.iryou.teikyouseido.mhlw.go.jp/znk-web/juminkanja/S2430/initialize?prefCd=29&kikanCd=2123600000&kikanKbn=2", "url2": "http://www.kimura-uro.com/", "内容": "木村泌尿器科クリニック【2:診療所】【診療科目:泌尿器科】奈良県生駒市北大和１丁目３－３" }, "geometry": { "type": "Point", "coordinates": [ 135.724809, 34.723977 ] } },
{ "type": "Feature", "properties": { "ID": 2922123700000, "正式名称": "わかくさ眼科", "機関区分": 2, "都道府県コード": 29, "市区町村コード": 203, "所在地": "奈良県大和郡山市下三橋町７４１－１６５　イオンモール大和郡山内", "緯度": 34.651653, "経度": 135.802056, "url": "https://www.iryou.teikyouseido.mhlw.go.jp/znk-web/juminkanja/S2430/initialize?prefCd=29&kikanCd=2123700000&kikanKbn=2", "url2": null, "内容": "わかくさ眼科【2:診療所】【診療科目:眼科】奈良県大和郡山市下三橋町７４１－１６５　イオンモール大和郡山内" }, "geometry": { "type": "Point", "coordinates": [ 135.802056, 34.651653 ] } },
{ "type": "Feature", "properties": { "ID": 2922123800000, "正式名称": "友喜苑医務室", "機関区分": 2, "都道府県コード": 29, "市区町村コード": 207, "所在地": "奈良県五條市住川町１１６５－４", "緯度": 34.387969, "経度": 135.726636, "url": "https://www.iryou.teikyouseido.mhlw.go.jp/znk-web/juminkanja/S2430/initialize?prefCd=29&kikanCd=2123800000&kikanKbn=2", "url2": null, "内容": "友喜苑医務室【2:診療所】【診療科目:内科】奈良県五條市住川町１１６５－４" }, "geometry": { "type": "Point", "coordinates": [ 135.726636, 34.387969 ] } },
{ "type": "Feature", "properties": { "ID": 2922123900000, "正式名称": "たかはし耳鼻咽喉科", "機関区分": 2, "都道府県コード": 29, "市区町村コード": 201, "所在地": "長野県長野市小島田町字北村沖３８０番地", "緯度": 34.674011, "経度": 135.801527, "url": "https://www.iryou.teikyouseido.mhlw.go.jp/znk-web/juminkanja/S2430/initialize?prefCd=29&kikanCd=2123900000&kikanKbn=2", "url2": "http://www.takahashi-jibika.jp/", "内容": "たかはし耳鼻咽喉科【2:診療所】【診療科目:耳鼻いんこう科_アレルギー科】長野県長野市小島田町字北村沖３８０番地" }, "geometry": { "type": "Point", "coordinates": [ 135.801527, 34.674011 ] } },
{ "type": "Feature", "properties": { "ID": 2922124100000, "正式名称": "医療法人　西和会　西和往診クリニック", "機関区分": 2, "都道府県コード": 29, "市区町村コード": 344, "所在地": "奈良県生駒郡斑鳩町小吉田２丁目７－１５", "緯度": 34.602823, "経度": 135.72762, "url": "https://www.iryou.teikyouseido.mhlw.go.jp/znk-web/juminkanja/S2430/initialize?prefCd=29&kikanCd=2124100000&kikanKbn=2", "url2": "http://seiwa-medicalcare-center.co.jp/seiwa_oushin_clinic.html", "内容": "医療法人　西和会　西和往診クリニック【2:診療所】【診療科目:老年内科_緩和ケア内科_脳神経外科】奈良県生駒郡斑鳩町小吉田２丁目７－１５" }, "geometry": { "type": "Point", "coordinates": [ 135.72762, 34.602823 ] } },
{ "type": "Feature", "properties": { "ID": 2922124200000, "正式名称": "やまもと小児科", "機関区分": 2, "都道府県コード": 29, "市区町村コード": 201, "所在地": "奈良県奈良市朱雀六丁目９－５", "緯度": 34.71634, "経度": 135.796748, "url": "https://www.iryou.teikyouseido.mhlw.go.jp/znk-web/juminkanja/S2430/initialize?prefCd=29&kikanCd=2124200000&kikanKbn=2", "url2": "http://www.kodomo-yama.jp", "内容": "やまもと小児科【2:診療所】【診療科目:内科_小児科_アレルギー科】奈良県奈良市朱雀六丁目９－５" }, "geometry": { "type": "Point", "coordinates": [ 135.796748, 34.71634 ] } },
{ "type": "Feature", "properties": { "ID": 2922124500000, "正式名称": "学研奈良乳腺クリニック", "機関区分": 2, "都道府県コード": 29, "市区町村コード": 201, "所在地": "奈良県奈良市右京１丁目４番地サンタウンプラザひまわり館３Ｆ", "緯度": 34.723173, "経度": 135.789887, "url": "https://www.iryou.teikyouseido.mhlw.go.jp/znk-web/juminkanja/S2430/initialize?prefCd=29&kikanCd=2124500000&kikanKbn=2", "url2": "www.gnbc.jp", "内容": "学研奈良乳腺クリニック【2:診療所】【診療科目:乳腺外科】奈良県奈良市右京１丁目４番地サンタウンプラザひまわり館３Ｆ" }, "geometry": { "type": "Point", "coordinates": [ 135.789887, 34.723173 ] } },
{ "type": "Feature", "properties": { "ID": 2922124700000, "正式名称": "医療法人　まつおかクリニック　内視鏡検査ＣＴ検査クリニック", "機関区分": 2, "都道府県コード": 29, "市区町村コード": 425, "所在地": "奈良県北葛城郡王寺町王寺２ー９－１５　ル・カーラビル３階", "緯度": 34.596046, "経度": 135.704511, "url": "https://www.iryou.teikyouseido.mhlw.go.jp/znk-web/juminkanja/S2430/initialize?prefCd=29&kikanCd=2124700000&kikanKbn=2", "url2": "http://www.matsuoka-clinic.net/", "内容": "医療法人　まつおかクリニック　内視鏡検査ＣＴ検査クリニック【2:診療所】【診療科目:消化器内科_放射線科】奈良県北葛城郡王寺町王寺２ー９－１５　ル・カーラビル３階" }, "geometry": { "type": "Point", "coordinates": [ 135.704511, 34.596046 ] } },
{ "type": "Feature", "properties": { "ID": 2922125000000, "正式名称": "たかだこどもクリニック", "機関区分": 2, "都道府県コード": 29, "市区町村コード": 209, "所在地": "奈良県生駒市山崎町２１－２８", "緯度": 34.688564, "経度": 135.708062, "url": "https://www.iryou.teikyouseido.mhlw.go.jp/znk-web/juminkanja/S2430/initialize?prefCd=29&kikanCd=2125000000&kikanKbn=2", "url2": "https://takada-kodomo.com", "内容": "たかだこどもクリニック【2:診療所】【診療科目:小児科】奈良県生駒市山崎町２１－２８" }, "geometry": { "type": "Point", "coordinates": [ 135.708062, 34.688564 ] } },
{ "type": "Feature", "properties": { "ID": 2922125300000, "正式名称": "せと整形外科たわらもと", "機関区分": 2, "都道府県コード": 29, "市区町村コード": 363, "所在地": "奈良県磯城郡田原本町小阪８８－４", "緯度": 34.562961, "経度": 135.798784, "url": "https://www.iryou.teikyouseido.mhlw.go.jp/znk-web/juminkanja/S2430/initialize?prefCd=29&kikanCd=2125300000&kikanKbn=2", "url2": "http://www.eonet.ne.jp/~seto-seikeigeka/index.html", "内容": "せと整形外科たわらもと【2:診療所】【診療科目:整形外科_リウマチ科_リハビリテーション科】奈良県磯城郡田原本町小阪８８－４" }, "geometry": { "type": "Point", "coordinates": [ 135.798784, 34.562961 ] } },
{ "type": "Feature", "properties": { "ID": 2922125400000, "正式名称": "のぐちクリニック", "機関区分": 2, "都道府県コード": 29, "市区町村コード": 206, "所在地": "奈良県桜井市上之庄７１１－１", "緯度": 34.516937, "経度": 135.841252, "url": "https://www.iryou.teikyouseido.mhlw.go.jp/znk-web/juminkanja/S2430/initialize?prefCd=29&kikanCd=2125400000&kikanKbn=2", "url2": null, "内容": "のぐちクリニック【2:診療所】【診療科目:内科_脳神経外科_リハビリテーション科】奈良県桜井市上之庄７１１－１" }, "geometry": { "type": "Point", "coordinates": [ 135.841252, 34.516937 ] } },
{ "type": "Feature", "properties": { "ID": 2922125500000, "正式名称": "武内クリニック", "機関区分": 2, "都道府県コード": 29, "市区町村コード": 425, "所在地": "奈良県北葛城郡王寺町元町２丁目２４７９－１", "緯度": 34.589574, "経度": 135.694596, "url": "https://www.iryou.teikyouseido.mhlw.go.jp/znk-web/juminkanja/S2430/initialize?prefCd=29&kikanCd=2125500000&kikanKbn=2", "url2": "http://www.dr-takeuchi.com", "内容": "武内クリニック【2:診療所】【診療科目:内科_消化器内科_外科_整形外科_小児外科_リハビリテーション科】奈良県北葛城郡王寺町元町２丁目２４７９－１" }, "geometry": { "type": "Point", "coordinates": [ 135.694596, 34.589574 ] } },
{ "type": "Feature", "properties": { "ID": 2922125700000, "正式名称": "きじ内科クリニック", "機関区分": 2, "都道府県コード": 29, "市区町村コード": 424, "所在地": "奈良県北葛城郡上牧町片岡台２丁目１３－１５", "緯度": 34.578687, "経度": 135.717067, "url": "https://www.iryou.teikyouseido.mhlw.go.jp/znk-web/juminkanja/S2430/initialize?prefCd=29&kikanCd=2125700000&kikanKbn=2", "url2": "http://kiji-clinic.com", "内容": "きじ内科クリニック【2:診療所】【診療科目:内科_循環器内科】奈良県北葛城郡上牧町片岡台２丁目１３－１５" }, "geometry": { "type": "Point", "coordinates": [ 135.717067, 34.578687 ] } },
{ "type": "Feature", "properties": { "ID": 2922125900000, "正式名称": "医療法人誠仁会　登美ヶ丘画像診断クリニック", "機関区分": 2, "都道府県コード": 29, "市区町村コード": 201, "所在地": "奈良県奈良市中登美ケ丘六丁目３番３号リコラス登美ヶ丘Ａ棟３Ｆ", "緯度": 34.726037, "経度": 135.752307, "url": "https://www.iryou.teikyouseido.mhlw.go.jp/znk-web/juminkanja/S2430/initialize?prefCd=29&kikanCd=2125900000&kikanKbn=2", "url2": "http://tomigaoka-cl.jp/", "内容": "医療法人誠仁会　登美ヶ丘画像診断クリニック【2:診療所】【診療科目:内科_放射線科_放射線科】奈良県奈良市中登美ケ丘六丁目３番３号リコラス登美ヶ丘Ａ棟３Ｆ" }, "geometry": { "type": "Point", "coordinates": [ 135.752307, 34.726037 ] } },
{ "type": "Feature", "properties": { "ID": 2922126100000, "正式名称": "医）佑世会　皮膚科生駒熊本クリニック", "機関区分": 2, "都道府県コード": 29, "市区町村コード": 209, "所在地": "奈良県生駒市俵口町１０８５－１", "緯度": 34.70384, "経度": 135.697174, "url": "https://www.iryou.teikyouseido.mhlw.go.jp/znk-web/juminkanja/S2430/initialize?prefCd=29&kikanCd=2126100000&kikanKbn=2", "url2": "http://hifu-ikomakuma.com/", "内容": "医）佑世会　皮膚科生駒熊本クリニック【2:診療所】【診療科目:皮膚科】奈良県生駒市俵口町１０８５－１" }, "geometry": { "type": "Point", "coordinates": [ 135.697174, 34.70384 ] } },
{ "type": "Feature", "properties": { "ID": 2922126200000, "正式名称": "医療法人渡邉内科外科クリニック", "機関区分": 2, "都道府県コード": 29, "市区町村コード": 209, "所在地": "奈良県生駒市北大和１丁目３－１", "緯度": 34.723814, "経度": 135.724948, "url": "https://www.iryou.teikyouseido.mhlw.go.jp/znk-web/juminkanja/S2430/initialize?prefCd=29&kikanCd=2126200000&kikanKbn=2", "url2": "https://www.watanabe-naikageka.com/", "内容": "医療法人渡邉内科外科クリニック【2:診療所】【診療科目:内科_消化器内科_外科_肛門外科】奈良県生駒市北大和１丁目３－１" }, "geometry": { "type": "Point", "coordinates": [ 135.724948, 34.723814 ] } },
{ "type": "Feature", "properties": { "ID": 2922126300000, "正式名称": "医療法人　つじもとクリニック", "機関区分": 2, "都道府県コード": 29, "市区町村コード": 201, "所在地": "奈良県奈良市学園北二丁目１－５　ローレルコート学園前レジデンス施設棟１Ｆ", "緯度": 34.69773, "経度": 135.751614, "url": "https://www.iryou.teikyouseido.mhlw.go.jp/znk-web/juminkanja/S2430/initialize?prefCd=29&kikanCd=2126300000&kikanKbn=2", "url2": "https://www.tsujimoto-clinic.com", "内容": "医療法人　つじもとクリニック【2:診療所】【診療科目:内科_消化器内科_内視鏡内科】奈良県奈良市学園北二丁目１－５　ローレルコート学園前レジデンス施設棟１Ｆ" }, "geometry": { "type": "Point", "coordinates": [ 135.751614, 34.69773 ] } },
{ "type": "Feature", "properties": { "ID": 2922126400000, "正式名称": "医療法人琇清會　さくらい眼科", "機関区分": 2, "都道府県コード": 29, "市区町村コード": 209, "所在地": "奈良県生駒市真弓南２－６－５", "緯度": 34.7172, "経度": 135.733475, "url": "https://www.iryou.teikyouseido.mhlw.go.jp/znk-web/juminkanja/S2430/initialize?prefCd=29&kikanCd=2126400000&kikanKbn=2", "url2": null, "内容": "医療法人琇清會　さくらい眼科【2:診療所】【診療科目:眼科】奈良県生駒市真弓南２－６－５" }, "geometry": { "type": "Point", "coordinates": [ 135.733475, 34.7172 ] } },
{ "type": "Feature", "properties": { "ID": 2922126600000, "正式名称": "医療法人　良翔会　ちゅうわ往診クリニック", "機関区分": 2, "都道府県コード": 29, "市区町村コード": 205, "所在地": "奈良県橿原市内膳町４－４３－６", "緯度": 34.515389, "経度": 135.789869, "url": "https://www.iryou.teikyouseido.mhlw.go.jp/znk-web/juminkanja/S2430/initialize?prefCd=29&kikanCd=2126600000&kikanKbn=2", "url2": "http://kawataichouka.com/chuwa/", "内容": "医療法人　良翔会　ちゅうわ往診クリニック【2:診療所】【診療科目:内科】奈良県橿原市内膳町４－４３－６" }, "geometry": { "type": "Point", "coordinates": [ 135.789869, 34.515389 ] } },
{ "type": "Feature", "properties": { "ID": 2922126700000, "正式名称": "やまだクリニック", "機関区分": 2, "都道府県コード": 29, "市区町村コード": 201, "所在地": "奈良県奈良市あやめ池北一丁目３２－２１－Ａ２０５", "緯度": 34.700706, "経度": 135.761529, "url": "https://www.iryou.teikyouseido.mhlw.go.jp/znk-web/juminkanja/S2430/initialize?prefCd=29&kikanCd=2126700000&kikanKbn=2", "url2": "http://www.a-yamadaclinic.com", "内容": "やまだクリニック【2:診療所】【診療科目:内科_消化器内科_外科】奈良県奈良市あやめ池北一丁目３２－２１－Ａ２０５" }, "geometry": { "type": "Point", "coordinates": [ 135.761529, 34.700706 ] } },
{ "type": "Feature", "properties": { "ID": 2922126800000, "正式名称": "くがい整形外科", "機関区分": 2, "都道府県コード": 29, "市区町村コード": 201, "所在地": "奈良県奈良市あやめ池北１丁目３２－２１－Ａ２０３", "緯度": 34.70073, "経度": 135.761724, "url": "https://www.iryou.teikyouseido.mhlw.go.jp/znk-web/juminkanja/S2430/initialize?prefCd=29&kikanCd=2126800000&kikanKbn=2", "url2": "http://web1.kcn.jp/~kugai", "内容": "くがい整形外科【2:診療所】【診療科目:内科_外科_整形外科_リウマチ科_リハビリテーション科】奈良県奈良市あやめ池北１丁目３２－２１－Ａ２０３" }, "geometry": { "type": "Point", "coordinates": [ 135.761724, 34.70073 ] } },
{ "type": "Feature", "properties": { "ID": 2922126900000, "正式名称": "医療法人井上眼科", "機関区分": 2, "都道府県コード": 29, "市区町村コード": 201, "所在地": "奈良県奈良市あやめ池北一丁目３２番２１－Ａ１０４", "緯度": 34.700813, "経度": 135.761668, "url": "https://www.iryou.teikyouseido.mhlw.go.jp/znk-web/juminkanja/S2430/initialize?prefCd=29&kikanCd=2126900000&kikanKbn=2", "url2": "http://www.inoue-eye-clinic.com", "内容": "医療法人井上眼科【2:診療所】【診療科目:眼科】奈良県奈良市あやめ池北一丁目３２番２１－Ａ１０４" }, "geometry": { "type": "Point", "coordinates": [ 135.761668, 34.700813 ] } },
{ "type": "Feature", "properties": { "ID": 2922127100000, "正式名称": "医療法人多田皮フ科形成外科", "機関区分": 2, "都道府県コード": 29, "市区町村コード": 201, "所在地": "奈良県奈良市あやめ池北１ー３２ー２１メディカルコートあやめ池Ａ１０１", "緯度": 34.69873, "経度": 135.75896, "url": "https://www.iryou.teikyouseido.mhlw.go.jp/znk-web/juminkanja/S2430/initialize?prefCd=29&kikanCd=2127100000&kikanKbn=2", "url2": "https://tada-hifuka.jp", "内容": "医療法人多田皮フ科形成外科【2:診療所】【診療科目:形成外科_皮膚科_美容皮膚科】奈良県奈良市あやめ池北１ー３２ー２１メディカルコートあやめ池Ａ１０１" }, "geometry": { "type": "Point", "coordinates": [ 135.75896, 34.69873 ] } },
{ "type": "Feature", "properties": { "ID": 2922127200000, "正式名称": "医療法人中村脳神経外科クリニック", "機関区分": 2, "都道府県コード": 29, "市区町村コード": 201, "所在地": "奈良県奈良市学園大和町２丁目１２５－５", "緯度": 34.685267, "経度": 135.753642, "url": "https://www.iryou.teikyouseido.mhlw.go.jp/znk-web/juminkanja/S2430/initialize?prefCd=29&kikanCd=2127200000&kikanKbn=2", "url2": null, "内容": "医療法人中村脳神経外科クリニック【2:診療所】【診療科目:内科_脳神経内科_脳・血管外科_リハビリテーション科】奈良県奈良市学園大和町２丁目１２５－５" }, "geometry": { "type": "Point", "coordinates": [ 135.753642, 34.685267 ] } },
{ "type": "Feature", "properties": { "ID": 2922127300000, "正式名称": "おおはぎ眼科", "機関区分": 2, "都道府県コード": 29, "市区町村コード": 203, "所在地": "奈良県大和郡山市高田町９２番１４　ハーベス大和郡山店２階", "緯度": 34.647601, "経度": 135.791196, "url": "https://www.iryou.teikyouseido.mhlw.go.jp/znk-web/juminkanja/S2430/initialize?prefCd=29&kikanCd=2127300000&kikanKbn=2", "url2": "https://www.ohagi-ganka.com", "内容": "おおはぎ眼科【2:診療所】【診療科目:眼科】奈良県大和郡山市高田町９２番１４　ハーベス大和郡山店２階" }, "geometry": { "type": "Point", "coordinates": [ 135.791196, 34.647601 ] } },
{ "type": "Feature", "properties": { "ID": 2922127500000, "正式名称": "すずきこどもクリニック", "機関区分": 2, "都道府県コード": 29, "市区町村コード": 206, "所在地": "奈良県桜井市上之庄７１０－１", "緯度": 34.516668, "経度": 135.841281, "url": "https://www.iryou.teikyouseido.mhlw.go.jp/znk-web/juminkanja/S2430/initialize?prefCd=29&kikanCd=2127500000&kikanKbn=2", "url2": "http://suzuki-kodomo-clinic.com/", "内容": "すずきこどもクリニック【2:診療所】【診療科目:小児科_アレルギー科】奈良県桜井市上之庄７１０－１" }, "geometry": { "type": "Point", "coordinates": [ 135.841281, 34.516668 ] } },
{ "type": "Feature", "properties": { "ID": 2922127800000, "正式名称": "医療法人楽慈会　らくじクリニック", "機関区分": 2, "都道府県コード": 29, "市区町村コード": 201, "所在地": "奈良県奈良市南新町１９番地の１南新町ビル　１階", "緯度": 34.676043, "経度": 135.825636, "url": "https://www.iryou.teikyouseido.mhlw.go.jp/znk-web/juminkanja/S2430/initialize?prefCd=29&kikanCd=2127800000&kikanKbn=2", "url2": "http://www.s-rakuji.com", "内容": "医療法人楽慈会　らくじクリニック【2:診療所】【診療科目:内科_消化器内科_外科_歯科】奈良県奈良市南新町１９番地の１南新町ビル　１階" }, "geometry": { "type": "Point", "coordinates": [ 135.825636, 34.676043 ] } },
{ "type": "Feature", "properties": { "ID": 2922127900000, "正式名称": "よしクリニック", "機関区分": 2, "都道府県コード": 29, "市区町村コード": 209, "所在地": "奈良県生駒市北新町１－１８　森ビル３階", "緯度": 34.693359, "経度": 135.696732, "url": "https://www.iryou.teikyouseido.mhlw.go.jp/znk-web/juminkanja/S2430/initialize?prefCd=29&kikanCd=2127900000&kikanKbn=2", "url2": "http://www.ddmap.jp/0743722121", "内容": "よしクリニック【2:診療所】【診療科目:精神科_心療内科】奈良県生駒市北新町１－１８　森ビル３階" }, "geometry": { "type": "Point", "coordinates": [ 135.696732, 34.693359 ] } },
{ "type": "Feature", "properties": { "ID": 2922128000000, "正式名称": "医療法人　翠悠会　　王寺診療所", "機関区分": 2, "都道府県コード": 29, "市区町村コード": 343, "所在地": "奈良県生駒郡三郷町勢野東６丁目１５番２７号", "緯度": 34.600323, "経度": 135.710677, "url": "https://www.iryou.teikyouseido.mhlw.go.jp/znk-web/juminkanja/S2430/initialize?prefCd=29&kikanCd=2128000000&kikanKbn=2", "url2": "www.suiyuukai.or.jp", "内容": "医療法人　翠悠会　　王寺診療所【2:診療所】【診療科目:内科】奈良県生駒郡三郷町勢野東６丁目１５番２７号" }, "geometry": { "type": "Point", "coordinates": [ 135.710677, 34.600323 ] } },
{ "type": "Feature", "properties": { "ID": 2922128200000, "正式名称": "医療法人　新進会　新進会眼科", "機関区分": 2, "都道府県コード": 29, "市区町村コード": 205, "所在地": "奈良県橿原市内膳町１丁目１番４３号", "緯度": 34.511501, "経度": 135.793063, "url": "https://www.iryou.teikyouseido.mhlw.go.jp/znk-web/juminkanja/S2430/initialize?prefCd=29&kikanCd=2128200000&kikanKbn=2", "url2": "www.shinshinkai-ganka.jp", "内容": "医療法人　新進会　新進会眼科【2:診療所】【診療科目:眼科】奈良県橿原市内膳町１丁目１番４３号" }, "geometry": { "type": "Point", "coordinates": [ 135.793063, 34.511501 ] } },
{ "type": "Feature", "properties": { "ID": 2922128300000, "正式名称": "のなみ小児科", "機関区分": 2, "都道府県コード": 29, "市区町村コード": 363, "所在地": "奈良県磯城郡田原本町十六面２９番１", "緯度": 34.553578, "経度": 135.786313, "url": "https://www.iryou.teikyouseido.mhlw.go.jp/znk-web/juminkanja/S2430/initialize?prefCd=29&kikanCd=2128300000&kikanKbn=2", "url2": null, "内容": "のなみ小児科【2:診療所】【診療科目:小児科】奈良県磯城郡田原本町十六面２９番１" }, "geometry": { "type": "Point", "coordinates": [ 135.786313, 34.553578 ] } },
{ "type": "Feature", "properties": { "ID": 2922128600000, "正式名称": "増田眼科", "機関区分": 2, "都道府県コード": 29, "市区町村コード": 206, "所在地": "奈良県桜井市上之庄７１０－１", "緯度": 34.516581, "経度": 135.84136, "url": "https://www.iryou.teikyouseido.mhlw.go.jp/znk-web/juminkanja/S2430/initialize?prefCd=29&kikanCd=2128600000&kikanKbn=2", "url2": null, "内容": "増田眼科【2:診療所】【診療科目:眼科】奈良県桜井市上之庄７１０－１" }, "geometry": { "type": "Point", "coordinates": [ 135.84136, 34.516581 ] } },
{ "type": "Feature", "properties": { "ID": 2922128700000, "正式名称": "医療法人中江会なかえ耳鼻咽喉科", "機関区分": 2, "都道府県コード": 29, "市区町村コード": 202, "所在地": "奈良県大和高田市吉井３５０－１", "緯度": 34.483684, "経度": 135.758445, "url": "https://www.iryou.teikyouseido.mhlw.go.jp/znk-web/juminkanja/S2430/initialize?prefCd=29&kikanCd=2128700000&kikanKbn=2", "url2": null, "内容": "医療法人中江会なかえ耳鼻咽喉科【2:診療所】【診療科目:耳鼻いんこう科】奈良県大和高田市吉井３５０－１" }, "geometry": { "type": "Point", "coordinates": [ 135.758445, 34.483684 ] } },
{ "type": "Feature", "properties": { "ID": 2922128800000, "正式名称": "いけなか内科クリニック", "機関区分": 2, "都道府県コード": 29, "市区町村コード": 426, "所在地": "奈良県北葛城郡広陵町安部２３６－１－３", "緯度": 34.534637, "経度": 135.745233, "url": "https://www.iryou.teikyouseido.mhlw.go.jp/znk-web/juminkanja/S2430/initialize?prefCd=29&kikanCd=2128800000&kikanKbn=2", "url2": "https://ikenaka-clinic.com/", "内容": "いけなか内科クリニック【2:診療所】【診療科目:内科_糖尿病内科_消化器内科】奈良県北葛城郡広陵町安部２３６－１－３" }, "geometry": { "type": "Point", "coordinates": [ 135.745233, 34.534637 ] } },
{ "type": "Feature", "properties": { "ID": 2922128900000, "正式名称": "医療法人　応篤会　おうとくクリニック", "機関区分": 2, "都道府県コード": 29, "市区町村コード": 201, "所在地": "奈良県奈良市三条本町８番１号", "緯度": 34.681594, "経度": 135.817942, "url": "https://www.iryou.teikyouseido.mhlw.go.jp/znk-web/juminkanja/S2430/initialize?prefCd=29&kikanCd=2128900000&kikanKbn=2", "url2": "http://outoku-cl.com/", "内容": "医療法人　応篤会　おうとくクリニック【2:診療所】【診療科目:内科_循環器内科_人工透析内科_泌尿器科】奈良県奈良市三条本町８番１号" }, "geometry": { "type": "Point", "coordinates": [ 135.817942, 34.681594 ] } },
{ "type": "Feature", "properties": { "ID": 2922129000000, "正式名称": "医療法人　すぎはら婦人科", "機関区分": 2, "都道府県コード": 29, "市区町村コード": 201, "所在地": "奈良県奈良市中登美ケ丘六丁目３番３号リコラス登美ヶ丘Ａ棟３Ｆ", "緯度": 34.726061, "経度": 135.752335, "url": "https://www.iryou.teikyouseido.mhlw.go.jp/znk-web/juminkanja/S2430/initialize?prefCd=29&kikanCd=2129000000&kikanKbn=2", "url2": "http://www.sugiharafujinka.com", "内容": "医療法人　すぎはら婦人科【2:診療所】【診療科目:婦人科】奈良県奈良市中登美ケ丘六丁目３番３号リコラス登美ヶ丘Ａ棟３Ｆ" }, "geometry": { "type": "Point", "coordinates": [ 135.752335, 34.726061 ] } },
{ "type": "Feature", "properties": { "ID": 2922129100000, "正式名称": "あさひ美容外科", "機関区分": 2, "都道府県コード": 29, "市区町村コード": 201, "所在地": "奈良県奈良市花芝町２８丸谷ビル２Ｆ", "緯度": 34.6864, "経度": 135.828719, "url": "https://www.iryou.teikyouseido.mhlw.go.jp/znk-web/juminkanja/S2430/initialize?prefCd=29&kikanCd=2129100000&kikanKbn=2", "url2": "http://www.asahi-biyou.or.jp", "内容": "あさひ美容外科【2:診療所】【診療科目:美容外科】奈良県奈良市花芝町２８丸谷ビル２Ｆ" }, "geometry": { "type": "Point", "coordinates": [ 135.828719, 34.6864 ] } },
{ "type": "Feature", "properties": { "ID": 2922129400000, "正式名称": "奈良県医療福祉生活協同組合　みみなし診療所", "機関区分": 2, "都道府県コード": 29, "市区町村コード": 205, "所在地": "奈良県橿原市木原町２３０－１", "緯度": 35.499639, "経度": 135.444769, "url": "https://www.iryou.teikyouseido.mhlw.go.jp/znk-web/juminkanja/S2430/initialize?prefCd=29&kikanCd=2129400000&kikanKbn=2", "url2": "http//www.nara-hewcoop.or.jp", "内容": "奈良県医療福祉生活協同組合　みみなし診療所【2:診療所】【診療科目:内科】奈良県橿原市木原町２３０－１" }, "geometry": { "type": "Point", "coordinates": [ 135.444769, 35.499639 ] } },
{ "type": "Feature", "properties": { "ID": 2922129600000, "正式名称": "みうらこどもクリニック", "機関区分": 2, "都道府県コード": 29, "市区町村コード": 205, "所在地": "奈良県橿原市北妙法寺町５６３番", "緯度": 34.519583, "経度": 135.780203, "url": "https://www.iryou.teikyouseido.mhlw.go.jp/znk-web/juminkanja/S2430/initialize?prefCd=29&kikanCd=2129600000&kikanKbn=2", "url2": "http:/www.miura-kc.com/", "内容": "みうらこどもクリニック【2:診療所】【診療科目:小児科_アレルギー科】奈良県橿原市北妙法寺町５６３番" }, "geometry": { "type": "Point", "coordinates": [ 135.780203, 34.519583 ] } },
{ "type": "Feature", "properties": { "ID": 2922129800000, "正式名称": "あおきクリニック", "機関区分": 2, "都道府県コード": 29, "市区町村コード": 201, "所在地": "奈良県奈良市あやめ池南六丁目８番４０号", "緯度": 34.695758, "経度": 135.760835, "url": "https://www.iryou.teikyouseido.mhlw.go.jp/znk-web/juminkanja/S2430/initialize?prefCd=29&kikanCd=2129800000&kikanKbn=2", "url2": "aokicl.jp", "内容": "あおきクリニック【2:診療所】【診療科目:内科_脳神経外科_小児外科_リハビリテーション科】奈良県奈良市あやめ池南六丁目８番４０号" }, "geometry": { "type": "Point", "coordinates": [ 135.760835, 34.695758 ] } },
{ "type": "Feature", "properties": { "ID": 2922129900000, "正式名称": "医療法人鎌田医院田園診療所", "機関区分": 2, "都道府県コード": 29, "市区町村コード": 207, "所在地": "奈良県五條市田園３丁目１１番地の１０、１１番地の９", "緯度": 34.367737, "経度": 135.688717, "url": "https://www.iryou.teikyouseido.mhlw.go.jp/znk-web/juminkanja/S2430/initialize?prefCd=29&kikanCd=2129900000&kikanKbn=2", "url2": "http://www.kamadaiin.com/", "内容": "医療法人鎌田医院田園診療所【2:診療所】【診療科目:内科_婦人科】奈良県五條市田園３丁目１１番地の１０、１１番地の９" }, "geometry": { "type": "Point", "coordinates": [ 135.688717, 34.367737 ] } },
{ "type": "Feature", "properties": { "ID": 2922130000000, "正式名称": "ちえクリニック", "機関区分": 2, "都道府県コード": 29, "市区町村コード": 201, "所在地": "奈良県奈良市学園北一丁目１４番１３号メディカル学園前３階", "緯度": 34.699701, "経度": 135.750655, "url": "https://www.iryou.teikyouseido.mhlw.go.jp/znk-web/juminkanja/S2430/initialize?prefCd=29&kikanCd=2130000000&kikanKbn=2", "url2": "http://chieclinic.com", "内容": "ちえクリニック【2:診療所】【診療科目:産婦人科】奈良県奈良市学園北一丁目１４番１３号メディカル学園前３階" }, "geometry": { "type": "Point", "coordinates": [ 135.750655, 34.699701 ] } },
{ "type": "Feature", "properties": { "ID": 2922130200000, "正式名称": "医療法人慈友会せいかクリニック", "機関区分": 2, "都道府県コード": 29, "市区町村コード": 201, "所在地": "奈良県奈良市藤ノ木台３－２－１２", "緯度": 34.678871, "経度": 135.756586, "url": "https://www.iryou.teikyouseido.mhlw.go.jp/znk-web/juminkanja/S2430/initialize?prefCd=29&kikanCd=2130200000&kikanKbn=2", "url2": "www.xjs.jp", "内容": "医療法人慈友会せいかクリニック【2:診療所】【診療科目:内科_脳神経内科_整形外科】奈良県奈良市藤ノ木台３－２－１２" }, "geometry": { "type": "Point", "coordinates": [ 135.756586, 34.678871 ] } },
{ "type": "Feature", "properties": { "ID": 2922130700000, "正式名称": "医療法人友愛会　しらかしクリニック", "機関区分": 2, "都道府県コード": 29, "市区町村コード": 205, "所在地": "奈良県橿原市白橿町２丁目２２１１番地１", "緯度": 34.476203, "経度": 135.789676, "url": "https://www.iryou.teikyouseido.mhlw.go.jp/znk-web/juminkanja/S2430/initialize?prefCd=29&kikanCd=2130700000&kikanKbn=2", "url2": "http://youai-kai.com/", "内容": "医療法人友愛会　しらかしクリニック【2:診療所】【診療科目:内科_人工透析内科_小児科】奈良県橿原市白橿町２丁目２２１１番地１" }, "geometry": { "type": "Point", "coordinates": [ 135.789676, 34.476203 ] } },
{ "type": "Feature", "properties": { "ID": 2922130900000, "正式名称": "はしもと内科", "機関区分": 2, "都道府県コード": 29, "市区町村コード": 201, "所在地": "奈良県奈良市東向北町３０番１号グランドカワイビル２階", "緯度": 34.68461, "経度": 135.828919, "url": "https://www.iryou.teikyouseido.mhlw.go.jp/znk-web/juminkanja/S2430/initialize?prefCd=29&kikanCd=2130900000&kikanKbn=2", "url2": "http://hashimoto-nara-naika.jp/", "内容": "はしもと内科【2:診療所】【診療科目:内科_消化器内科】奈良県奈良市東向北町３０番１号グランドカワイビル２階" }, "geometry": { "type": "Point", "coordinates": [ 135.828919, 34.68461 ] } },
{ "type": "Feature", "properties": { "ID": 2922131000000, "正式名称": "すくすくこどもクリニック", "機関区分": 2, "都道府県コード": 29, "市区町村コード": 201, "所在地": "奈良県奈良市菅原町６４８－１", "緯度": 34.685649, "経度": 135.772501, "url": "https://www.iryou.teikyouseido.mhlw.go.jp/znk-web/juminkanja/S2430/initialize?prefCd=29&kikanCd=2131000000&kikanKbn=2", "url2": null, "内容": "すくすくこどもクリニック【2:診療所】【診療科目:内科_小児科_アレルギー科】奈良県奈良市菅原町６４８－１" }, "geometry": { "type": "Point", "coordinates": [ 135.772501, 34.685649 ] } },
{ "type": "Feature", "properties": { "ID": 2922131100000, "正式名称": "にしやまと糖尿病内科クリニック", "機関区分": 2, "都道府県コード": 29, "市区町村コード": 424, "所在地": "奈良県北葛城郡上牧町上牧３０００－３６", "緯度": 34.561865, "経度": 135.71086, "url": "https://www.iryou.teikyouseido.mhlw.go.jp/znk-web/juminkanja/S2430/initialize?prefCd=29&kikanCd=2131100000&kikanKbn=2", "url2": "http://nishiyamato-dm.com/", "内容": "にしやまと糖尿病内科クリニック【2:診療所】【診療科目:内科_糖尿病内科】奈良県北葛城郡上牧町上牧３０００－３６" }, "geometry": { "type": "Point", "coordinates": [ 135.71086, 34.561865 ] } },
{ "type": "Feature", "properties": { "ID": 2922131400000, "正式名称": "医）智光会　城井内科医院", "機関区分": 2, "都道府県コード": 29, "市区町村コード": 212, "所在地": "奈良県宇陀市榛原下井足", "緯度": 34.528366, "経度": 135.954035, "url": "https://www.iryou.teikyouseido.mhlw.go.jp/znk-web/juminkanja/S2430/initialize?prefCd=29&kikanCd=2131400000&kikanKbn=2", "url2": "http://www4.kcn.ne.jp/~ashiroi/access1.html", "内容": "医）智光会　城井内科医院【2:診療所】【診療科目:内科_糖尿病内科_内分泌内科_消化器内科_肝臓内科】奈良県宇陀市榛原下井足" }, "geometry": { "type": "Point", "coordinates": [ 135.954035, 34.528366 ] } },
{ "type": "Feature", "properties": { "ID": 2922300100000, "正式名称": "医療法人光司会　神宮前こころのクリニック", "機関区分": 2, "都道府県コード": 29, "市区町村コード": 205, "所在地": "奈良県橿原市久米町５６９番地　ヒロタウエストゲート神宮前１階", "緯度": 34.482364, "経度": 135.792965, "url": "https://www.iryou.teikyouseido.mhlw.go.jp/znk-web/juminkanja/S2430/initialize?prefCd=29&kikanCd=2300100000&kikanKbn=2", "url2": "jingumae-cocoro-clinic.com", "内容": "医療法人光司会　神宮前こころのクリニック【2:診療所】【診療科目:精神科_心療内科】奈良県橿原市久米町５６９番地　ヒロタウエストゲート神宮前１階" }, "geometry": { "type": "Point", "coordinates": [ 135.792965, 34.482364 ] } },
{ "type": "Feature", "properties": { "ID": 2922300200000, "正式名称": "やまがた内科医院", "機関区分": 2, "都道府県コード": 29, "市区町村コード": 201, "所在地": "奈良県奈良市法蓮町１０９５", "緯度": 34.690781, "経度": 135.82619, "url": "https://www.iryou.teikyouseido.mhlw.go.jp/znk-web/juminkanja/S2430/initialize?prefCd=29&kikanCd=2300200000&kikanKbn=2", "url2": "https://xn--v8jvb5exa2633bdfcus7hu05b.com", "内容": "やまがた内科医院【2:診療所】【診療科目:内科_血液内科】奈良県奈良市法蓮町１０９５" }, "geometry": { "type": "Point", "coordinates": [ 135.82619, 34.690781 ] } },
{ "type": "Feature", "properties": { "ID": 2922302700000, "正式名称": "タケモトクリニック", "機関区分": 2, "都道府県コード": 29, "市区町村コード": 203, "所在地": "奈良県大和郡山市上三橋町２３１－１", "緯度": 34.647026, "経度": 135.809116, "url": "https://www.iryou.teikyouseido.mhlw.go.jp/znk-web/juminkanja/S2430/initialize?prefCd=29&kikanCd=2302700000&kikanKbn=2", "url2": "tkcl.me", "内容": "タケモトクリニック【2:診療所】【診療科目:漢方内科】奈良県大和郡山市上三橋町２３１－１" }, "geometry": { "type": "Point", "coordinates": [ 135.809116, 34.647026 ] } },
{ "type": "Feature", "properties": { "ID": 2922302800000, "正式名称": "医療法人葛城会　かつらぎ眼科クリニック", "機関区分": 2, "都道府県コード": 29, "市区町村コード": 209, "所在地": "奈良県生駒市北新町１０番３６ー４０２号", "緯度": 34.694274, "経度": 135.697342, "url": "https://www.iryou.teikyouseido.mhlw.go.jp/znk-web/juminkanja/S2430/initialize?prefCd=29&kikanCd=2302800000&kikanKbn=2", "url2": "https://katsuragi-ganka.com", "内容": "医療法人葛城会　かつらぎ眼科クリニック【2:診療所】【診療科目:眼科】奈良県生駒市北新町１０番３６ー４０２号" }, "geometry": { "type": "Point", "coordinates": [ 135.697342, 34.694274 ] } },
{ "type": "Feature", "properties": { "ID": 2922304100000, "正式名称": "医療法人中野産婦人科", "機関区分": 2, "都道府県コード": 29, "市区町村コード": 201, "所在地": "奈良県奈良市四条大路一丁目３番５７号", "緯度": 34.681241, "経度": 135.804287, "url": "https://www.iryou.teikyouseido.mhlw.go.jp/znk-web/juminkanja/S2430/initialize?prefCd=29&kikanCd=2304100000&kikanKbn=2", "url2": "http://www.nakano-laddies-cl-shinnoomiya.com/#id0", "内容": "医療法人中野産婦人科【2:診療所】【診療科目:産婦人科】奈良県奈良市四条大路一丁目３番５７号" }, "geometry": { "type": "Point", "coordinates": [ 135.804287, 34.681241 ] } },
{ "type": "Feature", "properties": { "ID": 2922304200000, "正式名称": "特別養護老人ホームきび秀華苑医務室", "機関区分": 2, "都道府県コード": 29, "市区町村コード": 206, "所在地": "奈良県桜井市吉備５４２－２", "緯度": 34.508965, "経度": 135.83295, "url": "https://www.iryou.teikyouseido.mhlw.go.jp/znk-web/juminkanja/S2430/initialize?prefCd=29&kikanCd=2304200000&kikanKbn=2", "url2": null, "内容": "特別養護老人ホームきび秀華苑医務室【2:診療所】【診療科目:内科】奈良県桜井市吉備５４２－２" }, "geometry": { "type": "Point", "coordinates": [ 135.83295, 34.508965 ] } },
{ "type": "Feature", "properties": { "ID": 2922304600000, "正式名称": "しらい内科医院", "機関区分": 2, "都道府県コード": 29, "市区町村コード": 201, "所在地": "奈良県奈良市青山四丁目２番地３", "緯度": 34.707304, "経度": 135.83773, "url": "https://www.iryou.teikyouseido.mhlw.go.jp/znk-web/juminkanja/S2430/initialize?prefCd=29&kikanCd=2304600000&kikanKbn=2", "url2": "www.shirainaika.com", "内容": "しらい内科医院【2:診療所】【診療科目:内科】奈良県奈良市青山四丁目２番地３" }, "geometry": { "type": "Point", "coordinates": [ 135.83773, 34.707304 ] } },
{ "type": "Feature", "properties": { "ID": 2922307300000, "正式名称": "うえは整形外科", "機関区分": 2, "都道府県コード": 29, "市区町村コード": 205, "所在地": "奈良県橿原市白橿町２丁目２２１１－１", "緯度": 34.476212, "経度": 135.78971, "url": "https://www.iryou.teikyouseido.mhlw.go.jp/znk-web/juminkanja/S2430/initialize?prefCd=29&kikanCd=2307300000&kikanKbn=2", "url2": "http://www.ueha-seikei.com/index.php", "内容": "うえは整形外科【2:診療所】【診療科目:整形外科_リハビリテーション科】奈良県橿原市白橿町２丁目２２１１－１" }, "geometry": { "type": "Point", "coordinates": [ 135.78971, 34.476212 ] } },
{ "type": "Feature", "properties": { "ID": 2922307800000, "正式名称": "善本内科クリニック", "機関区分": 2, "都道府県コード": 29, "市区町村コード": 203, "所在地": "奈良県大和郡山市野垣内町２－２　郡山駅前公団７号棟", "緯度": 34.650332, "経度": 135.790113, "url": "https://www.iryou.teikyouseido.mhlw.go.jp/znk-web/juminkanja/S2430/initialize?prefCd=29&kikanCd=2307800000&kikanKbn=2", "url2": "http://yoshimoto-clin.com", "内容": "善本内科クリニック【2:診療所】【診療科目:内科_感染症内科_呼吸器内科_アレルギー疾患内科_アレルギー科】奈良県大和郡山市野垣内町２－２　郡山駅前公団７号棟" }, "geometry": { "type": "Point", "coordinates": [ 135.790113, 34.650332 ] } },
{ "type": "Feature", "properties": { "ID": 2922308000000, "正式名称": "杉田クリニック", "機関区分": 2, "都道府県コード": 29, "市区町村コード": 205, "所在地": "奈良県橿原市常盤町３４４－２", "緯度": 34.519395, "経度": 135.812301, "url": "https://www.iryou.teikyouseido.mhlw.go.jp/znk-web/juminkanja/S2430/initialize?prefCd=29&kikanCd=2308000000&kikanKbn=2", "url2": null, "内容": "杉田クリニック【2:診療所】【診療科目:内科_消化器内科】奈良県橿原市常盤町３４４－２" }, "geometry": { "type": "Point", "coordinates": [ 135.812301, 34.519395 ] } },
{ "type": "Feature", "properties": { "ID": 2922308200000, "正式名称": "小林皮ふ科クリニック", "機関区分": 2, "都道府県コード": 29, "市区町村コード": 201, "所在地": "奈良県奈良市富雄元町一丁目２２番１２号", "緯度": 34.694317, "経度": 135.736238, "url": "https://www.iryou.teikyouseido.mhlw.go.jp/znk-web/juminkanja/S2430/initialize?prefCd=29&kikanCd=2308200000&kikanKbn=2", "url2": "kobayashi-skin.com", "内容": "小林皮ふ科クリニック【2:診療所】【診療科目:皮膚科】奈良県奈良市富雄元町一丁目２２番１２号" }, "geometry": { "type": "Point", "coordinates": [ 135.736238, 34.694317 ] } },
{ "type": "Feature", "properties": { "ID": 2922309100000, "正式名称": "わだばやし皮膚科", "機関区分": 2, "都道府県コード": 29, "市区町村コード": 202, "所在地": "奈良県大和高田市今里町５－２８", "緯度": 34.509447, "経度": 135.750327, "url": "https://www.iryou.teikyouseido.mhlw.go.jp/znk-web/juminkanja/S2430/initialize?prefCd=29&kikanCd=2309100000&kikanKbn=2", "url2": "https://www.narahifuka.com", "内容": "わだばやし皮膚科【2:診療所】【診療科目:形成外科_小児皮膚科_皮膚科】奈良県大和高田市今里町５－２８" }, "geometry": { "type": "Point", "coordinates": [ 135.750327, 34.509447 ] } },
{ "type": "Feature", "properties": { "ID": 2922309600000, "正式名称": "医療法人友希会　とみお岩﨑クリニック", "機関区分": 2, "都道府県コード": 29, "市区町村コード": 201, "所在地": "奈良県奈良市二名三丁目１０４６番地１", "緯度": 34.707112, "経度": 135.731017, "url": "https://www.iryou.teikyouseido.mhlw.go.jp/znk-web/juminkanja/S2430/initialize?prefCd=29&kikanCd=2309600000&kikanKbn=2", "url2": "http://tomio-iwasaki-clinic.jp/", "内容": "医療法人友希会　とみお岩﨑クリニック【2:診療所】【診療科目:内科_肛門外科_皮膚科】奈良県奈良市二名三丁目１０４６番地１" }, "geometry": { "type": "Point", "coordinates": [ 135.731017, 34.707112 ] } },
{ "type": "Feature", "properties": { "ID": 2922309800000, "正式名称": "武田内科医院", "機関区分": 2, "都道府県コード": 29, "市区町村コード": 205, "所在地": "奈良県橿原市木原町２１３－７Ｋ．メディカルスクエア１階", "緯度": 34.515317, "経度": 135.8017, "url": "https://www.iryou.teikyouseido.mhlw.go.jp/znk-web/juminkanja/S2430/initialize?prefCd=29&kikanCd=2309800000&kikanKbn=2", "url2": null, "内容": "武田内科医院【2:診療所】【診療科目:内科_呼吸器内科_循環器内科_小児科】奈良県橿原市木原町２１３－７Ｋ．メディカルスクエア１階" }, "geometry": { "type": "Point", "coordinates": [ 135.8017, 34.515317 ] } },
{ "type": "Feature", "properties": { "ID": 2922310900000, "正式名称": "豊原クリニック", "機関区分": 2, "都道府県コード": 29, "市区町村コード": 203, "所在地": "奈良県大和郡山市九条町１８８－２", "緯度": 34.647328, "経度": 135.783249, "url": "https://www.iryou.teikyouseido.mhlw.go.jp/znk-web/juminkanja/S2430/initialize?prefCd=29&kikanCd=2310900000&kikanKbn=2", "url2": null, "内容": "豊原クリニック【2:診療所】【診療科目:内科_感染症内科_糖尿病内科_内分泌内科_糖尿病・内分泌内科_糖尿病・代謝内科_消化器内科_胃腸内科_肝臓内科_漢方内科】奈良県大和郡山市九条町１８８－２" }, "geometry": { "type": "Point", "coordinates": [ 135.783249, 34.647328 ] } },
{ "type": "Feature", "properties": { "ID": 2922311100000, "正式名称": "天理市立メディカルセンター", "機関区分": 2, "都道府県コード": 29, "市区町村コード": 204, "所在地": "奈良県天理市富堂町３００番地１１", "緯度": 34.597608, "経度": 135.817869, "url": "https://www.iryou.teikyouseido.mhlw.go.jp/znk-web/juminkanja/S2430/initialize?prefCd=29&kikanCd=2311100000&kikanKbn=2", "url2": null, "内容": "天理市立メディカルセンター【2:診療所】【診療科目:内科_外科_小児科_婦人科】奈良県天理市富堂町３００番地１１" }, "geometry": { "type": "Point", "coordinates": [ 135.817869, 34.597608 ] } },
{ "type": "Feature", "properties": { "ID": 2922311700000, "正式名称": "西本内科", "機関区分": 2, "都道府県コード": 29, "市区町村コード": 210, "所在地": "奈良県香芝市旭ケ丘４丁目２－１", "緯度": 34.551443, "経度": 135.688613, "url": "https://www.iryou.teikyouseido.mhlw.go.jp/znk-web/juminkanja/S2430/initialize?prefCd=29&kikanCd=2311700000&kikanKbn=2", "url2": "www.2122.jp", "内容": "西本内科【2:診療所】【診療科目:内科_代謝内科_呼吸器内科_循環器内科_消化器内科_腎臓内科】奈良県香芝市旭ケ丘４丁目２－１" }, "geometry": { "type": "Point", "coordinates": [ 135.688613, 34.551443 ] } },
{ "type": "Feature", "properties": { "ID": 2922311800000, "正式名称": "あいの郷診療所", "機関区分": 2, "都道府県コード": 29, "市区町村コード": 203, "所在地": "奈良県大和郡山市発志院町１８４－２特別養護老人ホーム　あいの郷", "緯度": 34.6275434, "経度": 135.8033127, "url": "https://www.iryou.teikyouseido.mhlw.go.jp/znk-web/juminkanja/S2430/initialize?prefCd=29&kikanCd=2311800000&kikanKbn=2", "url2": null, "内容": "あいの郷診療所【2:診療所】【診療科目:内科】奈良県大和郡山市発志院町１８４－２特別養護老人ホーム　あいの郷" }, "geometry": { "type": "Point", "coordinates": [ 135.8033127, 34.6275434 ] } },
{ "type": "Feature", "properties": { "ID": 2922312100000, "正式名称": "まるはしファミリークリニック", "機関区分": 2, "都道府県コード": 29, "市区町村コード": 210, "所在地": "奈良県香芝市五位堂３－４３６－１　アンタレス五位堂１Ｆ", "緯度": 34.533413, "経度": 135.720183, "url": "https://www.iryou.teikyouseido.mhlw.go.jp/znk-web/juminkanja/S2430/initialize?prefCd=29&kikanCd=2312100000&kikanKbn=2", "url2": "http://www.maruhashi-family-clinic.com/", "内容": "まるはしファミリークリニック【2:診療所】【診療科目:内科_循環器内科_心臓内科_外科_小児科_心療内科】奈良県香芝市五位堂３－４３６－１　アンタレス五位堂１Ｆ" }, "geometry": { "type": "Point", "coordinates": [ 135.720183, 34.533413 ] } },
{ "type": "Feature", "properties": { "ID": 2922312400000, "正式名称": "あべ皮フ科クリニック", "機関区分": 2, "都道府県コード": 29, "市区町村コード": 201, "所在地": "奈良県奈良市大安寺町５１５－２－１０１", "緯度": 34.673728, "経度": 135.801572, "url": "https://www.iryou.teikyouseido.mhlw.go.jp/znk-web/juminkanja/S2430/initialize?prefCd=29&kikanCd=2312400000&kikanKbn=2", "url2": null, "内容": "あべ皮フ科クリニック【2:診療所】【診療科目:皮膚科】奈良県奈良市大安寺町５１５－２－１０１" }, "geometry": { "type": "Point", "coordinates": [ 135.801572, 34.673728 ] } },
{ "type": "Feature", "properties": { "ID": 2922312500000, "正式名称": "ますだ診療所", "機関区分": 2, "都道府県コード": 29, "市区町村コード": 211, "所在地": "奈良県葛城市八川１１３－１", "緯度": 34.510277, "経度": 135.719063, "url": "https://www.iryou.teikyouseido.mhlw.go.jp/znk-web/juminkanja/S2430/initialize?prefCd=29&kikanCd=2312500000&kikanKbn=2", "url2": "http://www.masuda-shinryou.com/", "内容": "ますだ診療所【2:診療所】【診療科目:内科_皮膚科_泌尿器科】奈良県葛城市八川１１３－１" }, "geometry": { "type": "Point", "coordinates": [ 135.719063, 34.510277 ] } },
{ "type": "Feature", "properties": { "ID": 2922312800000, "正式名称": "大浦内科クリニック", "機関区分": 2, "都道府県コード": 29, "市区町村コード": 427, "所在地": "奈良県北葛城郡河合町中山台１－１－１８", "緯度": 34.583276, "経度": 135.724372, "url": "https://www.iryou.teikyouseido.mhlw.go.jp/znk-web/juminkanja/S2430/initialize?prefCd=29&kikanCd=2312800000&kikanKbn=2", "url2": "http://www.ouraclinin/com", "内容": "大浦内科クリニック【2:診療所】【診療科目:内科_消化器内科】奈良県北葛城郡河合町中山台１－１－１８" }, "geometry": { "type": "Point", "coordinates": [ 135.724372, 34.583276 ] } },
{ "type": "Feature", "properties": { "ID": 2922313000000, "正式名称": "いけだクリニック", "機関区分": 2, "都道府県コード": 29, "市区町村コード": 201, "所在地": "奈良県奈良市中町４８４２－１", "緯度": 34.671773, "経度": 135.755401, "url": "https://www.iryou.teikyouseido.mhlw.go.jp/znk-web/juminkanja/S2430/initialize?prefCd=29&kikanCd=2313000000&kikanKbn=2", "url2": "http://ikeda-clin.com/", "内容": "いけだクリニック【2:診療所】【診療科目:内科_皮膚科_泌尿器科】奈良県奈良市中町４８４２－１" }, "geometry": { "type": "Point", "coordinates": [ 135.755401, 34.671773 ] } },
{ "type": "Feature", "properties": { "ID": 2922313100000, "正式名称": "医療法人医染会そめかわクリニック", "機関区分": 2, "都道府県コード": 29, "市区町村コード": 201, "所在地": "奈良県奈良市中山町西４－４５６－１ＴＳビル２０１", "緯度": 34.710555, "経度": 135.758397, "url": "https://www.iryou.teikyouseido.mhlw.go.jp/znk-web/juminkanja/S2430/initialize?prefCd=29&kikanCd=2313100000&kikanKbn=2", "url2": "https://somekawa-clinic.com/", "内容": "医療法人医染会そめかわクリニック【2:診療所】【診療科目:内科_糖尿病内科_循環器内科_腎臓内科】奈良県奈良市中山町西４－４５６－１ＴＳビル２０１" }, "geometry": { "type": "Point", "coordinates": [ 135.758397, 34.710555 ] } },
{ "type": "Feature", "properties": { "ID": 2922313400000, "正式名称": "樹のひかり形成外科・皮ふ科", "機関区分": 2, "都道府県コード": 29, "市区町村コード": 201, "所在地": "奈良県奈良市小西町２５番１号ファインフラッツ奈良ザ・レジデンス２Ｆ－Ｃブロック", "緯度": 34.683049, "経度": 135.827451, "url": "https://www.iryou.teikyouseido.mhlw.go.jp/znk-web/juminkanja/S2430/initialize?prefCd=29&kikanCd=2313400000&kikanKbn=2", "url2": null, "内容": "樹のひかり形成外科・皮ふ科【2:診療所】【診療科目:形成外科_皮膚科】奈良県奈良市小西町２５番１号ファインフラッツ奈良ザ・レジデンス２Ｆ－Ｃブロック" }, "geometry": { "type": "Point", "coordinates": [ 135.827451, 34.683049 ] } },
{ "type": "Feature", "properties": { "ID": 2922313700000, "正式名称": "医療法人奥野クリニック", "機関区分": 2, "都道府県コード": 29, "市区町村コード": 202, "所在地": "奈良県大和高田市日之出東本町２０－１８", "緯度": 34.523951, "経度": 135.747744, "url": "https://www.iryou.teikyouseido.mhlw.go.jp/znk-web/juminkanja/S2430/initialize?prefCd=29&kikanCd=2313700000&kikanKbn=2", "url2": null, "内容": "医療法人奥野クリニック【2:診療所】【診療科目:脳神経内科_脳神経外科】奈良県大和高田市日之出東本町２０－１８" }, "geometry": { "type": "Point", "coordinates": [ 135.747744, 34.523951 ] } },
{ "type": "Feature", "properties": { "ID": 2922314600000, "正式名称": "整形外科よねだクリニック", "機関区分": 2, "都道府県コード": 29, "市区町村コード": 202, "所在地": "奈良県大和高田市大中南町３－６９", "緯度": 34.512431, "経度": 135.739209, "url": "https://www.iryou.teikyouseido.mhlw.go.jp/znk-web/juminkanja/S2430/initialize?prefCd=29&kikanCd=2314600000&kikanKbn=2", "url2": "http://yoneda-clinic.jp", "内容": "整形外科よねだクリニック【2:診療所】【診療科目:整形外科_リハビリテーション科】奈良県大和高田市大中南町３－６９" }, "geometry": { "type": "Point", "coordinates": [ 135.739209, 34.512431 ] } },
{ "type": "Feature", "properties": { "ID": 2922314800000, "正式名称": "あそだ内科クリニック", "機関区分": 2, "都道府県コード": 29, "市区町村コード": 201, "所在地": "奈良県奈良市芝辻町四丁目２番２号新大宮伝宝ビル５Ｆ", "緯度": 34.6866, "経度": 135.811829, "url": "https://www.iryou.teikyouseido.mhlw.go.jp/znk-web/juminkanja/S2430/initialize?prefCd=29&kikanCd=2314800000&kikanKbn=2", "url2": null, "内容": "あそだ内科クリニック【2:診療所】【診療科目:内科_糖尿病内科_循環器内科】奈良県奈良市芝辻町四丁目２番２号新大宮伝宝ビル５Ｆ" }, "geometry": { "type": "Point", "coordinates": [ 135.811829, 34.6866 ] } },
{ "type": "Feature", "properties": { "ID": 2922314900000, "正式名称": "医療法人角谷医院　かくたに内科消化器内科", "機関区分": 2, "都道府県コード": 29, "市区町村コード": 203, "所在地": "奈良県大和郡山市南郡山町５２０番地１８　大和郡山マインド２１　２階", "緯度": 34.646574, "経度": 135.781719, "url": "https://www.iryou.teikyouseido.mhlw.go.jp/znk-web/juminkanja/S2430/initialize?prefCd=29&kikanCd=2314900000&kikanKbn=2", "url2": "http://kakutani-clinic.com/", "内容": "医療法人角谷医院　かくたに内科消化器内科【2:診療所】【診療科目:内科_糖尿病内科_消化器内科】奈良県大和郡山市南郡山町５２０番地１８　大和郡山マインド２１　２階" }, "geometry": { "type": "Point", "coordinates": [ 135.781719, 34.646574 ] } },
{ "type": "Feature", "properties": { "ID": 2922315500000, "正式名称": "医療法人奏希会　しばたこどもクリニック", "機関区分": 2, "都道府県コード": 29, "市区町村コード": 211, "所在地": "奈良県葛城市八川１１４－３", "緯度": 34.510247, "経度": 135.719246, "url": "https://www.iryou.teikyouseido.mhlw.go.jp/znk-web/juminkanja/S2430/initialize?prefCd=29&kikanCd=2315500000&kikanKbn=2", "url2": "http://www.shibatakodomo.com", "内容": "医療法人奏希会　しばたこどもクリニック【2:診療所】【診療科目:小児科_アレルギー科】奈良県葛城市八川１１４－３" }, "geometry": { "type": "Point", "coordinates": [ 135.719246, 34.510247 ] } },
{ "type": "Feature", "properties": { "ID": 2922316000000, "正式名称": "いわもとクリニック", "機関区分": 2, "都道府県コード": 29, "市区町村コード": 209, "所在地": "奈良県生駒市あすか野南２－１－１２　あすか野グリーンビル１階", "緯度": 34.7118, "経度": 135.718516, "url": "https://www.iryou.teikyouseido.mhlw.go.jp/znk-web/juminkanja/S2430/initialize?prefCd=29&kikanCd=2316000000&kikanKbn=2", "url2": null, "内容": "いわもとクリニック【2:診療所】【診療科目:内科_外科】奈良県生駒市あすか野南２－１－１２　あすか野グリーンビル１階" }, "geometry": { "type": "Point", "coordinates": [ 135.718516, 34.7118 ] } },
{ "type": "Feature", "properties": { "ID": 2922316400000, "正式名称": "さくらい悟良整形外科クリニック", "機関区分": 2, "都道府県コード": 29, "市区町村コード": 201, "所在地": "奈良県奈良市鶴舞西町１番１６号", "緯度": 34.704491, "経度": 135.750089, "url": "https://www.iryou.teikyouseido.mhlw.go.jp/znk-web/juminkanja/S2430/initialize?prefCd=29&kikanCd=2316400000&kikanKbn=2", "url2": "https://sakuraigoro.p-kit.com", "内容": "さくらい悟良整形外科クリニック【2:診療所】【診療科目:整形外科_リウマチ科_リハビリテーション科】奈良県奈良市鶴舞西町１番１６号" }, "geometry": { "type": "Point", "coordinates": [ 135.750089, 34.704491 ] } },
{ "type": "Feature", "properties": { "ID": 2922316500000, "正式名称": "はたけやま耳鼻咽喉科・アレルギー科", "機関区分": 2, "都道府県コード": 29, "市区町村コード": 363, "所在地": "奈良県磯城郡田原本町保津２９２－１", "緯度": 34.556975, "経度": 135.778651, "url": "https://www.iryou.teikyouseido.mhlw.go.jp/znk-web/juminkanja/S2430/initialize?prefCd=29&kikanCd=2316500000&kikanKbn=2", "url2": "http://hatakeyama-clinic.com/", "内容": "はたけやま耳鼻咽喉科・アレルギー科【2:診療所】【診療科目:耳鼻いんこう科_アレルギー科】奈良県磯城郡田原本町保津２９２－１" }, "geometry": { "type": "Point", "coordinates": [ 135.778651, 34.556975 ] } },
{ "type": "Feature", "properties": { "ID": 2922316600000, "正式名称": "医療法人　つぼみ会　かわにしクリニック", "機関区分": 2, "都道府県コード": 29, "市区町村コード": 202, "所在地": "奈良県大和高田市春日町１－８－３６", "緯度": 34.505089, "経度": 135.738067, "url": "https://www.iryou.teikyouseido.mhlw.go.jp/znk-web/juminkanja/S2430/initialize?prefCd=29&kikanCd=2316600000&kikanKbn=2", "url2": null, "内容": "医療法人　つぼみ会　かわにしクリニック【2:診療所】【診療科目:内科_整形外科_リウマチ科_リハビリテーション科】奈良県大和高田市春日町１－８－３６" }, "geometry": { "type": "Point", "coordinates": [ 135.738067, 34.505089 ] } },
{ "type": "Feature", "properties": { "ID": 2922316700000, "正式名称": "カズクリニック", "機関区分": 2, "都道府県コード": 29, "市区町村コード": 209, "所在地": "奈良県生駒市山崎町４－５　ＮＤＡビル２階", "緯度": 34.691571, "経度": 135.708677, "url": "https://www.iryou.teikyouseido.mhlw.go.jp/znk-web/juminkanja/S2430/initialize?prefCd=29&kikanCd=2316700000&kikanKbn=2", "url2": "http://www.kazuclinic.com", "内容": "カズクリニック【2:診療所】【診療科目:内科_循環器内科】奈良県生駒市山崎町４－５　ＮＤＡビル２階" }, "geometry": { "type": "Point", "coordinates": [ 135.708677, 34.691571 ] } },
{ "type": "Feature", "properties": { "ID": 2922317400000, "正式名称": "かつらぎ博愛会クリニック", "機関区分": 2, "都道府県コード": 29, "市区町村コード": 211, "所在地": "奈良県葛城市林堂３６０－１", "緯度": 34.481235, "経度": 135.719014, "url": "https://www.iryou.teikyouseido.mhlw.go.jp/znk-web/juminkanja/S2430/initialize?prefCd=29&kikanCd=2317400000&kikanKbn=2", "url2": "https://hakuaikai-k.or.jp/", "内容": "かつらぎ博愛会クリニック【2:診療所】【診療科目:内科_小児科】奈良県葛城市林堂３６０－１" }, "geometry": { "type": "Point", "coordinates": [ 135.719014, 34.481235 ] } },
{ "type": "Feature", "properties": { "ID": 2922317800000, "正式名称": "たに泌尿器科クリニック", "機関区分": 2, "都道府県コード": 29, "市区町村コード": 201, "所在地": "奈良県奈良市小西町２５番地１奈良テラス２Ｆ", "緯度": 34.683128, "経度": 135.827443, "url": "https://www.iryou.teikyouseido.mhlw.go.jp/znk-web/juminkanja/S2430/initialize?prefCd=29&kikanCd=2317800000&kikanKbn=2", "url2": "http://tani-man.com/", "内容": "たに泌尿器科クリニック【2:診療所】【診療科目:泌尿器科】奈良県奈良市小西町２５番地１奈良テラス２Ｆ" }, "geometry": { "type": "Point", "coordinates": [ 135.827443, 34.683128 ] } },
{ "type": "Feature", "properties": { "ID": 2922318300000, "正式名称": "塩田医院", "機関区分": 2, "都道府県コード": 29, "市区町村コード": 201, "所在地": "奈良県奈良市此瀬町３５８番地１", "緯度": 34.666052, "経度": 135.911429, "url": "https://www.iryou.teikyouseido.mhlw.go.jp/znk-web/juminkanja/S2430/initialize?prefCd=29&kikanCd=2318300000&kikanKbn=2", "url2": null, "内容": "塩田医院【2:診療所】【診療科目:内科_外科】奈良県奈良市此瀬町３５８番地１" }, "geometry": { "type": "Point", "coordinates": [ 135.911429, 34.666052 ] } },
{ "type": "Feature", "properties": { "ID": 2922319100000, "正式名称": "医療法人　南部会　なんぶ眼科", "機関区分": 2, "都道府県コード": 29, "市区町村コード": 209, "所在地": "奈良県生駒市真弓１－２－８", "緯度": 34.72309, "経度": 135.72509, "url": "https://www.iryou.teikyouseido.mhlw.go.jp/znk-web/juminkanja/S2430/initialize?prefCd=29&kikanCd=2319100000&kikanKbn=2", "url2": "https://www.nambu-ganka.jp/", "内容": "医療法人　南部会　なんぶ眼科【2:診療所】【診療科目:小児眼科_眼科】奈良県生駒市真弓１－２－８" }, "geometry": { "type": "Point", "coordinates": [ 135.72509, 34.72309 ] } },
{ "type": "Feature", "properties": { "ID": 2922319400000, "正式名称": "医療法人楸　ながやま皮膚科", "機関区分": 2, "都道府県コード": 29, "市区町村コード": 205, "所在地": "奈良県橿原市白橿町２丁目２２１１番１", "緯度": 34.476204, "経度": 135.789732, "url": "https://www.iryou.teikyouseido.mhlw.go.jp/znk-web/juminkanja/S2430/initialize?prefCd=29&kikanCd=2319400000&kikanKbn=2", "url2": "http://hifuka-nagayama.com/", "内容": "医療法人楸　ながやま皮膚科【2:診療所】【診療科目:皮膚科_アレルギー科】奈良県橿原市白橿町２丁目２２１１番１" }, "geometry": { "type": "Point", "coordinates": [ 135.789732, 34.476204 ] } },
{ "type": "Feature", "properties": { "ID": 2922320000000, "正式名称": "あゆみ皮フ科クリニック", "機関区分": 2, "都道府県コード": 29, "市区町村コード": 201, "所在地": "奈良県奈良市右京１－３－４サンタウンプラザすずらん南館", "緯度": 34.721311, "経度": 135.789108, "url": "https://www.iryou.teikyouseido.mhlw.go.jp/znk-web/juminkanja/S2430/initialize?prefCd=29&kikanCd=2320000000&kikanKbn=2", "url2": "https://ayumi-hifuka.jp/", "内容": "あゆみ皮フ科クリニック【2:診療所】【診療科目:皮膚科_美容皮膚科】奈良県奈良市右京１－３－４サンタウンプラザすずらん南館" }, "geometry": { "type": "Point", "coordinates": [ 135.789108, 34.721311 ] } },
{ "type": "Feature", "properties": { "ID": 2922320100000, "正式名称": "奈良市立興東診療所", "機関区分": 2, "都道府県コード": 29, "市区町村コード": 201, "所在地": "奈良県奈良市大柳生町４２５４番地", "緯度": 34.716058, "経度": 135.922782, "url": "https://www.iryou.teikyouseido.mhlw.go.jp/znk-web/juminkanja/S2430/initialize?prefCd=29&kikanCd=2320100000&kikanKbn=2", "url2": null, "内容": "奈良市立興東診療所【2:診療所】【診療科目:内科】奈良県奈良市大柳生町４２５４番地" }, "geometry": { "type": "Point", "coordinates": [ 135.922782, 34.716058 ] } },
{ "type": "Feature", "properties": { "ID": 2922320900000, "正式名称": "にしやまクリニック", "機関区分": 2, "都道府県コード": 29, "市区町村コード": 201, "所在地": "奈良県奈良市右京１－３－４すずらん南館２Ｆ", "緯度": 34.72202, "経度": 135.789733, "url": "https://www.iryou.teikyouseido.mhlw.go.jp/znk-web/juminkanja/S2430/initialize?prefCd=29&kikanCd=2320900000&kikanKbn=2", "url2": "http://www.nishiyama-clinic.net/", "内容": "にしやまクリニック【2:診療所】【診療科目:内科_泌尿器科】奈良県奈良市右京１－３－４すずらん南館２Ｆ" }, "geometry": { "type": "Point", "coordinates": [ 135.789733, 34.72202 ] } },
{ "type": "Feature", "properties": { "ID": 2922321100000, "正式名称": "医療法人　ウエダ形成外科美容外科クリニック", "機関区分": 2, "都道府県コード": 29, "市区町村コード": 201, "所在地": "奈良県奈良市学園北１－９－１パラデイ南館５階", "緯度": 34.69816, "経度": 135.750471, "url": "https://www.iryou.teikyouseido.mhlw.go.jp/znk-web/juminkanja/S2430/initialize?prefCd=29&kikanCd=2321100000&kikanKbn=2", "url2": "Gakuenmae-clinic.com", "内容": "医療法人　ウエダ形成外科美容外科クリニック【2:診療所】【診療科目:形成外科_美容外科_皮膚科】奈良県奈良市学園北１－９－１パラデイ南館５階" }, "geometry": { "type": "Point", "coordinates": [ 135.750471, 34.69816 ] } },
{ "type": "Feature", "properties": { "ID": 2922321500000, "正式名称": "もりもとクリニック", "機関区分": 2, "都道府県コード": 29, "市区町村コード": 201, "所在地": "奈良県奈良市南京終町７１０番地１", "緯度": 34.664506, "経度": 135.81984, "url": "https://www.iryou.teikyouseido.mhlw.go.jp/znk-web/juminkanja/S2430/initialize?prefCd=29&kikanCd=2321500000&kikanKbn=2", "url2": "http://morimotoclinic.jp/", "内容": "もりもとクリニック【2:診療所】【診療科目:内科_外科_皮膚科_アレルギー科】奈良県奈良市南京終町７１０番地１" }, "geometry": { "type": "Point", "coordinates": [ 135.81984, 34.664506 ] } },
{ "type": "Feature", "properties": { "ID": 2922321900000, "正式名称": "こんどう泌尿器科・内科クリニック", "機関区分": 2, "都道府県コード": 29, "市区町村コード": 201, "所在地": "奈良県奈良市南京終町７１０ー１", "緯度": 34.664515, "経度": 135.819824, "url": "https://www.iryou.teikyouseido.mhlw.go.jp/znk-web/juminkanja/S2430/initialize?prefCd=29&kikanCd=2321900000&kikanKbn=2", "url2": "https://kondou-clinic.jp", "内容": "こんどう泌尿器科・内科クリニック【2:診療所】【診療科目:内科_泌尿器科】奈良県奈良市南京終町７１０ー１" }, "geometry": { "type": "Point", "coordinates": [ 135.819824, 34.664515 ] } },
{ "type": "Feature", "properties": { "ID": 2922322900000, "正式名称": "こどもとかぞくの診療所", "機関区分": 2, "都道府県コード": 29, "市区町村コード": 202, "所在地": "奈良県大和高田市市場６９９", "緯度": 34.511172, "経度": 135.731409, "url": "https://www.iryou.teikyouseido.mhlw.go.jp/znk-web/juminkanja/S2430/initialize?prefCd=29&kikanCd=2322900000&kikanKbn=2", "url2": "http://kodomotokazoku-shinryojo.jp", "内容": "こどもとかぞくの診療所【2:診療所】【診療科目:内科_漢方内科_小児科_皮膚科】奈良県大和高田市市場６９９" }, "geometry": { "type": "Point", "coordinates": [ 135.731409, 34.511172 ] } },
{ "type": "Feature", "properties": { "ID": 2922323400000, "正式名称": "医療法人にしざき内科クリニック", "機関区分": 2, "都道府県コード": 29, "市区町村コード": 203, "所在地": "奈良県大和郡山市藤原町２－１８　平井ビル１Ｆ", "緯度": 34.6482, "経度": 135.773482, "url": "https://www.iryou.teikyouseido.mhlw.go.jp/znk-web/juminkanja/S2430/initialize?prefCd=29&kikanCd=2323400000&kikanKbn=2", "url2": "http://nishizaki-cl.com/", "内容": "医療法人にしざき内科クリニック【2:診療所】【診療科目:内科_糖尿病内科_循環器内科_循環器外科】奈良県大和郡山市藤原町２－１８　平井ビル１Ｆ" }, "geometry": { "type": "Point", "coordinates": [ 135.773482, 34.6482 ] } },
{ "type": "Feature", "properties": { "ID": 2922323600000, "正式名称": "まえだ整形外科", "機関区分": 2, "都道府県コード": 29, "市区町村コード": 201, "所在地": "奈良県奈良市紀寺町８６４番地１", "緯度": 34.675078, "経度": 135.839434, "url": "https://www.iryou.teikyouseido.mhlw.go.jp/znk-web/juminkanja/S2430/initialize?prefCd=29&kikanCd=2323600000&kikanKbn=2", "url2": "http://honebone.com/", "内容": "まえだ整形外科【2:診療所】【診療科目:整形外科_リハビリテーション科】奈良県奈良市紀寺町８６４番地１" }, "geometry": { "type": "Point", "coordinates": [ 135.839434, 34.675078 ] } },
{ "type": "Feature", "properties": { "ID": 2922324000000, "正式名称": "しき地診療所", "機関区分": 2, "都道府県コード": 29, "市区町村コード": 201, "所在地": "奈良県奈良市佐保台一丁目３５７１番地２０８", "緯度": 34.705957, "経度": 135.811345, "url": "https://www.iryou.teikyouseido.mhlw.go.jp/znk-web/juminkanja/S2430/initialize?prefCd=29&kikanCd=2324000000&kikanKbn=2", "url2": null, "内容": "しき地診療所【2:診療所】【診療科目:内科_外科_肛門外科_皮膚科_泌尿器科_麻酔科】奈良県奈良市佐保台一丁目３５７１番地２０８" }, "geometry": { "type": "Point", "coordinates": [ 135.811345, 34.705957 ] } },
{ "type": "Feature", "properties": { "ID": 2922324200000, "正式名称": "なんぶ小児科アレルギー科", "機関区分": 2, "都道府県コード": 29, "市区町村コード": 201, "所在地": "奈良県奈良市三条本町１－２ＪＲ奈良駅ＮＫビル３階", "緯度": 34.680822, "経度": 135.819596, "url": "https://www.iryou.teikyouseido.mhlw.go.jp/znk-web/juminkanja/S2430/initialize?prefCd=29&kikanCd=2324200000&kikanKbn=2", "url2": "http://nambu-cl.jp/", "内容": "なんぶ小児科アレルギー科【2:診療所】【診療科目:小児科_アレルギー科】奈良県奈良市三条本町１－２ＪＲ奈良駅ＮＫビル３階" }, "geometry": { "type": "Point", "coordinates": [ 135.819596, 34.680822 ] } },
{ "type": "Feature", "properties": { "ID": 2922324400000, "正式名称": "医療法人光輪会やまとクリニック", "機関区分": 2, "都道府県コード": 29, "市区町村コード": 201, "所在地": "奈良県奈良市右京３－１９－２４ＰＡＴＩＯ１階Ａ", "緯度": 34.718153, "経度": 135.785871, "url": "https://www.iryou.teikyouseido.mhlw.go.jp/znk-web/juminkanja/S2430/initialize?prefCd=29&kikanCd=2324400000&kikanKbn=2", "url2": null, "内容": "医療法人光輪会やまとクリニック【2:診療所】【診療科目:内科_精神科】奈良県奈良市右京３－１９－２４ＰＡＴＩＯ１階Ａ" }, "geometry": { "type": "Point", "coordinates": [ 135.785871, 34.718153 ] } },
{ "type": "Feature", "properties": { "ID": 2922324800000, "正式名称": "みないち循環器内科・外科", "機関区分": 2, "都道府県コード": 29, "市区町村コード": 204, "所在地": "奈良県天理市川原城町７５９", "緯度": 34.597502, "経度": 135.832673, "url": "https://www.iryou.teikyouseido.mhlw.go.jp/znk-web/juminkanja/S2430/initialize?prefCd=29&kikanCd=2324800000&kikanKbn=2", "url2": "http://www.371clinic.com/", "内容": "みないち循環器内科・外科【2:診療所】【診療科目:内科_循環器内科_外科】奈良県天理市川原城町７５９" }, "geometry": { "type": "Point", "coordinates": [ 135.832673, 34.597502 ] } },
{ "type": "Feature", "properties": { "ID": 2922325400000, "正式名称": "おおはた耳鼻咽喉科", "機関区分": 2, "都道府県コード": 29, "市区町村コード": 202, "所在地": "奈良県大和高田市大谷７５８番８０", "緯度": 34.527526, "経度": 135.734258, "url": "https://www.iryou.teikyouseido.mhlw.go.jp/znk-web/juminkanja/S2430/initialize?prefCd=29&kikanCd=2325400000&kikanKbn=2", "url2": null, "内容": "おおはた耳鼻咽喉科【2:診療所】【診療科目:小児耳鼻いんこう科_耳鼻いんこう科_アレルギー科】奈良県大和高田市大谷７５８番８０" }, "geometry": { "type": "Point", "coordinates": [ 135.734258, 34.527526 ] } },
{ "type": "Feature", "properties": { "ID": 2922326300000, "正式名称": "きくち診療所", "機関区分": 2, "都道府県コード": 29, "市区町村コード": 209, "所在地": "奈良県生駒市谷田町８８１－１", "緯度": 34.695257, "経度": 135.699806, "url": "https://www.iryou.teikyouseido.mhlw.go.jp/znk-web/juminkanja/S2430/initialize?prefCd=29&kikanCd=2326300000&kikanKbn=2", "url2": "http://www.kikuchi-sinryousho.com", "内容": "きくち診療所【2:診療所】【診療科目:内科_糖尿病内科】奈良県生駒市谷田町８８１－１" }, "geometry": { "type": "Point", "coordinates": [ 135.699806, 34.695257 ] } },
{ "type": "Feature", "properties": { "ID": 2922326500000, "正式名称": "吉内内科糖尿病ファミリークリニック", "機関区分": 2, "都道府県コード": 29, "市区町村コード": 209, "所在地": "奈良県生駒市あすか野南３－７－２１", "緯度": 34.708522, "経度": 135.721943, "url": "https://www.iryou.teikyouseido.mhlw.go.jp/znk-web/juminkanja/S2430/initialize?prefCd=29&kikanCd=2326500000&kikanKbn=2", "url2": null, "内容": "吉内内科糖尿病ファミリークリニック【2:診療所】【診療科目:内科_糖尿病内科_糖尿病・代謝内科】奈良県生駒市あすか野南３－７－２１" }, "geometry": { "type": "Point", "coordinates": [ 135.721943, 34.708522 ] } },
{ "type": "Feature", "properties": { "ID": 2922326900000, "正式名称": "橿原神宮前すぎもと内科クリニック", "機関区分": 2, "都道府県コード": 29, "市区町村コード": 205, "所在地": "奈良県橿原市久米町６６０", "緯度": 34.483645, "経度": 135.795238, "url": "https://www.iryou.teikyouseido.mhlw.go.jp/znk-web/juminkanja/S2430/initialize?prefCd=29&kikanCd=2326900000&kikanKbn=2", "url2": "sugimoto-medical-clinic.com", "内容": "橿原神宮前すぎもと内科クリニック【2:診療所】【診療科目:内科_糖尿病内科_循環器内科_消化器内科】奈良県橿原市久米町６６０" }, "geometry": { "type": "Point", "coordinates": [ 135.795238, 34.483645 ] } },
{ "type": "Feature", "properties": { "ID": 2922327000000, "正式名称": "かおり皮フ科", "機関区分": 2, "都道府県コード": 29, "市区町村コード": 202, "所在地": "奈良県大和高田市大谷７５８－８０", "緯度": 34.52675, "経度": 135.734531, "url": "https://www.iryou.teikyouseido.mhlw.go.jp/znk-web/juminkanja/S2430/initialize?prefCd=29&kikanCd=2327000000&kikanKbn=2", "url2": null, "内容": "かおり皮フ科【2:診療所】【診療科目:皮膚科_美容皮膚科_アレルギー科】奈良県大和高田市大谷７５８－８０" }, "geometry": { "type": "Point", "coordinates": [ 135.734531, 34.52675 ] } },
{ "type": "Feature", "properties": { "ID": 2922328200000, "正式名称": "ささきクリニック", "機関区分": 2, "都道府県コード": 29, "市区町村コード": 204, "所在地": "奈良県天理市丹波市町４２３", "緯度": 34.596947, "経度": 135.83312, "url": "https://www.iryou.teikyouseido.mhlw.go.jp/znk-web/juminkanja/S2430/initialize?prefCd=29&kikanCd=2328200000&kikanKbn=2", "url2": "http//:sasakicl.com", "内容": "ささきクリニック【2:診療所】【診療科目:内科_循環器内科_リハビリテーション科】奈良県天理市丹波市町４２３" }, "geometry": { "type": "Point", "coordinates": [ 135.83312, 34.596947 ] } },
{ "type": "Feature", "properties": { "ID": 2922328500000, "正式名称": "福島医院", "機関区分": 2, "都道府県コード": 29, "市区町村コード": 201, "所在地": "奈良県奈良市学園北一丁目９番１号パラディ学園前Ⅱ　５階", "緯度": 34.698116, "経度": 135.750468, "url": "https://www.iryou.teikyouseido.mhlw.go.jp/znk-web/juminkanja/S2430/initialize?prefCd=29&kikanCd=2328500000&kikanKbn=2", "url2": "http://fukushima-iin.com/", "内容": "福島医院【2:診療所】【診療科目:内科_糖尿病内科】奈良県奈良市学園北一丁目９番１号パラディ学園前Ⅱ　５階" }, "geometry": { "type": "Point", "coordinates": [ 135.750468, 34.698116 ] } },
{ "type": "Feature", "properties": { "ID": 2922328600000, "正式名称": "ＪＲ奈良駅前こころのクリニック", "機関区分": 2, "都道府県コード": 29, "市区町村コード": 201, "所在地": "奈良県奈良市三条本町２番２０号　マツダオフィスビル１階", "緯度": 34.679817, "経度": 135.819755, "url": "https://www.iryou.teikyouseido.mhlw.go.jp/znk-web/juminkanja/S2430/initialize?prefCd=29&kikanCd=2328600000&kikanKbn=2", "url2": "http://jr-nara-cocoro.com", "内容": "ＪＲ奈良駅前こころのクリニック【2:診療所】【診療科目:精神科_心療内科】奈良県奈良市三条本町２番２０号　マツダオフィスビル１階" }, "geometry": { "type": "Point", "coordinates": [ 135.819755, 34.679817 ] } },
{ "type": "Feature", "properties": { "ID": 2922329200000, "正式名称": "医療法人谷山耳鼻咽喉科クリニック", "機関区分": 2, "都道府県コード": 29, "市区町村コード": 210, "所在地": "奈良県香芝市旭ケ丘５－３６－１４", "緯度": 34.555768, "経度": 135.685785, "url": "https://www.iryou.teikyouseido.mhlw.go.jp/znk-web/juminkanja/S2430/initialize?prefCd=29&kikanCd=2329200000&kikanKbn=2", "url2": null, "内容": "医療法人谷山耳鼻咽喉科クリニック【2:診療所】【診療科目:耳鼻いんこう科_アレルギー科】奈良県香芝市旭ケ丘５－３６－１４" }, "geometry": { "type": "Point", "coordinates": [ 135.685785, 34.555768 ] } },
{ "type": "Feature", "properties": { "ID": 2922330900000, "正式名称": "特別養護老人ホーム一樹", "機関区分": 2, "都道府県コード": 29, "市区町村コード": 344, "所在地": "奈良県生駒郡斑鳩町目安３丁目４－３６", "緯度": 34.594975, "経度": 135.738486, "url": "https://www.iryou.teikyouseido.mhlw.go.jp/znk-web/juminkanja/S2430/initialize?prefCd=29&kikanCd=2330900000&kikanKbn=2", "url2": null, "内容": "特別養護老人ホーム一樹【2:診療所】【診療科目:内科】奈良県生駒郡斑鳩町目安３丁目４－３６" }, "geometry": { "type": "Point", "coordinates": [ 135.738486, 34.594975 ] } },
{ "type": "Feature", "properties": { "ID": 2922331300000, "正式名称": "医療法人もみじ会　川口クリニック", "機関区分": 2, "都道府県コード": 29, "市区町村コード": 209, "所在地": "奈良県生駒市鹿ノ台東２丁目４－４", "緯度": 34.735609, "経度": 135.750748, "url": "https://www.iryou.teikyouseido.mhlw.go.jp/znk-web/juminkanja/S2430/initialize?prefCd=29&kikanCd=2331300000&kikanKbn=2", "url2": "https://yusai-clinic.com/", "内容": "医療法人もみじ会　川口クリニック【2:診療所】【診療科目:内科_外科】奈良県生駒市鹿ノ台東２丁目４－４" }, "geometry": { "type": "Point", "coordinates": [ 135.750748, 34.735609 ] } },
{ "type": "Feature", "properties": { "ID": 2922331400000, "正式名称": "医療法人　阿部眼科医院　阿部眼科", "機関区分": 2, "都道府県コード": 29, "市区町村コード": 209, "所在地": "奈良県生駒市辻町３９７番地８　東生駒８番館１階", "緯度": 34.693852, "経度": 135.709287, "url": "https://www.iryou.teikyouseido.mhlw.go.jp/znk-web/juminkanja/S2430/initialize?prefCd=29&kikanCd=2331400000&kikanKbn=2", "url2": "https://abe-eye-clinic.com/", "内容": "医療法人　阿部眼科医院　阿部眼科【2:診療所】【診療科目:眼科】奈良県生駒市辻町３９７番地８　東生駒８番館１階" }, "geometry": { "type": "Point", "coordinates": [ 135.709287, 34.693852 ] } },
{ "type": "Feature", "properties": { "ID": 2922331700000, "正式名称": "よしたに整形外科クリニック", "機関区分": 2, "都道府県コード": 29, "市区町村コード": 205, "所在地": "奈良県橿原市石川町４２０", "緯度": 34.48216, "経度": 135.798401, "url": "https://www.iryou.teikyouseido.mhlw.go.jp/znk-web/juminkanja/S2430/initialize?prefCd=29&kikanCd=2331700000&kikanKbn=2", "url2": "http://www.yoshitani-clinic.com", "内容": "よしたに整形外科クリニック【2:診療所】【診療科目:整形外科_リウマチ科_リハビリテーション科】奈良県橿原市石川町４２０" }, "geometry": { "type": "Point", "coordinates": [ 135.798401, 34.48216 ] } },
{ "type": "Feature", "properties": { "ID": 2922333200000, "正式名称": "甲斐内科消化器内科クリニック", "機関区分": 2, "都道府県コード": 29, "市区町村コード": 201, "所在地": "奈良県奈良市三条本町１番２号ＪＲ奈良駅ＮＫビル３階", "緯度": 34.680737, "経度": 135.819595, "url": "https://www.iryou.teikyouseido.mhlw.go.jp/znk-web/juminkanja/S2430/initialize?prefCd=29&kikanCd=2333200000&kikanKbn=2", "url2": "http://www.kaiclinic.jp", "内容": "甲斐内科消化器内科クリニック【2:診療所】【診療科目:内科_消化器内科_外科_肛門外科】奈良県奈良市三条本町１番２号ＪＲ奈良駅ＮＫビル３階" }, "geometry": { "type": "Point", "coordinates": [ 135.819595, 34.680737 ] } },
{ "type": "Feature", "properties": { "ID": 2922333500000, "正式名称": "医療法人香月会　学園南クリニック", "機関区分": 2, "都道府県コード": 29, "市区町村コード": 201, "所在地": "奈良県奈良市学園大和町二丁目２７番地", "緯度": 34.688593, "経度": 135.752515, "url": "https://www.iryou.teikyouseido.mhlw.go.jp/znk-web/juminkanja/S2430/initialize?prefCd=29&kikanCd=2333500000&kikanKbn=2", "url2": "http://www.gakuen-minami.jp/", "内容": "医療法人香月会　学園南クリニック【2:診療所】【診療科目:整形外科_リウマチ科】奈良県奈良市学園大和町二丁目２７番地" }, "geometry": { "type": "Point", "coordinates": [ 135.752515, 34.688593 ] } },
{ "type": "Feature", "properties": { "ID": 2922333600000, "正式名称": "医療法人杏樹　たけつな小児科クリニック", "機関区分": 2, "都道府県コード": 29, "市区町村コード": 209, "所在地": "奈良県生駒市真弓１丁目２－８", "緯度": 34.723049, "経度": 135.724929, "url": "https://www.iryou.teikyouseido.mhlw.go.jp/znk-web/juminkanja/S2430/initialize?prefCd=29&kikanCd=2333600000&kikanKbn=2", "url2": "www.taketsuna-kojika.com", "内容": "医療法人杏樹　たけつな小児科クリニック【2:診療所】【診療科目:小児科】奈良県生駒市真弓１丁目２－８" }, "geometry": { "type": "Point", "coordinates": [ 135.724929, 34.723049 ] } },
{ "type": "Feature", "properties": { "ID": 2922335100000, "正式名称": "森田医院", "機関区分": 2, "都道府県コード": 29, "市区町村コード": 201, "所在地": "奈良県奈良市高天市町３２番地", "緯度": 34.685662, "経度": 135.824875, "url": "https://www.iryou.teikyouseido.mhlw.go.jp/znk-web/juminkanja/S2430/initialize?prefCd=29&kikanCd=2335100000&kikanKbn=2", "url2": "https://www.morita-iin.jp/", "内容": "森田医院【2:診療所】【診療科目:内科_感染症内科_糖尿病内科_呼吸器内科_循環器内科_消化器内科_小児科_アレルギー科】奈良県奈良市高天市町３２番地" }, "geometry": { "type": "Point", "coordinates": [ 135.824875, 34.685662 ] } },
{ "type": "Feature", "properties": { "ID": 2922335200000, "正式名称": "森戸皮フ科クリニック", "機関区分": 2, "都道府県コード": 29, "市区町村コード": 203, "所在地": "奈良県大和郡山市小泉町東１－６－４", "緯度": 34.623669, "経度": 135.765239, "url": "https://www.iryou.teikyouseido.mhlw.go.jp/znk-web/juminkanja/S2430/initialize?prefCd=29&kikanCd=2335200000&kikanKbn=2", "url2": null, "内容": "森戸皮フ科クリニック【2:診療所】【診療科目:皮膚科_アレルギー科】奈良県大和郡山市小泉町東１－６－４" }, "geometry": { "type": "Point", "coordinates": [ 135.765239, 34.623669 ] } },
{ "type": "Feature", "properties": { "ID": 2922335900000, "正式名称": "あやめ池いしい婦人科クリニック", "機関区分": 2, "都道府県コード": 29, "市区町村コード": 201, "所在地": "奈良県奈良市あやめ池北１丁目３２ー２１メディカルコートあやめ池Ａ－２０４", "緯度": 34.7007, "経度": 135.761655, "url": "https://www.iryou.teikyouseido.mhlw.go.jp/znk-web/juminkanja/S2430/initialize?prefCd=29&kikanCd=2335900000&kikanKbn=2", "url2": "https://www.ayameike-ishii-wcl.com/", "内容": "あやめ池いしい婦人科クリニック【2:診療所】【診療科目:産婦人科_産科_婦人科】奈良県奈良市あやめ池北１丁目３２ー２１メディカルコートあやめ池Ａ－２０４" }, "geometry": { "type": "Point", "coordinates": [ 135.761655, 34.7007 ] } },
{ "type": "Feature", "properties": { "ID": 2922336500000, "正式名称": "大熊眼科医院", "機関区分": 2, "都道府県コード": 29, "市区町村コード": 201, "所在地": "奈良県奈良市高畑町１１１２－３４", "緯度": 34.680145, "経度": 135.832147, "url": "https://www.iryou.teikyouseido.mhlw.go.jp/znk-web/juminkanja/S2430/initialize?prefCd=29&kikanCd=2336500000&kikanKbn=2", "url2": null, "内容": "大熊眼科医院【2:診療所】【診療科目:眼科】奈良県奈良市高畑町１１１２－３４" }, "geometry": { "type": "Point", "coordinates": [ 135.832147, 34.680145 ] } },
{ "type": "Feature", "properties": { "ID": 2922336600000, "正式名称": "なら内視鏡クリニック", "機関区分": 2, "都道府県コード": 29, "市区町村コード": 201, "所在地": "奈良県奈良市三条本町９番１号三条通ガーデンハイツ１階", "緯度": 34.68166, "経度": 135.817407, "url": "https://www.iryou.teikyouseido.mhlw.go.jp/znk-web/juminkanja/S2430/initialize?prefCd=29&kikanCd=2336600000&kikanKbn=2", "url2": "https://naraendoscopic.com", "内容": "なら内視鏡クリニック【2:診療所】【診療科目:消化器内科_胃腸内科_内視鏡内科】奈良県奈良市三条本町９番１号三条通ガーデンハイツ１階" }, "geometry": { "type": "Point", "coordinates": [ 135.817407, 34.68166 ] } },
{ "type": "Feature", "properties": { "ID": 2922336900000, "正式名称": "ころころこどもクリニック", "機関区分": 2, "都道府県コード": 29, "市区町村コード": 204, "所在地": "奈良県天理市指柳町２５６－１１", "緯度": 34.605082, "経度": 135.823846, "url": "https://www.iryou.teikyouseido.mhlw.go.jp/znk-web/juminkanja/S2430/initialize?prefCd=29&kikanCd=2336900000&kikanKbn=2", "url2": "http://korokorokodomo.com", "内容": "ころころこどもクリニック【2:診療所】【診療科目:小児科】奈良県天理市指柳町２５６－１１" }, "geometry": { "type": "Point", "coordinates": [ 135.823846, 34.605082 ] } },
{ "type": "Feature", "properties": { "ID": 2922337000000, "正式名称": "坂上眼科", "機関区分": 2, "都道府県コード": 29, "市区町村コード": 203, "所在地": "奈良県大和郡山市朝日町５２０－５８　にし茂とビル３Ｆ", "緯度": 34.6472, "経度": 135.780704, "url": "https://www.iryou.teikyouseido.mhlw.go.jp/znk-web/juminkanja/S2430/initialize?prefCd=29&kikanCd=2337000000&kikanKbn=2", "url2": "http://sakaueganka.la.coocan.jp/", "内容": "坂上眼科【2:診療所】【診療科目:眼科】奈良県大和郡山市朝日町５２０－５８　にし茂とビル３Ｆ" }, "geometry": { "type": "Point", "coordinates": [ 135.780704, 34.6472 ] } },
{ "type": "Feature", "properties": { "ID": 2922337100000, "正式名称": "湘南美容クリニック奈良院", "機関区分": 2, "都道府県コード": 29, "市区町村コード": 201, "所在地": "奈良県奈良市西大寺東町二丁目４番１号　ならファミリー１階", "緯度": 34.694911, "経度": 135.785606, "url": "https://www.iryou.teikyouseido.mhlw.go.jp/znk-web/juminkanja/S2430/initialize?prefCd=29&kikanCd=2337100000&kikanKbn=2", "url2": "https://www.s-b-c.net/clinic/branch/nara/", "内容": "湘南美容クリニック奈良院【2:診療所】【診療科目:美容外科_美容皮膚科】奈良県奈良市西大寺東町二丁目４番１号　ならファミリー１階" }, "geometry": { "type": "Point", "coordinates": [ 135.785606, 34.694911 ] } },
{ "type": "Feature", "properties": { "ID": 2922338100000, "正式名称": "かしはら山岸眼科クリニック", "機関区分": 2, "都道府県コード": 29, "市区町村コード": 205, "所在地": "奈良県橿原市上品寺町５２３", "緯度": 34.517128, "経度": 135.793439, "url": "https://www.iryou.teikyouseido.mhlw.go.jp/znk-web/juminkanja/S2430/initialize?prefCd=29&kikanCd=2338100000&kikanKbn=2", "url2": "https://kashihara-yamagishi.com/", "内容": "かしはら山岸眼科クリニック【2:診療所】【診療科目:眼科】奈良県橿原市上品寺町５２３" }, "geometry": { "type": "Point", "coordinates": [ 135.793439, 34.517128 ] } },
{ "type": "Feature", "properties": { "ID": 2922338200000, "正式名称": "特別養護老人ホームせせらぎの園", "機関区分": 2, "都道府県コード": 29, "市区町村コード": 208, "所在地": "奈良県御所市増３３－３", "緯度": 34.439419, "経度": 135.712833, "url": "https://www.iryou.teikyouseido.mhlw.go.jp/znk-web/juminkanja/S2430/initialize?prefCd=29&kikanCd=2338200000&kikanKbn=2", "url2": null, "内容": "特別養護老人ホームせせらぎの園【2:診療所】【診療科目:内科_消化器・移植外科】奈良県御所市増３３－３" }, "geometry": { "type": "Point", "coordinates": [ 135.712833, 34.439419 ] } },
{ "type": "Feature", "properties": { "ID": 2922339200000, "正式名称": "斑鳩の里内科醫院", "機関区分": 2, "都道府県コード": 29, "市区町村コード": 344, "所在地": "奈良県生駒郡斑鳩町興留６丁目２番８号", "緯度": 34.602477, "経度": 135.735887, "url": "https://www.iryou.teikyouseido.mhlw.go.jp/znk-web/juminkanja/S2430/initialize?prefCd=29&kikanCd=2339200000&kikanKbn=2", "url2": "http://ikaruganaika.p-kit.com/", "内容": "斑鳩の里内科醫院【2:診療所】【診療科目:内科_糖尿病内科_腎臓内科】奈良県生駒郡斑鳩町興留６丁目２番８号" }, "geometry": { "type": "Point", "coordinates": [ 135.735887, 34.602477 ] } },
{ "type": "Feature", "properties": { "ID": 2922339300000, "正式名称": "奥村クリニック", "機関区分": 2, "都道府県コード": 29, "市区町村コード": 204, "所在地": "奈良県天理市勾田町４３番３", "緯度": 34.588273, "経度": 135.838354, "url": "https://www.iryou.teikyouseido.mhlw.go.jp/znk-web/juminkanja/S2430/initialize?prefCd=29&kikanCd=2339300000&kikanKbn=2", "url2": null, "内容": "奥村クリニック【2:診療所】【診療科目:内科_人工透析内科】奈良県天理市勾田町４３番３" }, "geometry": { "type": "Point", "coordinates": [ 135.838354, 34.588273 ] } },
{ "type": "Feature", "properties": { "ID": 2922339800000, "正式名称": "菊美台クリニック", "機関区分": 2, "都道府県コード": 29, "市区町村コード": 342, "所在地": "奈良県生駒郡平群町菊美台１丁目１０番１３号", "緯度": 34.644875, "経度": 135.708953, "url": "https://www.iryou.teikyouseido.mhlw.go.jp/znk-web/juminkanja/S2430/initialize?prefCd=29&kikanCd=2339800000&kikanKbn=2", "url2": "https://www.kouseikai-med.com/kikumidai/", "内容": "菊美台クリニック【2:診療所】【診療科目:内科_腎臓内科】奈良県生駒郡平群町菊美台１丁目１０番１３号" }, "geometry": { "type": "Point", "coordinates": [ 135.708953, 34.644875 ] } },
{ "type": "Feature", "properties": { "ID": 2922340000000, "正式名称": "石橋整形外科", "機関区分": 2, "都道府県コード": 29, "市区町村コード": 209, "所在地": "奈良県生駒市白庭台３－１５－７", "緯度": 34.723856, "経度": 135.715747, "url": "https://www.iryou.teikyouseido.mhlw.go.jp/znk-web/juminkanja/S2430/initialize?prefCd=29&kikanCd=2340000000&kikanKbn=2", "url2": null, "内容": "石橋整形外科【2:診療所】【診療科目:整形外科】奈良県生駒市白庭台３－１５－７" }, "geometry": { "type": "Point", "coordinates": [ 135.715747, 34.723856 ] } },
{ "type": "Feature", "properties": { "ID": 2922340200000, "正式名称": "いぬいクリニック", "機関区分": 2, "都道府県コード": 29, "市区町村コード": 201, "所在地": "奈良県奈良市疋田町二丁目１番５号", "緯度": 34.691016, "経度": 135.767789, "url": "https://www.iryou.teikyouseido.mhlw.go.jp/znk-web/juminkanja/S2430/initialize?prefCd=29&kikanCd=2340200000&kikanKbn=2", "url2": "https://inui-urosurgery-clinic.jp", "内容": "いぬいクリニック【2:診療所】【診療科目:内科_外科_皮膚科_泌尿器科_リハビリテーション科】奈良県奈良市疋田町二丁目１番５号" }, "geometry": { "type": "Point", "coordinates": [ 135.767789, 34.691016 ] } },
{ "type": "Feature", "properties": { "ID": 2922340600000, "正式名称": "小林クリニック", "機関区分": 2, "都道府県コード": 29, "市区町村コード": 204, "所在地": "奈良県天理市西長柄町１６３", "緯度": 34.571708, "経度": 135.822633, "url": "https://www.iryou.teikyouseido.mhlw.go.jp/znk-web/juminkanja/S2430/initialize?prefCd=29&kikanCd=2340600000&kikanKbn=2", "url2": "https://www.kobayashiclinic.jp", "内容": "小林クリニック【2:診療所】【診療科目:内科_外科_乳腺外科】奈良県天理市西長柄町１６３" }, "geometry": { "type": "Point", "coordinates": [ 135.822633, 34.571708 ] } },
{ "type": "Feature", "properties": { "ID": 2922341200000, "正式名称": "おおまえ医院", "機関区分": 2, "都道府県コード": 29, "市区町村コード": 201, "所在地": "奈良県奈良市大宮町三丁目１番３３号　エクセレンスビル１Ｆ－Ｎ号室", "緯度": 34.682585, "経度": 135.813923, "url": "https://www.iryou.teikyouseido.mhlw.go.jp/znk-web/juminkanja/S2430/initialize?prefCd=29&kikanCd=2341200000&kikanKbn=2", "url2": "https://oomae-iin.com/", "内容": "おおまえ医院【2:診療所】【診療科目:内科_脳神経内科】奈良県奈良市大宮町三丁目１番３３号　エクセレンスビル１Ｆ－Ｎ号室" }, "geometry": { "type": "Point", "coordinates": [ 135.813923, 34.682585 ] } },
{ "type": "Feature", "properties": { "ID": 2922341400000, "正式名称": "ときわクリニック", "機関区分": 2, "都道府県コード": 29, "市区町村コード": 205, "所在地": "奈良県橿原市常盤町５３９－１", "緯度": 34.521288, "経度": 135.812591, "url": "https://www.iryou.teikyouseido.mhlw.go.jp/znk-web/juminkanja/S2430/initialize?prefCd=29&kikanCd=2341400000&kikanKbn=2", "url2": "https://www.tokiwa-cl.com", "内容": "ときわクリニック【2:診療所】【診療科目:内科_呼吸器内科_アレルギー科】奈良県橿原市常盤町５３９－１" }, "geometry": { "type": "Point", "coordinates": [ 135.812591, 34.521288 ] } },
{ "type": "Feature", "properties": { "ID": 2922342700000, "正式名称": "ふるや糖尿病・甲状腺クリニック", "機関区分": 2, "都道府県コード": 29, "市区町村コード": 201, "所在地": "奈良県奈良市菅原東二丁目１８番１９号", "緯度": 34.687672, "経度": 135.781953, "url": "https://www.iryou.teikyouseido.mhlw.go.jp/znk-web/juminkanja/S2430/initialize?prefCd=29&kikanCd=2342700000&kikanKbn=2", "url2": "http://furuya-cl.jp/", "内容": "ふるや糖尿病・甲状腺クリニック【2:診療所】【診療科目:内科_糖尿病・内分泌内科】奈良県奈良市菅原東二丁目１８番１９号" }, "geometry": { "type": "Point", "coordinates": [ 135.781953, 34.687672 ] } },
{ "type": "Feature", "properties": { "ID": 2922342900000, "正式名称": "壬生医院", "機関区分": 2, "都道府県コード": 29, "市区町村コード": 203, "所在地": "奈良県大和郡山市小泉町２３５６－１", "緯度": 34.625486, "経度": 135.7531, "url": "https://www.iryou.teikyouseido.mhlw.go.jp/znk-web/juminkanja/S2430/initialize?prefCd=29&kikanCd=2342900000&kikanKbn=2", "url2": "https://mibuiin.com/", "内容": "壬生医院【2:診療所】【診療科目:内科_皮膚科_泌尿器科】奈良県大和郡山市小泉町２３５６－１" }, "geometry": { "type": "Point", "coordinates": [ 135.7531, 34.625486 ] } },
{ "type": "Feature", "properties": { "ID": 2922343000000, "正式名称": "医療法人　相志和診会　岩間循環器内科", "機関区分": 2, "都道府県コード": 29, "市区町村コード": 425, "所在地": "奈良県北葛城郡王寺町王寺２－７－２３　亀井興産ビル３階", "緯度": 34.596085, "経度": 135.706032, "url": "https://www.iryou.teikyouseido.mhlw.go.jp/znk-web/juminkanja/S2430/initialize?prefCd=29&kikanCd=2343000000&kikanKbn=2", "url2": "https://iwama-cvdprevention.com", "内容": "医療法人　相志和診会　岩間循環器内科【2:診療所】【診療科目:内科_循環器内科_リハビリテーション科】奈良県北葛城郡王寺町王寺２－７－２３　亀井興産ビル３階" }, "geometry": { "type": "Point", "coordinates": [ 135.706032, 34.596085 ] } },
{ "type": "Feature", "properties": { "ID": 2922344700000, "正式名称": "たかつかこどもクリニック", "機関区分": 2, "都道府県コード": 29, "市区町村コード": 342, "所在地": "奈良県生駒郡平群町下垣内１３４－１", "緯度": 34.626659, "経度": 135.7035, "url": "https://www.iryou.teikyouseido.mhlw.go.jp/znk-web/juminkanja/S2430/initialize?prefCd=29&kikanCd=2344700000&kikanKbn=2", "url2": "takatsukaclinic.com", "内容": "たかつかこどもクリニック【2:診療所】【診療科目:小児科_アレルギー科】奈良県生駒郡平群町下垣内１３４－１" }, "geometry": { "type": "Point", "coordinates": [ 135.7035, 34.626659 ] } },
{ "type": "Feature", "properties": { "ID": 2922344900000, "正式名称": "小野クリニック", "機関区分": 2, "都道府県コード": 29, "市区町村コード": 203, "所在地": "奈良県大和郡山市九条平野町３番２５－１号", "緯度": 34.659341, "経度": 135.782009, "url": "https://www.iryou.teikyouseido.mhlw.go.jp/znk-web/juminkanja/S2430/initialize?prefCd=29&kikanCd=2344900000&kikanKbn=2", "url2": "https://ono-cl-nara.com/", "内容": "小野クリニック【2:診療所】【診療科目:内科_皮膚科_泌尿器科】奈良県大和郡山市九条平野町３番２５－１号" }, "geometry": { "type": "Point", "coordinates": [ 135.782009, 34.659341 ] } },
{ "type": "Feature", "properties": { "ID": 2922345000000, "正式名称": "まつおかクリニック　みやけ分院", "機関区分": 2, "都道府県コード": 29, "市区町村コード": 362, "所在地": "奈良県磯城郡三宅町伴堂４１８－１－１", "緯度": 34.574143, "経度": 135.774611, "url": "https://www.iryou.teikyouseido.mhlw.go.jp/znk-web/juminkanja/S2430/initialize?prefCd=29&kikanCd=2345000000&kikanKbn=2", "url2": "clinic-miyake.net", "内容": "まつおかクリニック　みやけ分院【2:診療所】【診療科目:内科】奈良県磯城郡三宅町伴堂４１８－１－１" }, "geometry": { "type": "Point", "coordinates": [ 135.774611, 34.574143 ] } },
{ "type": "Feature", "properties": { "ID": 2922345400000, "正式名称": "医療法人葛城会　かつらぎ眼科クリニック近鉄生駒院", "機関区分": 2, "都道府県コード": 29, "市区町村コード": 209, "所在地": "奈良県生駒市谷田町１６００番地　近鉄百貨店生駒店６階", "緯度": 34.693853, "経度": 135.698082, "url": "https://www.iryou.teikyouseido.mhlw.go.jp/znk-web/juminkanja/S2430/initialize?prefCd=29&kikanCd=2345400000&kikanKbn=2", "url2": "https://katsuragi-ganka.com/kintetsu-ikoma/", "内容": "医療法人葛城会　かつらぎ眼科クリニック近鉄生駒院【2:診療所】【診療科目:眼科】奈良県生駒市谷田町１６００番地　近鉄百貨店生駒店６階" }, "geometry": { "type": "Point", "coordinates": [ 135.698082, 34.693853 ] } },
{ "type": "Feature", "properties": { "ID": 2922345600000, "正式名称": "うなてこどもクリニック", "機関区分": 2, "都道府県コード": 29, "市区町村コード": 205, "所在地": "奈良県橿原市雲梯町１４０－１－Ａ", "緯度": 34.501257, "経度": 135.76338, "url": "https://www.iryou.teikyouseido.mhlw.go.jp/znk-web/juminkanja/S2430/initialize?prefCd=29&kikanCd=2345600000&kikanKbn=2", "url2": "https://unate-kc.com/", "内容": "うなてこどもクリニック【2:診療所】【診療科目:小児科】奈良県橿原市雲梯町１４０－１－Ａ" }, "geometry": { "type": "Point", "coordinates": [ 135.76338, 34.501257 ] } },
{ "type": "Feature", "properties": { "ID": 2922345700000, "正式名称": "ましたに内科クリニック", "機関区分": 2, "都道府県コード": 29, "市区町村コード": 202, "所在地": "奈良県大和高田市幸町３－１８トナリエ大和高田３階", "緯度": 34.518806, "経度": 135.747408, "url": "https://www.iryou.teikyouseido.mhlw.go.jp/znk-web/juminkanja/S2430/initialize?prefCd=29&kikanCd=2345700000&kikanKbn=2", "url2": null, "内容": "ましたに内科クリニック【2:診療所】【診療科目:糖尿病・内分泌内科】奈良県大和高田市幸町３－１８トナリエ大和高田３階" }, "geometry": { "type": "Point", "coordinates": [ 135.747408, 34.518806 ] } },
{ "type": "Feature", "properties": { "ID": 2922345800000, "正式名称": "たむら眼科クリニック", "機関区分": 2, "都道府県コード": 29, "市区町村コード": 202, "所在地": "奈良県大和高田市幸町３−１８トナリエ大和高田３階", "緯度": 34.498089, "経度": 135.7535, "url": "https://www.iryou.teikyouseido.mhlw.go.jp/znk-web/juminkanja/S2430/initialize?prefCd=29&kikanCd=2345800000&kikanKbn=2", "url2": "https://tamuraganka.com/", "内容": "たむら眼科クリニック【2:診療所】【診療科目:眼科】奈良県大和高田市幸町３−１８トナリエ大和高田３階" }, "geometry": { "type": "Point", "coordinates": [ 135.7535, 34.498089 ] } },
{ "type": "Feature", "properties": { "ID": 2922346400000, "正式名称": "はらだ糖尿病・腎・内科クリニック", "機関区分": 2, "都道府県コード": 29, "市区町村コード": 201, "所在地": "奈良県奈良市中登美ケ丘三丁目１番地１階", "緯度": 34.722228, "経度": 135.749877, "url": "https://www.iryou.teikyouseido.mhlw.go.jp/znk-web/juminkanja/S2430/initialize?prefCd=29&kikanCd=2346400000&kikanKbn=2", "url2": "https://clinicharada.com", "内容": "はらだ糖尿病・腎・内科クリニック【2:診療所】【診療科目:内科_糖尿病内科_循環器内科_腎臓内科_リウマチ科】奈良県奈良市中登美ケ丘三丁目１番地１階" }, "geometry": { "type": "Point", "coordinates": [ 135.749877, 34.722228 ] } },
{ "type": "Feature", "properties": { "ID": 2922346500000, "正式名称": "しだ小児科クリニック", "機関区分": 2, "都道府県コード": 29, "市区町村コード": 201, "所在地": "奈良県奈良市中登美ケ丘三丁目１番地１階", "緯度": 34.722228, "経度": 135.749877, "url": "https://www.iryou.teikyouseido.mhlw.go.jp/znk-web/juminkanja/S2430/initialize?prefCd=29&kikanCd=2346500000&kikanKbn=2", "url2": "https://www.shida-kids.com", "内容": "しだ小児科クリニック【2:診療所】【診療科目:小児科_アレルギー科】奈良県奈良市中登美ケ丘三丁目１番地１階" }, "geometry": { "type": "Point", "coordinates": [ 135.749877, 34.722228 ] } },
{ "type": "Feature", "properties": { "ID": 2922348300000, "正式名称": "医療法人ひのうえ会ひがみリウマチ糖尿病内科クリニック", "機関区分": 2, "都道府県コード": 29, "市区町村コード": 205, "所在地": "奈良県橿原市葛本町７０１", "緯度": 34.521228, "経度": 135.796634, "url": "https://www.iryou.teikyouseido.mhlw.go.jp/znk-web/juminkanja/S2430/initialize?prefCd=29&kikanCd=2348300000&kikanKbn=2", "url2": "http://higamihospital.jp", "内容": "医療法人ひのうえ会ひがみリウマチ糖尿病内科クリニック【2:診療所】【診療科目:内科_糖尿病内科_リウマチ科】奈良県橿原市葛本町７０１" }, "geometry": { "type": "Point", "coordinates": [ 135.796634, 34.521228 ] } },
{ "type": "Feature", "properties": { "ID": 2922348400000, "正式名称": "社会医療法人平成記念会へいせいたかとりクリニック", "機関区分": 2, "都道府県コード": 29, "市区町村コード": 401, "所在地": "奈良県高市郡高取町兵庫２０２", "緯度": 34.447333, "経度": 135.776744, "url": "https://www.iryou.teikyouseido.mhlw.go.jp/znk-web/juminkanja/S2430/initialize?prefCd=29&kikanCd=2348400000&kikanKbn=2", "url2": "heisei-h.or.jp/heiseitakatori/index.html", "内容": "社会医療法人平成記念会へいせいたかとりクリニック【2:診療所】【診療科目:内科_整形外科_リハビリテーション科】奈良県高市郡高取町兵庫２０２" }, "geometry": { "type": "Point", "coordinates": [ 135.776744, 34.447333 ] } },
{ "type": "Feature", "properties": { "ID": 2922348900000, "正式名称": "潮田クリニック", "機関区分": 2, "都道府県コード": 29, "市区町村コード": 441, "所在地": "奈良県吉野郡吉野町上市２１３５", "緯度": 34.394663, "経度": 135.846855, "url": "https://www.iryou.teikyouseido.mhlw.go.jp/znk-web/juminkanja/S2430/initialize?prefCd=29&kikanCd=2348900000&kikanKbn=2", "url2": "http://hakkohkai.com", "内容": "潮田クリニック【2:診療所】【診療科目:内科_脳神経外科_婦人科_リハビリテーション科】奈良県吉野郡吉野町上市２１３５" }, "geometry": { "type": "Point", "coordinates": [ 135.846855, 34.394663 ] } },
{ "type": "Feature", "properties": { "ID": 2922350100000, "正式名称": "島本クリニック", "機関区分": 2, "都道府県コード": 29, "市区町村コード": 201, "所在地": "奈良県奈良市西大寺南町５番２６号Ｔ・Ｋビル西大寺ＳＯＵＴＨ３階", "緯度": 34.690508, "経度": 135.782241, "url": "https://www.iryou.teikyouseido.mhlw.go.jp/znk-web/juminkanja/S2430/initialize?prefCd=29&kikanCd=2350100000&kikanKbn=2", "url2": "https://shimamoto-clinic.com", "内容": "島本クリニック【2:診療所】【診療科目:漢方内科_精神科_心療内科_老年精神科】奈良県奈良市西大寺南町５番２６号Ｔ・Ｋビル西大寺ＳＯＵＴＨ３階" }, "geometry": { "type": "Point", "coordinates": [ 135.782241, 34.690508 ] } },
{ "type": "Feature", "properties": { "ID": 2922350800000, "正式名称": "医療法人　西大寺駅前Ａ皮膚科", "機関区分": 2, "都道府県コード": 29, "市区町村コード": 201, "所在地": "奈良県奈良市西大寺東町二丁目１番６３号サンワシティ西大寺３階", "緯度": 34.694446, "経度": 135.783504, "url": "https://www.iryou.teikyouseido.mhlw.go.jp/znk-web/juminkanja/S2430/initialize?prefCd=29&kikanCd=2350800000&kikanKbn=2", "url2": "https://www.a-hifuka.com/", "内容": "医療法人　西大寺駅前Ａ皮膚科【2:診療所】【診療科目:皮膚科_美容皮膚科_アレルギー科】奈良県奈良市西大寺東町二丁目１番６３号サンワシティ西大寺３階" }, "geometry": { "type": "Point", "coordinates": [ 135.783504, 34.694446 ] } },
{ "type": "Feature", "properties": { "ID": 2922351200000, "正式名称": "渡辺耳鼻咽喉科", "機関区分": 2, "都道府県コード": 29, "市区町村コード": 209, "所在地": "奈良県生駒市元町１－１３－１　グリーンヒルいこま４－４１０", "緯度": 34.69279, "経度": 135.696323, "url": "https://www.iryou.teikyouseido.mhlw.go.jp/znk-web/juminkanja/S2430/initialize?prefCd=29&kikanCd=2351200000&kikanKbn=2", "url2": null, "内容": "渡辺耳鼻咽喉科【2:診療所】【診療科目:耳鼻いんこう科】奈良県生駒市元町１－１３－１　グリーンヒルいこま４－４１０" }, "geometry": { "type": "Point", "coordinates": [ 135.696323, 34.69279 ] } },
{ "type": "Feature", "properties": { "ID": 2922351300000, "正式名称": "ぬくもりクリニック田原本", "機関区分": 2, "都道府県コード": 29, "市区町村コード": 363, "所在地": "奈良県磯城郡田原本町宮古７４１－１", "緯度": 34.569013, "経度": 135.780196, "url": "https://www.iryou.teikyouseido.mhlw.go.jp/znk-web/juminkanja/S2430/initialize?prefCd=29&kikanCd=2351300000&kikanKbn=2", "url2": "http://www.nukumori-group.jp/", "内容": "ぬくもりクリニック田原本【2:診療所】【診療科目:内科_脳神経内科_リハビリテーション科】奈良県磯城郡田原本町宮古７４１－１" }, "geometry": { "type": "Point", "coordinates": [ 135.780196, 34.569013 ] } },
{ "type": "Feature", "properties": { "ID": 2922351400000, "正式名称": "医療法人平治会　ミズクリニックメイワン", "機関区分": 2, "都道府県コード": 29, "市区町村コード": 205, "所在地": "奈良県橿原市四条町８７１－１", "緯度": 34.503978, "経度": 135.79465, "url": "https://www.iryou.teikyouseido.mhlw.go.jp/znk-web/juminkanja/S2430/initialize?prefCd=29&kikanCd=2351400000&kikanKbn=2", "url2": "https://www.mscl-mayone.com/", "内容": "医療法人平治会　ミズクリニックメイワン【2:診療所】【診療科目:産婦人科_婦人科】奈良県橿原市四条町８７１－１" }, "geometry": { "type": "Point", "coordinates": [ 135.79465, 34.503978 ] } },
{ "type": "Feature", "properties": { "ID": 2922353800000, "正式名称": "医療法人さかもと整形外科クリニック", "機関区分": 2, "都道府県コード": 29, "市区町村コード": 203, "所在地": "奈良県大和郡山市小林町西１丁目３番地２４", "緯度": 34.621867, "経度": 135.766406, "url": "https://www.iryou.teikyouseido.mhlw.go.jp/znk-web/juminkanja/S2430/initialize?prefCd=29&kikanCd=2353800000&kikanKbn=2", "url2": null, "内容": "医療法人さかもと整形外科クリニック【2:診療所】【診療科目:整形外科】奈良県大和郡山市小林町西１丁目３番地２４" }, "geometry": { "type": "Point", "coordinates": [ 135.766406, 34.621867 ] } },
{ "type": "Feature", "properties": { "ID": 2922354300000, "正式名称": "いいおか医院", "機関区分": 2, "都道府県コード": 29, "市区町村コード": 206, "所在地": "奈良県桜井市芝３６６番地", "緯度": 34.532852, "経度": 135.840751, "url": "https://www.iryou.teikyouseido.mhlw.go.jp/znk-web/juminkanja/S2430/initialize?prefCd=29&kikanCd=2354300000&kikanKbn=2", "url2": null, "内容": "いいおか医院【2:診療所】【診療科目:内科_血液内科_小児科_皮膚科】奈良県桜井市芝３６６番地" }, "geometry": { "type": "Point", "coordinates": [ 135.840751, 34.532852 ] } },
{ "type": "Feature", "properties": { "ID": 2922354600000, "正式名称": "山本耳鼻咽喉科医院", "機関区分": 2, "都道府県コード": 29, "市区町村コード": 203, "所在地": "奈良県大和郡山市南郡山町５２０－１　近鉄郡山駅前ビル　マインド２１　７階", "緯度": 34.647149, "経度": 135.781322, "url": "https://www.iryou.teikyouseido.mhlw.go.jp/znk-web/juminkanja/S2430/initialize?prefCd=29&kikanCd=2354600000&kikanKbn=2", "url2": null, "内容": "山本耳鼻咽喉科医院【2:診療所】【診療科目:耳鼻いんこう科】奈良県大和郡山市南郡山町５２０－１　近鉄郡山駅前ビル　マインド２１　７階" }, "geometry": { "type": "Point", "coordinates": [ 135.781322, 34.647149 ] } },
{ "type": "Feature", "properties": { "ID": 2922355700000, "正式名称": "まみがおか内科", "機関区分": 2, "都道府県コード": 29, "市区町村コード": 426, "所在地": "奈良県北葛城郡広陵町馬見南１－６－２０", "緯度": 34.54152, "経度": 135.728798, "url": "https://www.iryou.teikyouseido.mhlw.go.jp/znk-web/juminkanja/S2430/initialize?prefCd=29&kikanCd=2355700000&kikanKbn=2", "url2": "https://mamigaoka-naika.com/", "内容": "まみがおか内科【2:診療所】【診療科目:内科_糖尿病内科_消化器内科】奈良県北葛城郡広陵町馬見南１－６－２０" }, "geometry": { "type": "Point", "coordinates": [ 135.728798, 34.54152 ] } },
{ "type": "Feature", "properties": { "ID": 2922358000000, "正式名称": "徳岡クリニック", "機関区分": 2, "都道府県コード": 29, "市区町村コード": 205, "所在地": "奈良県橿原市豊田町２７０－１　かとうメディカルモール豊田", "緯度": 34.522, "経度": 135.784607, "url": "https://www.iryou.teikyouseido.mhlw.go.jp/znk-web/juminkanja/S2430/initialize?prefCd=29&kikanCd=2358000000&kikanKbn=2", "url2": null, "内容": "徳岡クリニック【2:診療所】【診療科目:内科_糖尿病内科_代謝内科_消化器内科_漢方内科】奈良県橿原市豊田町２７０－１　かとうメディカルモール豊田" }, "geometry": { "type": "Point", "coordinates": [ 135.784607, 34.522 ] } },
{ "type": "Feature", "properties": { "ID": 2922358100000, "正式名称": "はなふさ整形外科", "機関区分": 2, "都道府県コード": 29, "市区町村コード": 205, "所在地": "奈良県橿原市豊田町２７０－１　かとうメディカルモール豊田", "緯度": 34.522009, "経度": 135.784038, "url": "https://www.iryou.teikyouseido.mhlw.go.jp/znk-web/juminkanja/S2430/initialize?prefCd=29&kikanCd=2358100000&kikanKbn=2", "url2": "https//hanafusa-seikei.com", "内容": "はなふさ整形外科【2:診療所】【診療科目:整形外科_リウマチ科_リハビリテーション科】奈良県橿原市豊田町２７０－１　かとうメディカルモール豊田" }, "geometry": { "type": "Point", "coordinates": [ 135.784038, 34.522009 ] } },
{ "type": "Feature", "properties": { "ID": 2922358700000, "正式名称": "大江歯科診療所", "機関区分": 2, "都道府県コード": 29, "市区町村コード": 203, "所在地": "奈良県大和郡山市矢田町通８", "緯度": 34.647114, "経度": 135.784236, "url": "https://www.iryou.teikyouseido.mhlw.go.jp/znk-web/juminkanja/S2430/initialize?prefCd=29&kikanCd=2358700000&kikanKbn=2", "url2": null, "内容": "大江歯科診療所【2:診療所】【診療科目:歯科】奈良県大和郡山市矢田町通８" }, "geometry": { "type": "Point", "coordinates": [ 135.784236, 34.647114 ] } },
{ "type": "Feature", "properties": { "ID": 2922358800000, "正式名称": "西脇内科医院", "機関区分": 2, "都道府県コード": 29, "市区町村コード": 201, "所在地": "奈良県奈良市神功三丁目７番地２９", "緯度": 34.718665, "経度": 135.780631, "url": "https://www.iryou.teikyouseido.mhlw.go.jp/znk-web/juminkanja/S2430/initialize?prefCd=29&kikanCd=2358800000&kikanKbn=2", "url2": "https://www.nishiwakinaikaiin.com/", "内容": "西脇内科医院【2:診療所】【診療科目:内科_神経内科】奈良県奈良市神功三丁目７番地２９" }, "geometry": { "type": "Point", "coordinates": [ 135.780631, 34.718665 ] } },
{ "type": "Feature", "properties": { "ID": 2922359500000, "正式名称": "医療法人成仁会島田医院", "機関区分": 2, "都道府県コード": 29, "市区町村コード": 201, "所在地": "奈良県奈良市富雄北１－２－２３", "緯度": 34.694789, "経度": 135.735481, "url": "https://www.iryou.teikyouseido.mhlw.go.jp/znk-web/juminkanja/S2430/initialize?prefCd=29&kikanCd=2359500000&kikanKbn=2", "url2": "https://www.shimada.clinic", "内容": "医療法人成仁会島田医院【2:診療所】【診療科目:内科_消化器内科_放射線科】奈良県奈良市富雄北１－２－２３" }, "geometry": { "type": "Point", "coordinates": [ 135.735481, 34.694789 ] } },
{ "type": "Feature", "properties": { "ID": 2922360500000, "正式名称": "エミナルクリニック奈良院", "機関区分": 2, "都道府県コード": 29, "市区町村コード": 201, "所在地": "奈良県奈良市高天町３８番地３近鉄高天ビル２階", "緯度": 34.684059, "経度": 135.825675, "url": "https://www.iryou.teikyouseido.mhlw.go.jp/znk-web/juminkanja/S2430/initialize?prefCd=29&kikanCd=2360500000&kikanKbn=2", "url2": null, "内容": "エミナルクリニック奈良院【2:診療所】【診療科目:美容皮膚科】奈良県奈良市高天町３８番地３近鉄高天ビル２階" }, "geometry": { "type": "Point", "coordinates": [ 135.825675, 34.684059 ] } },
{ "type": "Feature", "properties": { "ID": 2922360600000, "正式名称": "西大和眼科クリニック", "機関区分": 2, "都道府県コード": 29, "市区町村コード": 424, "所在地": "奈良県北葛城郡上牧町上牧２１７４－２西大和眼科クリニック", "緯度": 34.563122, "経度": 135.719906, "url": "https://www.iryou.teikyouseido.mhlw.go.jp/znk-web/juminkanja/S2430/initialize?prefCd=29&kikanCd=2360600000&kikanKbn=2", "url2": null, "内容": "西大和眼科クリニック【2:診療所】【診療科目:眼科】奈良県北葛城郡上牧町上牧２１７４－２西大和眼科クリニック" }, "geometry": { "type": "Point", "coordinates": [ 135.719906, 34.563122 ] } },
{ "type": "Feature", "properties": { "ID": 2922361300000, "正式名称": "医療法人桜雲会　あや眼科クリニック", "機関区分": 2, "都道府県コード": 29, "市区町村コード": 211, "所在地": "奈良県葛城市尺土９－１０あすかビル２階", "緯度": 34.507855, "経度": 135.720941, "url": "https://www.iryou.teikyouseido.mhlw.go.jp/znk-web/juminkanja/S2430/initialize?prefCd=29&kikanCd=2361300000&kikanKbn=2", "url2": "http://aya-eye.com", "内容": "医療法人桜雲会　あや眼科クリニック【2:診療所】【診療科目:眼科】奈良県葛城市尺土９－１０あすかビル２階" }, "geometry": { "type": "Point", "coordinates": [ 135.720941, 34.507855 ] } },
{ "type": "Feature", "properties": { "ID": 2922361900000, "正式名称": "井谷眼科", "機関区分": 2, "都道府県コード": 29, "市区町村コード": 201, "所在地": "奈良県奈良市西大寺南町２番４号サンスクリット西大寺１Ｆ", "緯度": 34.693024, "経度": 135.781558, "url": "https://www.iryou.teikyouseido.mhlw.go.jp/znk-web/juminkanja/S2430/initialize?prefCd=29&kikanCd=2361900000&kikanKbn=2", "url2": "itaniganka.com", "内容": "井谷眼科【2:診療所】【診療科目:眼科】奈良県奈良市西大寺南町２番４号サンスクリット西大寺１Ｆ" }, "geometry": { "type": "Point", "coordinates": [ 135.781558, 34.693024 ] } },
{ "type": "Feature", "properties": { "ID": 2922362700000, "正式名称": "社会医療法人　高清会　天理メディカルクリニック", "機関区分": 2, "都道府県コード": 29, "市区町村コード": 204, "所在地": "奈良県天理市富堂町３００－５７天理メディカルイースト内", "緯度": 34.595314, "経度": 135.81996, "url": "https://www.iryou.teikyouseido.mhlw.go.jp/znk-web/juminkanja/S2430/initialize?prefCd=29&kikanCd=2362700000&kikanKbn=2", "url2": "https://www.tenri-medicaleast.jp/clinic", "内容": "社会医療法人　高清会　天理メディカルクリニック【2:診療所】【診療科目:脳神経内科_人工透析内科_循環器外科_整形外科_形成外科_美容皮膚科_放射線科】奈良県天理市富堂町３００－５７天理メディカルイースト内" }, "geometry": { "type": "Point", "coordinates": [ 135.81996, 34.595314 ] } },
{ "type": "Feature", "properties": { "ID": 2922363000000, "正式名称": "西大寺駅前内科・リウマチクリニック", "機関区分": 2, "都道府県コード": 29, "市区町村コード": 201, "所在地": "奈良県奈良市西大寺南町５番２９号大和西大寺駅前第二ビル１階", "緯度": 34.6923962, "経度": 135.7826141, "url": "https://www.iryou.teikyouseido.mhlw.go.jp/znk-web/juminkanja/S2430/initialize?prefCd=29&kikanCd=2363000000&kikanKbn=2", "url2": null, "内容": "西大寺駅前内科・リウマチクリニック【2:診療所】【診療科目:内科_アレルギー疾患内科_リウマチ科】奈良県奈良市西大寺南町５番２９号大和西大寺駅前第二ビル１階" }, "geometry": { "type": "Point", "coordinates": [ 135.782614099999989, 34.6923962 ] } },
{ "type": "Feature", "properties": { "ID": 2922363100000, "正式名称": "もりや眼科", "機関区分": 2, "都道府県コード": 29, "市区町村コード": 201, "所在地": "奈良県奈良市菅原東二丁目１８番２３号グランピア大和西大寺１階", "緯度": 34.688318, "経度": 135.781871, "url": "https://www.iryou.teikyouseido.mhlw.go.jp/znk-web/juminkanja/S2430/initialize?prefCd=29&kikanCd=2363100000&kikanKbn=2", "url2": "https://moriya-eye-clinic.com/", "内容": "もりや眼科【2:診療所】【診療科目:眼科】奈良県奈良市菅原東二丁目１８番２３号グランピア大和西大寺１階" }, "geometry": { "type": "Point", "coordinates": [ 135.781871, 34.688318 ] } },
{ "type": "Feature", "properties": { "ID": 2922363300000, "正式名称": "くわた在宅クリニック", "機関区分": 2, "都道府県コード": 29, "市区町村コード": 201, "所在地": "奈良県奈良市神殿町３１３", "緯度": 34.663072, "経度": 135.821328, "url": "https://www.iryou.teikyouseido.mhlw.go.jp/znk-web/juminkanja/S2430/initialize?prefCd=29&kikanCd=2363300000&kikanKbn=2", "url2": "https://kuwatazaitaku.com/", "内容": "くわた在宅クリニック【2:診療所】【診療科目:内科_糖尿病内科_内分泌内科_糖尿病・内分泌内科_糖尿病・代謝内科_腫瘍内科_老年内科_緩和ケア内科_精神科】奈良県奈良市神殿町３１３" }, "geometry": { "type": "Point", "coordinates": [ 135.821328, 34.663072 ] } },
{ "type": "Feature", "properties": { "ID": 2922364600000, "正式名称": "北生駒いつき内科クリニック", "機関区分": 2, "都道府県コード": 29, "市区町村コード": 209, "所在地": "奈良県生駒市北大和１丁目２３－１", "緯度": 34.725858, "経度": 135.729162, "url": "https://www.iryou.teikyouseido.mhlw.go.jp/znk-web/juminkanja/S2430/initialize?prefCd=29&kikanCd=2364600000&kikanKbn=2", "url2": null, "内容": "北生駒いつき内科クリニック【2:診療所】【診療科目:内科_消化器内科_外科】奈良県生駒市北大和１丁目２３－１" }, "geometry": { "type": "Point", "coordinates": [ 135.729162, 34.725858 ] } },
{ "type": "Feature", "properties": { "ID": 2922364800000, "正式名称": "ことのは内科クリニック", "機関区分": 2, "都道府県コード": 29, "市区町村コード": 201, "所在地": "奈良県奈良市六条２丁目１８－３奈良六条医療モール１号", "緯度": 34.6712522, "経度": 135.773441, "url": "https://www.iryou.teikyouseido.mhlw.go.jp/znk-web/juminkanja/S2430/initialize?prefCd=29&kikanCd=2364800000&kikanKbn=2", "url2": "https://kotonoha.nara.jp/", "内容": "ことのは内科クリニック【2:診療所】【診療科目:内科_消化器内科_リハビリテーション科】奈良県奈良市六条２丁目１８－３奈良六条医療モール１号" }, "geometry": { "type": "Point", "coordinates": [ 135.773441, 34.6712522 ] } },
{ "type": "Feature", "properties": { "ID": 2922365300000, "正式名称": "出口脳神経クリニック", "機関区分": 2, "都道府県コード": 29, "市区町村コード": 201, "所在地": "奈良県奈良市高天町３８番地３近鉄高天ビル１０１号", "緯度": 34.684059, "経度": 135.825674, "url": "https://www.iryou.teikyouseido.mhlw.go.jp/znk-web/juminkanja/S2430/initialize?prefCd=29&kikanCd=2365300000&kikanKbn=2", "url2": "https://deguchi-neuroclinic.jp", "内容": "出口脳神経クリニック【2:診療所】【診療科目:脳神経内科_脳神経外科】奈良県奈良市高天町３８番地３近鉄高天ビル１０１号" }, "geometry": { "type": "Point", "coordinates": [ 135.825674, 34.684059 ] } },
{ "type": "Feature", "properties": { "ID": 2922365900000, "正式名称": "医療法人ひかり会ひかりクリニック", "機関区分": 2, "都道府県コード": 29, "市区町村コード": 201, "所在地": "奈良県奈良市学園北一丁目８番８号サンライトビル５階", "緯度": 34.698431, "経度": 135.74997, "url": "https://www.iryou.teikyouseido.mhlw.go.jp/znk-web/juminkanja/S2430/initialize?prefCd=29&kikanCd=2365900000&kikanKbn=2", "url2": "https://www.hikariclinic-nara.com/", "内容": "医療法人ひかり会ひかりクリニック【2:診療所】【診療科目:内科_心療内科】奈良県奈良市学園北一丁目８番８号サンライトビル５階" }, "geometry": { "type": "Point", "coordinates": [ 135.74997, 34.698431 ] } },
{ "type": "Feature", "properties": { "ID": 2922366500000, "正式名称": "奈良甲状腺クリニック", "機関区分": 2, "都道府県コード": 29, "市区町村コード": 201, "所在地": "奈良県奈良市西大寺南町５番２６号　Ｔ・Ｋビル西大寺ＳＯＵＴＨ　４階", "緯度": 34.692381, "経度": 135.782475, "url": "https://www.iryou.teikyouseido.mhlw.go.jp/znk-web/juminkanja/S2430/initialize?prefCd=29&kikanCd=2366500000&kikanKbn=2", "url2": "https://nara-thyroid.com/", "内容": "奈良甲状腺クリニック【2:診療所】【診療科目:内科_糖尿病内科_甲状腺内科】奈良県奈良市西大寺南町５番２６号　Ｔ・Ｋビル西大寺ＳＯＵＴＨ　４階" }, "geometry": { "type": "Point", "coordinates": [ 135.782475, 34.692381 ] } },
{ "type": "Feature", "properties": { "ID": 2922366600000, "正式名称": "ピュア美容皮膚科・美容外科クリニック大和西大寺駅前院", "機関区分": 2, "都道府県コード": 29, "市区町村コード": 201, "所在地": "奈良県奈良市西大寺南町５－２９大和西大寺駅前第２ビル４階", "緯度": 34.6923962, "経度": 135.7826141, "url": "https://www.iryou.teikyouseido.mhlw.go.jp/znk-web/juminkanja/S2430/initialize?prefCd=29&kikanCd=2366600000&kikanKbn=2", "url2": null, "内容": "ピュア美容皮膚科・美容外科クリニック大和西大寺駅前院【2:診療所】【診療科目:美容外科_美容皮膚科】奈良県奈良市西大寺南町５－２９大和西大寺駅前第２ビル４階" }, "geometry": { "type": "Point", "coordinates": [ 135.782614099999989, 34.6923962 ] } },
{ "type": "Feature", "properties": { "ID": 2922366700000, "正式名称": "橿原かがやき整形外科", "機関区分": 2, "都道府県コード": 29, "市区町村コード": 205, "所在地": "奈良県橿原市八木町２丁目４番３０号", "緯度": 34.508878, "経度": 135.794042, "url": "https://www.iryou.teikyouseido.mhlw.go.jp/znk-web/juminkanja/S2430/initialize?prefCd=29&kikanCd=2366700000&kikanKbn=2", "url2": "https://www.kashihara-seikei.com/", "内容": "橿原かがやき整形外科【2:診療所】【診療科目:整形外科】奈良県橿原市八木町２丁目４番３０号" }, "geometry": { "type": "Point", "coordinates": [ 135.794042, 34.508878 ] } },
{ "type": "Feature", "properties": { "ID": 2922366800000, "正式名称": "よしだクリニック", "機関区分": 2, "都道府県コード": 29, "市区町村コード": 211, "所在地": "奈良県葛城市西室１９１－２", "緯度": 34.49802, "経度": 135.728132, "url": "https://www.iryou.teikyouseido.mhlw.go.jp/znk-web/juminkanja/S2430/initialize?prefCd=29&kikanCd=2366800000&kikanKbn=2", "url2": "https://www.cl-yoshida.com/", "内容": "よしだクリニック【2:診療所】【診療科目:内科_糖尿病内科_糖尿病・代謝内科_呼吸器内科_アレルギー科】奈良県葛城市西室１９１－２" }, "geometry": { "type": "Point", "coordinates": [ 135.728132, 34.49802 ] } },
{ "type": "Feature", "properties": { "ID": 2922367200000, "正式名称": "林皮膚科クリニック", "機関区分": 2, "都道府県コード": 29, "市区町村コード": 201, "所在地": "奈良県奈良市芝辻町２－１０－２０", "緯度": 34.685817, "経度": 135.816419, "url": "https://www.iryou.teikyouseido.mhlw.go.jp/znk-web/juminkanja/S2430/initialize?prefCd=29&kikanCd=2367200000&kikanKbn=2", "url2": "https://www.hayashihifuka.jp/", "内容": "林皮膚科クリニック【2:診療所】【診療科目:皮膚科】奈良県奈良市芝辻町２－１０－２０" }, "geometry": { "type": "Point", "coordinates": [ 135.816419, 34.685817 ] } },
{ "type": "Feature", "properties": { "ID": 2922367400000, "正式名称": "ＴＣＢ　東京中央美容外科・ＴＣＢ　スキンクリニック　奈良院", "機関区分": 2, "都道府県コード": 29, "市区町村コード": 201, "所在地": "奈良県奈良市小西町２１－１小西町商業ビル２階", "緯度": 34.683584, "経度": 135.826876, "url": "https://www.iryou.teikyouseido.mhlw.go.jp/znk-web/juminkanja/S2430/initialize?prefCd=29&kikanCd=2367400000&kikanKbn=2", "url2": "https://aoki-tsuyoshi.com/", "内容": "ＴＣＢ　東京中央美容外科・ＴＣＢ　スキンクリニック　奈良院【2:診療所】【診療科目:形成外科_美容外科_皮膚科_美容皮膚科】奈良県奈良市小西町２１－１小西町商業ビル２階" }, "geometry": { "type": "Point", "coordinates": [ 135.826876, 34.683584 ] } },
{ "type": "Feature", "properties": { "ID": 2922368300000, "正式名称": "医療法人榎本レディースクリニック", "機関区分": 2, "都道府県コード": 29, "市区町村コード": 209, "所在地": "奈良県生駒市北新町１０－３６－４０５ベルテラスいこま", "緯度": 34.694344, "経度": 135.697925, "url": "https://www.iryou.teikyouseido.mhlw.go.jp/znk-web/juminkanja/S2430/initialize?prefCd=29&kikanCd=2368300000&kikanKbn=2", "url2": null, "内容": "医療法人榎本レディースクリニック【2:診療所】【診療科目:婦人科_泌尿器科】奈良県生駒市北新町１０－３６－４０５ベルテラスいこま" }, "geometry": { "type": "Point", "coordinates": [ 135.697925, 34.694344 ] } },
{ "type": "Feature", "properties": { "ID": 2922368900000, "正式名称": "学園前きたにクリニック", "機関区分": 2, "都道府県コード": 29, "市区町村コード": 201, "所在地": "奈良県奈良市学園北１丁目１４ー１３メディカル学園前１階", "緯度": 34.699698, "経度": 135.750622, "url": "https://www.iryou.teikyouseido.mhlw.go.jp/znk-web/juminkanja/S2430/initialize?prefCd=29&kikanCd=2368900000&kikanKbn=2", "url2": "https://kitani-clinic.com", "内容": "学園前きたにクリニック【2:診療所】【診療科目:内科_消化器内科_外科_肛門外科】奈良県奈良市学園北１丁目１４ー１３メディカル学園前１階" }, "geometry": { "type": "Point", "coordinates": [ 135.750622, 34.699698 ] } },
{ "type": "Feature", "properties": { "ID": 2922369300000, "正式名称": "医療法人社団　日翔会　せんとクリニック", "機関区分": 2, "都道府県コード": 29, "市区町村コード": 201, "所在地": "奈良県奈良市鶴舞東町１番３６号チャームスイート奈良学園前Ｂ１階", "緯度": 34.704143, "経度": 135.750461, "url": "https://www.iryou.teikyouseido.mhlw.go.jp/znk-web/juminkanja/S2430/initialize?prefCd=29&kikanCd=2369300000&kikanKbn=2", "url2": "http://sento.clinic", "内容": "医療法人社団　日翔会　せんとクリニック【2:診療所】【診療科目:内科_精神科】奈良県奈良市鶴舞東町１番３６号チャームスイート奈良学園前Ｂ１階" }, "geometry": { "type": "Point", "coordinates": [ 135.750461, 34.704143 ] } },
{ "type": "Feature", "properties": { "ID": 2922369400000, "正式名称": "なら家庭医療クリニック", "機関区分": 2, "都道府県コード": 29, "市区町村コード": 201, "所在地": "奈良県奈良市紀寺町４１６番地１", "緯度": 34.673489, "経度": 135.834828, "url": "https://www.iryou.teikyouseido.mhlw.go.jp/znk-web/juminkanja/S2430/initialize?prefCd=29&kikanCd=2369400000&kikanKbn=2", "url2": null, "内容": "なら家庭医療クリニック【2:診療所】【診療科目:内科】奈良県奈良市紀寺町４１６番地１" }, "geometry": { "type": "Point", "coordinates": [ 135.834828, 34.673489 ] } },
{ "type": "Feature", "properties": { "ID": 2922369600000, "正式名称": "奈良みあとクリニック", "機関区分": 2, "都道府県コード": 29, "市区町村コード": 201, "所在地": "奈良県奈良市大安寺町５１４番地１Ｃ―３", "緯度": 34.674199, "経度": 135.801789, "url": "https://www.iryou.teikyouseido.mhlw.go.jp/znk-web/juminkanja/S2430/initialize?prefCd=29&kikanCd=2369600000&kikanKbn=2", "url2": "https://nara-miato.com/", "内容": "奈良みあとクリニック【2:診療所】【診療科目:内科_糖尿病内科_消化器内科_放射線科】奈良県奈良市大安寺町５１４番地１Ｃ―３" }, "geometry": { "type": "Point", "coordinates": [ 135.801789, 34.674199 ] } },
{ "type": "Feature", "properties": { "ID": 2922370600000, "正式名称": "うえはら訪問診療所", "機関区分": 2, "都道府県コード": 29, "市区町村コード": 209, "所在地": "奈良県生駒市小瀬町１０１－１　メゾンコンフォール１０１号", "緯度": 34.662317, "経度": 135.708899, "url": "https://www.iryou.teikyouseido.mhlw.go.jp/znk-web/juminkanja/S2430/initialize?prefCd=29&kikanCd=2370600000&kikanKbn=2", "url2": "https://uehara-zaitaku.com/", "内容": "うえはら訪問診療所【2:診療所】【診療科目:内科_腎臓内科】奈良県生駒市小瀬町１０１－１　メゾンコンフォール１０１号" }, "geometry": { "type": "Point", "coordinates": [ 135.708899, 34.662317 ] } },
{ "type": "Feature", "properties": { "ID": 2922371000000, "正式名称": "まゆみクリニック", "機関区分": 2, "都道府県コード": 29, "市区町村コード": 209, "所在地": "奈良県生駒市真弓２丁目４番５号阿部ビル１階", "緯度": 34.72216, "経度": 135.728128, "url": "https://www.iryou.teikyouseido.mhlw.go.jp/znk-web/juminkanja/S2430/initialize?prefCd=29&kikanCd=2371000000&kikanKbn=2", "url2": "https://mayumi-cl.jp/", "内容": "まゆみクリニック【2:診療所】【診療科目:内科_老年精神科】奈良県生駒市真弓２丁目４番５号阿部ビル１階" }, "geometry": { "type": "Point", "coordinates": [ 135.728128, 34.72216 ] } },
{ "type": "Feature", "properties": { "ID": 2922371700000, "正式名称": "いしかわ心臓クリニック", "機関区分": 2, "都道府県コード": 29, "市区町村コード": 201, "所在地": "奈良県奈良市富雄元町二丁目６番４８号ライオンズプラザ富雄１Ｆ", "緯度": 34.692534, "経度": 135.735702, "url": "https://www.iryou.teikyouseido.mhlw.go.jp/znk-web/juminkanja/S2430/initialize?prefCd=29&kikanCd=2371700000&kikanKbn=2", "url2": "https://ishikawacl.org", "内容": "いしかわ心臓クリニック【2:診療所】【診療科目:内科_循環器内科_リハビリテーション科】奈良県奈良市富雄元町二丁目６番４８号ライオンズプラザ富雄１Ｆ" }, "geometry": { "type": "Point", "coordinates": [ 135.735702, 34.692534 ] } },
{ "type": "Feature", "properties": { "ID": 2922371800000, "正式名称": "キアクリニック", "機関区分": 2, "都道府県コード": 29, "市区町村コード": 210, "所在地": "奈良県香芝市上中２００２－１", "緯度": 34.561235, "経度": 135.700895, "url": "https://www.iryou.teikyouseido.mhlw.go.jp/znk-web/juminkanja/S2430/initialize?prefCd=29&kikanCd=2371800000&kikanKbn=2", "url2": "https://noa-clinic.jp/", "内容": "キアクリニック【2:診療所】【診療科目:内科_呼吸器内科_美容皮膚科_アレルギー科】奈良県香芝市上中２００２－１" }, "geometry": { "type": "Point", "coordinates": [ 135.700895, 34.561235 ] } },
{ "type": "Feature", "properties": { "ID": 2922371900000, "正式名称": "樹のひかり形成外科・皮ふ科　橿原八木院", "機関区分": 2, "都道府県コード": 29, "市区町村コード": 205, "所在地": "奈良県橿原市内膳町５丁目２番４０号　ＦＡＣＥビル４Ｆ", "緯度": 34.513828, "経度": 135.791818, "url": "https://www.iryou.teikyouseido.mhlw.go.jp/znk-web/juminkanja/S2430/initialize?prefCd=29&kikanCd=2371900000&kikanKbn=2", "url2": "https://kinohikari.com/", "内容": "樹のひかり形成外科・皮ふ科　橿原八木院【2:診療所】【診療科目:形成外科_皮膚科】奈良県橿原市内膳町５丁目２番４０号　ＦＡＣＥビル４Ｆ" }, "geometry": { "type": "Point", "coordinates": [ 135.791818, 34.513828 ] } },
{ "type": "Feature", "properties": { "ID": 2922373100000, "正式名称": "まるおか眼科", "機関区分": 2, "都道府県コード": 29, "市区町村コード": 203, "所在地": "奈良県大和郡山市柳町７０－１", "緯度": 34.643488, "経度": 135.786121, "url": "https://www.iryou.teikyouseido.mhlw.go.jp/znk-web/juminkanja/S2430/initialize?prefCd=29&kikanCd=2373100000&kikanKbn=2", "url2": null, "内容": "まるおか眼科【2:診療所】【診療科目:眼科】奈良県大和郡山市柳町７０－１" }, "geometry": { "type": "Point", "coordinates": [ 135.786121, 34.643488 ] } },
{ "type": "Feature", "properties": { "ID": 2922373400000, "正式名称": "医療法人さくらメディカル法隆寺さくら眼科クリニック", "機関区分": 2, "都道府県コード": 29, "市区町村コード": 344, "所在地": "奈良県生駒郡斑鳩町龍田南二丁目２５０－５", "緯度": 34.607231, "経度": 135.728504, "url": "https://www.iryou.teikyouseido.mhlw.go.jp/znk-web/juminkanja/S2430/initialize?prefCd=29&kikanCd=2373400000&kikanKbn=2", "url2": "https://hrj-sakura-eye.com", "内容": "医療法人さくらメディカル法隆寺さくら眼科クリニック【2:診療所】【診療科目:眼科】奈良県生駒郡斑鳩町龍田南二丁目２５０－５" }, "geometry": { "type": "Point", "coordinates": [ 135.728504, 34.607231 ] } },
{ "type": "Feature", "properties": { "ID": 2922374500000, "正式名称": "あきしの整形外科クリニック", "機関区分": 2, "都道府県コード": 29, "市区町村コード": 201, "所在地": "奈良県奈良市秋篠町１５６７番地", "緯度": 34.712153, "経度": 135.779361, "url": "https://www.iryou.teikyouseido.mhlw.go.jp/znk-web/juminkanja/S2430/initialize?prefCd=29&kikanCd=2374500000&kikanKbn=2", "url2": "https://www.fukujukai.or.jp/seikei/", "内容": "あきしの整形外科クリニック【2:診療所】【診療科目:整形外科_リハビリテーション科】奈良県奈良市秋篠町１５６７番地" }, "geometry": { "type": "Point", "coordinates": [ 135.779361, 34.712153 ] } },
{ "type": "Feature", "properties": { "ID": 2922374600000, "正式名称": "医療法人　明樹会　夢眠クリニックやまざくら", "機関区分": 2, "都道府県コード": 29, "市区町村コード": 203, "所在地": "奈良県大和郡山市矢田町６８６番地４", "緯度": 34.649249, "経度": 135.754481, "url": "https://www.iryou.teikyouseido.mhlw.go.jp/znk-web/juminkanja/S2430/initialize?prefCd=29&kikanCd=2374600000&kikanKbn=2", "url2": null, "内容": "医療法人　明樹会　夢眠クリニックやまざくら【2:診療所】【診療科目:内科】奈良県大和郡山市矢田町６８６番地４" }, "geometry": { "type": "Point", "coordinates": [ 135.754481, 34.649249 ] } },
{ "type": "Feature", "properties": { "ID": 2922377600000, "正式名称": "五位堂診療所", "機関区分": 2, "都道府県コード": 29, "市区町村コード": 210, "所在地": "奈良県香芝市五位堂４―３９２", "緯度": 34.531506, "経度": 135.717744, "url": "https://www.iryou.teikyouseido.mhlw.go.jp/znk-web/juminkanja/S2430/initialize?prefCd=29&kikanCd=2377600000&kikanKbn=2", "url2": null, "内容": "五位堂診療所【2:診療所】【診療科目:内科_漢方内科】奈良県香芝市五位堂４―３９２" }, "geometry": { "type": "Point", "coordinates": [ 135.717744, 34.531506 ] } },
{ "type": "Feature", "properties": { "ID": 2922378300000, "正式名称": "医療法人万和　たけしま眼科", "機関区分": 2, "都道府県コード": 29, "市区町村コード": 208, "所在地": "奈良県御所市２０６番地の１", "緯度": 34.46211, "経度": 135.73582, "url": "https://www.iryou.teikyouseido.mhlw.go.jp/znk-web/juminkanja/S2430/initialize?prefCd=29&kikanCd=2378300000&kikanKbn=2", "url2": "https://takeshimaganka.com", "内容": "医療法人万和　たけしま眼科【2:診療所】【診療科目:眼科_眼科】奈良県御所市２０６番地の１" }, "geometry": { "type": "Point", "coordinates": [ 135.73582, 34.46211 ] } },
{ "type": "Feature", "properties": { "ID": 2922378900000, "正式名称": "今井町Ｈａｎａ笑みクリニック", "機関区分": 2, "都道府県コード": 29, "市区町村コード": 205, "所在地": "奈良県橿原市今井町１－４－１２", "緯度": 34.506872, "経度": 135.789465, "url": "https://www.iryou.teikyouseido.mhlw.go.jp/znk-web/juminkanja/S2430/initialize?prefCd=29&kikanCd=2378900000&kikanKbn=2", "url2": "imaicho-hanaemi-clinic.com", "内容": "今井町Ｈａｎａ笑みクリニック【2:診療所】【診療科目:精神科_心療内科】奈良県橿原市今井町１－４－１２" }, "geometry": { "type": "Point", "coordinates": [ 135.789465, 34.506872 ] } },
{ "type": "Feature", "properties": { "ID": 2922381700000, "正式名称": "橿原よしかわ眼科", "機関区分": 2, "都道府県コード": 29, "市区町村コード": 205, "所在地": "奈良県橿原市曲川町７－２０－１イオンモール橿原３Ｆ", "緯度": 34.506117, "経度": 135.763057, "url": "https://www.iryou.teikyouseido.mhlw.go.jp/znk-web/juminkanja/S2430/initialize?prefCd=29&kikanCd=2381700000&kikanKbn=2", "url2": "https://www.yoshikawa-eyeclinic.com/", "内容": "橿原よしかわ眼科【2:診療所】【診療科目:眼科】奈良県橿原市曲川町７－２０－１イオンモール橿原３Ｆ" }, "geometry": { "type": "Point", "coordinates": [ 135.763057, 34.506117 ] } },
{ "type": "Feature", "properties": { "ID": 2922382700000, "正式名称": "やまおか胃腸・内視鏡内科クリニック", "機関区分": 2, "都道府県コード": 29, "市区町村コード": 210, "所在地": "奈良県香芝市瓦口２２５３番クリニックステーション五位堂４階", "緯度": 34.530563, "経度": 135.71606, "url": "https://www.iryou.teikyouseido.mhlw.go.jp/znk-web/juminkanja/S2430/initialize?prefCd=29&kikanCd=2382700000&kikanKbn=2", "url2": "https://yamaoka-colon.com/", "内容": "やまおか胃腸・内視鏡内科クリニック【2:診療所】【診療科目:内科_消化器内科_胃腸内科_内視鏡内科_肛門外科】奈良県香芝市瓦口２２５３番クリニックステーション五位堂４階" }, "geometry": { "type": "Point", "coordinates": [ 135.71606, 34.530563 ] } },
{ "type": "Feature", "properties": { "ID": 2922466100000, "正式名称": "よもぎクリニック", "機関区分": 2, "都道府県コード": 29, "市区町村コード": 205, "所在地": "奈良県橿原市内膳町５－２－３３中和商事八木ビル３階", "緯度": 34.513019, "経度": 135.791639, "url": "https://www.iryou.teikyouseido.mhlw.go.jp/znk-web/juminkanja/S2430/initialize?prefCd=29&kikanCd=2466100000&kikanKbn=2", "url2": "https://yomogi-cl.com/", "内容": "よもぎクリニック【2:診療所】【診療科目:ペインクリニック内科_漢方内科】奈良県橿原市内膳町５－２－３３中和商事八木ビル３階" }, "geometry": { "type": "Point", "coordinates": [ 135.791639, 34.513019 ] } },
{ "type": "Feature", "properties": { "ID": 2922474800000, "正式名称": "奈良なかやま眼科", "機関区分": 2, "都道府県コード": 29, "市区町村コード": 205, "所在地": "奈良県橿原市四分町２－１うねびクリニックモール２階", "緯度": 34.495328, "経度": 135.796408, "url": "https://www.iryou.teikyouseido.mhlw.go.jp/znk-web/juminkanja/S2430/initialize?prefCd=29&kikanCd=2474800000&kikanKbn=2", "url2": null, "内容": "奈良なかやま眼科【2:診療所】【診療科目:眼科】奈良県橿原市四分町２－１うねびクリニックモール２階" }, "geometry": { "type": "Point", "coordinates": [ 135.796408, 34.495328 ] } },
{ "type": "Feature", "properties": { "ID": 2922911701536, "正式名称": "社会福祉法人綜合施設　美吉野園診療所", "機関区分": 2, "都道府県コード": 29, "市区町村コード": 442, "所在地": "奈良県吉野郡大淀町下渕６２９", "緯度": 34.388612, "経度": 135.780836, "url": "https://www.iryou.teikyouseido.mhlw.go.jp/znk-web/juminkanja/S2430/initialize?prefCd=29&kikanCd=2911701536&kikanKbn=2", "url2": "https://www.miyoshinoen.jp/", "内容": "社会福祉法人綜合施設　美吉野園診療所【2:診療所】【診療科目:内科_整形外科_精神科】奈良県吉野郡大淀町下渕６２９" }, "geometry": { "type": "Point", "coordinates": [ 135.780836, 34.388612 ] } },
{ "type": "Feature", "properties": { "ID": 2922931000205, "正式名称": "たんしょう内科腎臓内科皮膚科クリニック", "機関区分": 2, "都道府県コード": 29, "市区町村コード": 201, "所在地": "奈良県奈良市鳥見町２丁目８番地７", "緯度": 34.689525, "経度": 135.727753, "url": "https://www.iryou.teikyouseido.mhlw.go.jp/znk-web/juminkanja/S2430/initialize?prefCd=29&kikanCd=2931000205&kikanKbn=2", "url2": null, "内容": "たんしょう内科腎臓内科皮膚科クリニック【2:診療所】【診療科目:内科_循環器内科_腎臓内科_人工透析内科_皮膚科】奈良県奈良市鳥見町２丁目８番地７" }, "geometry": { "type": "Point", "coordinates": [ 135.727753, 34.689525 ] } },
{ "type": "Feature", "properties": { "ID": 2922931100033, "正式名称": "清和会クリニック", "機関区分": 2, "都道府県コード": 29, "市区町村コード": 201, "所在地": "奈良県奈良市学園大和町５丁目７２４－４", "緯度": 34.689161, "経度": 135.741447, "url": "https://www.iryou.teikyouseido.mhlw.go.jp/znk-web/juminkanja/S2430/initialize?prefCd=29&kikanCd=2931100033&kikanKbn=2", "url2": null, "内容": "清和会クリニック【2:診療所】【診療科目:内科_腎臓内科_人工透析内科】奈良県奈良市学園大和町５丁目７２４－４" }, "geometry": { "type": "Point", "coordinates": [ 135.741447, 34.689161 ] } },
{ "type": "Feature", "properties": { "ID": 2922931300097, "正式名称": "登美ヶ丘おおのクリニック", "機関区分": 2, "都道府県コード": 29, "市区町村コード": 201, "所在地": "奈良県奈良市中登美ヶ丘３丁目３アクロスプラザ奈良登美ヶ丘２階", "緯度": 34.722334, "経度": 135.750995, "url": "https://www.iryou.teikyouseido.mhlw.go.jp/znk-web/juminkanja/S2430/initialize?prefCd=29&kikanCd=2931300097&kikanKbn=2", "url2": "https://oono-cl.com/", "内容": "登美ヶ丘おおのクリニック【2:診療所】【診療科目:内科_呼吸器内科_アレルギー科】奈良県奈良市中登美ヶ丘３丁目３アクロスプラザ奈良登美ヶ丘２階" }, "geometry": { "type": "Point", "coordinates": [ 135.750995, 34.722334 ] } },
{ "type": "Feature", "properties": { "ID": 2922931300291, "正式名称": "クリニック石洲会", "機関区分": 2, "都道府県コード": 29, "市区町村コード": 201, "所在地": "奈良県奈良市四条大路１丁目５－５２", "緯度": 34.679398, "経度": 135.801317, "url": "https://www.iryou.teikyouseido.mhlw.go.jp/znk-web/juminkanja/S2430/initialize?prefCd=29&kikanCd=2931300291&kikanKbn=2", "url2": null, "内容": "クリニック石洲会【2:診療所】【診療科目:内科_胃腸内科_外科_脳神経外科_整形外科_リハビリテーション科_麻酔科】奈良県奈良市四条大路１丁目５－５２" }, "geometry": { "type": "Point", "coordinates": [ 135.801317, 34.679398 ] } },
{ "type": "Feature", "properties": { "ID": 2922931400223, "正式名称": "とうぎ内科・循環器内科クリニック", "機関区分": 2, "都道府県コード": 29, "市区町村コード": 201, "所在地": "奈良県奈良市西大寺東町２丁目１－５１西大寺スクエア　４階　３号室", "緯度": 34.694101, "経度": 135.784861, "url": "https://www.iryou.teikyouseido.mhlw.go.jp/znk-web/juminkanja/S2430/initialize?prefCd=29&kikanCd=2931400223&kikanKbn=2", "url2": "https://togi-clinic.com/access/", "内容": "とうぎ内科・循環器内科クリニック【2:診療所】【診療科目:内科_循環器内科】奈良県奈良市西大寺東町２丁目１－５１西大寺スクエア　４階　３号室" }, "geometry": { "type": "Point", "coordinates": [ 135.784861, 34.694101 ] } },
{ "type": "Feature", "properties": { "ID": 2922931600287, "正式名称": "医療法人社団西日本平郁会　ホームケアクリニック奈良", "機関区分": 2, "都道府県コード": 29, "市区町村コード": 201, "所在地": "奈良県奈良市左京３丁目２０－１１", "緯度": 34.716425, "経度": 135.807636, "url": "https://www.iryou.teikyouseido.mhlw.go.jp/znk-web/juminkanja/S2430/initialize?prefCd=29&kikanCd=2931600287&kikanKbn=2", "url2": "https://homecare-nara.com", "内容": "医療法人社団西日本平郁会　ホームケアクリニック奈良【2:診療所】【診療科目:内科_耳鼻いんこう科】奈良県奈良市左京３丁目２０－１１" }, "geometry": { "type": "Point", "coordinates": [ 135.807636, 34.716425 ] } },
{ "type": "Feature", "properties": { "ID": 2922931800047, "正式名称": "かじもとこどもクリニック", "機関区分": 2, "都道府県コード": 29, "市区町村コード": 201, "所在地": "奈良県奈良市学園大和町３－２０３", "緯度": 34.685514, "経度": 135.746569, "url": "https://www.iryou.teikyouseido.mhlw.go.jp/znk-web/juminkanja/S2430/initialize?prefCd=29&kikanCd=2931800047&kikanKbn=2", "url2": null, "内容": "かじもとこどもクリニック【2:診療所】【診療科目:小児科】奈良県奈良市学園大和町３－２０３" }, "geometry": { "type": "Point", "coordinates": [ 135.746569, 34.685514 ] } },
{ "type": "Feature", "properties": { "ID": 2922931800144, "正式名称": "ＫＵＭＩ皮膚科クリニック", "機関区分": 2, "都道府県コード": 29, "市区町村コード": 201, "所在地": "奈良県奈良市西大寺東町２丁目１番５１号西大寺スクエア４階", "緯度": 34.6941018, "経度": 135.784861, "url": "https://www.iryou.teikyouseido.mhlw.go.jp/znk-web/juminkanja/S2430/initialize?prefCd=29&kikanCd=2931800144&kikanKbn=2", "url2": null, "内容": "ＫＵＭＩ皮膚科クリニック【2:診療所】【診療科目:小児皮膚科_皮膚科_美容皮膚科_アレルギー科】奈良県奈良市西大寺東町２丁目１番５１号西大寺スクエア４階" }, "geometry": { "type": "Point", "coordinates": [ 135.784861, 34.6941018 ] } },
{ "type": "Feature", "properties": { "ID": 2922931800241, "正式名称": "奈良西大寺まつき内科・内視鏡クリニック", "機関区分": 2, "都道府県コード": 29, "市区町村コード": 201, "所在地": "奈良県奈良市西大寺東町２－１－５１西大寺スクエア４階", "緯度": 34.690545, "経度": 135.776627, "url": "https://www.iryou.teikyouseido.mhlw.go.jp/znk-web/juminkanja/S2430/initialize?prefCd=29&kikanCd=2931800241&kikanKbn=2", "url2": null, "内容": "奈良西大寺まつき内科・内視鏡クリニック【2:診療所】【診療科目:内科_消化器内科_胃腸内科_肝臓内科_内視鏡内科】奈良県奈良市西大寺東町２－１－５１西大寺スクエア４階" }, "geometry": { "type": "Point", "coordinates": [ 135.776627, 34.690545 ] } },
{ "type": "Feature", "properties": { "ID": 2922931900079, "正式名称": "ならまち内科あいりレディースクリニック", "機関区分": 2, "都道府県コード": 29, "市区町村コード": 201, "所在地": "奈良県奈良市紀寺町９０７－２", "緯度": 34.666344, "経度": 135.838181, "url": "https://www.iryou.teikyouseido.mhlw.go.jp/znk-web/juminkanja/S2430/initialize?prefCd=29&kikanCd=2931900079&kikanKbn=2", "url2": "https://naramachi-cl.jp/clinic/#time", "内容": "ならまち内科あいりレディースクリニック【2:診療所】【診療科目:内科_糖尿病内科_婦人科】奈良県奈良市紀寺町９０７－２" }, "geometry": { "type": "Point", "coordinates": [ 135.838181, 34.666344 ] } },
{ "type": "Feature", "properties": { "ID": 2922952000204, "正式名称": "九条こまどりクリニック", "機関区分": 2, "都道府県コード": 29, "市区町村コード": 203, "所在地": "奈良県大和郡山市九条町２９７－１ＫＹビル３階", "緯度": 34.659338, "経度": 135.783245, "url": "https://www.iryou.teikyouseido.mhlw.go.jp/znk-web/juminkanja/S2430/initialize?prefCd=29&kikanCd=2952000204&kikanKbn=2", "url2": "https://komadori-c.com/", "内容": "九条こまどりクリニック【2:診療所】【診療科目:精神科_心療内科】奈良県大和郡山市九条町２９７－１ＫＹビル３階" }, "geometry": { "type": "Point", "coordinates": [ 135.783245, 34.659338 ] } },
{ "type": "Feature", "properties": { "ID": 2922952200064, "正式名称": "さくら内科クリニック", "機関区分": 2, "都道府県コード": 29, "市区町村コード": 342, "所在地": "奈良県生駒郡平群町吉新１丁目１－１０", "緯度": 34.629652, "経度": 135.701229, "url": "https://www.iryou.teikyouseido.mhlw.go.jp/znk-web/juminkanja/S2430/initialize?prefCd=29&kikanCd=2952200064&kikanKbn=2", "url2": "https://araki-sakura-cl.jp", "内容": "さくら内科クリニック【2:診療所】【診療科目:内科_消化器内科_腎臓内科_小児科】奈良県生駒郡平群町吉新１丁目１－１０" }, "geometry": { "type": "Point", "coordinates": [ 135.701229, 34.629652 ] } },
{ "type": "Feature", "properties": { "ID": 2922952200268, "正式名称": "ひかりの丘クリニック", "機関区分": 2, "都道府県コード": 29, "市区町村コード": 204, "所在地": "奈良県天理市富堂町２２３－８", "緯度": 34.596093, "経度": 135.817022, "url": "https://www.iryou.teikyouseido.mhlw.go.jp/znk-web/juminkanja/S2430/initialize?prefCd=29&kikanCd=2952200268&kikanKbn=2", "url2": null, "内容": "ひかりの丘クリニック【2:診療所】【診療科目:内科_精神科_麻酔科】奈良県天理市富堂町２２３－８" }, "geometry": { "type": "Point", "coordinates": [ 135.817022, 34.596093 ] } },
{ "type": "Feature", "properties": { "ID": 2922952300096, "正式名称": "みらいクリニック", "機関区分": 2, "都道府県コード": 29, "市区町村コード": 344, "所在地": "奈良県生駒郡斑鳩町興留５－１０－３５　フクイマンション３０３", "緯度": 34.603183, "経度": 135.739506, "url": "https://www.iryou.teikyouseido.mhlw.go.jp/znk-web/juminkanja/S2430/initialize?prefCd=29&kikanCd=2952300096&kikanKbn=2", "url2": null, "内容": "みらいクリニック【2:診療所】【診療科目:内科_皮膚科_精神科】奈良県生駒郡斑鳩町興留５－１０－３５　フクイマンション３０３" }, "geometry": { "type": "Point", "coordinates": [ 135.739506, 34.603183 ] } },
{ "type": "Feature", "properties": { "ID": 2922952400222, "正式名称": "医療法人社団優青会　みらいクリニック", "機関区分": 2, "都道府県コード": 29, "市区町村コード": 344, "所在地": "奈良県生駒郡斑鳩町興留５－１０－３５フクイマンション３０３", "緯度": 34.603183, "経度": 135.739506, "url": "https://www.iryou.teikyouseido.mhlw.go.jp/znk-web/juminkanja/S2430/initialize?prefCd=29&kikanCd=2952400222&kikanKbn=2", "url2": null, "内容": "医療法人社団優青会　みらいクリニック【2:診療所】【診療科目:内科_皮膚科_精神科】奈良県生駒郡斑鳩町興留５－１０－３５フクイマンション３０３" }, "geometry": { "type": "Point", "coordinates": [ 135.739506, 34.603183 ] } },
{ "type": "Feature", "properties": { "ID": 2922952500050, "正式名称": "医療法人和幸会　阪奈中央駅前クリニック", "機関区分": 2, "都道府県コード": 29, "市区町村コード": 209, "所在地": "奈良県生駒市中菜畑１－４９－１和州ビル２０３、２０４", "緯度": 34.685215, "経度": 135.707435, "url": "https://www.iryou.teikyouseido.mhlw.go.jp/znk-web/juminkanja/S2430/initialize?prefCd=29&kikanCd=2952500050&kikanKbn=2", "url2": "https://www.wakoucai.or.jp/hanna-cl/", "内容": "医療法人和幸会　阪奈中央駅前クリニック【2:診療所】【診療科目:内科_胃腸内科_泌尿器科】奈良県生駒市中菜畑１－４９－１和州ビル２０３、２０４" }, "geometry": { "type": "Point", "coordinates": [ 135.707435, 34.685215 ] } },
{ "type": "Feature", "properties": { "ID": 2922952600286, "正式名称": "ことりは診療所", "機関区分": 2, "都道府県コード": 29, "市区町村コード": 204, "所在地": "奈良県天理市佐保庄町４５４－１", "緯度": 34.574714, "経度": 135.844153, "url": "https://www.iryou.teikyouseido.mhlw.go.jp/znk-web/juminkanja/S2430/initialize?prefCd=29&kikanCd=2952600286&kikanKbn=2", "url2": "https://www.koto-reha.org/kotoreha/", "内容": "ことりは診療所【2:診療所】【診療科目:内科_脳神経内科_リハビリテーション科】奈良県天理市佐保庄町４５４－１" }, "geometry": { "type": "Point", "coordinates": [ 135.844153, 34.574714 ] } },
{ "type": "Feature", "properties": { "ID": 2922952700111, "正式名称": "みずかみクリニック", "機関区分": 2, "都道府県コード": 29, "市区町村コード": 344, "所在地": "奈良県生駒郡斑鳩町龍田西４－１－４８", "緯度": 34.607119, "経度": 135.716618, "url": "https://www.iryou.teikyouseido.mhlw.go.jp/znk-web/juminkanja/S2430/initialize?prefCd=29&kikanCd=2952700111&kikanKbn=2", "url2": "https://www.mizukamiclinic.com/", "内容": "みずかみクリニック【2:診療所】【診療科目:内科_消化器内科_肛門外科】奈良県生駒郡斑鳩町龍田西４－１－４８" }, "geometry": { "type": "Point", "coordinates": [ 135.716618, 34.607119 ] } },
{ "type": "Feature", "properties": { "ID": 2922952700218, "正式名称": "まつい赤ちゃんキッズクリニック", "機関区分": 2, "都道府県コード": 29, "市区町村コード": 203, "所在地": "奈良県大和郡山市九条町２９１－１", "緯度": 34.659132, "経度": 135.775969, "url": "https://www.iryou.teikyouseido.mhlw.go.jp/znk-web/juminkanja/S2430/initialize?prefCd=29&kikanCd=2952700218&kikanKbn=2", "url2": "https://matsui-kids.jp/", "内容": "まつい赤ちゃんキッズクリニック【2:診療所】【診療科目:小児科】奈良県大和郡山市九条町２９１－１" }, "geometry": { "type": "Point", "coordinates": [ 135.775969, 34.659132 ] } },
{ "type": "Feature", "properties": { "ID": 2922957000209, "正式名称": "やまぐちメンタルクリニック奈良真美ヶ丘", "機関区分": 2, "都道府県コード": 29, "市区町村コード": 426, "所在地": "奈良県北葛城郡広陵町馬見中５丁目１－１５", "緯度": 34.547633, "経度": 135.722044, "url": "https://www.iryou.teikyouseido.mhlw.go.jp/znk-web/juminkanja/S2430/initialize?prefCd=29&kikanCd=2957000209&kikanKbn=2", "url2": "https://www.yamaguchi-mental.com/", "内容": "やまぐちメンタルクリニック奈良真美ヶ丘【2:診療所】【診療科目:児童精神科_精神科_心療内科】奈良県北葛城郡広陵町馬見中５丁目１－１５" }, "geometry": { "type": "Point", "coordinates": [ 135.722044, 34.547633 ] } },
{ "type": "Feature", "properties": { "ID": 2922957000500, "正式名称": "西川クリニック", "機関区分": 2, "都道府県コード": 29, "市区町村コード": 425, "所在地": "奈良県北葛城郡王寺町本町１－５－３５", "緯度": 34.591601, "経度": 135.70664, "url": "https://www.iryou.teikyouseido.mhlw.go.jp/znk-web/juminkanja/S2430/initialize?prefCd=29&kikanCd=2957000500&kikanKbn=2", "url2": null, "内容": "西川クリニック【2:診療所】【診療科目:外科_整形外科_リウマチ科_麻酔科】奈良県北葛城郡王寺町本町１－５－３５" }, "geometry": { "type": "Point", "coordinates": [ 135.70664, 34.591601 ] } },
{ "type": "Feature", "properties": { "ID": 2922957100037, "正式名称": "和こころのクリニック王寺", "機関区分": 2, "都道府県コード": 29, "市区町村コード": 425, "所在地": "奈良県北葛城郡王寺町王寺２－６ー１２服部ビル３階", "緯度": 34.594525, "経度": 135.708772, "url": "https://www.iryou.teikyouseido.mhlw.go.jp/znk-web/juminkanja/S2430/initialize?prefCd=29&kikanCd=2957100037&kikanKbn=2", "url2": "yawara-cocoro.com", "内容": "和こころのクリニック王寺【2:診療所】【診療科目:精神科_心療内科】奈良県北葛城郡王寺町王寺２－６ー１２服部ビル３階" }, "geometry": { "type": "Point", "coordinates": [ 135.708772, 34.594525 ] } },
{ "type": "Feature", "properties": { "ID": 2922957200069, "正式名称": "広陵町保健センター", "機関区分": 2, "都道府県コード": 29, "市区町村コード": 426, "所在地": "奈良県北葛城郡広陵町笠１６１番地２広陵町総合保健福祉会館", "緯度": 34.5427586, "経度": 135.7446569, "url": "https://www.iryou.teikyouseido.mhlw.go.jp/znk-web/juminkanja/S2430/initialize?prefCd=29&kikanCd=2957200069&kikanKbn=2", "url2": null, "内容": "広陵町保健センター【2:診療所】【診療科目:内科_小児科】奈良県北葛城郡広陵町笠１６１番地２広陵町総合保健福祉会館" }, "geometry": { "type": "Point", "coordinates": [ 135.7446569, 34.5427586 ] } },
{ "type": "Feature", "properties": { "ID": 2922957200263, "正式名称": "おとなとこどもの泌尿器科　ふくいクリニック", "機関区分": 2, "都道府県コード": 29, "市区町村コード": 210, "所在地": "奈良県香芝市瓦口２２５３クリニックステーション五位堂２階", "緯度": 34.530563, "経度": 135.71606, "url": "https://www.iryou.teikyouseido.mhlw.go.jp/znk-web/juminkanja/S2430/initialize?prefCd=29&kikanCd=2957200263&kikanKbn=2", "url2": "https://www.fukui-urology.com", "内容": "おとなとこどもの泌尿器科　ふくいクリニック【2:診療所】【診療科目:小児泌尿器科_泌尿器科】奈良県香芝市瓦口２２５３クリニックステーション五位堂２階" }, "geometry": { "type": "Point", "coordinates": [ 135.71606, 34.530563 ] } },
{ "type": "Feature", "properties": { "ID": 2922957200467, "正式名称": "橿原脳神経外科クリニック", "機関区分": 2, "都道府県コード": 29, "市区町村コード": 205, "所在地": "奈良県橿原市新堂町２２６番地イオンモール橿原　ウエスト・ビレッジ内１階　１１０１－１", "緯度": 34.502747, "経度": 135.7595, "url": "https://www.iryou.teikyouseido.mhlw.go.jp/znk-web/juminkanja/S2430/initialize?prefCd=29&kikanCd=2957200467&kikanKbn=2", "url2": null, "内容": "橿原脳神経外科クリニック【2:診療所】【診療科目:内科_糖尿病内科_脂質代謝内科_脳神経内科_脳神経外科_脳外科_脳・血管外科】奈良県橿原市新堂町２２６番地イオンモール橿原　ウエスト・ビレッジ内１階　１１０１－１" }, "geometry": { "type": "Point", "coordinates": [ 135.7595, 34.502747 ] } },
{ "type": "Feature", "properties": { "ID": 2922957300295, "正式名称": "和里（にこり）香芝Ⅱ医務室", "機関区分": 2, "都道府県コード": 29, "市区町村コード": 210, "所在地": "奈良県香芝市鎌田６０２", "緯度": 34.524072, "経度": 135.716194, "url": "https://www.iryou.teikyouseido.mhlw.go.jp/znk-web/juminkanja/S2430/initialize?prefCd=29&kikanCd=2957300295&kikanKbn=2", "url2": null, "内容": "和里（にこり）香芝Ⅱ医務室【2:診療所】【診療科目:内科】奈良県香芝市鎌田６０２" }, "geometry": { "type": "Point", "coordinates": [ 135.716194, 34.524072 ] } },
{ "type": "Feature", "properties": { "ID": 2922957300499, "正式名称": "おおや内科クリニック", "機関区分": 2, "都道府県コード": 29, "市区町村コード": 205, "所在地": "奈良県橿原市曽我町８４９－３", "緯度": 34.515439, "経度": 135.7774, "url": "https://www.iryou.teikyouseido.mhlw.go.jp/znk-web/juminkanja/S2430/initialize?prefCd=29&kikanCd=2957300499&kikanKbn=2", "url2": "https://oya-naika.jp", "内容": "おおや内科クリニック【2:診療所】【診療科目:内科_呼吸器内科】奈良県橿原市曽我町８４９－３" }, "geometry": { "type": "Point", "coordinates": [ 135.7774, 34.515439 ] } },
{ "type": "Feature", "properties": { "ID": 2922957400421, "正式名称": "医療法人村田医院内視鏡分院", "機関区分": 2, "都道府県コード": 29, "市区町村コード": 205, "所在地": "奈良県橿原市曽我町９２８－４", "緯度": 34.518531, "経度": 135.774811, "url": "https://www.iryou.teikyouseido.mhlw.go.jp/znk-web/juminkanja/S2430/initialize?prefCd=29&kikanCd=2957400421&kikanKbn=2", "url2": null, "内容": "医療法人村田医院内視鏡分院【2:診療所】【診療科目:消化器内科】奈良県橿原市曽我町９２８－４" }, "geometry": { "type": "Point", "coordinates": [ 135.774811, 34.518531 ] } },
{ "type": "Feature", "properties": { "ID": 2922957400528, "正式名称": "まつおかクリニック", "機関区分": 2, "都道府県コード": 29, "市区町村コード": 205, "所在地": "奈良県橿原市新賀町２３７－１フクダ不動産八木ビル３Ｆ３０３号", "緯度": 34.515444, "経度": 135.794815, "url": "https://www.iryou.teikyouseido.mhlw.go.jp/znk-web/juminkanja/S2430/initialize?prefCd=29&kikanCd=2957400528&kikanKbn=2", "url2": "https://matuoka-clinic.com/", "内容": "まつおかクリニック【2:診療所】【診療科目:精神科_心療内科_老年精神科】奈良県橿原市新賀町２３７－１フクダ不動産八木ビル３Ｆ３０３号" }, "geometry": { "type": "Point", "coordinates": [ 135.794815, 34.515444 ] } },
{ "type": "Feature", "properties": { "ID": 2922957500259, "正式名称": "桜井こころの診療所", "機関区分": 2, "都道府県コード": 29, "市区町村コード": 206, "所在地": "奈良県桜井市桜井２０３番地５山本ビル２号", "緯度": 34.51218, "経度": 135.846863, "url": "https://www.iryou.teikyouseido.mhlw.go.jp/znk-web/juminkanja/S2430/initialize?prefCd=29&kikanCd=2957500259&kikanKbn=2", "url2": "https://sakurai-mental.com/", "内容": "桜井こころの診療所【2:診療所】【診療科目:精神科_心療内科】奈良県桜井市桜井２０３番地５山本ビル２号" }, "geometry": { "type": "Point", "coordinates": [ 135.846863, 34.51218 ] } },
{ "type": "Feature", "properties": { "ID": 2922957600388, "正式名称": "医療法人よしむら耳鼻咽喉科", "機関区分": 2, "都道府県コード": 29, "市区町村コード": 424, "所在地": "奈良県北葛城郡上牧町上牧２１７４−２", "緯度": 34.562453, "経度": 135.713806, "url": "https://www.iryou.teikyouseido.mhlw.go.jp/znk-web/juminkanja/S2430/initialize?prefCd=29&kikanCd=2957600388&kikanKbn=2", "url2": null, "内容": "医療法人よしむら耳鼻咽喉科【2:診療所】【診療科目:耳鼻いんこう科_アレルギー科】奈良県北葛城郡上牧町上牧２１７４−２" }, "geometry": { "type": "Point", "coordinates": [ 135.713806, 34.562453 ] } },
{ "type": "Feature", "properties": { "ID": 2922957700116, "正式名称": "ゆかわ眼科クリニック", "機関区分": 2, "都道府県コード": 29, "市区町村コード": 426, "所在地": "奈良県北葛城郡広陵町安部２３６－１－１", "緯度": 34.578369, "経度": 135.7367, "url": "https://www.iryou.teikyouseido.mhlw.go.jp/znk-web/juminkanja/S2430/initialize?prefCd=29&kikanCd=2957700116&kikanKbn=2", "url2": "http://yukawa-gankacom/", "内容": "ゆかわ眼科クリニック【2:診療所】【診療科目:眼科】奈良県北葛城郡広陵町安部２３６－１－１" }, "geometry": { "type": "Point", "coordinates": [ 135.7367, 34.578369 ] } },
{ "type": "Feature", "properties": { "ID": 2922957700310, "正式名称": "医療法人ポイントワン　ならやまと整形外科スポーツクリニック", "機関区分": 2, "都道府県コード": 29, "市区町村コード": 424, "所在地": "奈良県北葛城郡上牧町上牧３４１３ー１ならやまと整形外科スポーツクリニック", "緯度": 34.565206, "経度": 135.716834, "url": "https://www.iryou.teikyouseido.mhlw.go.jp/znk-web/juminkanja/S2430/initialize?prefCd=29&kikanCd=2957700310&kikanKbn=2", "url2": "http://www.narayamato.net", "内容": "医療法人ポイントワン　ならやまと整形外科スポーツクリニック【2:診療所】【診療科目:整形外科_リウマチ科_放射線診断科】奈良県北葛城郡上牧町上牧３４１３ー１ならやまと整形外科スポーツクリニック" }, "geometry": { "type": "Point", "coordinates": [ 135.716834, 34.565206 ] } },
{ "type": "Feature", "properties": { "ID": 2922957700514, "正式名称": "千森医院", "機関区分": 2, "都道府県コード": 29, "市区町村コード": 206, "所在地": "奈良県桜井市粟殿４６６－２", "緯度": 34.519505, "経度": 135.842568, "url": "https://www.iryou.teikyouseido.mhlw.go.jp/znk-web/juminkanja/S2430/initialize?prefCd=29&kikanCd=2957700514&kikanKbn=2", "url2": "https://chimori-cl.com", "内容": "千森医院【2:診療所】【診療科目:内科_循環器内科】奈良県桜井市粟殿４６６－２" }, "geometry": { "type": "Point", "coordinates": [ 135.842568, 34.519505 ] } },
{ "type": "Feature", "properties": { "ID": 2922957800245, "正式名称": "ヤマト　メディカルクリニック", "機関区分": 2, "都道府県コード": 29, "市区町村コード": 210, "所在地": "奈良県香芝市上中５３６２階", "緯度": 34.559594, "経度": 135.696959, "url": "https://www.iryou.teikyouseido.mhlw.go.jp/znk-web/juminkanja/S2430/initialize?prefCd=29&kikanCd=2957800245&kikanKbn=2", "url2": null, "内容": "ヤマト　メディカルクリニック【2:診療所】【診療科目:内科_整形外科】奈良県香芝市上中５３６２階" }, "geometry": { "type": "Point", "coordinates": [ 135.696959, 34.559594 ] } },
{ "type": "Feature", "properties": { "ID": 2922957800546, "正式名称": "医療法人一尚会いちメンタルクリニック奈良橿原", "機関区分": 2, "都道府県コード": 29, "市区町村コード": 205, "所在地": "奈良県橿原市内膳町５－２－４０ＦＡＣＥビル３階", "緯度": 34.513768, "経度": 135.791845, "url": "https://www.iryou.teikyouseido.mhlw.go.jp/znk-web/juminkanja/S2430/initialize?prefCd=29&kikanCd=2957800546&kikanKbn=2", "url2": "http//1mental-clinic.com", "内容": "医療法人一尚会いちメンタルクリニック奈良橿原【2:診療所】【診療科目:児童精神科_精神科_心療内科】奈良県橿原市内膳町５－２－４０ＦＡＣＥビル３階" }, "geometry": { "type": "Point", "coordinates": [ 135.791845, 34.513768 ] } },
{ "type": "Feature", "properties": { "ID": 2922957900170, "正式名称": "みなみ医院", "機関区分": 2, "都道府県コード": 29, "市区町村コード": 205, "所在地": "奈良県橿原市見瀬町１１－１", "緯度": 34.480427, "経度": 135.795634, "url": "https://www.iryou.teikyouseido.mhlw.go.jp/znk-web/juminkanja/S2430/initialize?prefCd=29&kikanCd=2957900170&kikanKbn=2", "url2": "https://iin-kashihara.com/", "内容": "みなみ医院【2:診療所】【診療科目:内科_外科_乳腺外科_皮膚科_泌尿器科_リハビリテーション科】奈良県橿原市見瀬町１１－１" }, "geometry": { "type": "Point", "coordinates": [ 135.795634, 34.480427 ] } },
{ "type": "Feature", "properties": { "ID": 2922957900277, "正式名称": "田原本駅前皮膚科", "機関区分": 2, "都道府県コード": 29, "市区町村コード": 363, "所在地": "奈良県磯城郡田原本町９３９トモルテたわらもと１０２", "緯度": 34.557583, "経度": 135.79527, "url": "https://www.iryou.teikyouseido.mhlw.go.jp/znk-web/juminkanja/S2430/initialize?prefCd=29&kikanCd=2957900277&kikanKbn=2", "url2": "tawaramoto-hifuka.com", "内容": "田原本駅前皮膚科【2:診療所】【診療科目:小児皮膚科_皮膚科_美容皮膚科_アレルギー科】奈良県磯城郡田原本町９３９トモルテたわらもと１０２" }, "geometry": { "type": "Point", "coordinates": [ 135.79527, 34.557583 ] } },
{ "type": "Feature", "properties": { "ID": 2922957900374, "正式名称": "あきこ皮ふ科クリニック", "機関区分": 2, "都道府県コード": 29, "市区町村コード": 202, "所在地": "奈良県大和高田市幸町３－１８", "緯度": 34.518914, "経度": 135.744292, "url": "https://www.iryou.teikyouseido.mhlw.go.jp/znk-web/juminkanja/S2430/initialize?prefCd=29&kikanCd=2957900374&kikanKbn=2", "url2": "http://akiko-hifuka.jp", "内容": "あきこ皮ふ科クリニック【2:診療所】【診療科目:皮膚科_美容皮膚科】奈良県大和高田市幸町３－１８" }, "geometry": { "type": "Point", "coordinates": [ 135.744292, 34.518914 ] } },
{ "type": "Feature", "properties": { "ID": 2923007400000, "正式名称": "村尾歯科医院", "機関区分": 2, "都道府県コード": 29, "市区町村コード": 201, "所在地": "奈良県奈良市朱雀６－８－３", "緯度": 34.715072, "経度": 135.796656, "url": "https://www.iryou.teikyouseido.mhlw.go.jp/znk-web/juminkanja/S2430/initialize?prefCd=29&kikanCd=3007400000&kikanKbn=2", "url2": null, "内容": "村尾歯科医院【2:診療所】【診療科目:歯科_歯科口腔外科_小児歯科】奈良県奈良市朱雀６－８－３" }, "geometry": { "type": "Point", "coordinates": [ 135.796656, 34.715072 ] } },
{ "type": "Feature", "properties": { "ID": 2923028000000, "正式名称": "湖山歯科医院", "機関区分": 2, "都道府県コード": 29, "市区町村コード": 209, "所在地": "奈良県生駒市有里町９２ニューライフ関谷", "緯度": 34.695424, "経度": 135.702059, "url": "https://www.iryou.teikyouseido.mhlw.go.jp/znk-web/juminkanja/S2430/initialize?prefCd=29&kikanCd=3028000000&kikanKbn=2", "url2": null, "内容": "湖山歯科医院【2:診療所】【診療科目:歯科】奈良県生駒市有里町９２ニューライフ関谷" }, "geometry": { "type": "Point", "coordinates": [ 135.702059, 34.695424 ] } },
{ "type": "Feature", "properties": { "ID": 2923370700000, "正式名称": "浜中矯正歯科クリニック", "機関区分": 2, "都道府県コード": 29, "市区町村コード": 201, "所在地": "奈良県奈良市学園北１−１−４ならきん学園前ビル２Ｆ", "緯度": 34.697437, "経度": 135.749886, "url": "https://www.iryou.teikyouseido.mhlw.go.jp/znk-web/juminkanja/S2430/initialize?prefCd=29&kikanCd=3370700000&kikanKbn=2", "url2": "https://www.yoihanarabi.com", "内容": "浜中矯正歯科クリニック【2:診療所】【診療科目:矯正歯科】奈良県奈良市学園北１−１−４ならきん学園前ビル２Ｆ" }, "geometry": { "type": "Point", "coordinates": [ 135.749886, 34.697437 ] } }
]
}
