{
"type": "FeatureCollection",
"name": "geo_29_5",
"crs": { "type": "name", "properties": { "name": "urn:ogc:def:crs:OGC:1.3:CRS84" } },
"features": [
{ "type": "Feature", "properties": { "ID": "2952950A01393", "正式名称": "オレンジ薬局　学園大和町店", "機関区分": 5, "都道府県コード": 29, "市区町村コード": 201, "所在地": "奈良県奈良市学園大和町二丁目１２５番地５", "緯度": 34.684748, "経度": 135.754211, "url": "https://www.iryou.teikyouseido.mhlw.go.jp/znk-web/juminkanja/S2430/initialize?prefCd=29&kikanCd=2950A01393&kikanKbn=5", "url2": "https://genkiorange.com/", "内容": "オレンジ薬局　学園大和町店【5:薬局】奈良県奈良市学園大和町二丁目１２５番地５" }, "geometry": { "type": "Point", "coordinates": [ 135.754211, 34.684748 ] } },
{ "type": "Feature", "properties": { "ID": "2952950A01445", "正式名称": "すこやか薬局", "機関区分": 5, "都道府県コード": 29, "市区町村コード": 344, "所在地": "奈良県生駒郡斑鳩町小吉田２ー１１ー３２", "緯度": 34.603073, "経度": 135.726636, "url": "https://www.iryou.teikyouseido.mhlw.go.jp/znk-web/juminkanja/S2430/initialize?prefCd=29&kikanCd=2950A01445&kikanKbn=5", "url2": null, "内容": "すこやか薬局【5:薬局】奈良県生駒郡斑鳩町小吉田２ー１１ー３２" }, "geometry": { "type": "Point", "coordinates": [ 135.726636, 34.603073 ] } },
{ "type": "Feature", "properties": { "ID": "2952950A01468", "正式名称": "オレンジ薬局", "機関区分": 5, "都道府県コード": 29, "市区町村コード": 203, "所在地": "奈良県大和郡山市杉町４８", "緯度": 34.63283, "経度": 135.782803, "url": "https://www.iryou.teikyouseido.mhlw.go.jp/znk-web/juminkanja/S2430/initialize?prefCd=29&kikanCd=2950A01468&kikanKbn=5", "url2": null, "内容": "オレンジ薬局【5:薬局】奈良県大和郡山市杉町４８" }, "geometry": { "type": "Point", "coordinates": [ 135.782803, 34.63283 ] } },
{ "type": "Feature", "properties": { "ID": "2952950A01551", "正式名称": "ココカラファイン薬局イズミヤ広陵店", "機関区分": 5, "都道府県コード": 29, "市区町村コード": 426, "所在地": "奈良県北葛城郡広陵町安部２３６－１－４", "緯度": 34.578736, "経度": 135.737856, "url": "https://www.iryou.teikyouseido.mhlw.go.jp/znk-web/juminkanja/S2430/initialize?prefCd=29&kikanCd=2950A01551&kikanKbn=5", "url2": "https://www.cocokarafine.co.jp/searchstore/CSsStoreTop.jsp", "内容": "ココカラファイン薬局イズミヤ広陵店【5:薬局】奈良県北葛城郡広陵町安部２３６－１－４" }, "geometry": { "type": "Point", "coordinates": [ 135.737856, 34.578736 ] } },
{ "type": "Feature", "properties": { "ID": "2952950A01650", "正式名称": "あおば薬局", "機関区分": 5, "都道府県コード": 29, "市区町村コード": 361, "所在地": "奈良県磯城郡川西町唐院３９６－２", "緯度": 34.582517, "経度": 135.763193, "url": "https://www.iryou.teikyouseido.mhlw.go.jp/znk-web/juminkanja/S2430/initialize?prefCd=29&kikanCd=2950A01650&kikanKbn=5", "url2": null, "内容": "あおば薬局【5:薬局】奈良県磯城郡川西町唐院３９６－２" }, "geometry": { "type": "Point", "coordinates": [ 135.763193, 34.582517 ] } },
{ "type": "Feature", "properties": { "ID": "2952950A01686", "正式名称": "薬局メールボックス", "機関区分": 5, "都道府県コード": 29, "市区町村コード": 203, "所在地": "奈良県大和郡山市南郡山町２２３－２近鉄郡山駅前大和ビル１階", "緯度": 34.646066, "経度": 135.781373, "url": "https://www.iryou.teikyouseido.mhlw.go.jp/znk-web/juminkanja/S2430/initialize?prefCd=29&kikanCd=2950A01686&kikanKbn=5", "url2": "https://www.e-classa.net/mailboxekimae", "内容": "薬局メールボックス【5:薬局】奈良県大和郡山市南郡山町２２３－２近鉄郡山駅前大和ビル１階" }, "geometry": { "type": "Point", "coordinates": [ 135.781373, 34.646066 ] } },
{ "type": "Feature", "properties": { "ID": "2952950A01706", "正式名称": "初瀬薬局中和店", "機関区分": 5, "都道府県コード": 29, "市区町村コード": 206, "所在地": "奈良県桜井市阿部３５６番地の１", "緯度": 34.5087, "経度": 135.839508, "url": "https://www.iryou.teikyouseido.mhlw.go.jp/znk-web/juminkanja/S2430/initialize?prefCd=29&kikanCd=2950A01706&kikanKbn=5", "url2": "https://s-m.click/shop", "内容": "初瀬薬局中和店【5:薬局】奈良県桜井市阿部３５６番地の１" }, "geometry": { "type": "Point", "coordinates": [ 135.839508, 34.5087 ] } },
{ "type": "Feature", "properties": { "ID": "2952950A01709", "正式名称": "なないろ薬局", "機関区分": 5, "都道府県コード": 29, "市区町村コード": 206, "所在地": "奈良県桜井市黒崎６４７", "緯度": 34.522276, "経度": 135.879388, "url": "https://www.iryou.teikyouseido.mhlw.go.jp/znk-web/juminkanja/S2430/initialize?prefCd=29&kikanCd=2950A01709&kikanKbn=5", "url2": null, "内容": "なないろ薬局【5:薬局】奈良県桜井市黒崎６４７" }, "geometry": { "type": "Point", "coordinates": [ 135.879388, 34.522276 ] } },
{ "type": "Feature", "properties": { "ID": "2952950A01711", "正式名称": "メルズ薬局", "機関区分": 5, "都道府県コード": 29, "市区町村コード": 209, "所在地": "奈良県生駒市真弓１丁目２番８号", "緯度": 34.72319, "経度": 135.724817, "url": "https://www.iryou.teikyouseido.mhlw.go.jp/znk-web/juminkanja/S2430/initialize?prefCd=29&kikanCd=2950A01711&kikanKbn=5", "url2": "https://hy-mels-ph.jp/", "内容": "メルズ薬局【5:薬局】奈良県生駒市真弓１丁目２番８号" }, "geometry": { "type": "Point", "coordinates": [ 135.724817, 34.72319 ] } },
{ "type": "Feature", "properties": { "ID": "2952950A01712", "正式名称": "キュア薬局　王寺店", "機関区分": 5, "都道府県コード": 29, "市区町村コード": 425, "所在地": "奈良県北葛城郡王寺町畠田４−１９−４", "緯度": 34.576158, "経度": 135.702001, "url": "https://www.iryou.teikyouseido.mhlw.go.jp/znk-web/juminkanja/S2430/initialize?prefCd=29&kikanCd=2950A01712&kikanKbn=5", "url2": null, "内容": "キュア薬局　王寺店【5:薬局】奈良県北葛城郡王寺町畠田４−１９−４" }, "geometry": { "type": "Point", "coordinates": [ 135.702001, 34.576158 ] } },
{ "type": "Feature", "properties": { "ID": "2952950A01713", "正式名称": "株式会社　Ｄｉｘ　さくら薬局　香芝店", "機関区分": 5, "都道府県コード": 29, "市区町村コード": 426, "所在地": "奈良県北葛城郡広陵町馬見中５－１－１５", "緯度": 34.547631, "経度": 135.72198, "url": "https://www.iryou.teikyouseido.mhlw.go.jp/znk-web/juminkanja/S2430/initialize?prefCd=29&kikanCd=2950A01713&kikanKbn=5", "url2": null, "内容": "株式会社　Ｄｉｘ　さくら薬局　香芝店【5:薬局】奈良県北葛城郡広陵町馬見中５－１－１５" }, "geometry": { "type": "Point", "coordinates": [ 135.72198, 34.547631 ] } },
{ "type": "Feature", "properties": { "ID": "2952950A01714", "正式名称": "町のそうだん薬局", "機関区分": 5, "都道府県コード": 29, "市区町村コード": 205, "所在地": "奈良県橿原市山之坊町８５－３８", "緯度": 34.516519, "経度": 135.811433, "url": "https://www.iryou.teikyouseido.mhlw.go.jp/znk-web/juminkanja/S2430/initialize?prefCd=29&kikanCd=2950A01714&kikanKbn=5", "url2": null, "内容": "町のそうだん薬局【5:薬局】奈良県橿原市山之坊町８５－３８" }, "geometry": { "type": "Point", "coordinates": [ 135.811433, 34.516519 ] } },
{ "type": "Feature", "properties": { "ID": "2952950A01715", "正式名称": "スマイル薬局田原本店", "機関区分": 5, "都道府県コード": 29, "市区町村コード": 363, "所在地": "奈良県磯城郡田原本町９３９番トモルテたわらもと１階１０１号", "緯度": 34.557583, "経度": 135.79527, "url": "https://www.iryou.teikyouseido.mhlw.go.jp/znk-web/juminkanja/S2430/initialize?prefCd=29&kikanCd=2950A01715&kikanKbn=5", "url2": "https://bikkury.co.jp/", "内容": "スマイル薬局田原本店【5:薬局】奈良県磯城郡田原本町９３９番トモルテたわらもと１階１０１号" }, "geometry": { "type": "Point", "coordinates": [ 135.79527, 34.557583 ] } },
{ "type": "Feature", "properties": { "ID": "2952950A01716", "正式名称": "スギ薬局　天理北店", "機関区分": 5, "都道府県コード": 29, "市区町村コード": 204, "所在地": "奈良県天理市石上町３５９－１", "緯度": 34.612164, "経度": 135.833369, "url": "https://www.iryou.teikyouseido.mhlw.go.jp/znk-web/juminkanja/S2430/initialize?prefCd=29&kikanCd=2950A01716&kikanKbn=5", "url2": "https://www.sugi-net.jp/", "内容": "スギ薬局　天理北店【5:薬局】奈良県天理市石上町３５９－１" }, "geometry": { "type": "Point", "coordinates": [ 135.833369, 34.612164 ] } },
{ "type": "Feature", "properties": { "ID": "2952950A01717", "正式名称": "はる薬局へぐり店", "機関区分": 5, "都道府県コード": 29, "市区町村コード": 342, "所在地": "奈良県生駒郡平群町吉新１－１－９", "緯度": 34.629332, "経度": 135.70022, "url": "https://www.iryou.teikyouseido.mhlw.go.jp/znk-web/juminkanja/S2430/initialize?prefCd=29&kikanCd=2950A01717&kikanKbn=5", "url2": null, "内容": "はる薬局へぐり店【5:薬局】奈良県生駒郡平群町吉新１－１－９" }, "geometry": { "type": "Point", "coordinates": [ 135.70022, 34.629332 ] } },
{ "type": "Feature", "properties": { "ID": "2952950A01720", "正式名称": "うさぎ薬局", "機関区分": 5, "都道府県コード": 29, "市区町村コード": 210, "所在地": "奈良県香芝市瓦口３３－１", "緯度": 34.533962, "経度": 135.721459, "url": "https://www.iryou.teikyouseido.mhlw.go.jp/znk-web/juminkanja/S2430/initialize?prefCd=29&kikanCd=2950A01720&kikanKbn=5", "url2": null, "内容": "うさぎ薬局【5:薬局】奈良県香芝市瓦口３３－１" }, "geometry": { "type": "Point", "coordinates": [ 135.721459, 34.533962 ] } },
{ "type": "Feature", "properties": { "ID": "2952950A01721", "正式名称": "中央薬局大和八木店", "機関区分": 5, "都道府県コード": 29, "市区町村コード": 205, "所在地": "奈良県橿原市内膳町５－２－４０ＦＡＣＥビル１Ｆ", "緯度": 34.513019, "経度": 135.791639, "url": "https://www.iryou.teikyouseido.mhlw.go.jp/znk-web/juminkanja/S2430/initialize?prefCd=29&kikanCd=2950A01721&kikanKbn=5", "url2": "https://www.karugamo.net/shop/chuo-yamatoyagi/", "内容": "中央薬局大和八木店【5:薬局】奈良県橿原市内膳町５－２－４０ＦＡＣＥビル１Ｆ" }, "geometry": { "type": "Point", "coordinates": [ 135.791639, 34.513019 ] } },
{ "type": "Feature", "properties": { "ID": "2952950A01722", "正式名称": "スギ薬局　平群店", "機関区分": 5, "都道府県コード": 29, "市区町村コード": 342, "所在地": "奈良県生駒郡平群町三里７２８番地１", "緯度": 34.630521, "経度": 135.706587, "url": "https://www.iryou.teikyouseido.mhlw.go.jp/znk-web/juminkanja/S2430/initialize?prefCd=29&kikanCd=2950A01722&kikanKbn=5", "url2": "https://www.drug-sugi.co.jp/", "内容": "スギ薬局　平群店【5:薬局】奈良県生駒郡平群町三里７２８番地１" }, "geometry": { "type": "Point", "coordinates": [ 135.706587, 34.630521 ] } },
{ "type": "Feature", "properties": { "ID": "2952950A01723", "正式名称": "陽だまり薬局", "機関区分": 5, "都道府県コード": 29, "市区町村コード": 203, "所在地": "奈良県大和郡山市筒井町６８８－１ひさやビル１階", "緯度": 34.619347, "経度": 135.78008, "url": "https://www.iryou.teikyouseido.mhlw.go.jp/znk-web/juminkanja/S2430/initialize?prefCd=29&kikanCd=2950A01723&kikanKbn=5", "url2": "https://www.neohidamari.com", "内容": "陽だまり薬局【5:薬局】奈良県大和郡山市筒井町６８８－１ひさやビル１階" }, "geometry": { "type": "Point", "coordinates": [ 135.78008, 34.619347 ] } },
{ "type": "Feature", "properties": { "ID": "2952950A01724", "正式名称": "スマイル薬局竜田店", "機関区分": 5, "都道府県コード": 29, "市区町村コード": 344, "所在地": "奈良県生駒郡斑鳩町龍田西４丁目１－４４", "緯度": 34.6068, "経度": 135.716322, "url": "https://www.iryou.teikyouseido.mhlw.go.jp/znk-web/juminkanja/S2430/initialize?prefCd=29&kikanCd=2950A01724&kikanKbn=5", "url2": null, "内容": "スマイル薬局竜田店【5:薬局】奈良県生駒郡斑鳩町龍田西４丁目１－４４" }, "geometry": { "type": "Point", "coordinates": [ 135.716322, 34.6068 ] } },
{ "type": "Feature", "properties": { "ID": "2952950A01731", "正式名称": "ココカラファイン薬局イオンモール橿原ウエストビレッジ店", "機関区分": 5, "都道府県コード": 29, "市区町村コード": 205, "所在地": "奈良県橿原市新堂町", "緯度": 34.50352, "経度": 135.76103, "url": "https://www.iryou.teikyouseido.mhlw.go.jp/znk-web/juminkanja/S2430/initialize?prefCd=29&kikanCd=2950A01731&kikanKbn=5", "url2": null, "内容": "ココカラファイン薬局イオンモール橿原ウエストビレッジ店【5:薬局】奈良県橿原市新堂町" }, "geometry": { "type": "Point", "coordinates": [ 135.76103, 34.50352 ] } },
{ "type": "Feature", "properties": { "ID": "2952950A01733", "正式名称": "三晃薬局　五條店", "機関区分": 5, "都道府県コード": 29, "市区町村コード": 207, "所在地": "奈良県五條市野原西５－１－１７", "緯度": 34.341744, "経度": 135.69818, "url": "https://www.iryou.teikyouseido.mhlw.go.jp/znk-web/juminkanja/S2430/initialize?prefCd=29&kikanCd=2950A01733&kikanKbn=5", "url2": null, "内容": "三晃薬局　五條店【5:薬局】奈良県五條市野原西５－１－１７" }, "geometry": { "type": "Point", "coordinates": [ 135.69818, 34.341744 ] } },
{ "type": "Feature", "properties": { "ID": "2952950A01734", "正式名称": "アイセイハート薬局五位堂店", "機関区分": 5, "都道府県コード": 29, "市区町村コード": 210, "所在地": "奈良県香芝市瓦口２２５３　クリニックステーション五位堂１階", "緯度": 34.536203, "経度": 135.718396, "url": "https://www.iryou.teikyouseido.mhlw.go.jp/znk-web/juminkanja/S2430/initialize?prefCd=29&kikanCd=2950A01734&kikanKbn=5", "url2": "https://www.aisei.co.jp/store/s-nara/s-tokyo-kashiba/0634/", "内容": "アイセイハート薬局五位堂店【5:薬局】奈良県香芝市瓦口２２５３　クリニックステーション五位堂１階" }, "geometry": { "type": "Point", "coordinates": [ 135.718396, 34.536203 ] } },
{ "type": "Feature", "properties": { "ID": "2952950A01735", "正式名称": "クスリのアオキ三和町薬局", "機関区分": 5, "都道府県コード": 29, "市区町村コード": 202, "所在地": "奈良県大和高田市三和町１６番１３号", "緯度": 34.513224, "経度": 135.748989, "url": "https://www.iryou.teikyouseido.mhlw.go.jp/znk-web/juminkanja/S2430/initialize?prefCd=29&kikanCd=2950A01735&kikanKbn=5", "url2": "https://www.kusuri-aoki.co.jp/", "内容": "クスリのアオキ三和町薬局【5:薬局】奈良県大和高田市三和町１６番１３号" }, "geometry": { "type": "Point", "coordinates": [ 135.748989, 34.513224 ] } },
{ "type": "Feature", "properties": { "ID": "2952950A01736", "正式名称": "クスリのアオキ安堵薬局", "機関区分": 5, "都道府県コード": 29, "市区町村コード": 345, "所在地": "奈良県生駒郡安堵町大字西安堵５８８番地の１", "緯度": 34.605931, "経度": 135.75152, "url": "https://www.iryou.teikyouseido.mhlw.go.jp/znk-web/juminkanja/S2430/initialize?prefCd=29&kikanCd=2950A01736&kikanKbn=5", "url2": "https://www.kusuri-aoki.co.jp/", "内容": "クスリのアオキ安堵薬局【5:薬局】奈良県生駒郡安堵町大字西安堵５８８番地の１" }, "geometry": { "type": "Point", "coordinates": [ 135.75152, 34.605931 ] } },
{ "type": "Feature", "properties": { "ID": "2952950A01737", "正式名称": "スマイル薬局椿井店", "機関区分": 5, "都道府県コード": 29, "市区町村コード": 342, "所在地": "奈良県生駒郡平群町椿井７３４－１", "緯度": 34.612846, "経度": 135.707684, "url": "https://www.iryou.teikyouseido.mhlw.go.jp/znk-web/juminkanja/S2430/initialize?prefCd=29&kikanCd=2950A01737&kikanKbn=5", "url2": null, "内容": "スマイル薬局椿井店【5:薬局】奈良県生駒郡平群町椿井７３４－１" }, "geometry": { "type": "Point", "coordinates": [ 135.707684, 34.612846 ] } },
{ "type": "Feature", "properties": { "ID": "2952950A01738", "正式名称": "スマイル薬局壱分店", "機関区分": 5, "都道府県コード": 29, "市区町村コード": 209, "所在地": "奈良県生駒市壱分町８３ー４８", "緯度": 34.669199, "経度": 135.715894, "url": "https://www.iryou.teikyouseido.mhlw.go.jp/znk-web/juminkanja/S2430/initialize?prefCd=29&kikanCd=2950A01738&kikanKbn=5", "url2": "https://bikkury.co.jp", "内容": "スマイル薬局壱分店【5:薬局】奈良県生駒市壱分町８３ー４８" }, "geometry": { "type": "Point", "coordinates": [ 135.715894, 34.669199 ] } },
{ "type": "Feature", "properties": { "ID": "2952950A01740", "正式名称": "はなちゃん薬局奈良店", "機関区分": 5, "都道府県コード": 29, "市区町村コード": 203, "所在地": "奈良県大和郡山市九条町２９１－３", "緯度": 34.659614, "経度": 135.78414, "url": "https://www.iryou.teikyouseido.mhlw.go.jp/znk-web/juminkanja/S2430/initialize?prefCd=29&kikanCd=2950A01740&kikanKbn=5", "url2": "https://hanachan-yakkyoku.com/", "内容": "はなちゃん薬局奈良店【5:薬局】奈良県大和郡山市九条町２９１－３" }, "geometry": { "type": "Point", "coordinates": [ 135.78414, 34.659614 ] } },
{ "type": "Feature", "properties": { "ID": "2952950A01742", "正式名称": "ひなた薬局大淀店", "機関区分": 5, "都道府県コード": 29, "市区町村コード": 442, "所在地": "奈良県吉野郡大淀町土田２６１－１", "緯度": 34.389794, "経度": 135.795937, "url": "https://www.iryou.teikyouseido.mhlw.go.jp/znk-web/juminkanja/S2430/initialize?prefCd=29&kikanCd=2950A01742&kikanKbn=5", "url2": "hinata-pharmacy.jp", "内容": "ひなた薬局大淀店【5:薬局】奈良県吉野郡大淀町土田２６１－１" }, "geometry": { "type": "Point", "coordinates": [ 135.795937, 34.389794 ] } },
{ "type": "Feature", "properties": { "ID": "2952950A01743", "正式名称": "エコ薬局　うなて店", "機関区分": 5, "都道府県コード": 29, "市区町村コード": 205, "所在地": "奈良県橿原市雲梯町１４０－１", "緯度": 34.500889, "経度": 135.763197, "url": "https://www.iryou.teikyouseido.mhlw.go.jp/znk-web/juminkanja/S2430/initialize?prefCd=29&kikanCd=2950A01743&kikanKbn=5", "url2": null, "内容": "エコ薬局　うなて店【5:薬局】奈良県橿原市雲梯町１４０－１" }, "geometry": { "type": "Point", "coordinates": [ 135.763197, 34.500889 ] } },
{ "type": "Feature", "properties": { "ID": "2952950A01744", "正式名称": "エコ薬局　橿原店", "機関区分": 5, "都道府県コード": 29, "市区町村コード": 205, "所在地": "奈良県橿原市豊田町２６９－１", "緯度": 34.521983, "経度": 135.785074, "url": "https://www.iryou.teikyouseido.mhlw.go.jp/znk-web/juminkanja/S2430/initialize?prefCd=29&kikanCd=2950A01744&kikanKbn=5", "url2": null, "内容": "エコ薬局　橿原店【5:薬局】奈良県橿原市豊田町２６９－１" }, "geometry": { "type": "Point", "coordinates": [ 135.785074, 34.521983 ] } },
{ "type": "Feature", "properties": { "ID": "2952950A01745", "正式名称": "エコ薬局　常盤店", "機関区分": 5, "都道府県コード": 29, "市区町村コード": 205, "所在地": "奈良県橿原市常盤町５４０－１", "緯度": 34.521257, "経度": 135.812611, "url": "https://www.iryou.teikyouseido.mhlw.go.jp/znk-web/juminkanja/S2430/initialize?prefCd=29&kikanCd=2950A01745&kikanKbn=5", "url2": "https://eco-pharmacy.jp/shop_info/167/", "内容": "エコ薬局　常盤店【5:薬局】奈良県橿原市常盤町５４０－１" }, "geometry": { "type": "Point", "coordinates": [ 135.812611, 34.521257 ] } },
{ "type": "Feature", "properties": { "ID": "2952950A01746", "正式名称": "るーと調剤薬局", "機関区分": 5, "都道府県コード": 29, "市区町村コード": 209, "所在地": "奈良県生駒市元町５－１３　みとわビル１階", "緯度": 34.692501, "経度": 135.697871, "url": "https://www.iryou.teikyouseido.mhlw.go.jp/znk-web/juminkanja/S2430/initialize?prefCd=29&kikanCd=2950A01746&kikanKbn=5", "url2": null, "内容": "るーと調剤薬局【5:薬局】奈良県生駒市元町５－１３　みとわビル１階" }, "geometry": { "type": "Point", "coordinates": [ 135.697871, 34.692501 ] } },
{ "type": "Feature", "properties": { "ID": "2952950A01747", "正式名称": "ひなた薬局五條店", "機関区分": 5, "都道府県コード": 29, "市区町村コード": 207, "所在地": "奈良県五條市中之町１６１７－２２", "緯度": 34.367519, "経度": 135.6791, "url": "https://www.iryou.teikyouseido.mhlw.go.jp/znk-web/juminkanja/S2430/initialize?prefCd=29&kikanCd=2950A01747&kikanKbn=5", "url2": "http://hinata-pharmacy.jp/", "内容": "ひなた薬局五條店【5:薬局】奈良県五條市中之町１６１７－２２" }, "geometry": { "type": "Point", "coordinates": [ 135.6791, 34.367519 ] } },
{ "type": "Feature", "properties": { "ID": "2952950A01749", "正式名称": "あべ薬局", "機関区分": 5, "都道府県コード": 29, "市区町村コード": 206, "所在地": "奈良県桜井市阿部３２６－１", "緯度": 34.507148, "経度": 135.84045, "url": "https://www.iryou.teikyouseido.mhlw.go.jp/znk-web/juminkanja/S2430/initialize?prefCd=29&kikanCd=2950A01749&kikanKbn=5", "url2": null, "内容": "あべ薬局【5:薬局】奈良県桜井市阿部３２６－１" }, "geometry": { "type": "Point", "coordinates": [ 135.84045, 34.507148 ] } },
{ "type": "Feature", "properties": { "ID": "2952950A01750", "正式名称": "クスリのアオキ中山薬局", "機関区分": 5, "都道府県コード": 29, "市区町村コード": 204, "所在地": "奈良県天理市中山町１０１８番地", "緯度": 34.563267, "経度": 135.844721, "url": "https://www.iryou.teikyouseido.mhlw.go.jp/znk-web/juminkanja/S2430/initialize?prefCd=29&kikanCd=2950A01750&kikanKbn=5", "url2": "https://www.kusuri-aoki.co.jp/", "内容": "クスリのアオキ中山薬局【5:薬局】奈良県天理市中山町１０１８番地" }, "geometry": { "type": "Point", "coordinates": [ 135.844721, 34.563267 ] } },
{ "type": "Feature", "properties": { "ID": "2952950A01754", "正式名称": "おひさま薬局", "機関区分": 5, "都道府県コード": 29, "市区町村コード": 209, "所在地": "奈良県生駒市山崎町４－５ＮＤＡビル１Ｆ", "緯度": 34.691547, "経度": 135.708583, "url": "https://www.iryou.teikyouseido.mhlw.go.jp/znk-web/juminkanja/S2430/initialize?prefCd=29&kikanCd=2950A01754&kikanKbn=5", "url2": null, "内容": "おひさま薬局【5:薬局】奈良県生駒市山崎町４－５ＮＤＡビル１Ｆ" }, "geometry": { "type": "Point", "coordinates": [ 135.708583, 34.691547 ] } },
{ "type": "Feature", "properties": { "ID": "2952950A01755", "正式名称": "若葉薬局五位堂店", "機関区分": 5, "都道府県コード": 29, "市区町村コード": 210, "所在地": "奈良県香芝市五位堂１００７", "緯度": 34.534556, "経度": 135.719546, "url": "https://www.iryou.teikyouseido.mhlw.go.jp/znk-web/juminkanja/S2430/initialize?prefCd=29&kikanCd=2950A01755&kikanKbn=5", "url2": "https://wakabapharmacy.com/", "内容": "若葉薬局五位堂店【5:薬局】奈良県香芝市五位堂１００７" }, "geometry": { "type": "Point", "coordinates": [ 135.719546, 34.534556 ] } },
{ "type": "Feature", "properties": { "ID": "2952950A01758", "正式名称": "サン薬局　高清会病院店", "機関区分": 5, "都道府県コード": 29, "市区町村コード": 210, "所在地": "奈良県香芝市西真美３－４", "緯度": 34.542397, "経度": 135.715917, "url": "https://www.iryou.teikyouseido.mhlw.go.jp/znk-web/juminkanja/S2430/initialize?prefCd=29&kikanCd=2950A01758&kikanKbn=5", "url2": "https://kansaimedico.com/", "内容": "サン薬局　高清会病院店【5:薬局】奈良県香芝市西真美３－４" }, "geometry": { "type": "Point", "coordinates": [ 135.715917, 34.542397 ] } },
{ "type": "Feature", "properties": { "ID": "2952950AN0137", "正式名称": "今小路薬局西大寺店", "機関区分": 5, "都道府県コード": 29, "市区町村コード": 201, "所在地": "奈良県奈良市西大寺南町１１ー１７", "緯度": 34.69102, "経度": 135.781513, "url": "https://www.iryou.teikyouseido.mhlw.go.jp/znk-web/juminkanja/S2430/initialize?prefCd=29&kikanCd=2950AN0137&kikanKbn=5", "url2": null, "内容": "今小路薬局西大寺店【5:薬局】奈良県奈良市西大寺南町１１ー１７" }, "geometry": { "type": "Point", "coordinates": [ 135.781513, 34.69102 ] } },
{ "type": "Feature", "properties": { "ID": "2952950AN0138", "正式名称": "アイン薬局市立奈良病院前店", "機関区分": 5, "都道府県コード": 29, "市区町村コード": 201, "所在地": "奈良県奈良市紀寺町６８７－９", "緯度": 34.672286, "経度": 135.834568, "url": "https://www.iryou.teikyouseido.mhlw.go.jp/znk-web/juminkanja/S2430/initialize?prefCd=29&kikanCd=2950AN0138&kikanKbn=5", "url2": "https://www.ainj.co.jp/", "内容": "アイン薬局市立奈良病院前店【5:薬局】奈良県奈良市紀寺町６８７－９" }, "geometry": { "type": "Point", "coordinates": [ 135.834568, 34.672286 ] } },
{ "type": "Feature", "properties": { "ID": "2952950AN0141", "正式名称": "きらら薬局阪奈菅原店", "機関区分": 5, "都道府県コード": 29, "市区町村コード": 201, "所在地": "奈良県奈良市菅原町６４９－１", "緯度": 34.685683, "経度": 135.772372, "url": "https://www.iryou.teikyouseido.mhlw.go.jp/znk-web/juminkanja/S2430/initialize?prefCd=29&kikanCd=2950AN0141&kikanKbn=5", "url2": null, "内容": "きらら薬局阪奈菅原店【5:薬局】奈良県奈良市菅原町６４９－１" }, "geometry": { "type": "Point", "coordinates": [ 135.772372, 34.685683 ] } },
{ "type": "Feature", "properties": { "ID": "2952950AN0142", "正式名称": "米田薬局ならまち店", "機関区分": 5, "都道府県コード": 29, "市区町村コード": 201, "所在地": "奈良県奈良市紀寺町９１１－１", "緯度": 34.674733, "経度": 135.834719, "url": "https://www.iryou.teikyouseido.mhlw.go.jp/znk-web/juminkanja/S2430/initialize?prefCd=29&kikanCd=2950AN0142&kikanKbn=5", "url2": null, "内容": "米田薬局ならまち店【5:薬局】奈良県奈良市紀寺町９１１－１" }, "geometry": { "type": "Point", "coordinates": [ 135.834719, 34.674733 ] } },
{ "type": "Feature", "properties": { "ID": "2952950AN0144", "正式名称": "エバグリーン薬局押熊店", "機関区分": 5, "都道府県コード": 29, "市区町村コード": 201, "所在地": "奈良県奈良市押熊町４３７", "緯度": 34.717972, "経度": 135.768762, "url": "https://www.iryou.teikyouseido.mhlw.go.jp/znk-web/juminkanja/S2430/initialize?prefCd=29&kikanCd=2950AN0144&kikanKbn=5", "url2": null, "内容": "エバグリーン薬局押熊店【5:薬局】奈良県奈良市押熊町４３７" }, "geometry": { "type": "Point", "coordinates": [ 135.768762, 34.717972 ] } },
{ "type": "Feature", "properties": { "ID": "2952950AN0146", "正式名称": "鳥見薬局", "機関区分": 5, "都道府県コード": 29, "市区町村コード": 201, "所在地": "奈良県奈良市鳥見町２丁目１１番１０", "緯度": 34.689263, "経度": 135.726488, "url": "https://www.iryou.teikyouseido.mhlw.go.jp/znk-web/juminkanja/S2430/initialize?prefCd=29&kikanCd=2950AN0146&kikanKbn=5", "url2": null, "内容": "鳥見薬局【5:薬局】奈良県奈良市鳥見町２丁目１１番１０" }, "geometry": { "type": "Point", "coordinates": [ 135.726488, 34.689263 ] } },
{ "type": "Feature", "properties": { "ID": "2952950AN0147", "正式名称": "健幸薬局登美ヶ丘ＬＡＢＯ", "機関区分": 5, "都道府県コード": 29, "市区町村コード": 201, "所在地": "奈良県奈良市中登美ヶ丘３丁目３番２０３アクロスプラザ登美ヶ丘", "緯度": 34.7223342, "経度": 135.7509957, "url": "https://www.iryou.teikyouseido.mhlw.go.jp/znk-web/juminkanja/S2430/initialize?prefCd=29&kikanCd=2950AN0147&kikanKbn=5", "url2": null, "内容": "健幸薬局登美ヶ丘ＬＡＢＯ【5:薬局】奈良県奈良市中登美ヶ丘３丁目３番２０３アクロスプラザ登美ヶ丘" }, "geometry": { "type": "Point", "coordinates": [ 135.7509957, 34.7223342 ] } },
{ "type": "Feature", "properties": { "ID": "2952950AN0149", "正式名称": "スギ薬局　押熊店", "機関区分": 5, "都道府県コード": 29, "市区町村コード": 201, "所在地": "奈良県奈良市押熊町１５１９番地１", "緯度": 34.720478, "経度": 135.76661, "url": "https://www.iryou.teikyouseido.mhlw.go.jp/znk-web/juminkanja/S2430/initialize?prefCd=29&kikanCd=2950AN0149&kikanKbn=5", "url2": "https://www.drug-sugi.co.jp/", "内容": "スギ薬局　押熊店【5:薬局】奈良県奈良市押熊町１５１９番地１" }, "geometry": { "type": "Point", "coordinates": [ 135.76661, 34.720478 ] } },
{ "type": "Feature", "properties": { "ID": "2952950AN0150", "正式名称": "ならまち薬局", "機関区分": 5, "都道府県コード": 29, "市区町村コード": 201, "所在地": "奈良県奈良市小西町", "緯度": 34.683032, "経度": 135.827269, "url": "https://www.iryou.teikyouseido.mhlw.go.jp/znk-web/juminkanja/S2430/initialize?prefCd=29&kikanCd=2950AN0150&kikanKbn=5", "url2": null, "内容": "ならまち薬局【5:薬局】奈良県奈良市小西町" }, "geometry": { "type": "Point", "coordinates": [ 135.827269, 34.683032 ] } },
{ "type": "Feature", "properties": { "ID": "2952950AN0155", "正式名称": "こぐま薬局左京店", "機関区分": 5, "都道府県コード": 29, "市区町村コード": 201, "所在地": "奈良県奈良市左京一丁目１３番地１８－２", "緯度": 34.712261, "経度": 135.801859, "url": "https://www.iryou.teikyouseido.mhlw.go.jp/znk-web/juminkanja/S2430/initialize?prefCd=29&kikanCd=2950AN0155&kikanKbn=5", "url2": "https://www.mcs-g.co.jp/business/sakyou.html", "内容": "こぐま薬局左京店【5:薬局】奈良県奈良市左京一丁目１３番地１８－２" }, "geometry": { "type": "Point", "coordinates": [ 135.801859, 34.712261 ] } },
{ "type": "Feature", "properties": { "ID": "2952950AN0157", "正式名称": "大和西大寺駅前薬局", "機関区分": 5, "都道府県コード": 29, "市区町村コード": 201, "所在地": "奈良県奈良市西大寺東町２ー１－５１ー３０４西大寺スクエア", "緯度": 34.694008, "経度": 135.7841, "url": "https://www.iryou.teikyouseido.mhlw.go.jp/znk-web/juminkanja/S2430/initialize?prefCd=29&kikanCd=2950AN0157&kikanKbn=5", "url2": null, "内容": "大和西大寺駅前薬局【5:薬局】奈良県奈良市西大寺東町２ー１－５１ー３０４西大寺スクエア" }, "geometry": { "type": "Point", "coordinates": [ 135.7841, 34.694008 ] } },
{ "type": "Feature", "properties": { "ID": "2952950AN0158", "正式名称": "ひだまり薬局神殿店", "機関区分": 5, "都道府県コード": 29, "市区町村コード": 201, "所在地": "奈良県奈良市神殿町６５５番地の３", "緯度": 34.657696, "経度": 135.819167, "url": "https://www.iryou.teikyouseido.mhlw.go.jp/znk-web/juminkanja/S2430/initialize?prefCd=29&kikanCd=2950AN0158&kikanKbn=5", "url2": "https://cmed.co.jp/hidamari-kandono/", "内容": "ひだまり薬局神殿店【5:薬局】奈良県奈良市神殿町６５５番地の３" }, "geometry": { "type": "Point", "coordinates": [ 135.819167, 34.657696 ] } },
{ "type": "Feature", "properties": { "ID": "2952950AN0159", "正式名称": "ミラドラ薬局学園前駅店", "機関区分": 5, "都道府県コード": 29, "市区町村コード": 201, "所在地": "奈良県奈良市学園北１－８－１１かくやビル１階", "緯度": 34.699914, "経度": 135.750064, "url": "https://www.iryou.teikyouseido.mhlw.go.jp/znk-web/juminkanja/S2430/initialize?prefCd=29&kikanCd=2950AN0159&kikanKbn=5", "url2": null, "内容": "ミラドラ薬局学園前駅店【5:薬局】奈良県奈良市学園北１－８－１１かくやビル１階" }, "geometry": { "type": "Point", "coordinates": [ 135.750064, 34.699914 ] } },
{ "type": "Feature", "properties": { "ID": "2952950AN0160", "正式名称": "ハート薬局奈良登美ヶ丘店", "機関区分": 5, "都道府県コード": 29, "市区町村コード": 201, "所在地": "奈良県奈良市中登美ヶ丘１丁目７９３番地１７　中登美団地Ａ１７号棟　１階１０１号室", "緯度": 34.715317, "経度": 135.750057, "url": "https://www.iryou.teikyouseido.mhlw.go.jp/znk-web/juminkanja/S2430/initialize?prefCd=29&kikanCd=2950AN0160&kikanKbn=5", "url2": null, "内容": "ハート薬局奈良登美ヶ丘店【5:薬局】奈良県奈良市中登美ヶ丘１丁目７９３番地１７　中登美団地Ａ１７号棟　１階１０１号室" }, "geometry": { "type": "Point", "coordinates": [ 135.750057, 34.715317 ] } },
{ "type": "Feature", "properties": { "ID": "2952950AN0162", "正式名称": "尼ヶ辻マルゼン薬局", "機関区分": 5, "都道府県コード": 29, "市区町村コード": 201, "所在地": "奈良県奈良市尼辻西町３－５", "緯度": 34.681747, "経度": 135.783226, "url": "https://www.iryou.teikyouseido.mhlw.go.jp/znk-web/juminkanja/S2430/initialize?prefCd=29&kikanCd=2950AN0162&kikanKbn=5", "url2": "https://www.e-classa.net/towardslight/index.html", "内容": "尼ヶ辻マルゼン薬局【5:薬局】奈良県奈良市尼辻西町３－５" }, "geometry": { "type": "Point", "coordinates": [ 135.783226, 34.681747 ] } },
{ "type": "Feature", "properties": { "ID": "2952950AN0163", "正式名称": "自分薬局宝来", "機関区分": 5, "都道府県コード": 29, "市区町村コード": 201, "所在地": "奈良県奈良市宝来町１２７０番地１９", "緯度": 34.686309, "経度": 135.765334, "url": "https://www.iryou.teikyouseido.mhlw.go.jp/znk-web/juminkanja/S2430/initialize?prefCd=29&kikanCd=2950AN0163&kikanKbn=5", "url2": "http://jibun-pharmacy.com", "内容": "自分薬局宝来【5:薬局】奈良県奈良市宝来町１２７０番地１９" }, "geometry": { "type": "Point", "coordinates": [ 135.765334, 34.686309 ] } },
{ "type": "Feature", "properties": { "ID": "2957002700000", "正式名称": "太田薬局", "機関区分": 5, "都道府県コード": 29, "市区町村コード": 205, "所在地": "奈良県橿原市石川町２９７－１", "緯度": 34.483365, "経度": 135.798842, "url": "https://www.iryou.teikyouseido.mhlw.go.jp/znk-web/juminkanja/S2430/initialize?prefCd=29&kikanCd=7002700000&kikanKbn=5", "url2": null, "内容": "太田薬局【5:薬局】奈良県橿原市石川町２９７－１" }, "geometry": { "type": "Point", "coordinates": [ 135.798842, 34.483365 ] } },
{ "type": "Feature", "properties": { "ID": "2957002800000", "正式名称": "福井薬局", "機関区分": 5, "都道府県コード": 29, "市区町村コード": 203, "所在地": "奈良県大和郡山市下三橋町４４６－３９", "緯度": 34.647042, "経度": 135.796085, "url": "https://www.iryou.teikyouseido.mhlw.go.jp/znk-web/juminkanja/S2430/initialize?prefCd=29&kikanCd=7002800000&kikanKbn=5", "url2": null, "内容": "福井薬局【5:薬局】奈良県大和郡山市下三橋町４４６－３９" }, "geometry": { "type": "Point", "coordinates": [ 135.796085, 34.647042 ] } },
{ "type": "Feature", "properties": { "ID": "2957003800000", "正式名称": "福西薬局", "機関区分": 5, "都道府県コード": 29, "市区町村コード": 427, "所在地": "奈良県北葛城郡河合町広瀬台３－６", "緯度": 34.586797, "経度": 135.718399, "url": "https://www.iryou.teikyouseido.mhlw.go.jp/znk-web/juminkanja/S2430/initialize?prefCd=29&kikanCd=7003800000&kikanKbn=5", "url2": null, "内容": "福西薬局【5:薬局】奈良県北葛城郡河合町広瀬台３－６" }, "geometry": { "type": "Point", "coordinates": [ 135.718399, 34.586797 ] } },
{ "type": "Feature", "properties": { "ID": "2957006100000", "正式名称": "ニシダ薬局", "機関区分": 5, "都道府県コード": 29, "市区町村コード": 204, "所在地": "奈良県天理市川原城町７８９－２", "緯度": 34.599298, "経度": 135.831417, "url": "https://www.iryou.teikyouseido.mhlw.go.jp/znk-web/juminkanja/S2430/initialize?prefCd=29&kikanCd=7006100000&kikanKbn=5", "url2": null, "内容": "ニシダ薬局【5:薬局】奈良県天理市川原城町７８９－２" }, "geometry": { "type": "Point", "coordinates": [ 135.831417, 34.599298 ] } },
{ "type": "Feature", "properties": { "ID": "2957006800000", "正式名称": "北村薬局", "機関区分": 5, "都道府県コード": 29, "市区町村コード": 201, "所在地": "奈良県奈良市後藤町２７", "緯度": 34.68926, "経度": 135.83183, "url": "https://www.iryou.teikyouseido.mhlw.go.jp/znk-web/juminkanja/S2430/initialize?prefCd=29&kikanCd=7006800000&kikanKbn=5", "url2": null, "内容": "北村薬局【5:薬局】奈良県奈良市後藤町２７" }, "geometry": { "type": "Point", "coordinates": [ 135.83183, 34.68926 ] } },
{ "type": "Feature", "properties": { "ID": "2957007400000", "正式名称": "南都薬局", "機関区分": 5, "都道府県コード": 29, "市区町村コード": 207, "所在地": "奈良県五條市野原西", "緯度": 34.346295, "経度": 135.696357, "url": "https://www.iryou.teikyouseido.mhlw.go.jp/znk-web/juminkanja/S2430/initialize?prefCd=29&kikanCd=7007400000&kikanKbn=5", "url2": null, "内容": "南都薬局【5:薬局】奈良県五條市野原西" }, "geometry": { "type": "Point", "coordinates": [ 135.696357, 34.346295 ] } },
{ "type": "Feature", "properties": { "ID": "2957007600000", "正式名称": "松本薬局", "機関区分": 5, "都道府県コード": 29, "市区町村コード": 201, "所在地": "奈良県奈良市南城戸町１２", "緯度": 34.67725, "経度": 135.82768, "url": "https://www.iryou.teikyouseido.mhlw.go.jp/znk-web/juminkanja/S2430/initialize?prefCd=29&kikanCd=7007600000&kikanKbn=5", "url2": null, "内容": "松本薬局【5:薬局】奈良県奈良市南城戸町１２" }, "geometry": { "type": "Point", "coordinates": [ 135.82768, 34.67725 ] } },
{ "type": "Feature", "properties": { "ID": "2957008800000", "正式名称": "フジ薬局", "機関区分": 5, "都道府県コード": 29, "市区町村コード": 344, "所在地": "奈良県生駒郡斑鳩町興留７－７－３", "緯度": 34.601769, "経度": 135.737892, "url": "https://www.iryou.teikyouseido.mhlw.go.jp/znk-web/juminkanja/S2430/initialize?prefCd=29&kikanCd=7008800000&kikanKbn=5", "url2": null, "内容": "フジ薬局【5:薬局】奈良県生駒郡斑鳩町興留７－７－３" }, "geometry": { "type": "Point", "coordinates": [ 135.737892, 34.601769 ] } },
{ "type": "Feature", "properties": { "ID": "2957009300000", "正式名称": "みふく健康薬局", "機関区分": 5, "都道府県コード": 29, "市区町村コード": 211, "所在地": "奈良県葛城市北花内５５７－２", "緯度": 34.487502, "経度": 135.729042, "url": "https://www.iryou.teikyouseido.mhlw.go.jp/znk-web/juminkanja/S2430/initialize?prefCd=29&kikanCd=7009300000&kikanKbn=5", "url2": null, "内容": "みふく健康薬局【5:薬局】奈良県葛城市北花内５５７－２" }, "geometry": { "type": "Point", "coordinates": [ 135.729042, 34.487502 ] } },
{ "type": "Feature", "properties": { "ID": "2957009400000", "正式名称": "大竹薬局", "機関区分": 5, "都道府県コード": 29, "市区町村コード": 205, "所在地": "奈良県橿原市南八木町３丁目１－１", "緯度": 34.50689, "経度": 135.795897, "url": "https://www.iryou.teikyouseido.mhlw.go.jp/znk-web/juminkanja/S2430/initialize?prefCd=29&kikanCd=7009400000&kikanKbn=5", "url2": null, "内容": "大竹薬局【5:薬局】奈良県橿原市南八木町３丁目１－１" }, "geometry": { "type": "Point", "coordinates": [ 135.795897, 34.50689 ] } },
{ "type": "Feature", "properties": { "ID": "2957009800000", "正式名称": "中島安泰湯本舗　中島寿玄薬局", "機関区分": 5, "都道府県コード": 29, "市区町村コード": 443, "所在地": "奈良県吉野郡下市町下市４７０", "緯度": 34.37146, "経度": 135.789181, "url": "https://www.iryou.teikyouseido.mhlw.go.jp/znk-web/juminkanja/S2430/initialize?prefCd=29&kikanCd=7009800000&kikanKbn=5", "url2": null, "内容": "中島安泰湯本舗　中島寿玄薬局【5:薬局】奈良県吉野郡下市町下市４７０" }, "geometry": { "type": "Point", "coordinates": [ 135.789181, 34.37146 ] } },
{ "type": "Feature", "properties": { "ID": "2957010200000", "正式名称": "幸健堂漢方薬局", "機関区分": 5, "都道府県コード": 29, "市区町村コード": 201, "所在地": "奈良県奈良市大宮町１－１－２８", "緯度": 34.683761, "経度": 135.820609, "url": "https://www.iryou.teikyouseido.mhlw.go.jp/znk-web/juminkanja/S2430/initialize?prefCd=29&kikanCd=7010200000&kikanKbn=5", "url2": null, "内容": "幸健堂漢方薬局【5:薬局】奈良県奈良市大宮町１－１－２８" }, "geometry": { "type": "Point", "coordinates": [ 135.820609, 34.683761 ] } },
{ "type": "Feature", "properties": { "ID": "2957010700000", "正式名称": "澤井薬局", "機関区分": 5, "都道府県コード": 29, "市区町村コード": 205, "所在地": "奈良県橿原市八木町２－３－３１", "緯度": 34.508946, "経度": 135.795702, "url": "https://www.iryou.teikyouseido.mhlw.go.jp/znk-web/juminkanja/S2430/initialize?prefCd=29&kikanCd=7010700000&kikanKbn=5", "url2": null, "内容": "澤井薬局【5:薬局】奈良県橿原市八木町２－３－３１" }, "geometry": { "type": "Point", "coordinates": [ 135.795702, 34.508946 ] } },
{ "type": "Feature", "properties": { "ID": "2957010800000", "正式名称": "あじさい薬局", "機関区分": 5, "都道府県コード": 29, "市区町村コード": 201, "所在地": "奈良県奈良市藤ノ木台３－２０－２－１", "緯度": 34.679954, "経度": 135.75617, "url": "https://www.iryou.teikyouseido.mhlw.go.jp/znk-web/juminkanja/S2430/initialize?prefCd=29&kikanCd=7010800000&kikanKbn=5", "url2": null, "内容": "あじさい薬局【5:薬局】奈良県奈良市藤ノ木台３－２０－２－１" }, "geometry": { "type": "Point", "coordinates": [ 135.75617, 34.679954 ] } },
{ "type": "Feature", "properties": { "ID": "2957011000000", "正式名称": "森田草楽堂薬局", "機関区分": 5, "都道府県コード": 29, "市区町村コード": 205, "所在地": "奈良県橿原市八木町１－６－１　草楽ビル１Ｆ", "緯度": 34.510473, "経度": 135.791813, "url": "https://www.iryou.teikyouseido.mhlw.go.jp/znk-web/juminkanja/S2430/initialize?prefCd=29&kikanCd=7011000000&kikanKbn=5", "url2": "https://moritasourakudou.com", "内容": "森田草楽堂薬局【5:薬局】奈良県橿原市八木町１－６－１　草楽ビル１Ｆ" }, "geometry": { "type": "Point", "coordinates": [ 135.791813, 34.510473 ] } },
{ "type": "Feature", "properties": { "ID": "2957011700000", "正式名称": "エミ薬局", "機関区分": 5, "都道府県コード": 29, "市区町村コード": 343, "所在地": "奈良県生駒郡三郷町美松ケ丘東１－２－１", "緯度": 34.608683, "経度": 135.703122, "url": "https://www.iryou.teikyouseido.mhlw.go.jp/znk-web/juminkanja/S2430/initialize?prefCd=29&kikanCd=7011700000&kikanKbn=5", "url2": null, "内容": "エミ薬局【5:薬局】奈良県生駒郡三郷町美松ケ丘東１－２－１" }, "geometry": { "type": "Point", "coordinates": [ 135.703122, 34.608683 ] } },
{ "type": "Feature", "properties": { "ID": "2957011800000", "正式名称": "キタムラ薬局", "機関区分": 5, "都道府県コード": 29, "市区町村コード": 203, "所在地": "奈良県大和郡山市堺町９", "緯度": 34.650986, "経度": 135.783863, "url": "https://www.iryou.teikyouseido.mhlw.go.jp/znk-web/juminkanja/S2430/initialize?prefCd=29&kikanCd=7011800000&kikanKbn=5", "url2": null, "内容": "キタムラ薬局【5:薬局】奈良県大和郡山市堺町９" }, "geometry": { "type": "Point", "coordinates": [ 135.783863, 34.650986 ] } },
{ "type": "Feature", "properties": { "ID": "2957012100000", "正式名称": "杉本薬局", "機関区分": 5, "都道府県コード": 29, "市区町村コード": 363, "所在地": "奈良県磯城郡田原本町１９０－１", "緯度": 34.556691, "経度": 135.79495, "url": "https://www.iryou.teikyouseido.mhlw.go.jp/znk-web/juminkanja/S2430/initialize?prefCd=29&kikanCd=7012100000&kikanKbn=5", "url2": null, "内容": "杉本薬局【5:薬局】奈良県磯城郡田原本町１９０－１" }, "geometry": { "type": "Point", "coordinates": [ 135.79495, 34.556691 ] } },
{ "type": "Feature", "properties": { "ID": "2957012200000", "正式名称": "ナカオ薬局", "機関区分": 5, "都道府県コード": 29, "市区町村コード": 206, "所在地": "奈良県桜井市粟殿１００６－１", "緯度": 34.516585, "経度": 135.846586, "url": "https://www.iryou.teikyouseido.mhlw.go.jp/znk-web/juminkanja/S2430/initialize?prefCd=29&kikanCd=7012200000&kikanKbn=5", "url2": "http://nakao-ph.magatama.org/", "内容": "ナカオ薬局【5:薬局】奈良県桜井市粟殿１００６－１" }, "geometry": { "type": "Point", "coordinates": [ 135.846586, 34.516585 ] } },
{ "type": "Feature", "properties": { "ID": "2957012800000", "正式名称": "朝倉薬局", "機関区分": 5, "都道府県コード": 29, "市区町村コード": 206, "所在地": "奈良県桜井市慈恩寺４１", "緯度": 34.517002, "経度": 135.868473, "url": "https://www.iryou.teikyouseido.mhlw.go.jp/znk-web/juminkanja/S2430/initialize?prefCd=29&kikanCd=7012800000&kikanKbn=5", "url2": null, "内容": "朝倉薬局【5:薬局】奈良県桜井市慈恩寺４１" }, "geometry": { "type": "Point", "coordinates": [ 135.868473, 34.517002 ] } },
{ "type": "Feature", "properties": { "ID": "2957013100000", "正式名称": "壺阪漢方堂薬局", "機関区分": 5, "都道府県コード": 29, "市区町村コード": 401, "所在地": "奈良県高市郡高取町観覚寺１４６７", "緯度": 34.448591, "経度": 135.797621, "url": "https://www.iryou.teikyouseido.mhlw.go.jp/znk-web/juminkanja/S2430/initialize?prefCd=29&kikanCd=7013100000&kikanKbn=5", "url2": null, "内容": "壺阪漢方堂薬局【5:薬局】奈良県高市郡高取町観覚寺１４６７" }, "geometry": { "type": "Point", "coordinates": [ 135.797621, 34.448591 ] } },
{ "type": "Feature", "properties": { "ID": "2957013300000", "正式名称": "クボ薬局", "機関区分": 5, "都道府県コード": 29, "市区町村コード": 442, "所在地": "奈良県吉野郡大淀町下渕１５３－１", "緯度": 34.382626, "経度": 135.787625, "url": "https://www.iryou.teikyouseido.mhlw.go.jp/znk-web/juminkanja/S2430/initialize?prefCd=29&kikanCd=7013300000&kikanKbn=5", "url2": null, "内容": "クボ薬局【5:薬局】奈良県吉野郡大淀町下渕１５３－１" }, "geometry": { "type": "Point", "coordinates": [ 135.787625, 34.382626 ] } },
{ "type": "Feature", "properties": { "ID": "2957013500000", "正式名称": "さくら調剤薬局", "機関区分": 5, "都道府県コード": 29, "市区町村コード": 425, "所在地": "奈良県北葛城郡王寺町舟戸１－１－８", "緯度": 34.597324, "経度": 135.709622, "url": "https://www.iryou.teikyouseido.mhlw.go.jp/znk-web/juminkanja/S2430/initialize?prefCd=29&kikanCd=7013500000&kikanKbn=5", "url2": "http://www.bikkury.co.jp", "内容": "さくら調剤薬局【5:薬局】奈良県北葛城郡王寺町舟戸１－１－８" }, "geometry": { "type": "Point", "coordinates": [ 135.709622, 34.597324 ] } },
{ "type": "Feature", "properties": { "ID": "2957013700000", "正式名称": "高田さくら薬局", "機関区分": 5, "都道府県コード": 29, "市区町村コード": 202, "所在地": "奈良県大和高田市大中６４－３", "緯度": 34.510806, "経度": 135.736096, "url": "https://www.iryou.teikyouseido.mhlw.go.jp/znk-web/juminkanja/S2430/initialize?prefCd=29&kikanCd=7013700000&kikanKbn=5", "url2": "http://www.narairyo.co.jp", "内容": "高田さくら薬局【5:薬局】奈良県大和高田市大中６４－３" }, "geometry": { "type": "Point", "coordinates": [ 135.736096, 34.510806 ] } },
{ "type": "Feature", "properties": { "ID": "2957013800000", "正式名称": "ダイヨシ薬局片塩店", "機関区分": 5, "都道府県コード": 29, "市区町村コード": 202, "所在地": "奈良県大和高田市片塩町１４－３", "緯度": 34.50825, "経度": 135.743262, "url": "https://www.iryou.teikyouseido.mhlw.go.jp/znk-web/juminkanja/S2430/initialize?prefCd=29&kikanCd=7013800000&kikanKbn=5", "url2": null, "内容": "ダイヨシ薬局片塩店【5:薬局】奈良県大和高田市片塩町１４－３" }, "geometry": { "type": "Point", "coordinates": [ 135.743262, 34.50825 ] } },
{ "type": "Feature", "properties": { "ID": "2957014400000", "正式名称": "春日薬局", "機関区分": 5, "都道府県コード": 29, "市区町村コード": 201, "所在地": "奈良県奈良市角振町１６", "緯度": 34.68215, "経度": 135.826747, "url": "https://www.iryou.teikyouseido.mhlw.go.jp/znk-web/juminkanja/S2430/initialize?prefCd=29&kikanCd=7014400000&kikanKbn=5", "url2": "https://kasuga0304.wixstudio.com/kasuga-pharmacy", "内容": "春日薬局【5:薬局】奈良県奈良市角振町１６" }, "geometry": { "type": "Point", "coordinates": [ 135.826747, 34.68215 ] } },
{ "type": "Feature", "properties": { "ID": "2957014700000", "正式名称": "ファーマシー木のうた　薬局西の京店", "機関区分": 5, "都道府県コード": 29, "市区町村コード": 201, "所在地": "奈良県奈良市六条西１－１－５０", "緯度": 34.672119, "経度": 135.772892, "url": "https://www.iryou.teikyouseido.mhlw.go.jp/znk-web/juminkanja/S2430/initialize?prefCd=29&kikanCd=7014700000&kikanKbn=5", "url2": "https://kinouta.co.jp/%E5%BA%97%E8%88%97%E6%A1%88%E5%86%85/pha_nishinokyo/", "内容": "ファーマシー木のうた　薬局西の京店【5:薬局】奈良県奈良市六条西１－１－５０" }, "geometry": { "type": "Point", "coordinates": [ 135.772892, 34.672119 ] } },
{ "type": "Feature", "properties": { "ID": "2957014900000", "正式名称": "衣川薬局", "機関区分": 5, "都道府県コード": 29, "市区町村コード": 201, "所在地": "奈良県奈良市西大寺南町１－１７　西田ビル１０３", "緯度": 34.693759, "経度": 135.781306, "url": "https://www.iryou.teikyouseido.mhlw.go.jp/znk-web/juminkanja/S2430/initialize?prefCd=29&kikanCd=7014900000&kikanKbn=5", "url2": null, "内容": "衣川薬局【5:薬局】奈良県奈良市西大寺南町１－１７　西田ビル１０３" }, "geometry": { "type": "Point", "coordinates": [ 135.781306, 34.693759 ] } },
{ "type": "Feature", "properties": { "ID": "2957015000000", "正式名称": "有限会社ケンエ薬局", "機関区分": 5, "都道府県コード": 29, "市区町村コード": 201, "所在地": "奈良県奈良市富雄北１－３－５　第１キタダビル１階", "緯度": 34.694591, "経度": 135.735199, "url": "https://www.iryou.teikyouseido.mhlw.go.jp/znk-web/juminkanja/S2430/initialize?prefCd=29&kikanCd=7015000000&kikanKbn=5", "url2": null, "内容": "有限会社ケンエ薬局【5:薬局】奈良県奈良市富雄北１－３－５　第１キタダビル１階" }, "geometry": { "type": "Point", "coordinates": [ 135.735199, 34.694591 ] } },
{ "type": "Feature", "properties": { "ID": "2957015500000", "正式名称": "ナニワ薬局", "機関区分": 5, "都道府県コード": 29, "市区町村コード": 203, "所在地": "奈良県大和郡山市九条町２９７－１", "緯度": 34.659207, "経度": 135.783252, "url": "https://www.iryou.teikyouseido.mhlw.go.jp/znk-web/juminkanja/S2430/initialize?prefCd=29&kikanCd=7015500000&kikanKbn=5", "url2": "http://www2.ocn.ne.jp/^naniwaph/", "内容": "ナニワ薬局【5:薬局】奈良県大和郡山市九条町２９７－１" }, "geometry": { "type": "Point", "coordinates": [ 135.783252, 34.659207 ] } },
{ "type": "Feature", "properties": { "ID": "2957016000000", "正式名称": "福田漢方薬局", "機関区分": 5, "都道府県コード": 29, "市区町村コード": 441, "所在地": "奈良県吉野郡吉野町橋屋２５１－１", "緯度": 34.389876, "経度": 135.841509, "url": "https://www.iryou.teikyouseido.mhlw.go.jp/znk-web/juminkanja/S2430/initialize?prefCd=29&kikanCd=7016000000&kikanKbn=5", "url2": null, "内容": "福田漢方薬局【5:薬局】奈良県吉野郡吉野町橋屋２５１－１" }, "geometry": { "type": "Point", "coordinates": [ 135.841509, 34.389876 ] } },
{ "type": "Feature", "properties": { "ID": "2957016300000", "正式名称": "桜井さくら薬局", "機関区分": 5, "都道府県コード": 29, "市区町村コード": 206, "所在地": "奈良県桜井市阿部３１１－２", "緯度": 34.507767, "経度": 135.83832, "url": "https://www.iryou.teikyouseido.mhlw.go.jp/znk-web/juminkanja/S2430/initialize?prefCd=29&kikanCd=7016300000&kikanKbn=5", "url2": "http://www.narairyo.co.jp", "内容": "桜井さくら薬局【5:薬局】奈良県桜井市阿部３１１－２" }, "geometry": { "type": "Point", "coordinates": [ 135.83832, 34.507767 ] } },
{ "type": "Feature", "properties": { "ID": "2957017000000", "正式名称": "スマイル薬局神功店", "機関区分": 5, "都道府県コード": 29, "市区町村コード": 201, "所在地": "奈良県奈良市神功３丁目７－３１", "緯度": 34.718729, "経度": 135.780833, "url": "https://www.iryou.teikyouseido.mhlw.go.jp/znk-web/juminkanja/S2430/initialize?prefCd=29&kikanCd=7017000000&kikanKbn=5", "url2": "http://www.bikkury.co.jp/", "内容": "スマイル薬局神功店【5:薬局】奈良県奈良市神功３丁目７－３１" }, "geometry": { "type": "Point", "coordinates": [ 135.780833, 34.718729 ] } },
{ "type": "Feature", "properties": { "ID": "2957017300000", "正式名称": "うちの薬局", "機関区分": 5, "都道府県コード": 29, "市区町村コード": 207, "所在地": "奈良県五條市五條２－３７１－１", "緯度": 34.352655, "経度": 135.698828, "url": "https://www.iryou.teikyouseido.mhlw.go.jp/znk-web/juminkanja/S2430/initialize?prefCd=29&kikanCd=7017300000&kikanKbn=5", "url2": "https://akitsushima-gr.com/", "内容": "うちの薬局【5:薬局】奈良県五條市五條２－３７１－１" }, "geometry": { "type": "Point", "coordinates": [ 135.698828, 34.352655 ] } },
{ "type": "Feature", "properties": { "ID": "2957017900000", "正式名称": "にしわき薬局しん町店", "機関区分": 5, "都道府県コード": 29, "市区町村コード": 442, "所在地": "奈良県吉野郡大淀町下渕９３３", "緯度": 34.382792, "経度": 135.790903, "url": "https://www.iryou.teikyouseido.mhlw.go.jp/znk-web/juminkanja/S2430/initialize?prefCd=29&kikanCd=7017900000&kikanKbn=5", "url2": null, "内容": "にしわき薬局しん町店【5:薬局】奈良県吉野郡大淀町下渕９３３" }, "geometry": { "type": "Point", "coordinates": [ 135.790903, 34.382792 ] } },
{ "type": "Feature", "properties": { "ID": "2957018300000", "正式名称": "ピーター薬局", "機関区分": 5, "都道府県コード": 29, "市区町村コード": 425, "所在地": "奈良県北葛城郡王寺町王寺２－８－１９", "緯度": 34.595713, "経度": 135.705539, "url": "https://www.iryou.teikyouseido.mhlw.go.jp/znk-web/juminkanja/S2430/initialize?prefCd=29&kikanCd=7018300000&kikanKbn=5", "url2": "http://www.bikkury.co.jp/shop/kitakatsuragi02.html", "内容": "ピーター薬局【5:薬局】奈良県北葛城郡王寺町王寺２－８－１９" }, "geometry": { "type": "Point", "coordinates": [ 135.705539, 34.595713 ] } },
{ "type": "Feature", "properties": { "ID": "2957018500000", "正式名称": "ヤスイ薬局生駒", "機関区分": 5, "都道府県コード": 29, "市区町村コード": 209, "所在地": "奈良県生駒市谷田町８７０－２　中谷ビル１Ｆ　１０２", "緯度": 34.695619, "経度": 135.701007, "url": "https://www.iryou.teikyouseido.mhlw.go.jp/znk-web/juminkanja/S2430/initialize?prefCd=29&kikanCd=7018500000&kikanKbn=5", "url2": "http://www.4kcn.ne.jp/^yasui-/", "内容": "ヤスイ薬局生駒【5:薬局】奈良県生駒市谷田町８７０－２　中谷ビル１Ｆ　１０２" }, "geometry": { "type": "Point", "coordinates": [ 135.701007, 34.695619 ] } },
{ "type": "Feature", "properties": { "ID": "2957018600000", "正式名称": "アリス薬局", "機関区分": 5, "都道府県コード": 29, "市区町村コード": 209, "所在地": "奈良県生駒市東生駒１－７０－１", "緯度": 34.691536, "経度": 135.710256, "url": "https://www.iryou.teikyouseido.mhlw.go.jp/znk-web/juminkanja/S2430/initialize?prefCd=29&kikanCd=7018600000&kikanKbn=5", "url2": "http://www2.ocn.ne.jp/~bikkury/bk_tenpo-2ikoma.c_10.htm", "内容": "アリス薬局【5:薬局】奈良県生駒市東生駒１－７０－１" }, "geometry": { "type": "Point", "coordinates": [ 135.710256, 34.691536 ] } },
{ "type": "Feature", "properties": { "ID": "2957018800000", "正式名称": "浦西薬局", "機関区分": 5, "都道府県コード": 29, "市区町村コード": 204, "所在地": "奈良県天理市川原城町２４６", "緯度": 34.599909, "経度": 135.834639, "url": "https://www.iryou.teikyouseido.mhlw.go.jp/znk-web/juminkanja/S2430/initialize?prefCd=29&kikanCd=7018800000&kikanKbn=5", "url2": null, "内容": "浦西薬局【5:薬局】奈良県天理市川原城町２４６" }, "geometry": { "type": "Point", "coordinates": [ 135.834639, 34.599909 ] } },
{ "type": "Feature", "properties": { "ID": "2957018900000", "正式名称": "コスモス薬局", "機関区分": 5, "都道府県コード": 29, "市区町村コード": 209, "所在地": "奈良県生駒市中菜畑２丁目１１０９－３", "緯度": 34.680592, "経度": 135.705591, "url": "https://www.iryou.teikyouseido.mhlw.go.jp/znk-web/juminkanja/S2430/initialize?prefCd=29&kikanCd=7018900000&kikanKbn=5", "url2": null, "内容": "コスモス薬局【5:薬局】奈良県生駒市中菜畑２丁目１１０９－３" }, "geometry": { "type": "Point", "coordinates": [ 135.705591, 34.680592 ] } },
{ "type": "Feature", "properties": { "ID": "2957019000000", "正式名称": "くるみ薬局", "機関区分": 5, "都道府県コード": 29, "市区町村コード": 205, "所在地": "奈良県橿原市北八木町３－１－６", "緯度": 34.513334, "経度": 135.79548, "url": "https://www.iryou.teikyouseido.mhlw.go.jp/znk-web/juminkanja/S2430/initialize?prefCd=29&kikanCd=7019000000&kikanKbn=5", "url2": null, "内容": "くるみ薬局【5:薬局】奈良県橿原市北八木町３－１－６" }, "geometry": { "type": "Point", "coordinates": [ 135.79548, 34.513334 ] } },
{ "type": "Feature", "properties": { "ID": "2957019100000", "正式名称": "アカイ薬局土庫店", "機関区分": 5, "都道府県コード": 29, "市区町村コード": 202, "所在地": "奈良県大和高田市土庫１丁目１３－８", "緯度": 34.524277, "経度": 135.75065, "url": "https://www.iryou.teikyouseido.mhlw.go.jp/znk-web/juminkanja/S2430/initialize?prefCd=29&kikanCd=7019100000&kikanKbn=5", "url2": "https://akai-pharmacy.com/", "内容": "アカイ薬局土庫店【5:薬局】奈良県大和高田市土庫１丁目１３－８" }, "geometry": { "type": "Point", "coordinates": [ 135.75065, 34.524277 ] } },
{ "type": "Feature", "properties": { "ID": "2957019600000", "正式名称": "コトブキ薬局　橿原店", "機関区分": 5, "都道府県コード": 29, "市区町村コード": 205, "所在地": "奈良県橿原市石川町８２番地", "緯度": 34.484532, "経度": 135.796231, "url": "https://www.iryou.teikyouseido.mhlw.go.jp/znk-web/juminkanja/S2430/initialize?prefCd=29&kikanCd=7019600000&kikanKbn=5", "url2": "https://www.sugi-net.jp", "内容": "コトブキ薬局　橿原店【5:薬局】奈良県橿原市石川町８２番地" }, "geometry": { "type": "Point", "coordinates": [ 135.796231, 34.484532 ] } },
{ "type": "Feature", "properties": { "ID": "2957019900000", "正式名称": "星和台薬局", "機関区分": 5, "都道府県コード": 29, "市区町村コード": 427, "所在地": "奈良県北葛城郡河合町星和台１－９－５", "緯度": 34.586269, "経度": 135.7169, "url": "https://www.iryou.teikyouseido.mhlw.go.jp/znk-web/juminkanja/S2430/initialize?prefCd=29&kikanCd=7019900000&kikanKbn=5", "url2": null, "内容": "星和台薬局【5:薬局】奈良県北葛城郡河合町星和台１－９－５" }, "geometry": { "type": "Point", "coordinates": [ 135.7169, 34.586269 ] } },
{ "type": "Feature", "properties": { "ID": "2957020300000", "正式名称": "いずみ薬局", "機関区分": 5, "都道府県コード": 29, "市区町村コード": 212, "所在地": "奈良県宇陀市菟田野松井１６－１", "緯度": 34.468925, "経度": 135.981077, "url": "https://www.iryou.teikyouseido.mhlw.go.jp/znk-web/juminkanja/S2430/initialize?prefCd=29&kikanCd=7020300000&kikanKbn=5", "url2": null, "内容": "いずみ薬局【5:薬局】奈良県宇陀市菟田野松井１６－１" }, "geometry": { "type": "Point", "coordinates": [ 135.981077, 34.468925 ] } },
{ "type": "Feature", "properties": { "ID": "2957020700000", "正式名称": "さんごう薬局", "機関区分": 5, "都道府県コード": 29, "市区町村コード": 343, "所在地": "奈良県生駒郡三郷町立野南１丁目２４－１６　メゾン前田１０５号", "緯度": 34.590018, "経度": 135.688429, "url": "https://www.iryou.teikyouseido.mhlw.go.jp/znk-web/juminkanja/S2430/initialize?prefCd=29&kikanCd=7020700000&kikanKbn=5", "url2": "http://www2.ocn.ne.jp/~bikkury/bk_tenpo-3ikoma.g_11.htm", "内容": "さんごう薬局【5:薬局】奈良県生駒郡三郷町立野南１丁目２４－１６　メゾン前田１０５号" }, "geometry": { "type": "Point", "coordinates": [ 135.688429, 34.590018 ] } },
{ "type": "Feature", "properties": { "ID": "2957021000000", "正式名称": "鹿ノ台調剤薬局", "機関区分": 5, "都道府県コード": 29, "市区町村コード": 209, "所在地": "奈良県生駒市鹿ノ台南２丁目３－２", "緯度": 34.734837, "経度": 135.750029, "url": "https://www.iryou.teikyouseido.mhlw.go.jp/znk-web/juminkanja/S2430/initialize?prefCd=29&kikanCd=7021000000&kikanKbn=5", "url2": "http://web1.kcn.jp/shikanodai/", "内容": "鹿ノ台調剤薬局【5:薬局】奈良県生駒市鹿ノ台南２丁目３－２" }, "geometry": { "type": "Point", "coordinates": [ 135.750029, 34.734837 ] } },
{ "type": "Feature", "properties": { "ID": "2957021300000", "正式名称": "サエラ薬局", "機関区分": 5, "都道府県コード": 29, "市区町村コード": 209, "所在地": "奈良県生駒市本町５－９", "緯度": 34.691786, "経度": 135.698396, "url": "https://www.iryou.teikyouseido.mhlw.go.jp/znk-web/juminkanja/S2430/initialize?prefCd=29&kikanCd=7021300000&kikanKbn=5", "url2": "https://www.saera-ph.co.jp/shop/ikoma/", "内容": "サエラ薬局【5:薬局】奈良県生駒市本町５－９" }, "geometry": { "type": "Point", "coordinates": [ 135.698396, 34.691786 ] } },
{ "type": "Feature", "properties": { "ID": "2957021400000", "正式名称": "かるがも薬局　筒井店", "機関区分": 5, "都道府県コード": 29, "市区町村コード": 203, "所在地": "奈良県大和郡山市筒井町２６５－２", "緯度": 34.625044, "経度": 135.77992, "url": "https://www.iryou.teikyouseido.mhlw.go.jp/znk-web/juminkanja/S2430/initialize?prefCd=29&kikanCd=7021400000&kikanKbn=5", "url2": null, "内容": "かるがも薬局　筒井店【5:薬局】奈良県大和郡山市筒井町２６５－２" }, "geometry": { "type": "Point", "coordinates": [ 135.77992, 34.625044 ] } },
{ "type": "Feature", "properties": { "ID": "2957021900000", "正式名称": "スギ薬局真弓店", "機関区分": 5, "都道府県コード": 29, "市区町村コード": 209, "所在地": "奈良県生駒市真弓４－４－７", "緯度": 34.717561, "経度": 135.733559, "url": "https://www.iryou.teikyouseido.mhlw.go.jp/znk-web/juminkanja/S2430/initialize?prefCd=29&kikanCd=7021900000&kikanKbn=5", "url2": "http://www.sugi-p.com/concept.html", "内容": "スギ薬局真弓店【5:薬局】奈良県生駒市真弓４－４－７" }, "geometry": { "type": "Point", "coordinates": [ 135.733559, 34.717561 ] } },
{ "type": "Feature", "properties": { "ID": "2957022300000", "正式名称": "ヤスイ薬局辻", "機関区分": 5, "都道府県コード": 29, "市区町村コード": 209, "所在地": "奈良県生駒市辻町３９７－８　東生駒８番館１階", "緯度": 34.693924, "経度": 135.709284, "url": "https://www.iryou.teikyouseido.mhlw.go.jp/znk-web/juminkanja/S2430/initialize?prefCd=29&kikanCd=7022300000&kikanKbn=5", "url2": null, "内容": "ヤスイ薬局辻【5:薬局】奈良県生駒市辻町３９７－８　東生駒８番館１階" }, "geometry": { "type": "Point", "coordinates": [ 135.709284, 34.693924 ] } },
{ "type": "Feature", "properties": { "ID": "2957022500000", "正式名称": "みずの薬局", "機関区分": 5, "都道府県コード": 29, "市区町村コード": 204, "所在地": "奈良県天理市指柳町２５２－２", "緯度": 34.604873, "経度": 135.823203, "url": "https://www.iryou.teikyouseido.mhlw.go.jp/znk-web/juminkanja/S2430/initialize?prefCd=29&kikanCd=7022500000&kikanKbn=5", "url2": "https;//kaitos.life/pharmacy/", "内容": "みずの薬局【5:薬局】奈良県天理市指柳町２５２－２" }, "geometry": { "type": "Point", "coordinates": [ 135.823203, 34.604873 ] } },
{ "type": "Feature", "properties": { "ID": "2957022600000", "正式名称": "自分薬局あやめ池", "機関区分": 5, "都道府県コード": 29, "市区町村コード": 201, "所在地": "奈良県奈良市あやめ池南２丁目２－７", "緯度": 34.697842, "経度": 135.761918, "url": "https://www.iryou.teikyouseido.mhlw.go.jp/znk-web/juminkanja/S2430/initialize?prefCd=29&kikanCd=7022600000&kikanKbn=5", "url2": "http://www.syowa-ph.com/", "内容": "自分薬局あやめ池【5:薬局】奈良県奈良市あやめ池南２丁目２－７" }, "geometry": { "type": "Point", "coordinates": [ 135.761918, 34.697842 ] } },
{ "type": "Feature", "properties": { "ID": "2957023300000", "正式名称": "有限会社はしもと薬局", "機関区分": 5, "都道府県コード": 29, "市区町村コード": 361, "所在地": "奈良県磯城郡川西町結崎５８４－９", "緯度": 34.584465, "経度": 135.785338, "url": "https://www.iryou.teikyouseido.mhlw.go.jp/znk-web/juminkanja/S2430/initialize?prefCd=29&kikanCd=7023300000&kikanKbn=5", "url2": null, "内容": "有限会社はしもと薬局【5:薬局】奈良県磯城郡川西町結崎５８４－９" }, "geometry": { "type": "Point", "coordinates": [ 135.785338, 34.584465 ] } },
{ "type": "Feature", "properties": { "ID": "2957023400000", "正式名称": "西大寺中央薬局", "機関区分": 5, "都道府県コード": 29, "市区町村コード": 201, "所在地": "奈良県奈良市西大寺新田町１－４９０－１", "緯度": 34.69637, "経度": 135.777612, "url": "https://www.iryou.teikyouseido.mhlw.go.jp/znk-web/juminkanja/S2430/initialize?prefCd=29&kikanCd=7023400000&kikanKbn=5", "url2": null, "内容": "西大寺中央薬局【5:薬局】奈良県奈良市西大寺新田町１－４９０－１" }, "geometry": { "type": "Point", "coordinates": [ 135.777612, 34.69637 ] } },
{ "type": "Feature", "properties": { "ID": "2957023800000", "正式名称": "ヒロ薬局堺町", "機関区分": 5, "都道府県コード": 29, "市区町村コード": 203, "所在地": "奈良県大和郡山市堺町６", "緯度": 34.651069, "経度": 135.783891, "url": "https://www.iryou.teikyouseido.mhlw.go.jp/znk-web/juminkanja/S2430/initialize?prefCd=29&kikanCd=7023800000&kikanKbn=5", "url2": "https://midori-hiro-pharmacy-ldacd42.gamma.site/", "内容": "ヒロ薬局堺町【5:薬局】奈良県大和郡山市堺町６" }, "geometry": { "type": "Point", "coordinates": [ 135.783891, 34.651069 ] } },
{ "type": "Feature", "properties": { "ID": "2957024000000", "正式名称": "ダイヨシ薬局駅前店", "機関区分": 5, "都道府県コード": 29, "市区町村コード": 202, "所在地": "奈良県大和高田市礒野東町３－３", "緯度": 34.50825, "経度": 135.741818, "url": "https://www.iryou.teikyouseido.mhlw.go.jp/znk-web/juminkanja/S2430/initialize?prefCd=29&kikanCd=7024000000&kikanKbn=5", "url2": null, "内容": "ダイヨシ薬局駅前店【5:薬局】奈良県大和高田市礒野東町３－３" }, "geometry": { "type": "Point", "coordinates": [ 135.741818, 34.50825 ] } },
{ "type": "Feature", "properties": { "ID": "2957024400000", "正式名称": "うちの薬局大淀店", "機関区分": 5, "都道府県コード": 29, "市区町村コード": 442, "所在地": "奈良県吉野郡大淀町下渕８１－４", "緯度": 34.381431, "経度": 135.789681, "url": "https://www.iryou.teikyouseido.mhlw.go.jp/znk-web/juminkanja/S2430/initialize?prefCd=29&kikanCd=7024400000&kikanKbn=5", "url2": "https://akitsushima-gr.com/", "内容": "うちの薬局大淀店【5:薬局】奈良県吉野郡大淀町下渕８１－４" }, "geometry": { "type": "Point", "coordinates": [ 135.789681, 34.381431 ] } },
{ "type": "Feature", "properties": { "ID": "2957024500000", "正式名称": "ウエムラ薬局", "機関区分": 5, "都道府県コード": 29, "市区町村コード": 206, "所在地": "奈良県桜井市粟殿７３３－１", "緯度": 34.520445, "経度": 135.848447, "url": "https://www.iryou.teikyouseido.mhlw.go.jp/znk-web/juminkanja/S2430/initialize?prefCd=29&kikanCd=7024500000&kikanKbn=5", "url2": null, "内容": "ウエムラ薬局【5:薬局】奈良県桜井市粟殿７３３－１" }, "geometry": { "type": "Point", "coordinates": [ 135.848447, 34.520445 ] } },
{ "type": "Feature", "properties": { "ID": "2957024900000", "正式名称": "安倍さくら薬局", "機関区分": 5, "都道府県コード": 29, "市区町村コード": 206, "所在地": "奈良県桜井市阿部３２７", "緯度": 34.508308, "経度": 135.840337, "url": "https://www.iryou.teikyouseido.mhlw.go.jp/znk-web/juminkanja/S2430/initialize?prefCd=29&kikanCd=7024900000&kikanKbn=5", "url2": "http://www.narairyo.co.jp/", "内容": "安倍さくら薬局【5:薬局】奈良県桜井市阿部３２７" }, "geometry": { "type": "Point", "coordinates": [ 135.840337, 34.508308 ] } },
{ "type": "Feature", "properties": { "ID": "2957025000000", "正式名称": "えみ薬局", "機関区分": 5, "都道府県コード": 29, "市区町村コード": 201, "所在地": "奈良県奈良市富雄元町２－１－２２　白井ビル１Ｆ", "緯度": 34.694036, "経度": 135.735615, "url": "https://www.iryou.teikyouseido.mhlw.go.jp/znk-web/juminkanja/S2430/initialize?prefCd=29&kikanCd=7025000000&kikanKbn=5", "url2": null, "内容": "えみ薬局【5:薬局】奈良県奈良市富雄元町２－１－２２　白井ビル１Ｆ" }, "geometry": { "type": "Point", "coordinates": [ 135.735615, 34.694036 ] } },
{ "type": "Feature", "properties": { "ID": "2957025200000", "正式名称": "ぷれも薬局六条店", "機関区分": 5, "都道府県コード": 29, "市区町村コード": 201, "所在地": "奈良県奈良市六条西４－７－１０", "緯度": 34.665873, "経度": 135.772419, "url": "https://www.iryou.teikyouseido.mhlw.go.jp/znk-web/juminkanja/S2430/initialize?prefCd=29&kikanCd=7025200000&kikanKbn=5", "url2": "https://plemo-pharmacy.com/", "内容": "ぷれも薬局六条店【5:薬局】奈良県奈良市六条西４－７－１０" }, "geometry": { "type": "Point", "coordinates": [ 135.772419, 34.665873 ] } },
{ "type": "Feature", "properties": { "ID": "2957025300000", "正式名称": "Ｊｉｂｕｎ薬局小泉", "機関区分": 5, "都道府県コード": 29, "市区町村コード": 203, "所在地": "奈良県大和郡山市小泉町東１－７－４　グランドゥール郷１Ｆ", "緯度": 34.622461, "経度": 135.765588, "url": "https://www.iryou.teikyouseido.mhlw.go.jp/znk-web/juminkanja/S2430/initialize?prefCd=29&kikanCd=7025300000&kikanKbn=5", "url2": "http://jibun-pharmacy.com/", "内容": "Ｊｉｂｕｎ薬局小泉【5:薬局】奈良県大和郡山市小泉町東１－７－４　グランドゥール郷１Ｆ" }, "geometry": { "type": "Point", "coordinates": [ 135.765588, 34.622461 ] } },
{ "type": "Feature", "properties": { "ID": "2957025400000", "正式名称": "なのはな薬局", "機関区分": 5, "都道府県コード": 29, "市区町村コード": 201, "所在地": "奈良県奈良市大宮町５－１－７", "緯度": 34.684594, "経度": 135.816998, "url": "https://www.iryou.teikyouseido.mhlw.go.jp/znk-web/juminkanja/S2430/initialize?prefCd=29&kikanCd=7025400000&kikanKbn=5", "url2": "http://www.e-classa.net/nanohana/", "内容": "なのはな薬局【5:薬局】奈良県奈良市大宮町５－１－７" }, "geometry": { "type": "Point", "coordinates": [ 135.816998, 34.684594 ] } },
{ "type": "Feature", "properties": { "ID": "2957025500000", "正式名称": "おひさま薬局", "機関区分": 5, "都道府県コード": 29, "市区町村コード": 209, "所在地": "奈良県生駒市山崎町４－５　ＮＤＡビル１Ｆ", "緯度": 34.691591, "経度": 135.708673, "url": "https://www.iryou.teikyouseido.mhlw.go.jp/znk-web/juminkanja/S2430/initialize?prefCd=29&kikanCd=7025500000&kikanKbn=5", "url2": null, "内容": "おひさま薬局【5:薬局】奈良県生駒市山崎町４－５　ＮＤＡビル１Ｆ" }, "geometry": { "type": "Point", "coordinates": [ 135.708673, 34.691591 ] } },
{ "type": "Feature", "properties": { "ID": "2957025600000", "正式名称": "有限会社　二上薬局", "機関区分": 5, "都道府県コード": 29, "市区町村コード": 210, "所在地": "奈良県香芝市穴虫１０７－７", "緯度": 34.549412, "経度": 135.688237, "url": "https://www.iryou.teikyouseido.mhlw.go.jp/znk-web/juminkanja/S2430/initialize?prefCd=29&kikanCd=7025600000&kikanKbn=5", "url2": null, "内容": "有限会社　二上薬局【5:薬局】奈良県香芝市穴虫１０７－７" }, "geometry": { "type": "Point", "coordinates": [ 135.688237, 34.549412 ] } },
{ "type": "Feature", "properties": { "ID": "2957025800000", "正式名称": "さくら薬局貴ヶ丘", "機関区分": 5, "都道府県コード": 29, "市区町村コード": 201, "所在地": "奈良県奈良市三碓３－１１－１", "緯度": 34.687787, "経度": 135.742087, "url": "https://www.iryou.teikyouseido.mhlw.go.jp/znk-web/juminkanja/S2430/initialize?prefCd=29&kikanCd=7025800000&kikanKbn=5", "url2": "http://www.narairyo.co.jp", "内容": "さくら薬局貴ヶ丘【5:薬局】奈良県奈良市三碓３－１１－１" }, "geometry": { "type": "Point", "coordinates": [ 135.742087, 34.687787 ] } },
{ "type": "Feature", "properties": { "ID": "2957026000000", "正式名称": "ハロー高田南薬局", "機関区分": 5, "都道府県コード": 29, "市区町村コード": 202, "所在地": "奈良県大和高田市曽大根１－１９９－１", "緯度": 34.498612, "経度": 135.735208, "url": "https://www.iryou.teikyouseido.mhlw.go.jp/znk-web/juminkanja/S2430/initialize?prefCd=29&kikanCd=7026000000&kikanKbn=5", "url2": null, "内容": "ハロー高田南薬局【5:薬局】奈良県大和高田市曽大根１－１９９－１" }, "geometry": { "type": "Point", "coordinates": [ 135.735208, 34.498612 ] } },
{ "type": "Feature", "properties": { "ID": "2957026100000", "正式名称": "きらら薬局", "機関区分": 5, "都道府県コード": 29, "市区町村コード": 201, "所在地": "奈良県奈良市菅原東２－２０－１８　ビランチャ１０５号", "緯度": 34.688982, "経度": 135.782417, "url": "https://www.iryou.teikyouseido.mhlw.go.jp/znk-web/juminkanja/S2430/initialize?prefCd=29&kikanCd=7026100000&kikanKbn=5", "url2": null, "内容": "きらら薬局【5:薬局】奈良県奈良市菅原東２－２０－１８　ビランチャ１０５号" }, "geometry": { "type": "Point", "coordinates": [ 135.782417, 34.688982 ] } },
{ "type": "Feature", "properties": { "ID": "2957026500000", "正式名称": "えふ薬局", "機関区分": 5, "都道府県コード": 29, "市区町村コード": 203, "所在地": "奈良県大和郡山市九条町１３０９", "緯度": 34.658312, "経度": 135.783232, "url": "https://www.iryou.teikyouseido.mhlw.go.jp/znk-web/juminkanja/S2430/initialize?prefCd=29&kikanCd=7026500000&kikanKbn=5", "url2": null, "内容": "えふ薬局【5:薬局】奈良県大和郡山市九条町１３０９" }, "geometry": { "type": "Point", "coordinates": [ 135.783232, 34.658312 ] } },
{ "type": "Feature", "properties": { "ID": "2957026800000", "正式名称": "ならまち薬局", "機関区分": 5, "都道府県コード": 29, "市区町村コード": 201, "所在地": "奈良県奈良市川之上突抜町１１－１", "緯度": 34.67379, "経度": 135.831969, "url": "https://www.iryou.teikyouseido.mhlw.go.jp/znk-web/juminkanja/S2430/initialize?prefCd=29&kikanCd=7026800000&kikanKbn=5", "url2": "https://yoshida89ph.com/index.html", "内容": "ならまち薬局【5:薬局】奈良県奈良市川之上突抜町１１－１" }, "geometry": { "type": "Point", "coordinates": [ 135.831969, 34.67379 ] } },
{ "type": "Feature", "properties": { "ID": "2957027600000", "正式名称": "たんぽぽ薬局　三室店", "機関区分": 5, "都道府県コード": 29, "市区町村コード": 343, "所在地": "奈良県生駒郡三郷町三室１－５２９", "緯度": 34.603406, "経度": 135.708427, "url": "https://www.iryou.teikyouseido.mhlw.go.jp/znk-web/juminkanja/S2430/initialize?prefCd=29&kikanCd=7027600000&kikanKbn=5", "url2": "http://www.tanpopo-ph.co.jp", "内容": "たんぽぽ薬局　三室店【5:薬局】奈良県生駒郡三郷町三室１－５２９" }, "geometry": { "type": "Point", "coordinates": [ 135.708427, 34.603406 ] } },
{ "type": "Feature", "properties": { "ID": "2957027700000", "正式名称": "たんぽぽ薬局御所店", "機関区分": 5, "都道府県コード": 29, "市区町村コード": 208, "所在地": "奈良県御所市３９８－４，５", "緯度": 34.463255, "経度": 135.74007, "url": "https://www.iryou.teikyouseido.mhlw.go.jp/znk-web/juminkanja/S2430/initialize?prefCd=29&kikanCd=7027700000&kikanKbn=5", "url2": "http://www.tanpopo-ph.co.jp", "内容": "たんぽぽ薬局御所店【5:薬局】奈良県御所市３９８－４，５" }, "geometry": { "type": "Point", "coordinates": [ 135.74007, 34.463255 ] } },
{ "type": "Feature", "properties": { "ID": "2957028000000", "正式名称": "菊岡漢方薬局", "機関区分": 5, "都道府県コード": 29, "市区町村コード": 201, "所在地": "奈良県奈良市中新屋町３番地", "緯度": 34.677095, "経度": 135.830441, "url": "https://www.iryou.teikyouseido.mhlw.go.jp/znk-web/juminkanja/S2430/initialize?prefCd=29&kikanCd=7028000000&kikanKbn=5", "url2": "http://www.kikuoka.com/", "内容": "菊岡漢方薬局【5:薬局】奈良県奈良市中新屋町３番地" }, "geometry": { "type": "Point", "coordinates": [ 135.830441, 34.677095 ] } },
{ "type": "Feature", "properties": { "ID": "2957028100000", "正式名称": "三並薬局", "機関区分": 5, "都道府県コード": 29, "市区町村コード": 443, "所在地": "奈良県吉野郡下市町善城５５４", "緯度": 34.351629, "経度": 135.793404, "url": "https://www.iryou.teikyouseido.mhlw.go.jp/znk-web/juminkanja/S2430/initialize?prefCd=29&kikanCd=7028100000&kikanKbn=5", "url2": null, "内容": "三並薬局【5:薬局】奈良県吉野郡下市町善城５５４" }, "geometry": { "type": "Point", "coordinates": [ 135.793404, 34.351629 ] } },
{ "type": "Feature", "properties": { "ID": "2957028200000", "正式名称": "フロンティア薬局御所店", "機関区分": 5, "都道府県コード": 29, "市区町村コード": 208, "所在地": "奈良県御所市４７３－４", "緯度": 34.460936, "経度": 135.73148, "url": "https://www.iryou.teikyouseido.mhlw.go.jp/znk-web/juminkanja/S2430/initialize?prefCd=29&kikanCd=7028200000&kikanKbn=5", "url2": "http://www.frontier-ph.com", "内容": "フロンティア薬局御所店【5:薬局】奈良県御所市４７３－４" }, "geometry": { "type": "Point", "coordinates": [ 135.73148, 34.460936 ] } },
{ "type": "Feature", "properties": { "ID": "2957028300000", "正式名称": "さくら薬局御所", "機関区分": 5, "都道府県コード": 29, "市区町村コード": 208, "所在地": "奈良県御所市４７７－３", "緯度": 34.463255, "経度": 135.74007, "url": "https://www.iryou.teikyouseido.mhlw.go.jp/znk-web/juminkanja/S2430/initialize?prefCd=29&kikanCd=7028300000&kikanKbn=5", "url2": "http://www.narairyo.co.jp", "内容": "さくら薬局御所【5:薬局】奈良県御所市４７７－３" }, "geometry": { "type": "Point", "coordinates": [ 135.74007, 34.463255 ] } },
{ "type": "Feature", "properties": { "ID": "2957028700000", "正式名称": "きりん薬局", "機関区分": 5, "都道府県コード": 29, "市区町村コード": 205, "所在地": "奈良県橿原市木原町２５－３", "緯度": 34.511112, "経度": 135.802951, "url": "https://www.iryou.teikyouseido.mhlw.go.jp/znk-web/juminkanja/S2430/initialize?prefCd=29&kikanCd=7028700000&kikanKbn=5", "url2": null, "内容": "きりん薬局【5:薬局】奈良県橿原市木原町２５－３" }, "geometry": { "type": "Point", "coordinates": [ 135.802951, 34.511112 ] } },
{ "type": "Feature", "properties": { "ID": "2957028800000", "正式名称": "ハタノ調剤薬局", "機関区分": 5, "都道府県コード": 29, "市区町村コード": 424, "所在地": "奈良県北葛城郡上牧町米山台２－２－８", "緯度": 34.559106, "経度": 135.712734, "url": "https://www.iryou.teikyouseido.mhlw.go.jp/znk-web/juminkanja/S2430/initialize?prefCd=29&kikanCd=7028800000&kikanKbn=5", "url2": null, "内容": "ハタノ調剤薬局【5:薬局】奈良県北葛城郡上牧町米山台２－２－８" }, "geometry": { "type": "Point", "coordinates": [ 135.712734, 34.559106 ] } },
{ "type": "Feature", "properties": { "ID": "2957028900000", "正式名称": "とみお薬局", "機関区分": 5, "都道府県コード": 29, "市区町村コード": 201, "所在地": "奈良県奈良市富雄元町２－３－２２－１", "緯度": 34.693758, "経度": 135.734338, "url": "https://www.iryou.teikyouseido.mhlw.go.jp/znk-web/juminkanja/S2430/initialize?prefCd=29&kikanCd=7028900000&kikanKbn=5", "url2": null, "内容": "とみお薬局【5:薬局】奈良県奈良市富雄元町２－３－２２－１" }, "geometry": { "type": "Point", "coordinates": [ 135.734338, 34.693758 ] } },
{ "type": "Feature", "properties": { "ID": "2957029000000", "正式名称": "ほけん堂薬局今井店", "機関区分": 5, "都道府県コード": 29, "市区町村コード": 207, "所在地": "奈良県五條市今井４－３－３", "緯度": 34.356572, "経度": 135.707994, "url": "https://www.iryou.teikyouseido.mhlw.go.jp/znk-web/juminkanja/S2430/initialize?prefCd=29&kikanCd=7029000000&kikanKbn=5", "url2": null, "内容": "ほけん堂薬局今井店【5:薬局】奈良県五條市今井４－３－３" }, "geometry": { "type": "Point", "coordinates": [ 135.707994, 34.356572 ] } },
{ "type": "Feature", "properties": { "ID": "2957029100000", "正式名称": "有限会社メジロ薬局帝塚山店", "機関区分": 5, "都道府県コード": 29, "市区町村コード": 201, "所在地": "奈良県奈良市帝塚山１－１－３３－１０２", "緯度": 34.685009, "経度": 135.73406, "url": "https://www.iryou.teikyouseido.mhlw.go.jp/znk-web/juminkanja/S2430/initialize?prefCd=29&kikanCd=7029100000&kikanKbn=5", "url2": null, "内容": "有限会社メジロ薬局帝塚山店【5:薬局】奈良県奈良市帝塚山１－１－３３－１０２" }, "geometry": { "type": "Point", "coordinates": [ 135.73406, 34.685009 ] } },
{ "type": "Feature", "properties": { "ID": "2957029200000", "正式名称": "ココカラファイン薬局八木店", "機関区分": 5, "都道府県コード": 29, "市区町村コード": 205, "所在地": "奈良県橿原市新賀町４６８", "緯度": 34.515723, "経度": 135.800535, "url": "https://www.iryou.teikyouseido.mhlw.go.jp/znk-web/juminkanja/S2430/initialize?prefCd=29&kikanCd=7029200000&kikanKbn=5", "url2": "https://www.cocokarafine.co.jp/searchstore/CSsStoreDetail.jsp?storeNo=006622&storeList=1", "内容": "ココカラファイン薬局八木店【5:薬局】奈良県橿原市新賀町４６８" }, "geometry": { "type": "Point", "coordinates": [ 135.800535, 34.515723 ] } },
{ "type": "Feature", "properties": { "ID": "2957029500000", "正式名称": "有限会社伊達　伊達薬局奈良学園前店", "機関区分": 5, "都道府県コード": 29, "市区町村コード": 201, "所在地": "奈良県奈良市学園北１－１－１－３０６　ル・シエル学園前３Ｆ", "緯度": 34.697221, "経度": 135.750726, "url": "https://www.iryou.teikyouseido.mhlw.go.jp/znk-web/juminkanja/S2430/initialize?prefCd=29&kikanCd=7029500000&kikanKbn=5", "url2": "http://date-pharmacy1.com/", "内容": "有限会社伊達　伊達薬局奈良学園前店【5:薬局】奈良県奈良市学園北１－１－１－３０６　ル・シエル学園前３Ｆ" }, "geometry": { "type": "Point", "coordinates": [ 135.750726, 34.697221 ] } },
{ "type": "Feature", "properties": { "ID": "2957029700000", "正式名称": "きむら薬局", "機関区分": 5, "都道府県コード": 29, "市区町村コード": 204, "所在地": "奈良県天理市柳本町", "緯度": 34.561858, "経度": 135.844918, "url": "https://www.iryou.teikyouseido.mhlw.go.jp/znk-web/juminkanja/S2430/initialize?prefCd=29&kikanCd=7029700000&kikanKbn=5", "url2": null, "内容": "きむら薬局【5:薬局】奈良県天理市柳本町" }, "geometry": { "type": "Point", "coordinates": [ 135.844918, 34.561858 ] } },
{ "type": "Feature", "properties": { "ID": "2957029900000", "正式名称": "スマイル薬局リーベル王寺店", "機関区分": 5, "都道府県コード": 29, "市区町村コード": 425, "所在地": "奈良県北葛城郡王寺町久度２－３－１　リーベル西館３０３－２", "緯度": 34.597962, "経度": 135.702789, "url": "https://www.iryou.teikyouseido.mhlw.go.jp/znk-web/juminkanja/S2430/initialize?prefCd=29&kikanCd=7029900000&kikanKbn=5", "url2": "http://www.bikkury.co.jp", "内容": "スマイル薬局リーベル王寺店【5:薬局】奈良県北葛城郡王寺町久度２－３－１　リーベル西館３０３－２" }, "geometry": { "type": "Point", "coordinates": [ 135.702789, 34.597962 ] } },
{ "type": "Feature", "properties": { "ID": "2957030000000", "正式名称": "かるがも薬局尺土店", "機関区分": 5, "都道府県コード": 29, "市区町村コード": 211, "所在地": "奈良県葛城市八川１３３", "緯度": 34.508194, "経度": 135.717375, "url": "https://www.iryou.teikyouseido.mhlw.go.jp/znk-web/juminkanja/S2430/initialize?prefCd=29&kikanCd=7030000000&kikanKbn=5", "url2": "https://www.karugamo.net", "内容": "かるがも薬局尺土店【5:薬局】奈良県葛城市八川１３３" }, "geometry": { "type": "Point", "coordinates": [ 135.717375, 34.508194 ] } },
{ "type": "Feature", "properties": { "ID": "2957030100000", "正式名称": "こじか薬局斑鳩店", "機関区分": 5, "都道府県コード": 29, "市区町村コード": 344, "所在地": "奈良県生駒郡斑鳩町幸前２－２－１３", "緯度": 34.615295, "経度": 135.748034, "url": "https://www.iryou.teikyouseido.mhlw.go.jp/znk-web/juminkanja/S2430/initialize?prefCd=29&kikanCd=7030100000&kikanKbn=5", "url2": "http://www.max7.jp/original4.html", "内容": "こじか薬局斑鳩店【5:薬局】奈良県生駒郡斑鳩町幸前２－２－１３" }, "geometry": { "type": "Point", "coordinates": [ 135.748034, 34.615295 ] } },
{ "type": "Feature", "properties": { "ID": "2957030200000", "正式名称": "薬局メールボックス柳町店", "機関区分": 5, "都道府県コード": 29, "市区町村コード": 203, "所在地": "奈良県大和郡山市柳５－３０－３", "緯度": 34.643014, "経度": 135.782614, "url": "https://www.iryou.teikyouseido.mhlw.go.jp/znk-web/juminkanja/S2430/initialize?prefCd=29&kikanCd=7030200000&kikanKbn=5", "url2": "http://www.e-classa.net/souken-mailbox/", "内容": "薬局メールボックス柳町店【5:薬局】奈良県大和郡山市柳５－３０－３" }, "geometry": { "type": "Point", "coordinates": [ 135.782614, 34.643014 ] } },
{ "type": "Feature", "properties": { "ID": "2957030300000", "正式名称": "アイビー薬局", "機関区分": 5, "都道府県コード": 29, "市区町村コード": 209, "所在地": "奈良県生駒市白庭台３－１５－４", "緯度": 34.723394, "経度": 135.715782, "url": "https://www.iryou.teikyouseido.mhlw.go.jp/znk-web/juminkanja/S2430/initialize?prefCd=29&kikanCd=7030300000&kikanKbn=5", "url2": "http://www.qq.pref.nara.jp/qq29/qqport/kenmintop/detail/fk1104.php?sisetuid=12106", "内容": "アイビー薬局【5:薬局】奈良県生駒市白庭台３－１５－４" }, "geometry": { "type": "Point", "coordinates": [ 135.715782, 34.723394 ] } },
{ "type": "Feature", "properties": { "ID": "2957030600000", "正式名称": "杉本薬局", "機関区分": 5, "都道府県コード": 29, "市区町村コード": 205, "所在地": "奈良県橿原市兵部町７－１４", "緯度": 34.504891, "経度": 135.792008, "url": "https://www.iryou.teikyouseido.mhlw.go.jp/znk-web/juminkanja/S2430/initialize?prefCd=29&kikanCd=7030600000&kikanKbn=5", "url2": "http://www.sugimoto-ph-nara.com", "内容": "杉本薬局【5:薬局】奈良県橿原市兵部町７－１４" }, "geometry": { "type": "Point", "coordinates": [ 135.792008, 34.504891 ] } },
{ "type": "Feature", "properties": { "ID": "2957030800000", "正式名称": "プラス薬局北野店", "機関区分": 5, "都道府県コード": 29, "市区町村コード": 442, "所在地": "奈良県吉野郡大淀町北野１９１３－１５", "緯度": 34.394181, "経度": 135.822622, "url": "https://www.iryou.teikyouseido.mhlw.go.jp/znk-web/juminkanja/S2430/initialize?prefCd=29&kikanCd=7030800000&kikanKbn=5", "url2": null, "内容": "プラス薬局北野店【5:薬局】奈良県吉野郡大淀町北野１９１３－１５" }, "geometry": { "type": "Point", "coordinates": [ 135.822622, 34.394181 ] } },
{ "type": "Feature", "properties": { "ID": "2957031200000", "正式名称": "粟殿薬局", "機関区分": 5, "都道府県コード": 29, "市区町村コード": 206, "所在地": "奈良県桜井市粟殿１０５－５", "緯度": 34.516696, "経度": 135.849031, "url": "https://www.iryou.teikyouseido.mhlw.go.jp/znk-web/juminkanja/S2430/initialize?prefCd=29&kikanCd=7031200000&kikanKbn=5", "url2": null, "内容": "粟殿薬局【5:薬局】奈良県桜井市粟殿１０５－５" }, "geometry": { "type": "Point", "coordinates": [ 135.849031, 34.516696 ] } },
{ "type": "Feature", "properties": { "ID": "2957031400000", "正式名称": "薬局ＭＣＣファーマシー", "機関区分": 5, "都道府県コード": 29, "市区町村コード": 201, "所在地": "奈良県奈良市六条町１０９－１", "緯度": 34.665595, "経度": 135.788445, "url": "https://www.iryou.teikyouseido.mhlw.go.jp/znk-web/juminkanja/S2430/initialize?prefCd=29&kikanCd=7031400000&kikanKbn=5", "url2": null, "内容": "薬局ＭＣＣファーマシー【5:薬局】奈良県奈良市六条町１０９－１" }, "geometry": { "type": "Point", "coordinates": [ 135.788445, 34.665595 ] } },
{ "type": "Feature", "properties": { "ID": "2957031600000", "正式名称": "コトブキ薬局　八木店", "機関区分": 5, "都道府県コード": 29, "市区町村コード": 205, "所在地": "奈良県橿原市木原町３１－３５", "緯度": 34.511807, "経度": 135.801146, "url": "https://www.iryou.teikyouseido.mhlw.go.jp/znk-web/juminkanja/S2430/initialize?prefCd=29&kikanCd=7031600000&kikanKbn=5", "url2": "http://www.hanshin-dp.co.jp", "内容": "コトブキ薬局　八木店【5:薬局】奈良県橿原市木原町３１－３５" }, "geometry": { "type": "Point", "coordinates": [ 135.801146, 34.511807 ] } },
{ "type": "Feature", "properties": { "ID": "2957032200000", "正式名称": "薬師堂生駒薬局", "機関区分": 5, "都道府県コード": 29, "市区町村コード": 209, "所在地": "奈良県生駒市北新町１０－４０－１０１　プレミエメゾン１階", "緯度": 34.694719, "経度": 135.697157, "url": "https://www.iryou.teikyouseido.mhlw.go.jp/znk-web/juminkanja/S2430/initialize?prefCd=29&kikanCd=7032200000&kikanKbn=5", "url2": "http://www.e-classa.net/8940ikoma/", "内容": "薬師堂生駒薬局【5:薬局】奈良県生駒市北新町１０－４０－１０１　プレミエメゾン１階" }, "geometry": { "type": "Point", "coordinates": [ 135.697157, 34.694719 ] } },
{ "type": "Feature", "properties": { "ID": "2957032400000", "正式名称": "回生堂薬局", "機関区分": 5, "都道府県コード": 29, "市区町村コード": 208, "所在地": "奈良県御所市東松本１２６－４", "緯度": 34.46581, "経度": 135.73282, "url": "https://www.iryou.teikyouseido.mhlw.go.jp/znk-web/juminkanja/S2430/initialize?prefCd=29&kikanCd=7032400000&kikanKbn=5", "url2": null, "内容": "回生堂薬局【5:薬局】奈良県御所市東松本１２６－４" }, "geometry": { "type": "Point", "coordinates": [ 135.73282, 34.46581 ] } },
{ "type": "Feature", "properties": { "ID": "2957032700000", "正式名称": "スギ薬局　学園前店", "機関区分": 5, "都道府県コード": 29, "市区町村コード": 201, "所在地": "奈良県奈良市中山町西１－７１６－３　ならコープ２階", "緯度": 34.708701, "経度": 135.750641, "url": "https://www.iryou.teikyouseido.mhlw.go.jp/znk-web/juminkanja/S2430/initialize?prefCd=29&kikanCd=7032700000&kikanKbn=5", "url2": "https://www.drug-sugi.co.jp/", "内容": "スギ薬局　学園前店【5:薬局】奈良県奈良市中山町西１－７１６－３　ならコープ２階" }, "geometry": { "type": "Point", "coordinates": [ 135.750641, 34.708701 ] } },
{ "type": "Feature", "properties": { "ID": "2957032800000", "正式名称": "有限会社　吉谷メディカル　めぐみ薬局", "機関区分": 5, "都道府県コード": 29, "市区町村コード": 210, "所在地": "奈良県香芝市穴虫１０４４－１１", "緯度": 34.547412, "経度": 135.685959, "url": "https://www.iryou.teikyouseido.mhlw.go.jp/znk-web/juminkanja/S2430/initialize?prefCd=29&kikanCd=7032800000&kikanKbn=5", "url2": null, "内容": "有限会社　吉谷メディカル　めぐみ薬局【5:薬局】奈良県香芝市穴虫１０４４－１１" }, "geometry": { "type": "Point", "coordinates": [ 135.685959, 34.547412 ] } },
{ "type": "Feature", "properties": { "ID": "2957033000000", "正式名称": "キャロット薬局　明日香店", "機関区分": 5, "都道府県コード": 29, "市区町村コード": 205, "所在地": "奈良県橿原市大軽町１１８－１８", "緯度": 34.47906, "経度": 135.796648, "url": "https://www.iryou.teikyouseido.mhlw.go.jp/znk-web/juminkanja/S2430/initialize?prefCd=29&kikanCd=7033000000&kikanKbn=5", "url2": null, "内容": "キャロット薬局　明日香店【5:薬局】奈良県橿原市大軽町１１８－１８" }, "geometry": { "type": "Point", "coordinates": [ 135.796648, 34.47906 ] } },
{ "type": "Feature", "properties": { "ID": "2957033300000", "正式名称": "こじか薬局　生駒南田原店", "機関区分": 5, "都道府県コード": 29, "市区町村コード": 209, "所在地": "奈良県生駒市南田原町１９７７", "緯度": 34.716061, "経度": 135.693868, "url": "https://www.iryou.teikyouseido.mhlw.go.jp/znk-web/juminkanja/S2430/initialize?prefCd=29&kikanCd=7033300000&kikanKbn=5", "url2": "http://naracojica.com/", "内容": "こじか薬局　生駒南田原店【5:薬局】奈良県生駒市南田原町１９７７" }, "geometry": { "type": "Point", "coordinates": [ 135.693868, 34.716061 ] } },
{ "type": "Feature", "properties": { "ID": "2957033400000", "正式名称": "ハル薬局", "機関区分": 5, "都道府県コード": 29, "市区町村コード": 203, "所在地": "奈良県大和郡山市朝日町１－１３", "緯度": 34.646911, "経度": 135.780582, "url": "https://www.iryou.teikyouseido.mhlw.go.jp/znk-web/juminkanja/S2430/initialize?prefCd=29&kikanCd=7033400000&kikanKbn=5", "url2": "http://www.haruyakkyoku.com/", "内容": "ハル薬局【5:薬局】奈良県大和郡山市朝日町１－１３" }, "geometry": { "type": "Point", "coordinates": [ 135.780582, 34.646911 ] } },
{ "type": "Feature", "properties": { "ID": "2957033600000", "正式名称": "オクノ薬局", "機関区分": 5, "都道府県コード": 29, "市区町村コード": 206, "所在地": "奈良県桜井市忍阪１５５８", "緯度": 34.511225, "経度": 135.86914, "url": "https://www.iryou.teikyouseido.mhlw.go.jp/znk-web/juminkanja/S2430/initialize?prefCd=29&kikanCd=7033600000&kikanKbn=5", "url2": null, "内容": "オクノ薬局【5:薬局】奈良県桜井市忍阪１５５８" }, "geometry": { "type": "Point", "coordinates": [ 135.86914, 34.511225 ] } },
{ "type": "Feature", "properties": { "ID": "2957033700000", "正式名称": "森田薬王堂薬局", "機関区分": 5, "都道府県コード": 29, "市区町村コード": 363, "所在地": "奈良県磯城郡田原本町室町２０９－３", "緯度": 34.553719, "経度": 135.789062, "url": "https://www.iryou.teikyouseido.mhlw.go.jp/znk-web/juminkanja/S2430/initialize?prefCd=29&kikanCd=7033700000&kikanKbn=5", "url2": "http://www.yakuodo.com/", "内容": "森田薬王堂薬局【5:薬局】奈良県磯城郡田原本町室町２０９－３" }, "geometry": { "type": "Point", "coordinates": [ 135.789062, 34.553719 ] } },
{ "type": "Feature", "properties": { "ID": "2957033800000", "正式名称": "ふじ薬局　天理店", "機関区分": 5, "都道府県コード": 29, "市区町村コード": 204, "所在地": "奈良県天理市富堂町１４７－２５", "緯度": 34.594409, "経度": 135.817752, "url": "https://www.iryou.teikyouseido.mhlw.go.jp/znk-web/juminkanja/S2430/initialize?prefCd=29&kikanCd=7033800000&kikanKbn=5", "url2": null, "内容": "ふじ薬局　天理店【5:薬局】奈良県天理市富堂町１４７－２５" }, "geometry": { "type": "Point", "coordinates": [ 135.817752, 34.594409 ] } },
{ "type": "Feature", "properties": { "ID": "2957033900000", "正式名称": "さくら薬局　大淀", "機関区分": 5, "都道府県コード": 29, "市区町村コード": 442, "所在地": "奈良県吉野郡大淀町下渕３７６－１", "緯度": 34.383878, "経度": 135.782668, "url": "https://www.iryou.teikyouseido.mhlw.go.jp/znk-web/juminkanja/S2430/initialize?prefCd=29&kikanCd=7033900000&kikanKbn=5", "url2": "http://www.narairyo.co.jp", "内容": "さくら薬局　大淀【5:薬局】奈良県吉野郡大淀町下渕３７６－１" }, "geometry": { "type": "Point", "coordinates": [ 135.782668, 34.383878 ] } },
{ "type": "Feature", "properties": { "ID": "2957034100000", "正式名称": "おおよど薬局", "機関区分": 5, "都道府県コード": 29, "市区町村コード": 442, "所在地": "奈良県吉野郡大淀町下渕３５９－１０", "緯度": 34.384514, "経度": 135.783764, "url": "https://www.iryou.teikyouseido.mhlw.go.jp/znk-web/juminkanja/S2430/initialize?prefCd=29&kikanCd=7034100000&kikanKbn=5", "url2": "https://www.mahoooyodo.com/", "内容": "おおよど薬局【5:薬局】奈良県吉野郡大淀町下渕３５９－１０" }, "geometry": { "type": "Point", "coordinates": [ 135.783764, 34.384514 ] } },
{ "type": "Feature", "properties": { "ID": "2957034200000", "正式名称": "ひかり薬局　壱分店", "機関区分": 5, "都道府県コード": 29, "市区町村コード": 209, "所在地": "奈良県生駒市有里町１０７－１", "緯度": 34.669732, "経度": 135.707313, "url": "https://www.iryou.teikyouseido.mhlw.go.jp/znk-web/juminkanja/S2430/initialize?prefCd=29&kikanCd=7034200000&kikanKbn=5", "url2": "http://www.hikari-yakkyoku.jp/", "内容": "ひかり薬局　壱分店【5:薬局】奈良県生駒市有里町１０７－１" }, "geometry": { "type": "Point", "coordinates": [ 135.707313, 34.669732 ] } },
{ "type": "Feature", "properties": { "ID": "2957034300000", "正式名称": "ドレミ薬局", "機関区分": 5, "都道府県コード": 29, "市区町村コード": 209, "所在地": "奈良県生駒市小平尾町４－６", "緯度": 34.663594, "経度": 135.707869, "url": "https://www.iryou.teikyouseido.mhlw.go.jp/znk-web/juminkanja/S2430/initialize?prefCd=29&kikanCd=7034300000&kikanKbn=5", "url2": "http://www.max7.jp/original6.html", "内容": "ドレミ薬局【5:薬局】奈良県生駒市小平尾町４－６" }, "geometry": { "type": "Point", "coordinates": [ 135.707869, 34.663594 ] } },
{ "type": "Feature", "properties": { "ID": "2957034800000", "正式名称": "明日香薬局", "機関区分": 5, "都道府県コード": 29, "市区町村コード": 205, "所在地": "奈良県橿原市石川町８０", "緯度": 34.484809, "経度": 135.796286, "url": "https://www.iryou.teikyouseido.mhlw.go.jp/znk-web/juminkanja/S2430/initialize?prefCd=29&kikanCd=7034800000&kikanKbn=5", "url2": null, "内容": "明日香薬局【5:薬局】奈良県橿原市石川町８０" }, "geometry": { "type": "Point", "coordinates": [ 135.796286, 34.484809 ] } },
{ "type": "Feature", "properties": { "ID": "2957035200000", "正式名称": "バンビ薬局", "機関区分": 5, "都道府県コード": 29, "市区町村コード": 201, "所在地": "奈良県奈良市船橋町５５－１", "緯度": 34.688316, "経度": 135.821997, "url": "https://www.iryou.teikyouseido.mhlw.go.jp/znk-web/juminkanja/S2430/initialize?prefCd=29&kikanCd=7035200000&kikanKbn=5", "url2": null, "内容": "バンビ薬局【5:薬局】奈良県奈良市船橋町５５－１" }, "geometry": { "type": "Point", "coordinates": [ 135.821997, 34.688316 ] } },
{ "type": "Feature", "properties": { "ID": "2957035300000", "正式名称": "きらら薬局　橿原南店", "機関区分": 5, "都道府県コード": 29, "市区町村コード": 205, "所在地": "奈良県橿原市大軽町１２３－１", "緯度": 34.478393, "経度": 135.797092, "url": "https://www.iryou.teikyouseido.mhlw.go.jp/znk-web/juminkanja/S2430/initialize?prefCd=29&kikanCd=7035300000&kikanKbn=5", "url2": "http://www.e-classa.net/kirara-minami/", "内容": "きらら薬局　橿原南店【5:薬局】奈良県橿原市大軽町１２３－１" }, "geometry": { "type": "Point", "coordinates": [ 135.797092, 34.478393 ] } },
{ "type": "Feature", "properties": { "ID": "2957035400000", "正式名称": "はるかぜ薬局", "機関区分": 5, "都道府県コード": 29, "市区町村コード": 201, "所在地": "奈良県奈良市西紀寺町３８", "緯度": 34.673929, "経度": 135.832858, "url": "https://www.iryou.teikyouseido.mhlw.go.jp/znk-web/juminkanja/S2430/initialize?prefCd=29&kikanCd=7035400000&kikanKbn=5", "url2": null, "内容": "はるかぜ薬局【5:薬局】奈良県奈良市西紀寺町３８" }, "geometry": { "type": "Point", "coordinates": [ 135.832858, 34.673929 ] } },
{ "type": "Feature", "properties": { "ID": "2957035700000", "正式名称": "アール薬局　生駒駅前南店", "機関区分": 5, "都道府県コード": 29, "市区町村コード": 209, "所在地": "奈良県生駒市元町１ー５ー５　オベラス生駒１Ｆ", "緯度": 34.692397, "経度": 135.69823, "url": "https://www.iryou.teikyouseido.mhlw.go.jp/znk-web/juminkanja/S2430/initialize?prefCd=29&kikanCd=7035700000&kikanKbn=5", "url2": "http://ww.r-kusuri.jp", "内容": "アール薬局　生駒駅前南店【5:薬局】奈良県生駒市元町１ー５ー５　オベラス生駒１Ｆ" }, "geometry": { "type": "Point", "coordinates": [ 135.69823, 34.692397 ] } },
{ "type": "Feature", "properties": { "ID": "2957035800000", "正式名称": "サン薬局　真美ヶ丘店", "機関区分": 5, "都道府県コード": 29, "市区町村コード": 210, "所在地": "奈良県香芝市西真美プラザ西真美１Ｆ", "緯度": 34.544329, "経度": 135.714374, "url": "https://www.iryou.teikyouseido.mhlw.go.jp/znk-web/juminkanja/S2430/initialize?prefCd=29&kikanCd=7035800000&kikanKbn=5", "url2": "http://kansaimedico.com/", "内容": "サン薬局　真美ヶ丘店【5:薬局】奈良県香芝市西真美プラザ西真美１Ｆ" }, "geometry": { "type": "Point", "coordinates": [ 135.714374, 34.544329 ] } },
{ "type": "Feature", "properties": { "ID": "2957035900000", "正式名称": "サン薬局　五位堂店", "機関区分": 5, "都道府県コード": 29, "市区町村コード": 210, "所在地": "奈良県香芝市瓦口２３０９－１　Ｉ．Ｂ．グランド１０１", "緯度": 34.535164, "経度": 135.719207, "url": "https://www.iryou.teikyouseido.mhlw.go.jp/znk-web/juminkanja/S2430/initialize?prefCd=29&kikanCd=7035900000&kikanKbn=5", "url2": "http://kansaimedico.com/", "内容": "サン薬局　五位堂店【5:薬局】奈良県香芝市瓦口２３０９－１　Ｉ．Ｂ．グランド１０１" }, "geometry": { "type": "Point", "coordinates": [ 135.719207, 34.535164 ] } },
{ "type": "Feature", "properties": { "ID": "2957036000000", "正式名称": "サン薬局　ＪＲ郡山店", "機関区分": 5, "都道府県コード": 29, "市区町村コード": 203, "所在地": "奈良県大和郡山市高田町９－１２", "緯度": 34.648625, "経度": 135.789446, "url": "https://www.iryou.teikyouseido.mhlw.go.jp/znk-web/juminkanja/S2430/initialize?prefCd=29&kikanCd=7036000000&kikanKbn=5", "url2": "http://kansaimedico.com/", "内容": "サン薬局　ＪＲ郡山店【5:薬局】奈良県大和郡山市高田町９－１２" }, "geometry": { "type": "Point", "coordinates": [ 135.789446, 34.648625 ] } },
{ "type": "Feature", "properties": { "ID": "2957036100000", "正式名称": "サン薬局　富雄北店", "機関区分": 5, "都道府県コード": 29, "市区町村コード": 201, "所在地": "奈良県奈良市富雄川西２－７－７　富雄川西メディカルビル", "緯度": 34.697119, "経度": 135.731727, "url": "https://www.iryou.teikyouseido.mhlw.go.jp/znk-web/juminkanja/S2430/initialize?prefCd=29&kikanCd=7036100000&kikanKbn=5", "url2": "http://kansaimedico.com/", "内容": "サン薬局　富雄北店【5:薬局】奈良県奈良市富雄川西２－７－７　富雄川西メディカルビル" }, "geometry": { "type": "Point", "coordinates": [ 135.731727, 34.697119 ] } },
{ "type": "Feature", "properties": { "ID": "2957036400000", "正式名称": "サン薬局　平群店", "機関区分": 5, "都道府県コード": 29, "市区町村コード": 342, "所在地": "奈良県生駒郡平群町上庄１－１４－１２", "緯度": 34.639625, "経度": 135.70262, "url": "https://www.iryou.teikyouseido.mhlw.go.jp/znk-web/juminkanja/S2430/initialize?prefCd=29&kikanCd=7036400000&kikanKbn=5", "url2": "http://kansaimedico.com/", "内容": "サン薬局　平群店【5:薬局】奈良県生駒郡平群町上庄１－１４－１２" }, "geometry": { "type": "Point", "coordinates": [ 135.70262, 34.639625 ] } },
{ "type": "Feature", "properties": { "ID": "2957036500000", "正式名称": "サン薬局　奈良店", "機関区分": 5, "都道府県コード": 29, "市区町村コード": 201, "所在地": "奈良県奈良市花芝町２９", "緯度": 34.685761, "経度": 135.829025, "url": "https://www.iryou.teikyouseido.mhlw.go.jp/znk-web/juminkanja/S2430/initialize?prefCd=29&kikanCd=7036500000&kikanKbn=5", "url2": "http://kansaimedico.com/", "内容": "サン薬局　奈良店【5:薬局】奈良県奈良市花芝町２９" }, "geometry": { "type": "Point", "coordinates": [ 135.829025, 34.685761 ] } },
{ "type": "Feature", "properties": { "ID": "2957036600000", "正式名称": "サン薬局　新大宮店", "機関区分": 5, "都道府県コード": 29, "市区町村コード": 201, "所在地": "奈良県奈良市芝辻町４－２－３　田村ビル１Ｆ", "緯度": 34.686399, "経度": 135.811804, "url": "https://www.iryou.teikyouseido.mhlw.go.jp/znk-web/juminkanja/S2430/initialize?prefCd=29&kikanCd=7036600000&kikanKbn=5", "url2": "http://kansaimedico.com/", "内容": "サン薬局　新大宮店【5:薬局】奈良県奈良市芝辻町４－２－３　田村ビル１Ｆ" }, "geometry": { "type": "Point", "coordinates": [ 135.811804, 34.686399 ] } },
{ "type": "Feature", "properties": { "ID": "2957036700000", "正式名称": "サン薬局　天理東店", "機関区分": 5, "都道府県コード": 29, "市区町村コード": 204, "所在地": "奈良県天理市蔵之庄町４７０－６", "緯度": 34.635072, "経度": 135.828749, "url": "https://www.iryou.teikyouseido.mhlw.go.jp/znk-web/juminkanja/S2430/initialize?prefCd=29&kikanCd=7036700000&kikanKbn=5", "url2": "http://kansaimedico.com/", "内容": "サン薬局　天理東店【5:薬局】奈良県天理市蔵之庄町４７０－６" }, "geometry": { "type": "Point", "coordinates": [ 135.828749, 34.635072 ] } },
{ "type": "Feature", "properties": { "ID": "2957036800000", "正式名称": "サン薬局　新ノ口店", "機関区分": 5, "都道府県コード": 29, "市区町村コード": 205, "所在地": "奈良県橿原市上品寺町３８０－２３", "緯度": 34.521694, "経度": 135.795452, "url": "https://www.iryou.teikyouseido.mhlw.go.jp/znk-web/juminkanja/S2430/initialize?prefCd=29&kikanCd=7036800000&kikanKbn=5", "url2": "http://kansaimedico.com/", "内容": "サン薬局　新ノ口店【5:薬局】奈良県橿原市上品寺町３８０－２３" }, "geometry": { "type": "Point", "coordinates": [ 135.795452, 34.521694 ] } },
{ "type": "Feature", "properties": { "ID": "2957036900000", "正式名称": "サン薬局　坊城店", "機関区分": 5, "都道府県コード": 29, "市区町村コード": 205, "所在地": "奈良県橿原市東坊城町８４８－７", "緯度": 34.493197, "経度": 135.768761, "url": "https://www.iryou.teikyouseido.mhlw.go.jp/znk-web/juminkanja/S2430/initialize?prefCd=29&kikanCd=7036900000&kikanKbn=5", "url2": "http://kansaimedico.com/", "内容": "サン薬局　坊城店【5:薬局】奈良県橿原市東坊城町８４８－７" }, "geometry": { "type": "Point", "coordinates": [ 135.768761, 34.493197 ] } },
{ "type": "Feature", "properties": { "ID": "2957037000000", "正式名称": "サン薬局　学園前店", "機関区分": 5, "都道府県コード": 29, "市区町村コード": 201, "所在地": "奈良県奈良市学園北１－１４－１３　メディカル学園前１Ｆ", "緯度": 34.69973, "経度": 135.750725, "url": "https://www.iryou.teikyouseido.mhlw.go.jp/znk-web/juminkanja/S2430/initialize?prefCd=29&kikanCd=7037000000&kikanKbn=5", "url2": "http://kansaimedico.com/", "内容": "サン薬局　学園前店【5:薬局】奈良県奈良市学園北１－１４－１３　メディカル学園前１Ｆ" }, "geometry": { "type": "Point", "coordinates": [ 135.750725, 34.69973 ] } },
{ "type": "Feature", "properties": { "ID": "2957037100000", "正式名称": "サン薬局　真菅店", "機関区分": 5, "都道府県コード": 29, "市区町村コード": 205, "所在地": "奈良県橿原市曽我町１０６３－６　ラカーサ慈光１Ｆ", "緯度": 34.519, "経度": 135.773203, "url": "https://www.iryou.teikyouseido.mhlw.go.jp/znk-web/juminkanja/S2430/initialize?prefCd=29&kikanCd=7037100000&kikanKbn=5", "url2": "http://kansaimedico.com/", "内容": "サン薬局　真菅店【5:薬局】奈良県橿原市曽我町１０６３－６　ラカーサ慈光１Ｆ" }, "geometry": { "type": "Point", "coordinates": [ 135.773203, 34.519 ] } },
{ "type": "Feature", "properties": { "ID": "2957037200000", "正式名称": "サン薬局　御所南店", "機関区分": 5, "都道府県コード": 29, "市区町村コード": 208, "所在地": "奈良県御所市西寺田１４５－２", "緯度": 34.441313, "経度": 135.725183, "url": "https://www.iryou.teikyouseido.mhlw.go.jp/znk-web/juminkanja/S2430/initialize?prefCd=29&kikanCd=7037200000&kikanKbn=5", "url2": "http://kansaimedico.com/", "内容": "サン薬局　御所南店【5:薬局】奈良県御所市西寺田１４５－２" }, "geometry": { "type": "Point", "coordinates": [ 135.725183, 34.441313 ] } },
{ "type": "Feature", "properties": { "ID": "2957037300000", "正式名称": "サン薬局　東山店", "機関区分": 5, "都道府県コード": 29, "市区町村コード": 342, "所在地": "奈良県生駒郡平群町菊美台１－７－５", "緯度": 34.648179, "経度": 135.708703, "url": "https://www.iryou.teikyouseido.mhlw.go.jp/znk-web/juminkanja/S2430/initialize?prefCd=29&kikanCd=7037300000&kikanKbn=5", "url2": "http://kansaimedico.com/", "内容": "サン薬局　東山店【5:薬局】奈良県生駒郡平群町菊美台１－７－５" }, "geometry": { "type": "Point", "coordinates": [ 135.708703, 34.648179 ] } },
{ "type": "Feature", "properties": { "ID": "2957037400000", "正式名称": "サン薬局　西の京店", "機関区分": 5, "都道府県コード": 29, "市区町村コード": 201, "所在地": "奈良県奈良市六条３－１５－５", "緯度": 34.666845, "経度": 135.776335, "url": "https://www.iryou.teikyouseido.mhlw.go.jp/znk-web/juminkanja/S2430/initialize?prefCd=29&kikanCd=7037400000&kikanKbn=5", "url2": "http://kansaimedico.com/", "内容": "サン薬局　西の京店【5:薬局】奈良県奈良市六条３－１５－５" }, "geometry": { "type": "Point", "coordinates": [ 135.776335, 34.666845 ] } },
{ "type": "Feature", "properties": { "ID": "2957037500000", "正式名称": "サン薬局　生駒店", "機関区分": 5, "都道府県コード": 29, "市区町村コード": 209, "所在地": "奈良県生駒市谷田町８７３－１", "緯度": 34.695896, "経度": 135.700812, "url": "https://www.iryou.teikyouseido.mhlw.go.jp/znk-web/juminkanja/S2430/initialize?prefCd=29&kikanCd=7037500000&kikanKbn=5", "url2": "http://kansaimedico.com/", "内容": "サン薬局　生駒店【5:薬局】奈良県生駒市谷田町８７３－１" }, "geometry": { "type": "Point", "coordinates": [ 135.700812, 34.695896 ] } },
{ "type": "Feature", "properties": { "ID": "2957037600000", "正式名称": "サン薬局　平松店", "機関区分": 5, "都道府県コード": 29, "市区町村コード": 201, "所在地": "奈良県奈良市平松１－３１－２４", "緯度": 34.68026, "経度": 135.775085, "url": "https://www.iryou.teikyouseido.mhlw.go.jp/znk-web/juminkanja/S2430/initialize?prefCd=29&kikanCd=7037600000&kikanKbn=5", "url2": "http://kansaimedico.com/", "内容": "サン薬局　平松店【5:薬局】奈良県奈良市平松１－３１－２４" }, "geometry": { "type": "Point", "coordinates": [ 135.775085, 34.68026 ] } },
{ "type": "Feature", "properties": { "ID": "2957037700000", "正式名称": "サン薬局　郡山店", "機関区分": 5, "都道府県コード": 29, "市区町村コード": 203, "所在地": "奈良県大和郡山市朝日町１－１６　フラワービル１Ｆ", "緯度": 34.646847, "経度": 135.780253, "url": "https://www.iryou.teikyouseido.mhlw.go.jp/znk-web/juminkanja/S2430/initialize?prefCd=29&kikanCd=7037700000&kikanKbn=5", "url2": "http://kansaimedico.com/", "内容": "サン薬局　郡山店【5:薬局】奈良県大和郡山市朝日町１－１６　フラワービル１Ｆ" }, "geometry": { "type": "Point", "coordinates": [ 135.780253, 34.646847 ] } },
{ "type": "Feature", "properties": { "ID": "2957037900000", "正式名称": "サン薬局　三郷店", "機関区分": 5, "都道府県コード": 29, "市区町村コード": 343, "所在地": "奈良県生駒郡三郷町立野南２－９－１２", "緯度": 34.589713, "経度": 135.687207, "url": "https://www.iryou.teikyouseido.mhlw.go.jp/znk-web/juminkanja/S2430/initialize?prefCd=29&kikanCd=7037900000&kikanKbn=5", "url2": "http://kansaimedico.com/", "内容": "サン薬局　三郷店【5:薬局】奈良県生駒郡三郷町立野南２－９－１２" }, "geometry": { "type": "Point", "coordinates": [ 135.687207, 34.589713 ] } },
{ "type": "Feature", "properties": { "ID": "2957038000000", "正式名称": "サン薬局　桜井西店", "機関区分": 5, "都道府県コード": 29, "市区町村コード": 206, "所在地": "奈良県桜井市阿部３５３", "緯度": 34.508613, "経度": 135.839337, "url": "https://www.iryou.teikyouseido.mhlw.go.jp/znk-web/juminkanja/S2430/initialize?prefCd=29&kikanCd=7038000000&kikanKbn=5", "url2": "http://kansaimedico.com/", "内容": "サン薬局　桜井西店【5:薬局】奈良県桜井市阿部３５３" }, "geometry": { "type": "Point", "coordinates": [ 135.839337, 34.508613 ] } },
{ "type": "Feature", "properties": { "ID": "2957038100000", "正式名称": "サン薬局　王寺駅前店", "機関区分": 5, "都道府県コード": 29, "市区町村コード": 425, "所在地": "奈良県北葛城郡王寺町王寺２－４－７", "緯度": 34.596351, "経度": 135.706928, "url": "https://www.iryou.teikyouseido.mhlw.go.jp/znk-web/juminkanja/S2430/initialize?prefCd=29&kikanCd=7038100000&kikanKbn=5", "url2": "http://kansaimedico.com/", "内容": "サン薬局　王寺駅前店【5:薬局】奈良県北葛城郡王寺町王寺２－４－７" }, "geometry": { "type": "Point", "coordinates": [ 135.706928, 34.596351 ] } },
{ "type": "Feature", "properties": { "ID": "2957038200000", "正式名称": "サン薬局　丹波市店", "機関区分": 5, "都道府県コード": 29, "市区町村コード": 204, "所在地": "奈良県天理市丹波市町３０３－９", "緯度": 34.595604, "経度": 135.836056, "url": "https://www.iryou.teikyouseido.mhlw.go.jp/znk-web/juminkanja/S2430/initialize?prefCd=29&kikanCd=7038200000&kikanKbn=5", "url2": "http://kansaimedico.com/", "内容": "サン薬局　丹波市店【5:薬局】奈良県天理市丹波市町３０３－９" }, "geometry": { "type": "Point", "coordinates": [ 135.836056, 34.595604 ] } },
{ "type": "Feature", "properties": { "ID": "2957038300000", "正式名称": "サン薬局　桜井店", "機関区分": 5, "都道府県コード": 29, "市区町村コード": 206, "所在地": "奈良県桜井市桜井２０３－５", "緯度": 34.512224, "経度": 135.846864, "url": "https://www.iryou.teikyouseido.mhlw.go.jp/znk-web/juminkanja/S2430/initialize?prefCd=29&kikanCd=7038300000&kikanKbn=5", "url2": "http://kansaimedico.com/", "内容": "サン薬局　桜井店【5:薬局】奈良県桜井市桜井２０３－５" }, "geometry": { "type": "Point", "coordinates": [ 135.846864, 34.512224 ] } },
{ "type": "Feature", "properties": { "ID": "2957038400000", "正式名称": "サン薬局　高田東店", "機関区分": 5, "都道府県コード": 29, "市区町村コード": 202, "所在地": "奈良県大和高田市永和町９－４５", "緯度": 34.5115, "経度": 135.744595, "url": "https://www.iryou.teikyouseido.mhlw.go.jp/znk-web/juminkanja/S2430/initialize?prefCd=29&kikanCd=7038400000&kikanKbn=5", "url2": "http://kansaimedico.com/", "内容": "サン薬局　高田東店【5:薬局】奈良県大和高田市永和町９－４５" }, "geometry": { "type": "Point", "coordinates": [ 135.744595, 34.5115 ] } },
{ "type": "Feature", "properties": { "ID": "2957038500000", "正式名称": "サン薬局　八木店", "機関区分": 5, "都道府県コード": 29, "市区町村コード": 205, "所在地": "奈良県橿原市内膳町４－４３－６", "緯度": 34.515362, "経度": 135.789869, "url": "https://www.iryou.teikyouseido.mhlw.go.jp/znk-web/juminkanja/S2430/initialize?prefCd=29&kikanCd=7038500000&kikanKbn=5", "url2": "http://kansaimedico.com/", "内容": "サン薬局　八木店【5:薬局】奈良県橿原市内膳町４－４３－６" }, "geometry": { "type": "Point", "coordinates": [ 135.789869, 34.515362 ] } },
{ "type": "Feature", "properties": { "ID": "2957038600000", "正式名称": "サン薬局　天理西店", "機関区分": 5, "都道府県コード": 29, "市区町村コード": 204, "所在地": "奈良県天理市富堂町３２０－５", "緯度": 34.59802, "経度": 135.817668, "url": "https://www.iryou.teikyouseido.mhlw.go.jp/znk-web/juminkanja/S2430/initialize?prefCd=29&kikanCd=7038600000&kikanKbn=5", "url2": "http://kansaimedico.com/", "内容": "サン薬局　天理西店【5:薬局】奈良県天理市富堂町３２０－５" }, "geometry": { "type": "Point", "coordinates": [ 135.817668, 34.59802 ] } },
{ "type": "Feature", "properties": { "ID": "2957038700000", "正式名称": "サン薬局　八木駅前店", "機関区分": 5, "都道府県コード": 29, "市区町村コード": 205, "所在地": "奈良県橿原市内膳町５－２－３０　ＯＪビル", "緯度": 34.513695, "経度": 135.792869, "url": "https://www.iryou.teikyouseido.mhlw.go.jp/znk-web/juminkanja/S2430/initialize?prefCd=29&kikanCd=7038700000&kikanKbn=5", "url2": "http://kansaimedico.com/", "内容": "サン薬局　八木駅前店【5:薬局】奈良県橿原市内膳町５－２－３０　ＯＪビル" }, "geometry": { "type": "Point", "coordinates": [ 135.792869, 34.513695 ] } },
{ "type": "Feature", "properties": { "ID": "2957039000000", "正式名称": "サン薬局　郡山東店", "機関区分": 5, "都道府県コード": 29, "市区町村コード": 203, "所在地": "奈良県大和郡山市高田町９２－１４", "緯度": 34.647625, "経度": 135.791196, "url": "https://www.iryou.teikyouseido.mhlw.go.jp/znk-web/juminkanja/S2430/initialize?prefCd=29&kikanCd=7039000000&kikanKbn=5", "url2": "http://kansaimedico.com/", "内容": "サン薬局　郡山東店【5:薬局】奈良県大和郡山市高田町９２－１４" }, "geometry": { "type": "Point", "coordinates": [ 135.791196, 34.647625 ] } },
{ "type": "Feature", "properties": { "ID": "2957039100000", "正式名称": "さくら薬局　大和郡山店", "機関区分": 5, "都道府県コード": 29, "市区町村コード": 203, "所在地": "奈良県大和郡山市柳町１２８－９　カイチビル１階", "緯度": 34.645348, "経度": 135.785724, "url": "https://www.iryou.teikyouseido.mhlw.go.jp/znk-web/juminkanja/S2430/initialize?prefCd=29&kikanCd=7039100000&kikanKbn=5", "url2": "http://www.kraft-net.co.jp/sakura/store/3480", "内容": "さくら薬局　大和郡山店【5:薬局】奈良県大和郡山市柳町１２８－９　カイチビル１階" }, "geometry": { "type": "Point", "coordinates": [ 135.785724, 34.645348 ] } },
{ "type": "Feature", "properties": { "ID": "2957039300000", "正式名称": "サン薬局谷田店", "機関区分": 5, "都道府県コード": 29, "市区町村コード": 209, "所在地": "奈良県生駒市谷田町８５０－４", "緯度": 34.694924, "経度": 135.70159, "url": "https://www.iryou.teikyouseido.mhlw.go.jp/znk-web/juminkanja/S2430/initialize?prefCd=29&kikanCd=7039300000&kikanKbn=5", "url2": "http://kansaimedico.com/", "内容": "サン薬局谷田店【5:薬局】奈良県生駒市谷田町８５０－４" }, "geometry": { "type": "Point", "coordinates": [ 135.70159, 34.694924 ] } },
{ "type": "Feature", "properties": { "ID": "2957039800000", "正式名称": "木下愛生堂薬局", "機関区分": 5, "都道府県コード": 29, "市区町村コード": 201, "所在地": "奈良県奈良市福智院町２２番地", "緯度": 34.677151, "経度": 135.834136, "url": "https://www.iryou.teikyouseido.mhlw.go.jp/znk-web/juminkanja/S2430/initialize?prefCd=29&kikanCd=7039800000&kikanKbn=5", "url2": null, "内容": "木下愛生堂薬局【5:薬局】奈良県奈良市福智院町２２番地" }, "geometry": { "type": "Point", "coordinates": [ 135.834136, 34.677151 ] } },
{ "type": "Feature", "properties": { "ID": "2957039900000", "正式名称": "ココカラファイン薬局　八木駅前店", "機関区分": 5, "都道府県コード": 29, "市区町村コード": 205, "所在地": "奈良県橿原市内膳町１－１－５", "緯度": 34.512067, "経度": 135.79311, "url": "https://www.iryou.teikyouseido.mhlw.go.jp/znk-web/juminkanja/S2430/initialize?prefCd=29&kikanCd=7039900000&kikanKbn=5", "url2": "https://www.matsukiyococokara-online.com/map/?kid=20001599", "内容": "ココカラファイン薬局　八木駅前店【5:薬局】奈良県橿原市内膳町１－１－５" }, "geometry": { "type": "Point", "coordinates": [ 135.79311, 34.512067 ] } },
{ "type": "Feature", "properties": { "ID": "2957040000000", "正式名称": "カイセイ薬局", "機関区分": 5, "都道府県コード": 29, "市区町村コード": 204, "所在地": "奈良県天理市別所町１１－１", "緯度": 34.605075, "経度": 135.835972, "url": "https://www.iryou.teikyouseido.mhlw.go.jp/znk-web/juminkanja/S2430/initialize?prefCd=29&kikanCd=7040000000&kikanKbn=5", "url2": "http://www.ikuseikai.org/", "内容": "カイセイ薬局【5:薬局】奈良県天理市別所町１１－１" }, "geometry": { "type": "Point", "coordinates": [ 135.835972, 34.605075 ] } },
{ "type": "Feature", "properties": { "ID": "2957040200000", "正式名称": "てるてる薬局", "機関区分": 5, "都道府県コード": 29, "市区町村コード": 201, "所在地": "奈良県奈良市神殿町６９４番地の３", "緯度": 34.660763, "経度": 135.819471, "url": "https://www.iryou.teikyouseido.mhlw.go.jp/znk-web/juminkanja/S2430/initialize?prefCd=29&kikanCd=7040200000&kikanKbn=5", "url2": "http://www.teruteruyaku.net.", "内容": "てるてる薬局【5:薬局】奈良県奈良市神殿町６９４番地の３" }, "geometry": { "type": "Point", "coordinates": [ 135.819471, 34.660763 ] } },
{ "type": "Feature", "properties": { "ID": "2957040400000", "正式名称": "サン薬局　神宮東店", "機関区分": 5, "都道府県コード": 29, "市区町村コード": 205, "所在地": "奈良県橿原市久米町６５０－１", "緯度": 34.483587, "経度": 135.79587, "url": "https://www.iryou.teikyouseido.mhlw.go.jp/znk-web/juminkanja/S2430/initialize?prefCd=29&kikanCd=7040400000&kikanKbn=5", "url2": "http://kansaimedico.com/", "内容": "サン薬局　神宮東店【5:薬局】奈良県橿原市久米町６５０－１" }, "geometry": { "type": "Point", "coordinates": [ 135.79587, 34.483587 ] } },
{ "type": "Feature", "properties": { "ID": "2957040600000", "正式名称": "平松　薬局", "機関区分": 5, "都道府県コード": 29, "市区町村コード": 201, "所在地": "奈良県奈良市登美ケ丘３－３－１１", "緯度": 34.715006, "経度": 135.749974, "url": "https://www.iryou.teikyouseido.mhlw.go.jp/znk-web/juminkanja/S2430/initialize?prefCd=29&kikanCd=7040600000&kikanKbn=5", "url2": null, "内容": "平松　薬局【5:薬局】奈良県奈良市登美ケ丘３－３－１１" }, "geometry": { "type": "Point", "coordinates": [ 135.749974, 34.715006 ] } },
{ "type": "Feature", "properties": { "ID": "2957040700000", "正式名称": "オカダ薬局", "機関区分": 5, "都道府県コード": 29, "市区町村コード": 204, "所在地": "奈良県天理市川原城町３７７", "緯度": 34.599103, "経度": 135.836083, "url": "https://www.iryou.teikyouseido.mhlw.go.jp/znk-web/juminkanja/S2430/initialize?prefCd=29&kikanCd=7040700000&kikanKbn=5", "url2": null, "内容": "オカダ薬局【5:薬局】奈良県天理市川原城町３７７" }, "geometry": { "type": "Point", "coordinates": [ 135.836083, 34.599103 ] } },
{ "type": "Feature", "properties": { "ID": "2957040800000", "正式名称": "さかえ薬局", "機関区分": 5, "都道府県コード": 29, "市区町村コード": 205, "所在地": "奈良県橿原市久米町６１５　赤心ビル１階", "緯度": 34.483143, "経度": 135.792676, "url": "https://www.iryou.teikyouseido.mhlw.go.jp/znk-web/juminkanja/S2430/initialize?prefCd=29&kikanCd=7040800000&kikanKbn=5", "url2": "http://www.e-classa.net/sakae-yakkyoku", "内容": "さかえ薬局【5:薬局】奈良県橿原市久米町６１５　赤心ビル１階" }, "geometry": { "type": "Point", "coordinates": [ 135.792676, 34.483143 ] } },
{ "type": "Feature", "properties": { "ID": "2957041000000", "正式名称": "自分薬局　奈良", "機関区分": 5, "都道府県コード": 29, "市区町村コード": 201, "所在地": "奈良県奈良市三条本町２－２０　マツダオフィスビル１Ｆ", "緯度": 34.6799, "経度": 135.819692, "url": "https://www.iryou.teikyouseido.mhlw.go.jp/znk-web/juminkanja/S2430/initialize?prefCd=29&kikanCd=7041000000&kikanKbn=5", "url2": "http://jibun-pharmacy.com/", "内容": "自分薬局　奈良【5:薬局】奈良県奈良市三条本町２－２０　マツダオフィスビル１Ｆ" }, "geometry": { "type": "Point", "coordinates": [ 135.819692, 34.6799 ] } },
{ "type": "Feature", "properties": { "ID": "2957041100000", "正式名称": "サン薬局　法隆寺店", "機関区分": 5, "都道府県コード": 29, "市区町村コード": 344, "所在地": "奈良県生駒郡斑鳩町興留５－１５－１９－１Ｆ", "緯度": 34.602962, "経度": 135.73898, "url": "https://www.iryou.teikyouseido.mhlw.go.jp/znk-web/juminkanja/S2430/initialize?prefCd=29&kikanCd=7041100000&kikanKbn=5", "url2": "http://www.kansaimedico.co.jp/", "内容": "サン薬局　法隆寺店【5:薬局】奈良県生駒郡斑鳩町興留５－１５－１９－１Ｆ" }, "geometry": { "type": "Point", "coordinates": [ 135.73898, 34.602962 ] } },
{ "type": "Feature", "properties": { "ID": "2957041600000", "正式名称": "コスモス薬局", "機関区分": 5, "都道府県コード": 29, "市区町村コード": 344, "所在地": "奈良県生駒郡斑鳩町龍田西４－７－１０", "緯度": 34.605212, "経度": 135.715427, "url": "https://www.iryou.teikyouseido.mhlw.go.jp/znk-web/juminkanja/S2430/initialize?prefCd=29&kikanCd=7041600000&kikanKbn=5", "url2": "www.bikkury.co.jp/shop/ikomagun01.html", "内容": "コスモス薬局【5:薬局】奈良県生駒郡斑鳩町龍田西４－７－１０" }, "geometry": { "type": "Point", "coordinates": [ 135.715427, 34.605212 ] } },
{ "type": "Feature", "properties": { "ID": "2957041800000", "正式名称": "スギ薬局　星和台店", "機関区分": 5, "都道府県コード": 29, "市区町村コード": 427, "所在地": "奈良県北葛城郡河合町星和台２－１－１４", "緯度": 34.58613, "経度": 135.716122, "url": "https://www.iryou.teikyouseido.mhlw.go.jp/znk-web/juminkanja/S2430/initialize?prefCd=29&kikanCd=7041800000&kikanKbn=5", "url2": "http://sugi-pharm.com/", "内容": "スギ薬局　星和台店【5:薬局】奈良県北葛城郡河合町星和台２－１－１４" }, "geometry": { "type": "Point", "coordinates": [ 135.716122, 34.58613 ] } },
{ "type": "Feature", "properties": { "ID": "2957042000000", "正式名称": "サン薬局　医大前店", "機関区分": 5, "都道府県コード": 29, "市区町村コード": 205, "所在地": "奈良県橿原市兵部町６－１８", "緯度": 34.504891, "経度": 135.792397, "url": "https://www.iryou.teikyouseido.mhlw.go.jp/znk-web/juminkanja/S2430/initialize?prefCd=29&kikanCd=7042000000&kikanKbn=5", "url2": "http://kansaimedico.com/", "内容": "サン薬局　医大前店【5:薬局】奈良県橿原市兵部町６－１８" }, "geometry": { "type": "Point", "coordinates": [ 135.792397, 34.504891 ] } },
{ "type": "Feature", "properties": { "ID": "2957042100000", "正式名称": "アオイ薬局", "機関区分": 5, "都道府県コード": 29, "市区町村コード": 205, "所在地": "奈良県橿原市白橿町２丁目２９番８号", "緯度": 34.475338, "経度": 135.790454, "url": "https://www.iryou.teikyouseido.mhlw.go.jp/znk-web/juminkanja/S2430/initialize?prefCd=29&kikanCd=7042100000&kikanKbn=5", "url2": "https://www.kireie.com/pharmacy/7383/", "内容": "アオイ薬局【5:薬局】奈良県橿原市白橿町２丁目２９番８号" }, "geometry": { "type": "Point", "coordinates": [ 135.790454, 34.475338 ] } },
{ "type": "Feature", "properties": { "ID": "2957042200000", "正式名称": "このは薬局", "機関区分": 5, "都道府県コード": 29, "市区町村コード": 211, "所在地": "奈良県葛城市北花内６１６－９", "緯度": 34.488363, "経度": 135.730875, "url": "https://www.iryou.teikyouseido.mhlw.go.jp/znk-web/juminkanja/S2430/initialize?prefCd=29&kikanCd=7042200000&kikanKbn=5", "url2": "http://www.konoha-pharmacy.jp", "内容": "このは薬局【5:薬局】奈良県葛城市北花内６１６－９" }, "geometry": { "type": "Point", "coordinates": [ 135.730875, 34.488363 ] } },
{ "type": "Feature", "properties": { "ID": "2957042400000", "正式名称": "ニコニコ薬局", "機関区分": 5, "都道府県コード": 29, "市区町村コード": 206, "所在地": "奈良県桜井市粟殿１０１９番地の５", "緯度": 34.517723, "経度": 135.845864, "url": "https://www.iryou.teikyouseido.mhlw.go.jp/znk-web/juminkanja/S2430/initialize?prefCd=29&kikanCd=7042400000&kikanKbn=5", "url2": "http://www.ph-nico2.jp/index.html", "内容": "ニコニコ薬局【5:薬局】奈良県桜井市粟殿１０１９番地の５" }, "geometry": { "type": "Point", "coordinates": [ 135.845864, 34.517723 ] } },
{ "type": "Feature", "properties": { "ID": "2957042700000", "正式名称": "アール薬局　香芝店", "機関区分": 5, "都道府県コード": 29, "市区町村コード": 210, "所在地": "奈良県香芝市旭ケ丘５－３６－１　ワイズメディカルビル　１Ｆ", "緯度": 34.555828, "経度": 135.686181, "url": "https://www.iryou.teikyouseido.mhlw.go.jp/znk-web/juminkanja/S2430/initialize?prefCd=29&kikanCd=7042700000&kikanKbn=5", "url2": "http://www.r-kusuri.jp", "内容": "アール薬局　香芝店【5:薬局】奈良県香芝市旭ケ丘５－３６－１　ワイズメディカルビル　１Ｆ" }, "geometry": { "type": "Point", "coordinates": [ 135.686181, 34.555828 ] } },
{ "type": "Feature", "properties": { "ID": "2957042800000", "正式名称": "すみれ薬局", "機関区分": 5, "都道府県コード": 29, "市区町村コード": 205, "所在地": "奈良県橿原市内膳町５－３－５　コスモ大和八木　１－Ａ", "緯度": 34.514778, "経度": 135.792674, "url": "https://www.iryou.teikyouseido.mhlw.go.jp/znk-web/juminkanja/S2430/initialize?prefCd=29&kikanCd=7042800000&kikanKbn=5", "url2": null, "内容": "すみれ薬局【5:薬局】奈良県橿原市内膳町５－３－５　コスモ大和八木　１－Ａ" }, "geometry": { "type": "Point", "coordinates": [ 135.792674, 34.514778 ] } },
{ "type": "Feature", "properties": { "ID": "2957043000000", "正式名称": "スギ薬局　生駒店", "機関区分": 5, "都道府県コード": 29, "市区町村コード": 209, "所在地": "奈良県生駒市谷田町１３２８－１", "緯度": 34.693563, "経度": 135.702924, "url": "https://www.iryou.teikyouseido.mhlw.go.jp/znk-web/juminkanja/S2430/initialize?prefCd=29&kikanCd=7043000000&kikanKbn=5", "url2": "https://www.drug-sugi.co.jp/", "内容": "スギ薬局　生駒店【5:薬局】奈良県生駒市谷田町１３２８－１" }, "geometry": { "type": "Point", "coordinates": [ 135.702924, 34.693563 ] } },
{ "type": "Feature", "properties": { "ID": "2957043200000", "正式名称": "サン薬局　三室店", "機関区分": 5, "都道府県コード": 29, "市区町村コード": 343, "所在地": "奈良県生駒郡三郷町勢野東６－１５－２１", "緯度": 34.60074, "経度": 135.710844, "url": "https://www.iryou.teikyouseido.mhlw.go.jp/znk-web/juminkanja/S2430/initialize?prefCd=29&kikanCd=7043200000&kikanKbn=5", "url2": "http://kansaimedico.com/", "内容": "サン薬局　三室店【5:薬局】奈良県生駒郡三郷町勢野東６－１５－２１" }, "geometry": { "type": "Point", "coordinates": [ 135.710844, 34.60074 ] } },
{ "type": "Feature", "properties": { "ID": "2957043400000", "正式名称": "よつば薬局", "機関区分": 5, "都道府県コード": 29, "市区町村コード": 424, "所在地": "奈良県北葛城郡上牧町葛城台３－１２－２", "緯度": 34.556307, "経度": 135.721794, "url": "https://www.iryou.teikyouseido.mhlw.go.jp/znk-web/juminkanja/S2430/initialize?prefCd=29&kikanCd=7043400000&kikanKbn=5", "url2": null, "内容": "よつば薬局【5:薬局】奈良県北葛城郡上牧町葛城台３－１２－２" }, "geometry": { "type": "Point", "coordinates": [ 135.721794, 34.556307 ] } },
{ "type": "Feature", "properties": { "ID": "2957043900000", "正式名称": "サン薬局　西大寺南店", "機関区分": 5, "都道府県コード": 29, "市区町村コード": 201, "所在地": "奈良県奈良市西大寺国見町１－１－１３３－１１７　近鉄西大寺ショッピングセンター１Ｆ", "緯度": 34.69237, "経度": 135.783334, "url": "https://www.iryou.teikyouseido.mhlw.go.jp/znk-web/juminkanja/S2430/initialize?prefCd=29&kikanCd=7043900000&kikanKbn=5", "url2": "http://kansaimedico.com/", "内容": "サン薬局　西大寺南店【5:薬局】奈良県奈良市西大寺国見町１－１－１３３－１１７　近鉄西大寺ショッピングセンター１Ｆ" }, "geometry": { "type": "Point", "coordinates": [ 135.783334, 34.69237 ] } },
{ "type": "Feature", "properties": { "ID": "2957044100000", "正式名称": "ここみ薬局", "機関区分": 5, "都道府県コード": 29, "市区町村コード": 210, "所在地": "奈良県香芝市瓦口２３４１", "緯度": 34.537247, "経度": 135.716846, "url": "https://www.iryou.teikyouseido.mhlw.go.jp/znk-web/juminkanja/S2430/initialize?prefCd=29&kikanCd=7044100000&kikanKbn=5", "url2": null, "内容": "ここみ薬局【5:薬局】奈良県香芝市瓦口２３４１" }, "geometry": { "type": "Point", "coordinates": [ 135.716846, 34.537247 ] } },
{ "type": "Feature", "properties": { "ID": "2957044200000", "正式名称": "自分薬局　宝来", "機関区分": 5, "都道府県コード": 29, "市区町村コード": 201, "所在地": "奈良県奈良市宝来町１２７０－１９", "緯度": 34.686343, "経度": 135.765335, "url": "https://www.iryou.teikyouseido.mhlw.go.jp/znk-web/juminkanja/S2430/initialize?prefCd=29&kikanCd=7044200000&kikanKbn=5", "url2": "https://jibun-pharmacy.com/shop/hourai/", "内容": "自分薬局　宝来【5:薬局】奈良県奈良市宝来町１２７０－１９" }, "geometry": { "type": "Point", "coordinates": [ 135.765335, 34.686343 ] } },
{ "type": "Feature", "properties": { "ID": "2957044500000", "正式名称": "サエラ薬局　登美ヶ丘店", "機関区分": 5, "都道府県コード": 29, "市区町村コード": 201, "所在地": "奈良県奈良市中登美ケ丘６－３－３　リコラス登美ヶ丘Ａ棟１階", "緯度": 34.726061, "経度": 135.752335, "url": "https://www.iryou.teikyouseido.mhlw.go.jp/znk-web/juminkanja/S2430/initialize?prefCd=29&kikanCd=7044500000&kikanKbn=5", "url2": "https://www.saera-ph.co.jp/shop/tomigaoka/", "内容": "サエラ薬局　登美ヶ丘店【5:薬局】奈良県奈良市中登美ケ丘６－３－３　リコラス登美ヶ丘Ａ棟１階" }, "geometry": { "type": "Point", "coordinates": [ 135.752335, 34.726061 ] } },
{ "type": "Feature", "properties": { "ID": "2957045400000", "正式名称": "サン薬局　天理南店", "機関区分": 5, "都道府県コード": 29, "市区町村コード": 204, "所在地": "奈良県天理市西井戸堂町４５５－２", "緯度": 34.589299, "経度": 135.817113, "url": "https://www.iryou.teikyouseido.mhlw.go.jp/znk-web/juminkanja/S2430/initialize?prefCd=29&kikanCd=7045400000&kikanKbn=5", "url2": "http://kansaimedico.com/", "内容": "サン薬局　天理南店【5:薬局】奈良県天理市西井戸堂町４５５－２" }, "geometry": { "type": "Point", "coordinates": [ 135.817113, 34.589299 ] } },
{ "type": "Feature", "properties": { "ID": "2957045600000", "正式名称": "ハートプラス薬局", "機関区分": 5, "都道府県コード": 29, "市区町村コード": 206, "所在地": "奈良県桜井市戒重２０６－６", "緯度": 34.514085, "経度": 135.836032, "url": "https://www.iryou.teikyouseido.mhlw.go.jp/znk-web/juminkanja/S2430/initialize?prefCd=29&kikanCd=7045600000&kikanKbn=5", "url2": "http://www.bikkury.co.jp/", "内容": "ハートプラス薬局【5:薬局】奈良県桜井市戒重２０６－６" }, "geometry": { "type": "Point", "coordinates": [ 135.836032, 34.514085 ] } },
{ "type": "Feature", "properties": { "ID": "2957045700000", "正式名称": "スギ薬局　高の原店", "機関区分": 5, "都道府県コード": 29, "市区町村コード": 201, "所在地": "奈良県奈良市右京１－３－４　サンタウンプラザ　すずらん館２Ｆ", "緯度": 34.722506, "経度": 135.789304, "url": "https://www.iryou.teikyouseido.mhlw.go.jp/znk-web/juminkanja/S2430/initialize?prefCd=29&kikanCd=7045700000&kikanKbn=5", "url2": "http://www.sugi-p.com/index.html", "内容": "スギ薬局　高の原店【5:薬局】奈良県奈良市右京１－３－４　サンタウンプラザ　すずらん館２Ｆ" }, "geometry": { "type": "Point", "coordinates": [ 135.789304, 34.722506 ] } },
{ "type": "Feature", "properties": { "ID": "2957046000000", "正式名称": "プラス薬局　富雄店", "機関区分": 5, "都道府県コード": 29, "市区町村コード": 201, "所在地": "奈良県奈良市鳥見町３－１１－１　富雄団地５６－１０９", "緯度": 34.694036, "経度": 135.724949, "url": "https://www.iryou.teikyouseido.mhlw.go.jp/znk-web/juminkanja/S2430/initialize?prefCd=29&kikanCd=7046000000&kikanKbn=5", "url2": null, "内容": "プラス薬局　富雄店【5:薬局】奈良県奈良市鳥見町３－１１－１　富雄団地５６－１０９" }, "geometry": { "type": "Point", "coordinates": [ 135.724949, 34.694036 ] } },
{ "type": "Feature", "properties": { "ID": "2957046100000", "正式名称": "ヤスイ薬局あすか野", "機関区分": 5, "都道府県コード": 29, "市区町村コード": 209, "所在地": "奈良県生駒市あすか野北１－１－１６", "緯度": 34.712728, "経度": 135.719977, "url": "https://www.iryou.teikyouseido.mhlw.go.jp/znk-web/juminkanja/S2430/initialize?prefCd=29&kikanCd=7046100000&kikanKbn=5", "url2": "http://www4.kcn.ne.jp/~yasui-r/store.html", "内容": "ヤスイ薬局あすか野【5:薬局】奈良県生駒市あすか野北１－１－１６" }, "geometry": { "type": "Point", "coordinates": [ 135.719977, 34.712728 ] } },
{ "type": "Feature", "properties": { "ID": "2957046300000", "正式名称": "サワイ薬局", "機関区分": 5, "都道府県コード": 29, "市区町村コード": 441, "所在地": "奈良県吉野郡吉野町上市２４３", "緯度": 34.394821, "経度": 135.852902, "url": "https://www.iryou.teikyouseido.mhlw.go.jp/znk-web/juminkanja/S2430/initialize?prefCd=29&kikanCd=7046300000&kikanKbn=5", "url2": "https://sawaiph.jimdo.com/", "内容": "サワイ薬局【5:薬局】奈良県吉野郡吉野町上市２４３" }, "geometry": { "type": "Point", "coordinates": [ 135.852902, 34.394821 ] } },
{ "type": "Feature", "properties": { "ID": "2957046400000", "正式名称": "そうごう薬局　かしはら店", "機関区分": 5, "都道府県コード": 29, "市区町村コード": 205, "所在地": "奈良県橿原市四分町２－１　うねびクリニックモール１Ｆ", "緯度": 34.495364, "経度": 135.796425, "url": "https://www.iryou.teikyouseido.mhlw.go.jp/znk-web/juminkanja/S2430/initialize?prefCd=29&kikanCd=7046400000&kikanKbn=5", "url2": "https://www.sogo-medical.co.jp/ja/index.html", "内容": "そうごう薬局　かしはら店【5:薬局】奈良県橿原市四分町２－１　うねびクリニックモール１Ｆ" }, "geometry": { "type": "Point", "coordinates": [ 135.796425, 34.495364 ] } },
{ "type": "Feature", "properties": { "ID": "2957046600000", "正式名称": "幸生堂　薬局", "機関区分": 5, "都道府県コード": 29, "市区町村コード": 209, "所在地": "奈良県生駒市北大和１－３－３", "緯度": 34.723949, "経度": 135.724948, "url": "https://www.iryou.teikyouseido.mhlw.go.jp/znk-web/juminkanja/S2430/initialize?prefCd=29&kikanCd=7046600000&kikanKbn=5", "url2": "https://www.pharmarise.com/company/group/store.php?group_id=35", "内容": "幸生堂　薬局【5:薬局】奈良県生駒市北大和１－３－３" }, "geometry": { "type": "Point", "coordinates": [ 135.724948, 34.723949 ] } },
{ "type": "Feature", "properties": { "ID": "2957046700000", "正式名称": "有限会社メジロ薬局　宮古店", "機関区分": 5, "都道府県コード": 29, "市区町村コード": 363, "所在地": "奈良県磯城郡田原本町宮古３５５－３", "緯度": 34.56194, "経度": 135.777673, "url": "https://www.iryou.teikyouseido.mhlw.go.jp/znk-web/juminkanja/S2430/initialize?prefCd=29&kikanCd=7046700000&kikanKbn=5", "url2": null, "内容": "有限会社メジロ薬局　宮古店【5:薬局】奈良県磯城郡田原本町宮古３５５－３" }, "geometry": { "type": "Point", "coordinates": [ 135.777673, 34.56194 ] } },
{ "type": "Feature", "properties": { "ID": "2957046800000", "正式名称": "サン薬局　紀寺店", "機関区分": 5, "都道府県コード": 29, "市区町村コード": 201, "所在地": "奈良県奈良市紀寺町６７５－１", "緯度": 34.673679, "経度": 135.834219, "url": "https://www.iryou.teikyouseido.mhlw.go.jp/znk-web/juminkanja/S2430/initialize?prefCd=29&kikanCd=7046800000&kikanKbn=5", "url2": "http://kansaimedico.com/", "内容": "サン薬局　紀寺店【5:薬局】奈良県奈良市紀寺町６７５－１" }, "geometry": { "type": "Point", "coordinates": [ 135.834219, 34.673679 ] } },
{ "type": "Feature", "properties": { "ID": "2957047000000", "正式名称": "サン薬局　法隆寺北店", "機関区分": 5, "都道府県コード": 29, "市区町村コード": 344, "所在地": "奈良県生駒郡斑鳩町興留５－１－３２", "緯度": 34.605545, "経度": 135.738036, "url": "https://www.iryou.teikyouseido.mhlw.go.jp/znk-web/juminkanja/S2430/initialize?prefCd=29&kikanCd=7047000000&kikanKbn=5", "url2": "http://kansaimedico.com/", "内容": "サン薬局　法隆寺北店【5:薬局】奈良県生駒郡斑鳩町興留５－１－３２" }, "geometry": { "type": "Point", "coordinates": [ 135.738036, 34.605545 ] } },
{ "type": "Feature", "properties": { "ID": "2957047100000", "正式名称": "アップル薬局", "機関区分": 5, "都道府県コード": 29, "市区町村コード": 201, "所在地": "奈良県奈良市宝来３－３－２０", "緯度": 34.684427, "経度": 135.774307, "url": "https://www.iryou.teikyouseido.mhlw.go.jp/znk-web/juminkanja/S2430/initialize?prefCd=29&kikanCd=7047100000&kikanKbn=5", "url2": null, "内容": "アップル薬局【5:薬局】奈良県奈良市宝来３－３－２０" }, "geometry": { "type": "Point", "coordinates": [ 135.774307, 34.684427 ] } },
{ "type": "Feature", "properties": { "ID": "2957047700000", "正式名称": "今小路薬局", "機関区分": 5, "都道府県コード": 29, "市区町村コード": 201, "所在地": "奈良県奈良市川久保町１９－５", "緯度": 34.689094, "経度": 135.833996, "url": "https://www.iryou.teikyouseido.mhlw.go.jp/znk-web/juminkanja/S2430/initialize?prefCd=29&kikanCd=7047700000&kikanKbn=5", "url2": null, "内容": "今小路薬局【5:薬局】奈良県奈良市川久保町１９－５" }, "geometry": { "type": "Point", "coordinates": [ 135.833996, 34.689094 ] } },
{ "type": "Feature", "properties": { "ID": "2957047800000", "正式名称": "うさぎや薬局", "機関区分": 5, "都道府県コード": 29, "市区町村コード": 201, "所在地": "奈良県奈良市小川町４－２", "緯度": 34.680483, "経度": 135.826219, "url": "https://www.iryou.teikyouseido.mhlw.go.jp/znk-web/juminkanja/S2430/initialize?prefCd=29&kikanCd=7047800000&kikanKbn=5", "url2": null, "内容": "うさぎや薬局【5:薬局】奈良県奈良市小川町４－２" }, "geometry": { "type": "Point", "coordinates": [ 135.826219, 34.680483 ] } },
{ "type": "Feature", "properties": { "ID": "2957048200000", "正式名称": "コスモファーマ薬局三条桧町店", "機関区分": 5, "都道府県コード": 29, "市区町村コード": 201, "所在地": "奈良県奈良市三条桧町１７－１７　メディコートＦＳＡ　１Ｆ", "緯度": 34.679162, "経度": 135.812163, "url": "https://www.iryou.teikyouseido.mhlw.go.jp/znk-web/juminkanja/S2430/initialize?prefCd=29&kikanCd=7048200000&kikanKbn=5", "url2": "http://www.cosmo-ph.co.jp/", "内容": "コスモファーマ薬局三条桧町店【5:薬局】奈良県奈良市三条桧町１７－１７　メディコートＦＳＡ　１Ｆ" }, "geometry": { "type": "Point", "coordinates": [ 135.812163, 34.679162 ] } },
{ "type": "Feature", "properties": { "ID": "2957048300000", "正式名称": "ヤスイ薬局　白庭台", "機関区分": 5, "都道府県コード": 29, "市区町村コード": 209, "所在地": "奈良県生駒市白庭台６－２１９２－２", "緯度": 34.720144, "経度": 135.717227, "url": "https://www.iryou.teikyouseido.mhlw.go.jp/znk-web/juminkanja/S2430/initialize?prefCd=29&kikanCd=7048300000&kikanKbn=5", "url2": "https://yasui-pharmacy.com", "内容": "ヤスイ薬局　白庭台【5:薬局】奈良県生駒市白庭台６－２１９２－２" }, "geometry": { "type": "Point", "coordinates": [ 135.717227, 34.720144 ] } },
{ "type": "Feature", "properties": { "ID": "2957049100000", "正式名称": "白庭台薬局", "機関区分": 5, "都道府県コード": 29, "市区町村コード": 209, "所在地": "奈良県生駒市白庭台６－７－３５", "緯度": 34.720172, "経度": 135.716366, "url": "https://www.iryou.teikyouseido.mhlw.go.jp/znk-web/juminkanja/S2430/initialize?prefCd=29&kikanCd=7049100000&kikanKbn=5", "url2": null, "内容": "白庭台薬局【5:薬局】奈良県生駒市白庭台６－７－３５" }, "geometry": { "type": "Point", "coordinates": [ 135.716366, 34.720172 ] } },
{ "type": "Feature", "properties": { "ID": "2957049400000", "正式名称": "イオン薬局イオンスタイル奈良", "機関区分": 5, "都道府県コード": 29, "市区町村コード": 201, "所在地": "奈良県奈良市西大寺東町２－４－１　１Ｆ", "緯度": 34.695092, "経度": 135.785083, "url": "https://www.iryou.teikyouseido.mhlw.go.jp/znk-web/juminkanja/S2430/initialize?prefCd=29&kikanCd=7049400000&kikanKbn=5", "url2": null, "内容": "イオン薬局イオンスタイル奈良【5:薬局】奈良県奈良市西大寺東町２－４－１　１Ｆ" }, "geometry": { "type": "Point", "coordinates": [ 135.785083, 34.695092 ] } },
{ "type": "Feature", "properties": { "ID": "2957049600000", "正式名称": "イオン薬局登美ヶ丘店", "機関区分": 5, "都道府県コード": 29, "市区町村コード": 209, "所在地": "奈良県生駒市鹿畑町３０２７　１Ｆ", "緯度": 34.735837, "経度": 135.740363, "url": "https://www.iryou.teikyouseido.mhlw.go.jp/znk-web/juminkanja/S2430/initialize?prefCd=29&kikanCd=7049600000&kikanKbn=5", "url2": null, "内容": "イオン薬局登美ヶ丘店【5:薬局】奈良県生駒市鹿畑町３０２７　１Ｆ" }, "geometry": { "type": "Point", "coordinates": [ 135.740363, 34.735837 ] } },
{ "type": "Feature", "properties": { "ID": "2957049700000", "正式名称": "幸生堂薬局　桜井店", "機関区分": 5, "都道府県コード": 29, "市区町村コード": 206, "所在地": "奈良県桜井市川合２５６－３　ハーモニアＮ－１号室", "緯度": 34.514446, "経度": 135.846309, "url": "https://www.iryou.teikyouseido.mhlw.go.jp/znk-web/juminkanja/S2430/initialize?prefCd=29&kikanCd=7049700000&kikanKbn=5", "url2": "https://www.pharmarise.com/company/group/store.php?group_id=35", "内容": "幸生堂薬局　桜井店【5:薬局】奈良県桜井市川合２５６－３　ハーモニアＮ－１号室" }, "geometry": { "type": "Point", "coordinates": [ 135.846309, 34.514446 ] } },
{ "type": "Feature", "properties": { "ID": "2957049900000", "正式名称": "サン薬局　三里店", "機関区分": 5, "都道府県コード": 29, "市区町村コード": 342, "所在地": "奈良県生駒郡平群町下垣内７０－１", "緯度": 34.628959, "経度": 135.70651, "url": "https://www.iryou.teikyouseido.mhlw.go.jp/znk-web/juminkanja/S2430/initialize?prefCd=29&kikanCd=7049900000&kikanKbn=5", "url2": "http://kansaimedico.com/", "内容": "サン薬局　三里店【5:薬局】奈良県生駒郡平群町下垣内７０－１" }, "geometry": { "type": "Point", "coordinates": [ 135.70651, 34.628959 ] } },
{ "type": "Feature", "properties": { "ID": "2957050000000", "正式名称": "キリン堂薬局　五條店", "機関区分": 5, "都道府県コード": 29, "市区町村コード": 207, "所在地": "奈良県五條市今井１－１０－３８", "緯度": 34.355072, "経度": 135.703078, "url": "https://www.iryou.teikyouseido.mhlw.go.jp/znk-web/juminkanja/S2430/initialize?prefCd=29&kikanCd=7050000000&kikanKbn=5", "url2": "http://www.kirindo.co.jp/", "内容": "キリン堂薬局　五條店【5:薬局】奈良県五條市今井１－１０－３８" }, "geometry": { "type": "Point", "coordinates": [ 135.703078, 34.355072 ] } },
{ "type": "Feature", "properties": { "ID": "2957050400000", "正式名称": "木のうた薬局　紀寺バス停前店", "機関区分": 5, "都道府県コード": 29, "市区町村コード": 201, "所在地": "奈良県奈良市紀寺町７６７", "緯度": 34.673929, "経度": 135.835052, "url": "https://www.iryou.teikyouseido.mhlw.go.jp/znk-web/juminkanja/S2430/initialize?prefCd=29&kikanCd=7050400000&kikanKbn=5", "url2": "https://kinouta.co.jp/%E5%BA%97%E8%88%97%E6%A1%88%E5%86%85/pha_kidera/", "内容": "木のうた薬局　紀寺バス停前店【5:薬局】奈良県奈良市紀寺町７６７" }, "geometry": { "type": "Point", "coordinates": [ 135.835052, 34.673929 ] } },
{ "type": "Feature", "properties": { "ID": "2957050700000", "正式名称": "サン薬局　田原本中央店", "機関区分": 5, "都道府県コード": 29, "市区町村コード": 363, "所在地": "奈良県磯城郡田原本町宮古３５３－１", "緯度": 34.561551, "経度": 135.781256, "url": "https://www.iryou.teikyouseido.mhlw.go.jp/znk-web/juminkanja/S2430/initialize?prefCd=29&kikanCd=7050700000&kikanKbn=5", "url2": "http://kansaimedico.com/", "内容": "サン薬局　田原本中央店【5:薬局】奈良県磯城郡田原本町宮古３５３－１" }, "geometry": { "type": "Point", "coordinates": [ 135.781256, 34.561551 ] } },
{ "type": "Feature", "properties": { "ID": "2957051100000", "正式名称": "高田よつば薬局", "機関区分": 5, "都道府県コード": 29, "市区町村コード": 202, "所在地": "奈良県大和高田市土庫１－３－２０", "緯度": 34.520527, "経度": 135.752677, "url": "https://www.iryou.teikyouseido.mhlw.go.jp/znk-web/juminkanja/S2430/initialize?prefCd=29&kikanCd=7051100000&kikanKbn=5", "url2": null, "内容": "高田よつば薬局【5:薬局】奈良県大和高田市土庫１－３－２０" }, "geometry": { "type": "Point", "coordinates": [ 135.752677, 34.520527 ] } },
{ "type": "Feature", "properties": { "ID": "2957051300000", "正式名称": "のぞみ薬局　香芝店", "機関区分": 5, "都道府県コード": 29, "市区町村コード": 210, "所在地": "奈良県香芝市旭ケ丘４－２－１", "緯度": 34.55155, "経度": 135.688598, "url": "https://www.iryou.teikyouseido.mhlw.go.jp/znk-web/juminkanja/S2430/initialize?prefCd=29&kikanCd=7051300000&kikanKbn=5", "url2": null, "内容": "のぞみ薬局　香芝店【5:薬局】奈良県香芝市旭ケ丘４－２－１" }, "geometry": { "type": "Point", "coordinates": [ 135.688598, 34.55155 ] } },
{ "type": "Feature", "properties": { "ID": "2957051500000", "正式名称": "パール薬局　大谷店", "機関区分": 5, "都道府県コード": 29, "市区町村コード": 202, "所在地": "奈良県大和高田市大谷５９８－１　塚本ローズシャトー１Ｆ", "緯度": 34.524193, "経度": 135.727179, "url": "https://www.iryou.teikyouseido.mhlw.go.jp/znk-web/juminkanja/S2430/initialize?prefCd=29&kikanCd=7051500000&kikanKbn=5", "url2": null, "内容": "パール薬局　大谷店【5:薬局】奈良県大和高田市大谷５９８－１　塚本ローズシャトー１Ｆ" }, "geometry": { "type": "Point", "coordinates": [ 135.727179, 34.524193 ] } },
{ "type": "Feature", "properties": { "ID": "2957051600000", "正式名称": "まりん薬局新大宮", "機関区分": 5, "都道府県コード": 29, "市区町村コード": 201, "所在地": "奈良県奈良市四条大路１－３－５３　エイジングコート奈良新大宮１Ｆ", "緯度": 34.681761, "経度": 135.803999, "url": "https://www.iryou.teikyouseido.mhlw.go.jp/znk-web/juminkanja/S2430/initialize?prefCd=29&kikanCd=7051600000&kikanKbn=5", "url2": null, "内容": "まりん薬局新大宮【5:薬局】奈良県奈良市四条大路１－３－５３　エイジングコート奈良新大宮１Ｆ" }, "geometry": { "type": "Point", "coordinates": [ 135.803999, 34.681761 ] } },
{ "type": "Feature", "properties": { "ID": "2957051800000", "正式名称": "薬局セブンファーマシー　中町店", "機関区分": 5, "都道府県コード": 29, "市区町村コード": 201, "所在地": "奈良県奈良市藤ノ木台４－６－６", "緯度": 34.676066, "経度": 135.757364, "url": "https://www.iryou.teikyouseido.mhlw.go.jp/znk-web/juminkanja/S2430/initialize?prefCd=29&kikanCd=7051800000&kikanKbn=5", "url2": "http//www.seven-ph.co.jp", "内容": "薬局セブンファーマシー　中町店【5:薬局】奈良県奈良市藤ノ木台４－６－６" }, "geometry": { "type": "Point", "coordinates": [ 135.757364, 34.676066 ] } },
{ "type": "Feature", "properties": { "ID": "2957052000000", "正式名称": "サン薬局　一分店", "機関区分": 5, "都道府県コード": 29, "市区町村コード": 209, "所在地": "奈良県生駒市壱分町８３－４８", "緯度": 34.669399, "経度": 135.71584, "url": "https://www.iryou.teikyouseido.mhlw.go.jp/znk-web/juminkanja/S2430/initialize?prefCd=29&kikanCd=7052000000&kikanKbn=5", "url2": "http://kansaimedico.com/", "内容": "サン薬局　一分店【5:薬局】奈良県生駒市壱分町８３－４８" }, "geometry": { "type": "Point", "coordinates": [ 135.71584, 34.669399 ] } },
{ "type": "Feature", "properties": { "ID": "2957052200000", "正式名称": "Ｊｉｂｕｎ薬局　矢田山", "機関区分": 5, "都道府県コード": 29, "市区町村コード": 203, "所在地": "奈良県大和郡山市矢田山町５９－２", "緯度": 34.641681, "経度": 135.746339, "url": "https://www.iryou.teikyouseido.mhlw.go.jp/znk-web/juminkanja/S2430/initialize?prefCd=29&kikanCd=7052200000&kikanKbn=5", "url2": "http://jibun-pharmacy.com/", "内容": "Ｊｉｂｕｎ薬局　矢田山【5:薬局】奈良県大和郡山市矢田山町５９－２" }, "geometry": { "type": "Point", "coordinates": [ 135.746339, 34.641681 ] } },
{ "type": "Feature", "properties": { "ID": "2957052500000", "正式名称": "セガミ薬局　朱雀店", "機関区分": 5, "都道府県コード": 29, "市区町村コード": 201, "所在地": "奈良県奈良市朱雀６－９－５", "緯度": 34.71659, "経度": 135.797276, "url": "https://www.iryou.teikyouseido.mhlw.go.jp/znk-web/juminkanja/S2430/initialize?prefCd=29&kikanCd=7052500000&kikanKbn=5", "url2": null, "内容": "セガミ薬局　朱雀店【5:薬局】奈良県奈良市朱雀６－９－５" }, "geometry": { "type": "Point", "coordinates": [ 135.797276, 34.71659 ] } },
{ "type": "Feature", "properties": { "ID": "2957052700000", "正式名称": "ますが薬局", "機関区分": 5, "都道府県コード": 29, "市区町村コード": 205, "所在地": "奈良県橿原市中曽司町１７８－３", "緯度": 34.521222, "経度": 135.771926, "url": "https://www.iryou.teikyouseido.mhlw.go.jp/znk-web/juminkanja/S2430/initialize?prefCd=29&kikanCd=7052700000&kikanKbn=5", "url2": null, "内容": "ますが薬局【5:薬局】奈良県橿原市中曽司町１７８－３" }, "geometry": { "type": "Point", "coordinates": [ 135.771926, 34.521222 ] } },
{ "type": "Feature", "properties": { "ID": "2957053300000", "正式名称": "なの花薬局　高田駅前店", "機関区分": 5, "都道府県コード": 29, "市区町村コード": 202, "所在地": "奈良県大和高田市本郷町２－２", "緯度": 34.515722, "経度": 135.744595, "url": "https://www.iryou.teikyouseido.mhlw.go.jp/znk-web/juminkanja/S2430/initialize?prefCd=29&kikanCd=7053300000&kikanKbn=5", "url2": "https://www.nanohana-ph.jp/", "内容": "なの花薬局　高田駅前店【5:薬局】奈良県大和高田市本郷町２－２" }, "geometry": { "type": "Point", "coordinates": [ 135.744595, 34.515722 ] } },
{ "type": "Feature", "properties": { "ID": "2957053600000", "正式名称": "ひだまり薬局", "機関区分": 5, "都道府県コード": 29, "市区町村コード": 201, "所在地": "奈良県奈良市都祁白石町１０９９", "緯度": 34.603736, "経度": 135.957803, "url": "https://www.iryou.teikyouseido.mhlw.go.jp/znk-web/juminkanja/S2430/initialize?prefCd=29&kikanCd=7053600000&kikanKbn=5", "url2": "http://hinata-pharmacy.jp", "内容": "ひだまり薬局【5:薬局】奈良県奈良市都祁白石町１０９９" }, "geometry": { "type": "Point", "coordinates": [ 135.957803, 34.603736 ] } },
{ "type": "Feature", "properties": { "ID": "2957053800000", "正式名称": "ひかり薬局柏木店", "機関区分": 5, "都道府県コード": 29, "市区町村コード": 201, "所在地": "奈良県奈良市大安寺町５１５－２　柏木医療タウン１０５号室", "緯度": 34.673762, "経度": 135.801527, "url": "https://www.iryou.teikyouseido.mhlw.go.jp/znk-web/juminkanja/S2430/initialize?prefCd=29&kikanCd=7053800000&kikanKbn=5", "url2": "http://www.hikari-yakkyoku.jp", "内容": "ひかり薬局柏木店【5:薬局】奈良県奈良市大安寺町５１５－２　柏木医療タウン１０５号室" }, "geometry": { "type": "Point", "coordinates": [ 135.801527, 34.673762 ] } },
{ "type": "Feature", "properties": { "ID": "2957054400000", "正式名称": "アスカ薬局", "機関区分": 5, "都道府県コード": 29, "市区町村コード": 210, "所在地": "奈良県香芝市旭ケ丘３－２－１", "緯度": 34.555356, "経度": 135.694514, "url": "https://www.iryou.teikyouseido.mhlw.go.jp/znk-web/juminkanja/S2430/initialize?prefCd=29&kikanCd=7054400000&kikanKbn=5", "url2": "https://horiuchillc.com/", "内容": "アスカ薬局【5:薬局】奈良県香芝市旭ケ丘３－２－１" }, "geometry": { "type": "Point", "coordinates": [ 135.694514, 34.555356 ] } },
{ "type": "Feature", "properties": { "ID": "2957054600000", "正式名称": "西本薬局", "機関区分": 5, "都道府県コード": 29, "市区町村コード": 209, "所在地": "奈良県生駒市本町６－７", "緯度": 34.691591, "経度": 135.697369, "url": "https://www.iryou.teikyouseido.mhlw.go.jp/znk-web/juminkanja/S2430/initialize?prefCd=29&kikanCd=7054600000&kikanKbn=5", "url2": null, "内容": "西本薬局【5:薬局】奈良県生駒市本町６－７" }, "geometry": { "type": "Point", "coordinates": [ 135.697369, 34.691591 ] } },
{ "type": "Feature", "properties": { "ID": "2957054700000", "正式名称": "有限会社伊達　伊達薬局　学園大和町店", "機関区分": 5, "都道府県コード": 29, "市区町村コード": 201, "所在地": "奈良県奈良市学園大和町２－３５－１", "緯度": 34.687592, "経度": 135.751198, "url": "https://www.iryou.teikyouseido.mhlw.go.jp/znk-web/juminkanja/S2430/initialize?prefCd=29&kikanCd=7054700000&kikanKbn=5", "url2": "http://date-pharmacy2.com/", "内容": "有限会社伊達　伊達薬局　学園大和町店【5:薬局】奈良県奈良市学園大和町２－３５－１" }, "geometry": { "type": "Point", "coordinates": [ 135.751198, 34.687592 ] } },
{ "type": "Feature", "properties": { "ID": "2957055100000", "正式名称": "かおり薬局", "機関区分": 5, "都道府県コード": 29, "市区町村コード": 343, "所在地": "奈良県生駒郡三郷町勢野東４－１４－２", "緯度": 34.605878, "経度": 135.703789, "url": "https://www.iryou.teikyouseido.mhlw.go.jp/znk-web/juminkanja/S2430/initialize?prefCd=29&kikanCd=7055100000&kikanKbn=5", "url2": null, "内容": "かおり薬局【5:薬局】奈良県生駒郡三郷町勢野東４－１４－２" }, "geometry": { "type": "Point", "coordinates": [ 135.703789, 34.605878 ] } },
{ "type": "Feature", "properties": { "ID": "2957055200000", "正式名称": "カイセイ薬局", "機関区分": 5, "都道府県コード": 29, "市区町村コード": 201, "所在地": "奈良県奈良市三条本町１－２　ＪＲ奈良駅ＮＫビル３階", "緯度": 34.680761, "経度": 135.819637, "url": "https://www.iryou.teikyouseido.mhlw.go.jp/znk-web/juminkanja/S2430/initialize?prefCd=29&kikanCd=7055200000&kikanKbn=5", "url2": "http://ikuseikai.org/", "内容": "カイセイ薬局【5:薬局】奈良県奈良市三条本町１－２　ＪＲ奈良駅ＮＫビル３階" }, "geometry": { "type": "Point", "coordinates": [ 135.819637, 34.680761 ] } },
{ "type": "Feature", "properties": { "ID": "2957055300000", "正式名称": "サン薬局　生駒駅前店", "機関区分": 5, "都道府県コード": 29, "市区町村コード": 209, "所在地": "奈良県生駒市元町１－１３－１－４０５", "緯度": 34.692785, "経度": 135.696146, "url": "https://www.iryou.teikyouseido.mhlw.go.jp/znk-web/juminkanja/S2430/initialize?prefCd=29&kikanCd=7055300000&kikanKbn=5", "url2": "http://kansaimedico.com/", "内容": "サン薬局　生駒駅前店【5:薬局】奈良県生駒市元町１－１３－１－４０５" }, "geometry": { "type": "Point", "coordinates": [ 135.696146, 34.692785 ] } },
{ "type": "Feature", "properties": { "ID": "2957055600000", "正式名称": "わかば薬局", "機関区分": 5, "都道府県コード": 29, "市区町村コード": 206, "所在地": "奈良県桜井市忍阪５１－１１", "緯度": 34.513393, "経度": 135.865373, "url": "https://www.iryou.teikyouseido.mhlw.go.jp/znk-web/juminkanja/S2430/initialize?prefCd=29&kikanCd=7055600000&kikanKbn=5", "url2": null, "内容": "わかば薬局【5:薬局】奈良県桜井市忍阪５１－１１" }, "geometry": { "type": "Point", "coordinates": [ 135.865373, 34.513393 ] } },
{ "type": "Feature", "properties": { "ID": "2957055700000", "正式名称": "イオン薬局　大和郡山店", "機関区分": 5, "都道府県コード": 29, "市区町村コード": 203, "所在地": "奈良県大和郡山市下三橋町７４１－１Ｆ", "緯度": 34.651653, "経度": 135.802056, "url": "https://www.iryou.teikyouseido.mhlw.go.jp/znk-web/juminkanja/S2430/initialize?prefCd=29&kikanCd=7055700000&kikanKbn=5", "url2": null, "内容": "イオン薬局　大和郡山店【5:薬局】奈良県大和郡山市下三橋町７４１－１Ｆ" }, "geometry": { "type": "Point", "coordinates": [ 135.802056, 34.651653 ] } },
{ "type": "Feature", "properties": { "ID": "2957056000000", "正式名称": "奈良会営薬局", "機関区分": 5, "都道府県コード": 29, "市区町村コード": 201, "所在地": "奈良県奈良市紀寺町６７３－１", "緯度": 34.673484, "経度": 135.834414, "url": "https://www.iryou.teikyouseido.mhlw.go.jp/znk-web/juminkanja/S2430/initialize?prefCd=29&kikanCd=7056000000&kikanKbn=5", "url2": "https://www.narayaku.or.jp/", "内容": "奈良会営薬局【5:薬局】奈良県奈良市紀寺町６７３－１" }, "geometry": { "type": "Point", "coordinates": [ 135.834414, 34.673484 ] } },
{ "type": "Feature", "properties": { "ID": "2957056200000", "正式名称": "スマイル薬局広瀬台店", "機関区分": 5, "都道府県コード": 29, "市区町村コード": 427, "所在地": "奈良県北葛城郡河合町広瀬台３－８－１７", "緯度": 34.587741, "経度": 135.718788, "url": "https://www.iryou.teikyouseido.mhlw.go.jp/znk-web/juminkanja/S2430/initialize?prefCd=29&kikanCd=7056200000&kikanKbn=5", "url2": "http://www.bikkury.co.jp/index.html", "内容": "スマイル薬局広瀬台店【5:薬局】奈良県北葛城郡河合町広瀬台３－８－１７" }, "geometry": { "type": "Point", "coordinates": [ 135.718788, 34.587741 ] } },
{ "type": "Feature", "properties": { "ID": "2957056300000", "正式名称": "スマイル薬局菜畑店", "機関区分": 5, "都道府県コード": 29, "市区町村コード": 209, "所在地": "奈良県生駒市山崎町２１－２６", "緯度": 34.688481, "経度": 135.708146, "url": "https://www.iryou.teikyouseido.mhlw.go.jp/znk-web/juminkanja/S2430/initialize?prefCd=29&kikanCd=7056300000&kikanKbn=5", "url2": "https://bikkury.co.jp", "内容": "スマイル薬局菜畑店【5:薬局】奈良県生駒市山崎町２１－２６" }, "geometry": { "type": "Point", "coordinates": [ 135.708146, 34.688481 ] } },
{ "type": "Feature", "properties": { "ID": "2957056400000", "正式名称": "さかえ薬局桜井店", "機関区分": 5, "都道府県コード": 29, "市区町村コード": 206, "所在地": "奈良県桜井市上之庄７１１－１", "緯度": 34.516696, "経度": 135.841254, "url": "https://www.iryou.teikyouseido.mhlw.go.jp/znk-web/juminkanja/S2430/initialize?prefCd=29&kikanCd=7056400000&kikanKbn=5", "url2": null, "内容": "さかえ薬局桜井店【5:薬局】奈良県桜井市上之庄７１１－１" }, "geometry": { "type": "Point", "coordinates": [ 135.841254, 34.516696 ] } },
{ "type": "Feature", "properties": { "ID": "2957056500000", "正式名称": "薬局シギ", "機関区分": 5, "都道府県コード": 29, "市区町村コード": 344, "所在地": "奈良県生駒郡斑鳩町龍田西８－５－９", "緯度": 34.603129, "経度": 135.71251, "url": "https://www.iryou.teikyouseido.mhlw.go.jp/znk-web/juminkanja/S2430/initialize?prefCd=29&kikanCd=7056500000&kikanKbn=5", "url2": null, "内容": "薬局シギ【5:薬局】奈良県生駒郡斑鳩町龍田西８－５－９" }, "geometry": { "type": "Point", "coordinates": [ 135.71251, 34.603129 ] } },
{ "type": "Feature", "properties": { "ID": "2957056600000", "正式名称": "ココカラファイン薬局　香久山店", "機関区分": 5, "都道府県コード": 29, "市区町村コード": 206, "所在地": "奈良県桜井市西之宮２１９－１", "緯度": 34.514141, "経度": 135.825846, "url": "https://www.iryou.teikyouseido.mhlw.go.jp/znk-web/juminkanja/S2430/initialize?prefCd=29&kikanCd=7056600000&kikanKbn=5", "url2": "https://www.cocokarafine.co.jp/searchstore/CSsStoreDetail.jsp?storeNo=006607&storeList=1", "内容": "ココカラファイン薬局　香久山店【5:薬局】奈良県桜井市西之宮２１９－１" }, "geometry": { "type": "Point", "coordinates": [ 135.825846, 34.514141 ] } },
{ "type": "Feature", "properties": { "ID": "2957056800000", "正式名称": "スマイル薬局元町店", "機関区分": 5, "都道府県コード": 29, "市区町村コード": 425, "所在地": "奈良県北葛城郡王寺町元町２－２４７８", "緯度": 34.590546, "経度": 135.695234, "url": "https://www.iryou.teikyouseido.mhlw.go.jp/znk-web/juminkanja/S2430/initialize?prefCd=29&kikanCd=7056800000&kikanKbn=5", "url2": "http://www.bikkury.co.jp/shop/kitakatsuragi08.html", "内容": "スマイル薬局元町店【5:薬局】奈良県北葛城郡王寺町元町２－２４７８" }, "geometry": { "type": "Point", "coordinates": [ 135.695234, 34.590546 ] } },
{ "type": "Feature", "properties": { "ID": "2957057100000", "正式名称": "サン薬局　上牧西店", "機関区分": 5, "都道府県コード": 29, "市区町村コード": 424, "所在地": "奈良県北葛城郡上牧町上牧５４４－１", "緯度": 34.559272, "経度": 135.711235, "url": "https://www.iryou.teikyouseido.mhlw.go.jp/znk-web/juminkanja/S2430/initialize?prefCd=29&kikanCd=7057100000&kikanKbn=5", "url2": "http://kansaimedico.com/", "内容": "サン薬局　上牧西店【5:薬局】奈良県北葛城郡上牧町上牧５４４－１" }, "geometry": { "type": "Point", "coordinates": [ 135.711235, 34.559272 ] } },
{ "type": "Feature", "properties": { "ID": "2957057200000", "正式名称": "まほろば薬局　桜井谷店", "機関区分": 5, "都道府県コード": 29, "市区町村コード": 206, "所在地": "奈良県桜井市谷９２－２", "緯度": 34.512557, "経度": 135.844142, "url": "https://www.iryou.teikyouseido.mhlw.go.jp/znk-web/juminkanja/S2430/initialize?prefCd=29&kikanCd=7057200000&kikanKbn=5", "url2": null, "内容": "まほろば薬局　桜井谷店【5:薬局】奈良県桜井市谷９２－２" }, "geometry": { "type": "Point", "coordinates": [ 135.844142, 34.512557 ] } },
{ "type": "Feature", "properties": { "ID": "2957057500000", "正式名称": "尼ヶ辻マルゼン薬局", "機関区分": 5, "都道府県コード": 29, "市区町村コード": 201, "所在地": "奈良県奈良市尼辻西町３－５", "緯度": 34.68176, "経度": 135.78314, "url": "https://www.iryou.teikyouseido.mhlw.go.jp/znk-web/juminkanja/S2430/initialize?prefCd=29&kikanCd=7057500000&kikanKbn=5", "url2": null, "内容": "尼ヶ辻マルゼン薬局【5:薬局】奈良県奈良市尼辻西町３－５" }, "geometry": { "type": "Point", "coordinates": [ 135.78314, 34.68176 ] } },
{ "type": "Feature", "properties": { "ID": "2957057600000", "正式名称": "鈴木薬局", "機関区分": 5, "都道府県コード": 29, "市区町村コード": 426, "所在地": "奈良県北葛城郡広陵町馬見北２－３－１８", "緯度": 34.550472, "経度": 135.730492, "url": "https://www.iryou.teikyouseido.mhlw.go.jp/znk-web/juminkanja/S2430/initialize?prefCd=29&kikanCd=7057600000&kikanKbn=5", "url2": null, "内容": "鈴木薬局【5:薬局】奈良県北葛城郡広陵町馬見北２－３－１８" }, "geometry": { "type": "Point", "coordinates": [ 135.730492, 34.550472 ] } },
{ "type": "Feature", "properties": { "ID": "2957057800000", "正式名称": "キリン堂薬局　北あやめ池店", "機関区分": 5, "都道府県コード": 29, "市区町村コード": 201, "所在地": "奈良県奈良市あやめ池北１－３２－２１－Ａ２０２", "緯度": 34.701008, "経度": 135.761585, "url": "https://www.iryou.teikyouseido.mhlw.go.jp/znk-web/juminkanja/S2430/initialize?prefCd=29&kikanCd=7057800000&kikanKbn=5", "url2": "https://www.kirindo.co.jp", "内容": "キリン堂薬局　北あやめ池店【5:薬局】奈良県奈良市あやめ池北１－３２－２１－Ａ２０２" }, "geometry": { "type": "Point", "coordinates": [ 135.761585, 34.701008 ] } },
{ "type": "Feature", "properties": { "ID": "2957058100000", "正式名称": "キリン堂薬局　上牧店", "機関区分": 5, "都道府県コード": 29, "市区町村コード": 424, "所在地": "奈良県北葛城郡上牧町上牧３３９０－１", "緯度": 34.558995, "経度": 135.718317, "url": "https://www.iryou.teikyouseido.mhlw.go.jp/znk-web/juminkanja/S2430/initialize?prefCd=29&kikanCd=7058100000&kikanKbn=5", "url2": null, "内容": "キリン堂薬局　上牧店【5:薬局】奈良県北葛城郡上牧町上牧３３９０－１" }, "geometry": { "type": "Point", "coordinates": [ 135.718317, 34.558995 ] } },
{ "type": "Feature", "properties": { "ID": "2957058200000", "正式名称": "まほろば薬局　本店", "機関区分": 5, "都道府県コード": 29, "市区町村コード": 206, "所在地": "奈良県桜井市桜井２０３－６", "緯度": 34.511807, "経度": 135.846837, "url": "https://www.iryou.teikyouseido.mhlw.go.jp/znk-web/juminkanja/S2430/initialize?prefCd=29&kikanCd=7058200000&kikanKbn=5", "url2": null, "内容": "まほろば薬局　本店【5:薬局】奈良県桜井市桜井２０３－６" }, "geometry": { "type": "Point", "coordinates": [ 135.846837, 34.511807 ] } },
{ "type": "Feature", "properties": { "ID": "2957058400000", "正式名称": "やまぐち薬局", "機関区分": 5, "都道府県コード": 29, "市区町村コード": 212, "所在地": "奈良県宇陀市榛原萩原２８４３－２８", "緯度": 34.528946, "経度": 135.955799, "url": "https://www.iryou.teikyouseido.mhlw.go.jp/znk-web/juminkanja/S2430/initialize?prefCd=29&kikanCd=7058400000&kikanKbn=5", "url2": "http://www.yamaguchi-kenkou.com/", "内容": "やまぐち薬局【5:薬局】奈良県宇陀市榛原萩原２８４３－２８" }, "geometry": { "type": "Point", "coordinates": [ 135.955799, 34.528946 ] } },
{ "type": "Feature", "properties": { "ID": "2957058500000", "正式名称": "オレンジ薬局　学園大和町店", "機関区分": 5, "都道府県コード": 29, "市区町村コード": 201, "所在地": "奈良県奈良市学園大和町２丁目１２５番地５", "緯度": 34.684787, "経度": 135.754197, "url": "https://www.iryou.teikyouseido.mhlw.go.jp/znk-web/juminkanja/S2430/initialize?prefCd=29&kikanCd=7058500000&kikanKbn=5", "url2": "http://genkiorange.com/", "内容": "オレンジ薬局　学園大和町店【5:薬局】奈良県奈良市学園大和町２丁目１２５番地５" }, "geometry": { "type": "Point", "coordinates": [ 135.754197, 34.684787 ] } },
{ "type": "Feature", "properties": { "ID": "2957058800000", "正式名称": "こころ薬局", "機関区分": 5, "都道府県コード": 29, "市区町村コード": 209, "所在地": "奈良県生駒市北新町１－１８　森ビル１Ｆ", "緯度": 34.693396, "経度": 135.696674, "url": "https://www.iryou.teikyouseido.mhlw.go.jp/znk-web/juminkanja/S2430/initialize?prefCd=29&kikanCd=7058800000&kikanKbn=5", "url2": null, "内容": "こころ薬局【5:薬局】奈良県生駒市北新町１－１８　森ビル１Ｆ" }, "geometry": { "type": "Point", "coordinates": [ 135.696674, 34.693396 ] } },
{ "type": "Feature", "properties": { "ID": "2957058900000", "正式名称": "スマイル薬局星和台店", "機関区分": 5, "都道府県コード": 29, "市区町村コード": 427, "所在地": "奈良県北葛城郡河合町星和台２－１－１７", "緯度": 34.585936, "経度": 135.716483, "url": "https://www.iryou.teikyouseido.mhlw.go.jp/znk-web/juminkanja/S2430/initialize?prefCd=29&kikanCd=7058900000&kikanKbn=5", "url2": "http://www.bikkury.co.jp/", "内容": "スマイル薬局星和台店【5:薬局】奈良県北葛城郡河合町星和台２－１－１７" }, "geometry": { "type": "Point", "coordinates": [ 135.716483, 34.585936 ] } },
{ "type": "Feature", "properties": { "ID": "2957059000000", "正式名称": "このは薬局　五井店", "機関区分": 5, "都道府県コード": 29, "市区町村コード": 205, "所在地": "奈良県橿原市五井町２５５－１", "緯度": 34.503835, "経度": 135.778009, "url": "https://www.iryou.teikyouseido.mhlw.go.jp/znk-web/juminkanja/S2430/initialize?prefCd=29&kikanCd=7059000000&kikanKbn=5", "url2": "http://www.konoha-pharmacy.jp", "内容": "このは薬局　五井店【5:薬局】奈良県橿原市五井町２５５－１" }, "geometry": { "type": "Point", "coordinates": [ 135.778009, 34.503835 ] } },
{ "type": "Feature", "properties": { "ID": "2957059100000", "正式名称": "鈴木薬局　箸尾店", "機関区分": 5, "都道府県コード": 29, "市区町村コード": 426, "所在地": "奈良県北葛城郡広陵町的場１５２－１", "緯度": 34.566907, "経度": 135.75457, "url": "https://www.iryou.teikyouseido.mhlw.go.jp/znk-web/juminkanja/S2430/initialize?prefCd=29&kikanCd=7059100000&kikanKbn=5", "url2": null, "内容": "鈴木薬局　箸尾店【5:薬局】奈良県北葛城郡広陵町的場１５２－１" }, "geometry": { "type": "Point", "coordinates": [ 135.75457, 34.566907 ] } },
{ "type": "Feature", "properties": { "ID": "2957059600000", "正式名称": "シンバシ薬局　奈良富雄店", "機関区分": 5, "都道府県コード": 29, "市区町村コード": 201, "所在地": "奈良県奈良市富雄北１－１－４　岡ハイツ１０１号", "緯度": 34.694508, "経度": 135.733921, "url": "https://www.iryou.teikyouseido.mhlw.go.jp/znk-web/juminkanja/S2430/initialize?prefCd=29&kikanCd=7059600000&kikanKbn=5", "url2": null, "内容": "シンバシ薬局　奈良富雄店【5:薬局】奈良県奈良市富雄北１－１－４　岡ハイツ１０１号" }, "geometry": { "type": "Point", "coordinates": [ 135.733921, 34.694508 ] } },
{ "type": "Feature", "properties": { "ID": "2957059800000", "正式名称": "えふ南薬局", "機関区分": 5, "都道府県コード": 29, "市区町村コード": 363, "所在地": "奈良県磯城郡田原本町十六面２９－１", "緯度": 34.553968, "経度": 135.786312, "url": "https://www.iryou.teikyouseido.mhlw.go.jp/znk-web/juminkanja/S2430/initialize?prefCd=29&kikanCd=7059800000&kikanKbn=5", "url2": null, "内容": "えふ南薬局【5:薬局】奈良県磯城郡田原本町十六面２９－１" }, "geometry": { "type": "Point", "coordinates": [ 135.786312, 34.553968 ] } },
{ "type": "Feature", "properties": { "ID": "2957060000000", "正式名称": "さくら薬局　奈良学園前店", "機関区分": 5, "都道府県コード": 29, "市区町村コード": 201, "所在地": "奈良県奈良市鶴舞西町１－１６", "緯度": 34.704646, "経度": 135.750086, "url": "https://www.iryou.teikyouseido.mhlw.go.jp/znk-web/juminkanja/S2430/initialize?prefCd=29&kikanCd=7060000000&kikanKbn=5", "url2": "https://www.kraft-net.co.jp/sakura/store/3645/", "内容": "さくら薬局　奈良学園前店【5:薬局】奈良県奈良市鶴舞西町１－１６" }, "geometry": { "type": "Point", "coordinates": [ 135.750086, 34.704646 ] } },
{ "type": "Feature", "properties": { "ID": "2957060100000", "正式名称": "スマイル薬局真菅店", "機関区分": 5, "都道府県コード": 29, "市区町村コード": 205, "所在地": "奈良県橿原市北妙法寺町５６３－２", "緯度": 34.51975, "経度": 135.779536, "url": "https://www.iryou.teikyouseido.mhlw.go.jp/znk-web/juminkanja/S2430/initialize?prefCd=29&kikanCd=7060100000&kikanKbn=5", "url2": "http://www.bikkury.co.jp", "内容": "スマイル薬局真菅店【5:薬局】奈良県橿原市北妙法寺町５６３－２" }, "geometry": { "type": "Point", "coordinates": [ 135.779536, 34.51975 ] } },
{ "type": "Feature", "properties": { "ID": "2957060200000", "正式名称": "自分薬局　中登美ヶ丘", "機関区分": 5, "都道府県コード": 29, "市区町村コード": 201, "所在地": "奈良県奈良市中登美ケ丘３－２ローレルスクエア登美ヶ丘東館２　　１０２", "緯度": 34.720589, "経度": 135.74903, "url": "https://www.iryou.teikyouseido.mhlw.go.jp/znk-web/juminkanja/S2430/initialize?prefCd=29&kikanCd=7060200000&kikanKbn=5", "url2": "http://jibun-pharmacy.com/", "内容": "自分薬局　中登美ヶ丘【5:薬局】奈良県奈良市中登美ケ丘３－２ローレルスクエア登美ヶ丘東館２　　１０２" }, "geometry": { "type": "Point", "coordinates": [ 135.74903, 34.720589 ] } },
{ "type": "Feature", "properties": { "ID": "2957060500000", "正式名称": "隅田薬局", "機関区分": 5, "都道府県コード": 29, "市区町村コード": 210, "所在地": "奈良県香芝市下田東１－１２６－２", "緯度": 34.542364, "経度": 135.706921, "url": "https://www.iryou.teikyouseido.mhlw.go.jp/znk-web/juminkanja/S2430/initialize?prefCd=29&kikanCd=7060500000&kikanKbn=5", "url2": "http://medicuresupport.com/index.html", "内容": "隅田薬局【5:薬局】奈良県香芝市下田東１－１２６－２" }, "geometry": { "type": "Point", "coordinates": [ 135.706921, 34.542364 ] } },
{ "type": "Feature", "properties": { "ID": "2957060800000", "正式名称": "たんぽぽ薬局　宇陀市立病院前店", "機関区分": 5, "都道府県コード": 29, "市区町村コード": 212, "所在地": "奈良県宇陀市榛原萩原７５８－４", "緯度": 34.530307, "経度": 135.961576, "url": "https://www.iryou.teikyouseido.mhlw.go.jp/znk-web/juminkanja/S2430/initialize?prefCd=29&kikanCd=7060800000&kikanKbn=5", "url2": "http://www.tanpopo-ph.co.jp", "内容": "たんぽぽ薬局　宇陀市立病院前店【5:薬局】奈良県宇陀市榛原萩原７５８－４" }, "geometry": { "type": "Point", "coordinates": [ 135.961576, 34.530307 ] } },
{ "type": "Feature", "properties": { "ID": "2957061000000", "正式名称": "薬局セブンファーマシー本店", "機関区分": 5, "都道府県コード": 29, "市区町村コード": 201, "所在地": "奈良県奈良市右京３－６－２", "緯度": 34.718923, "経度": 135.782721, "url": "https://www.iryou.teikyouseido.mhlw.go.jp/znk-web/juminkanja/S2430/initialize?prefCd=29&kikanCd=7061000000&kikanKbn=5", "url2": "http://www.seven-ph.co.jp/", "内容": "薬局セブンファーマシー本店【5:薬局】奈良県奈良市右京３－６－２" }, "geometry": { "type": "Point", "coordinates": [ 135.782721, 34.718923 ] } },
{ "type": "Feature", "properties": { "ID": "2957061100000", "正式名称": "くすのき薬局", "機関区分": 5, "都道府県コード": 29, "市区町村コード": 212, "所在地": "奈良県宇陀市榛原萩原７５８－２", "緯度": 34.53003, "経度": 135.961993, "url": "https://www.iryou.teikyouseido.mhlw.go.jp/znk-web/juminkanja/S2430/initialize?prefCd=29&kikanCd=7061100000&kikanKbn=5", "url2": null, "内容": "くすのき薬局【5:薬局】奈良県宇陀市榛原萩原７５８－２" }, "geometry": { "type": "Point", "coordinates": [ 135.961993, 34.53003 ] } },
{ "type": "Feature", "properties": { "ID": "2957061200000", "正式名称": "サン薬局　上牧店", "機関区分": 5, "都道府県コード": 29, "市区町村コード": 424, "所在地": "奈良県北葛城郡上牧町上牧２１７４－２", "緯度": 34.558995, "経度": 135.718317, "url": "https://www.iryou.teikyouseido.mhlw.go.jp/znk-web/juminkanja/S2430/initialize?prefCd=29&kikanCd=7061200000&kikanKbn=5", "url2": "http://kansaimedico.com/", "内容": "サン薬局　上牧店【5:薬局】奈良県北葛城郡上牧町上牧２１７４－２" }, "geometry": { "type": "Point", "coordinates": [ 135.718317, 34.558995 ] } },
{ "type": "Feature", "properties": { "ID": "2957061700000", "正式名称": "たまき薬局", "機関区分": 5, "都道府県コード": 29, "市区町村コード": 201, "所在地": "奈良県奈良市あやめ池南６－１－１５", "緯度": 34.696064, "経度": 135.762307, "url": "https://www.iryou.teikyouseido.mhlw.go.jp/znk-web/juminkanja/S2430/initialize?prefCd=29&kikanCd=7061700000&kikanKbn=5", "url2": null, "内容": "たまき薬局【5:薬局】奈良県奈良市あやめ池南６－１－１５" }, "geometry": { "type": "Point", "coordinates": [ 135.762307, 34.696064 ] } },
{ "type": "Feature", "properties": { "ID": "2957061800000", "正式名称": "ジップドラッグ今国府薬局", "機関区分": 5, "都道府県コード": 29, "市区町村コード": 203, "所在地": "奈良県大和郡山市今国府町３９０－１", "緯度": 34.615588, "経度": 135.772382, "url": "https://www.iryou.teikyouseido.mhlw.go.jp/znk-web/juminkanja/S2430/initialize?prefCd=29&kikanCd=7061800000&kikanKbn=5", "url2": "http://www.cocokarafine.co.jp/", "内容": "ジップドラッグ今国府薬局【5:薬局】奈良県大和郡山市今国府町３９０－１" }, "geometry": { "type": "Point", "coordinates": [ 135.772382, 34.615588 ] } },
{ "type": "Feature", "properties": { "ID": "2957061900000", "正式名称": "東洋薬局　河合店", "機関区分": 5, "都道府県コード": 29, "市区町村コード": 427, "所在地": "奈良県北葛城郡河合町西山台５６８－１－２", "緯度": 34.581714, "経度": 135.731013, "url": "https://www.iryou.teikyouseido.mhlw.go.jp/znk-web/juminkanja/S2430/initialize?prefCd=29&kikanCd=7061900000&kikanKbn=5", "url2": "https://www.cocokarafine.co.jp/searchstore/CSsStoreDetail.jsp?storeNo=304540&storeList=1", "内容": "東洋薬局　河合店【5:薬局】奈良県北葛城郡河合町西山台５６８－１－２" }, "geometry": { "type": "Point", "coordinates": [ 135.731013, 34.581714 ] } },
{ "type": "Feature", "properties": { "ID": "2957062500000", "正式名称": "あすか薬局", "機関区分": 5, "都道府県コード": 29, "市区町村コード": 203, "所在地": "奈良県大和郡山市九条平野町３－３１　サンシャイン谷野１Ｆ", "緯度": 34.659848, "経度": 135.782797, "url": "https://www.iryou.teikyouseido.mhlw.go.jp/znk-web/juminkanja/S2430/initialize?prefCd=29&kikanCd=7062500000&kikanKbn=5", "url2": null, "内容": "あすか薬局【5:薬局】奈良県大和郡山市九条平野町３－３１　サンシャイン谷野１Ｆ" }, "geometry": { "type": "Point", "coordinates": [ 135.782797, 34.659848 ] } },
{ "type": "Feature", "properties": { "ID": "2957062600000", "正式名称": "はいばら薬局", "機関区分": 5, "都道府県コード": 29, "市区町村コード": 212, "所在地": "奈良県宇陀市榛原長峯２００－５", "緯度": 34.541167, "経度": 135.964742, "url": "https://www.iryou.teikyouseido.mhlw.go.jp/znk-web/juminkanja/S2430/initialize?prefCd=29&kikanCd=7062600000&kikanKbn=5", "url2": null, "内容": "はいばら薬局【5:薬局】奈良県宇陀市榛原長峯２００－５" }, "geometry": { "type": "Point", "coordinates": [ 135.964742, 34.541167 ] } },
{ "type": "Feature", "properties": { "ID": "2957062700000", "正式名称": "隅田薬局　白鳳台店", "機関区分": 5, "都道府県コード": 29, "市区町村コード": 210, "所在地": "奈良県香芝市今泉７－１", "緯度": 34.569572, "経度": 135.7001, "url": "https://www.iryou.teikyouseido.mhlw.go.jp/znk-web/juminkanja/S2430/initialize?prefCd=29&kikanCd=7062700000&kikanKbn=5", "url2": "https://medicuresupport.com/hakuhoudai.html", "内容": "隅田薬局　白鳳台店【5:薬局】奈良県香芝市今泉７－１" }, "geometry": { "type": "Point", "coordinates": [ 135.7001, 34.569572 ] } },
{ "type": "Feature", "properties": { "ID": "2957062800000", "正式名称": "髙橋貫盛堂薬局", "機関区分": 5, "都道府県コード": 29, "市区町村コード": 208, "所在地": "奈良県御所市御堂魚棚町１２１３", "緯度": 34.462753, "経度": 135.737179, "url": "https://www.iryou.teikyouseido.mhlw.go.jp/znk-web/juminkanja/S2430/initialize?prefCd=29&kikanCd=7062800000&kikanKbn=5", "url2": null, "内容": "髙橋貫盛堂薬局【5:薬局】奈良県御所市御堂魚棚町１２１３" }, "geometry": { "type": "Point", "coordinates": [ 135.737179, 34.462753 ] } },
{ "type": "Feature", "properties": { "ID": "2957062900000", "正式名称": "このは薬局　白橿店", "機関区分": 5, "都道府県コード": 29, "市区町村コード": 205, "所在地": "奈良県橿原市白橿町２－２２１１－１－１０２", "緯度": 34.476171, "経度": 135.789621, "url": "https://www.iryou.teikyouseido.mhlw.go.jp/znk-web/juminkanja/S2430/initialize?prefCd=29&kikanCd=7062900000&kikanKbn=5", "url2": "http://www.konoha-pharmacy.jp", "内容": "このは薬局　白橿店【5:薬局】奈良県橿原市白橿町２－２２１１－１－１０２" }, "geometry": { "type": "Point", "coordinates": [ 135.789621, 34.476171 ] } },
{ "type": "Feature", "properties": { "ID": "2957063200000", "正式名称": "すずらん薬局　五條店", "機関区分": 5, "都道府県コード": 29, "市区町村コード": 207, "所在地": "奈良県五條市野原西５－１－１７", "緯度": 34.341721, "経度": 135.698185, "url": "https://www.iryou.teikyouseido.mhlw.go.jp/znk-web/juminkanja/S2430/initialize?prefCd=29&kikanCd=7063200000&kikanKbn=5", "url2": "http://www.suzuran-pharmacy.com/", "内容": "すずらん薬局　五條店【5:薬局】奈良県五條市野原西５－１－１７" }, "geometry": { "type": "Point", "coordinates": [ 135.698185, 34.341721 ] } },
{ "type": "Feature", "properties": { "ID": "2957063300000", "正式名称": "すずらん薬局　高田店", "機関区分": 5, "都道府県コード": 29, "市区町村コード": 202, "所在地": "奈良県大和高田市礒野北町６－５", "緯度": 34.510122, "経度": 135.735789, "url": "https://www.iryou.teikyouseido.mhlw.go.jp/znk-web/juminkanja/S2430/initialize?prefCd=29&kikanCd=7063300000&kikanKbn=5", "url2": "www.suzuran-pharmacy.com", "内容": "すずらん薬局　高田店【5:薬局】奈良県大和高田市礒野北町６－５" }, "geometry": { "type": "Point", "coordinates": [ 135.735789, 34.510122 ] } },
{ "type": "Feature", "properties": { "ID": "2957063400000", "正式名称": "セイムス葛城北花内薬局", "機関区分": 5, "都道府県コード": 29, "市区町村コード": 211, "所在地": "奈良県葛城市北花内７１７－１", "緯度": 34.489141, "経度": 135.731319, "url": "https://www.iryou.teikyouseido.mhlw.go.jp/znk-web/juminkanja/S2430/initialize?prefCd=29&kikanCd=7063400000&kikanKbn=5", "url2": "http://www.tokai-seims.co.jp/", "内容": "セイムス葛城北花内薬局【5:薬局】奈良県葛城市北花内７１７－１" }, "geometry": { "type": "Point", "coordinates": [ 135.731319, 34.489141 ] } },
{ "type": "Feature", "properties": { "ID": "2957063500000", "正式名称": "アール薬局　郡山店", "機関区分": 5, "都道府県コード": 29, "市区町村コード": 203, "所在地": "奈良県大和郡山市九条町１８８－２－３", "緯度": 34.658112, "経度": 135.788169, "url": "https://www.iryou.teikyouseido.mhlw.go.jp/znk-web/juminkanja/S2430/initialize?prefCd=29&kikanCd=7063500000&kikanKbn=5", "url2": "http://www.r-kusuri.jp/", "内容": "アール薬局　郡山店【5:薬局】奈良県大和郡山市九条町１８８－２－３" }, "geometry": { "type": "Point", "coordinates": [ 135.788169, 34.658112 ] } },
{ "type": "Feature", "properties": { "ID": "2957063600000", "正式名称": "サン薬局　八木北店", "機関区分": 5, "都道府県コード": 29, "市区町村コード": 205, "所在地": "奈良県橿原市上品寺町２０４－１", "緯度": 34.519583, "経度": 135.793785, "url": "https://www.iryou.teikyouseido.mhlw.go.jp/znk-web/juminkanja/S2430/initialize?prefCd=29&kikanCd=7063600000&kikanKbn=5", "url2": "http://kansaimedico.com/", "内容": "サン薬局　八木北店【5:薬局】奈良県橿原市上品寺町２０４－１" }, "geometry": { "type": "Point", "coordinates": [ 135.793785, 34.519583 ] } },
{ "type": "Feature", "properties": { "ID": "2957063700000", "正式名称": "すこやか　薬局", "機関区分": 5, "都道府県コード": 29, "市区町村コード": 344, "所在地": "奈良県生駒郡斑鳩町小吉田２－１１－３２", "緯度": 34.602573, "経度": 135.72762, "url": "https://www.iryou.teikyouseido.mhlw.go.jp/znk-web/juminkanja/S2430/initialize?prefCd=29&kikanCd=7063700000&kikanKbn=5", "url2": null, "内容": "すこやか　薬局【5:薬局】奈良県生駒郡斑鳩町小吉田２－１１－３２" }, "geometry": { "type": "Point", "coordinates": [ 135.72762, 34.602573 ] } },
{ "type": "Feature", "properties": { "ID": "2957064100000", "正式名称": "若葉薬局", "機関区分": 5, "都道府県コード": 29, "市区町村コード": 209, "所在地": "奈良県生駒市東菜畑１－２９８－１メゾン東生駒ＹＤ３番館１０２", "緯度": 34.686285, "経度": 135.716247, "url": "https://www.iryou.teikyouseido.mhlw.go.jp/znk-web/juminkanja/S2430/initialize?prefCd=29&kikanCd=7064100000&kikanKbn=5", "url2": "http://wakabapharmacy.com", "内容": "若葉薬局【5:薬局】奈良県生駒市東菜畑１－２９８－１メゾン東生駒ＹＤ３番館１０２" }, "geometry": { "type": "Point", "coordinates": [ 135.716247, 34.686285 ] } },
{ "type": "Feature", "properties": { "ID": "2957064200000", "正式名称": "かなで薬局　五位堂店", "機関区分": 5, "都道府県コード": 29, "市区町村コード": 210, "所在地": "奈良県香芝市五位堂３－４３６－１２", "緯度": 34.533377, "経度": 135.717399, "url": "https://www.iryou.teikyouseido.mhlw.go.jp/znk-web/juminkanja/S2430/initialize?prefCd=29&kikanCd=7064200000&kikanKbn=5", "url2": "http://medicuresupport.com", "内容": "かなで薬局　五位堂店【5:薬局】奈良県香芝市五位堂３－４３６－１２" }, "geometry": { "type": "Point", "coordinates": [ 135.717399, 34.533377 ] } },
{ "type": "Feature", "properties": { "ID": "2957064300000", "正式名称": "ヘルシーストック薬局", "機関区分": 5, "都道府県コード": 29, "市区町村コード": 203, "所在地": "奈良県大和郡山市南郡山町５２０－１マインドビル１階", "緯度": 34.647149, "経度": 135.781322, "url": "https://www.iryou.teikyouseido.mhlw.go.jp/znk-web/juminkanja/S2430/initialize?prefCd=29&kikanCd=7064300000&kikanKbn=5", "url2": "http://www.e-classa.net/healthy/", "内容": "ヘルシーストック薬局【5:薬局】奈良県大和郡山市南郡山町５２０－１マインドビル１階" }, "geometry": { "type": "Point", "coordinates": [ 135.781322, 34.647149 ] } },
{ "type": "Feature", "properties": { "ID": "2957064400000", "正式名称": "木のうた薬局　西大寺店", "機関区分": 5, "都道府県コード": 29, "市区町村コード": 201, "所在地": "奈良県奈良市西大寺北町四丁目３番１号　共栄マンション１－Ｅ号室", "緯度": 34.699453, "経度": 135.778473, "url": "https://www.iryou.teikyouseido.mhlw.go.jp/znk-web/juminkanja/S2430/initialize?prefCd=29&kikanCd=7064400000&kikanKbn=5", "url2": "https://kinouta.co.jp/%E5%BA%97%E8%88%97%E6%A1%88%E5%86%85/pha_saidaiji/", "内容": "木のうた薬局　西大寺店【5:薬局】奈良県奈良市西大寺北町四丁目３番１号　共栄マンション１－Ｅ号室" }, "geometry": { "type": "Point", "coordinates": [ 135.778473, 34.699453 ] } },
{ "type": "Feature", "properties": { "ID": "2957064600000", "正式名称": "はる薬局", "機関区分": 5, "都道府県コード": 29, "市区町村コード": 205, "所在地": "奈良県橿原市膳夫町４７７－１８", "緯度": 34.507535, "経度": 135.822921, "url": "https://www.iryou.teikyouseido.mhlw.go.jp/znk-web/juminkanja/S2430/initialize?prefCd=29&kikanCd=7064600000&kikanKbn=5", "url2": null, "内容": "はる薬局【5:薬局】奈良県橿原市膳夫町４７７－１８" }, "geometry": { "type": "Point", "coordinates": [ 135.822921, 34.507535 ] } },
{ "type": "Feature", "properties": { "ID": "2957064800000", "正式名称": "自分薬局　西大寺", "機関区分": 5, "都道府県コード": 29, "市区町村コード": 201, "所在地": "奈良県奈良市西大寺南町１７番３号　カーサ・ウェルネス１０１号", "緯度": 34.691898, "経度": 135.781861, "url": "https://www.iryou.teikyouseido.mhlw.go.jp/znk-web/juminkanja/S2430/initialize?prefCd=29&kikanCd=7064800000&kikanKbn=5", "url2": "http://jibun-pharmacy.com/", "内容": "自分薬局　西大寺【5:薬局】奈良県奈良市西大寺南町１７番３号　カーサ・ウェルネス１０１号" }, "geometry": { "type": "Point", "coordinates": [ 135.781861, 34.691898 ] } },
{ "type": "Feature", "properties": { "ID": "2957065000000", "正式名称": "いずみ薬局　はいばら店", "機関区分": 5, "都道府県コード": 29, "市区町村コード": 212, "所在地": "奈良県宇陀市榛原下井足１４－１", "緯度": 34.528229, "経度": 135.953791, "url": "https://www.iryou.teikyouseido.mhlw.go.jp/znk-web/juminkanja/S2430/initialize?prefCd=29&kikanCd=7065000000&kikanKbn=5", "url2": null, "内容": "いずみ薬局　はいばら店【5:薬局】奈良県宇陀市榛原下井足１４－１" }, "geometry": { "type": "Point", "coordinates": [ 135.953791, 34.528229 ] } },
{ "type": "Feature", "properties": { "ID": "2957065100000", "正式名称": "サン薬局　御所店", "機関区分": 5, "都道府県コード": 29, "市区町村コード": 208, "所在地": "奈良県御所市柳田町３９５－１", "緯度": 34.461903, "経度": 135.731616, "url": "https://www.iryou.teikyouseido.mhlw.go.jp/znk-web/juminkanja/S2430/initialize?prefCd=29&kikanCd=7065100000&kikanKbn=5", "url2": "http://kansaimedico.com/", "内容": "サン薬局　御所店【5:薬局】奈良県御所市柳田町３９５－１" }, "geometry": { "type": "Point", "coordinates": [ 135.731616, 34.461903 ] } },
{ "type": "Feature", "properties": { "ID": "2957065200000", "正式名称": "堀本薬局", "機関区分": 5, "都道府県コード": 29, "市区町村コード": 205, "所在地": "奈良県橿原市内膳町５－１－１６", "緯度": 34.513112, "経度": 135.793369, "url": "https://www.iryou.teikyouseido.mhlw.go.jp/znk-web/juminkanja/S2430/initialize?prefCd=29&kikanCd=7065200000&kikanKbn=5", "url2": null, "内容": "堀本薬局【5:薬局】奈良県橿原市内膳町５－１－１６" }, "geometry": { "type": "Point", "coordinates": [ 135.793369, 34.513112 ] } },
{ "type": "Feature", "properties": { "ID": "2957300400000", "正式名称": "サン薬局　天理本通店", "機関区分": 5, "都道府県コード": 29, "市区町村コード": 204, "所在地": "奈良県天理市川原城町６９８", "緯度": 34.599808, "経度": 135.832493, "url": "https://www.iryou.teikyouseido.mhlw.go.jp/znk-web/juminkanja/S2430/initialize?prefCd=29&kikanCd=7300400000&kikanKbn=5", "url2": "http://kansaimedico.com/", "内容": "サン薬局　天理本通店【5:薬局】奈良県天理市川原城町６９８" }, "geometry": { "type": "Point", "coordinates": [ 135.832493, 34.599808 ] } },
{ "type": "Feature", "properties": { "ID": "2957300800000", "正式名称": "いい薬局奈良右京店", "機関区分": 5, "都道府県コード": 29, "市区町村コード": 201, "所在地": "奈良県奈良市右京三丁目２３番地７", "緯度": 34.719119, "経度": 135.787698, "url": "https://www.iryou.teikyouseido.mhlw.go.jp/znk-web/juminkanja/S2430/initialize?prefCd=29&kikanCd=7300800000&kikanKbn=5", "url2": "https://e-bond.info/withs/", "内容": "いい薬局奈良右京店【5:薬局】奈良県奈良市右京三丁目２３番地７" }, "geometry": { "type": "Point", "coordinates": [ 135.787698, 34.719119 ] } },
{ "type": "Feature", "properties": { "ID": "2957301000000", "正式名称": "ドクトル薬局", "機関区分": 5, "都道府県コード": 29, "市区町村コード": 205, "所在地": "奈良県橿原市八木町１－７－５", "緯度": 34.51017, "経度": 135.791737, "url": "https://www.iryou.teikyouseido.mhlw.go.jp/znk-web/juminkanja/S2430/initialize?prefCd=29&kikanCd=7301000000&kikanKbn=5", "url2": null, "内容": "ドクトル薬局【5:薬局】奈良県橿原市八木町１－７－５" }, "geometry": { "type": "Point", "coordinates": [ 135.791737, 34.51017 ] } },
{ "type": "Feature", "properties": { "ID": "2957301100000", "正式名称": "ふじ薬局　大淀店", "機関区分": 5, "都道府県コード": 29, "市区町村コード": 442, "所在地": "奈良県吉野郡大淀町土田３２０－１", "緯度": 34.389265, "経度": 135.800623, "url": "https://www.iryou.teikyouseido.mhlw.go.jp/znk-web/juminkanja/S2430/initialize?prefCd=29&kikanCd=7301100000&kikanKbn=5", "url2": null, "内容": "ふじ薬局　大淀店【5:薬局】奈良県吉野郡大淀町土田３２０－１" }, "geometry": { "type": "Point", "coordinates": [ 135.800623, 34.389265 ] } },
{ "type": "Feature", "properties": { "ID": "2957301400000", "正式名称": "アール薬局　生駒駅本店", "機関区分": 5, "都道府県コード": 29, "市区町村コード": 209, "所在地": "奈良県生駒市北新町１０－３６－４０６号", "緯度": 34.694274, "経度": 135.697342, "url": "https://www.iryou.teikyouseido.mhlw.go.jp/znk-web/juminkanja/S2430/initialize?prefCd=29&kikanCd=7301400000&kikanKbn=5", "url2": "http://www.r-kusuri.jp/", "内容": "アール薬局　生駒駅本店【5:薬局】奈良県生駒市北新町１０－３６－４０６号" }, "geometry": { "type": "Point", "coordinates": [ 135.697342, 34.694274 ] } },
{ "type": "Feature", "properties": { "ID": "2957302500000", "正式名称": "ドクトル薬局", "機関区分": 5, "都道府県コード": 29, "市区町村コード": 201, "所在地": "奈良県奈良市西大寺南町１１ー５", "緯度": 34.69128, "経度": 135.781616, "url": "https://www.iryou.teikyouseido.mhlw.go.jp/znk-web/juminkanja/S2430/initialize?prefCd=29&kikanCd=7302500000&kikanKbn=5", "url2": null, "内容": "ドクトル薬局【5:薬局】奈良県奈良市西大寺南町１１ー５" }, "geometry": { "type": "Point", "coordinates": [ 135.781616, 34.69128 ] } },
{ "type": "Feature", "properties": { "ID": "2957303500000", "正式名称": "オレンジ薬局　西登美ヶ丘店", "機関区分": 5, "都道府県コード": 29, "市区町村コード": 201, "所在地": "奈良県奈良市西登美ケ丘五丁目１番１号", "緯度": 34.71568, "経度": 135.738528, "url": "https://www.iryou.teikyouseido.mhlw.go.jp/znk-web/juminkanja/S2430/initialize?prefCd=29&kikanCd=7303500000&kikanKbn=5", "url2": "http://genkiorange.com/", "内容": "オレンジ薬局　西登美ヶ丘店【5:薬局】奈良県奈良市西登美ケ丘五丁目１番１号" }, "geometry": { "type": "Point", "coordinates": [ 135.738528, 34.71568 ] } },
{ "type": "Feature", "properties": { "ID": "2957304400000", "正式名称": "ひかり薬局", "機関区分": 5, "都道府県コード": 29, "市区町村コード": 205, "所在地": "奈良県橿原市木原町２０４－１", "緯度": 34.511837, "経度": 135.799581, "url": "https://www.iryou.teikyouseido.mhlw.go.jp/znk-web/juminkanja/S2430/initialize?prefCd=29&kikanCd=7304400000&kikanKbn=5", "url2": null, "内容": "ひかり薬局【5:薬局】奈良県橿原市木原町２０４－１" }, "geometry": { "type": "Point", "coordinates": [ 135.799581, 34.511837 ] } },
{ "type": "Feature", "properties": { "ID": "2957304700000", "正式名称": "あをによし薬局", "機関区分": 5, "都道府県コード": 29, "市区町村コード": 344, "所在地": "奈良県生駒郡斑鳩町阿波２－５－２", "緯度": 34.605771, "経度": 135.742576, "url": "https://www.iryou.teikyouseido.mhlw.go.jp/znk-web/juminkanja/S2430/initialize?prefCd=29&kikanCd=7304700000&kikanKbn=5", "url2": "http://awo-pha.site/", "内容": "あをによし薬局【5:薬局】奈良県生駒郡斑鳩町阿波２－５－２" }, "geometry": { "type": "Point", "coordinates": [ 135.742576, 34.605771 ] } },
{ "type": "Feature", "properties": { "ID": "2957305000000", "正式名称": "オレンジ薬局　法蓮仲町店", "機関区分": 5, "都道府県コード": 29, "市区町村コード": 201, "所在地": "奈良県奈良市法蓮町１０９５番地６", "緯度": 34.690842, "経度": 135.826262, "url": "https://www.iryou.teikyouseido.mhlw.go.jp/znk-web/juminkanja/S2430/initialize?prefCd=29&kikanCd=7305000000&kikanKbn=5", "url2": "http://genkiorange.com/", "内容": "オレンジ薬局　法蓮仲町店【5:薬局】奈良県奈良市法蓮町１０９５番地６" }, "geometry": { "type": "Point", "coordinates": [ 135.826262, 34.690842 ] } },
{ "type": "Feature", "properties": { "ID": "2957305100000", "正式名称": "メロディー薬局", "機関区分": 5, "都道府県コード": 29, "市区町村コード": 201, "所在地": "奈良県奈良市中筋町３１", "緯度": 34.685281, "経度": 135.827572, "url": "https://www.iryou.teikyouseido.mhlw.go.jp/znk-web/juminkanja/S2430/initialize?prefCd=29&kikanCd=7305100000&kikanKbn=5", "url2": "www.narayaku.or.jp/pharmacy/index.php?no=396", "内容": "メロディー薬局【5:薬局】奈良県奈良市中筋町３１" }, "geometry": { "type": "Point", "coordinates": [ 135.827572, 34.685281 ] } },
{ "type": "Feature", "properties": { "ID": "2957305300000", "正式名称": "ウエルシア薬局　香芝磯壁店", "機関区分": 5, "都道府県コード": 29, "市区町村コード": 210, "所在地": "奈良県香芝市磯壁３－６１", "緯度": 34.538115, "経度": 135.7021, "url": "https://www.iryou.teikyouseido.mhlw.go.jp/znk-web/juminkanja/S2430/initialize?prefCd=29&kikanCd=7305300000&kikanKbn=5", "url2": null, "内容": "ウエルシア薬局　香芝磯壁店【5:薬局】奈良県香芝市磯壁３－６１" }, "geometry": { "type": "Point", "coordinates": [ 135.7021, 34.538115 ] } },
{ "type": "Feature", "properties": { "ID": "2957305600000", "正式名称": "つくし薬局", "機関区分": 5, "都道府県コード": 29, "市区町村コード": 206, "所在地": "奈良県桜井市谷２４２－１", "緯度": 34.50996, "経度": 135.842069, "url": "https://www.iryou.teikyouseido.mhlw.go.jp/znk-web/juminkanja/S2430/initialize?prefCd=29&kikanCd=7305600000&kikanKbn=5", "url2": null, "内容": "つくし薬局【5:薬局】奈良県桜井市谷２４２－１" }, "geometry": { "type": "Point", "coordinates": [ 135.842069, 34.50996 ] } },
{ "type": "Feature", "properties": { "ID": "2957305700000", "正式名称": "笑夢薬局", "機関区分": 5, "都道府県コード": 29, "市区町村コード": 209, "所在地": "奈良県生駒市ひかりが丘１－１－１３", "緯度": 34.739475, "経度": 135.71306, "url": "https://www.iryou.teikyouseido.mhlw.go.jp/znk-web/juminkanja/S2430/initialize?prefCd=29&kikanCd=7305700000&kikanKbn=5", "url2": null, "内容": "笑夢薬局【5:薬局】奈良県生駒市ひかりが丘１－１－１３" }, "geometry": { "type": "Point", "coordinates": [ 135.71306, 34.739475 ] } },
{ "type": "Feature", "properties": { "ID": "2957306000000", "正式名称": "なの花薬局　奈良中山台店", "機関区分": 5, "都道府県コード": 29, "市区町村コード": 427, "所在地": "奈良県北葛城郡河合町中山台１－１－１", "緯度": 34.583135, "経度": 135.724486, "url": "https://www.iryou.teikyouseido.mhlw.go.jp/znk-web/juminkanja/S2430/initialize?prefCd=29&kikanCd=7306000000&kikanKbn=5", "url2": "https://www.nanohana-ph.jp/shop/kinki/nara/kitakatsuragi/naranakayamadai.php", "内容": "なの花薬局　奈良中山台店【5:薬局】奈良県北葛城郡河合町中山台１－１－１" }, "geometry": { "type": "Point", "coordinates": [ 135.724486, 34.583135 ] } },
{ "type": "Feature", "properties": { "ID": "2957306100000", "正式名称": "ひまわり薬局　天理店", "機関区分": 5, "都道府県コード": 29, "市区町村コード": 204, "所在地": "奈良県天理市蔵之庄町４６９－５", "緯度": 34.635071, "経度": 135.828171, "url": "https://www.iryou.teikyouseido.mhlw.go.jp/znk-web/juminkanja/S2430/initialize?prefCd=29&kikanCd=7306100000&kikanKbn=5", "url2": null, "内容": "ひまわり薬局　天理店【5:薬局】奈良県天理市蔵之庄町４６９－５" }, "geometry": { "type": "Point", "coordinates": [ 135.828171, 34.635071 ] } },
{ "type": "Feature", "properties": { "ID": "2957306200000", "正式名称": "一陽館薬局", "機関区分": 5, "都道府県コード": 29, "市区町村コード": 205, "所在地": "奈良県橿原市八木町１－１１－７", "緯度": 34.508765, "経度": 135.790598, "url": "https://www.iryou.teikyouseido.mhlw.go.jp/znk-web/juminkanja/S2430/initialize?prefCd=29&kikanCd=7306200000&kikanKbn=5", "url2": "http://www.ichiyokan.net/", "内容": "一陽館薬局【5:薬局】奈良県橿原市八木町１－１１－７" }, "geometry": { "type": "Point", "coordinates": [ 135.790598, 34.508765 ] } },
{ "type": "Feature", "properties": { "ID": "2957306700000", "正式名称": "サン薬局　天理中央店", "機関区分": 5, "都道府県コード": 29, "市区町村コード": 204, "所在地": "奈良県天理市川原城町７５９－１０４", "緯度": 34.597304, "経度": 135.832625, "url": "https://www.iryou.teikyouseido.mhlw.go.jp/znk-web/juminkanja/S2430/initialize?prefCd=29&kikanCd=7306700000&kikanKbn=5", "url2": "http://kansaimedico.com/", "内容": "サン薬局　天理中央店【5:薬局】奈良県天理市川原城町７５９－１０４" }, "geometry": { "type": "Point", "coordinates": [ 135.832625, 34.597304 ] } },
{ "type": "Feature", "properties": { "ID": "2957307000000", "正式名称": "オレンジ薬局　東登美ヶ丘店", "機関区分": 5, "都道府県コード": 29, "市区町村コード": 201, "所在地": "奈良県奈良市東登美ケ丘１丁目１番１５号　１Ｆ", "緯度": 34.717291, "経度": 135.757126, "url": "https://www.iryou.teikyouseido.mhlw.go.jp/znk-web/juminkanja/S2430/initialize?prefCd=29&kikanCd=7307000000&kikanKbn=5", "url2": "http://genkiorange.com/", "内容": "オレンジ薬局　東登美ヶ丘店【5:薬局】奈良県奈良市東登美ケ丘１丁目１番１５号　１Ｆ" }, "geometry": { "type": "Point", "coordinates": [ 135.757126, 34.717291 ] } },
{ "type": "Feature", "properties": { "ID": "2957307100000", "正式名称": "サン薬局　旭ヶ丘店", "機関区分": 5, "都道府県コード": 29, "市区町村コード": 210, "所在地": "奈良県香芝市旭ケ丘２－３０－１２　リ・フィディルⅠ　１０２", "緯度": 34.554988, "経度": 135.694218, "url": "https://www.iryou.teikyouseido.mhlw.go.jp/znk-web/juminkanja/S2430/initialize?prefCd=29&kikanCd=7307100000&kikanKbn=5", "url2": "http://kansaimedico.com/", "内容": "サン薬局　旭ヶ丘店【5:薬局】奈良県香芝市旭ケ丘２－３０－１２　リ・フィディルⅠ　１０２" }, "geometry": { "type": "Point", "coordinates": [ 135.694218, 34.554988 ] } },
{ "type": "Feature", "properties": { "ID": "2957307500000", "正式名称": "ひだまり薬局　本庄店", "機関区分": 5, "都道府県コード": 29, "市区町村コード": 203, "所在地": "奈良県大和郡山市本庄町２９７－６", "緯度": 34.635833, "経度": 135.78568, "url": "https://www.iryou.teikyouseido.mhlw.go.jp/znk-web/juminkanja/S2430/initialize?prefCd=29&kikanCd=7307500000&kikanKbn=5", "url2": "www.hidamari-pharmacy.com", "内容": "ひだまり薬局　本庄店【5:薬局】奈良県大和郡山市本庄町２９７－６" }, "geometry": { "type": "Point", "coordinates": [ 135.78568, 34.635833 ] } },
{ "type": "Feature", "properties": { "ID": "2957307600000", "正式名称": "ひだまり薬局　榛原店", "機関区分": 5, "都道府県コード": 29, "市区町村コード": 212, "所在地": "奈良県宇陀市榛原あかね台２－２２－５", "緯度": 34.534009, "経度": 135.949471, "url": "https://www.iryou.teikyouseido.mhlw.go.jp/znk-web/juminkanja/S2430/initialize?prefCd=29&kikanCd=7307600000&kikanKbn=5", "url2": "https://cmed.co.jp/", "内容": "ひだまり薬局　榛原店【5:薬局】奈良県宇陀市榛原あかね台２－２２－５" }, "geometry": { "type": "Point", "coordinates": [ 135.949471, 34.534009 ] } },
{ "type": "Feature", "properties": { "ID": "2957307700000", "正式名称": "サン薬局　憩北店", "機関区分": 5, "都道府県コード": 29, "市区町村コード": 204, "所在地": "奈良県天理市別所町９－１", "緯度": 34.60506, "経度": 135.83737, "url": "https://www.iryou.teikyouseido.mhlw.go.jp/znk-web/juminkanja/S2430/initialize?prefCd=29&kikanCd=7307700000&kikanKbn=5", "url2": "http://kansaimedico.com/", "内容": "サン薬局　憩北店【5:薬局】奈良県天理市別所町９－１" }, "geometry": { "type": "Point", "coordinates": [ 135.83737, 34.60506 ] } },
{ "type": "Feature", "properties": { "ID": "2957308100000", "正式名称": "ファミリー調剤薬局今里店", "機関区分": 5, "都道府県コード": 29, "市区町村コード": 202, "所在地": "奈良県大和高田市今里町５－２８", "緯度": 34.509447, "経度": 135.750327, "url": "https://www.iryou.teikyouseido.mhlw.go.jp/znk-web/juminkanja/S2430/initialize?prefCd=29&kikanCd=7308100000&kikanKbn=5", "url2": "http://www.omjapan.jp", "内容": "ファミリー調剤薬局今里店【5:薬局】奈良県大和高田市今里町５－２８" }, "geometry": { "type": "Point", "coordinates": [ 135.750327, 34.509447 ] } },
{ "type": "Feature", "properties": { "ID": "2957308400000", "正式名称": "オレンジ薬局　筒井町店", "機関区分": 5, "都道府県コード": 29, "市区町村コード": 203, "所在地": "奈良県大和郡山市筒井町１６０２番地", "緯度": 34.619041, "経度": 135.783028, "url": "https://www.iryou.teikyouseido.mhlw.go.jp/znk-web/juminkanja/S2430/initialize?prefCd=29&kikanCd=7308400000&kikanKbn=5", "url2": "http://genkiorange.com/", "内容": "オレンジ薬局　筒井町店【5:薬局】奈良県大和郡山市筒井町１６０２番地" }, "geometry": { "type": "Point", "coordinates": [ 135.783028, 34.619041 ] } },
{ "type": "Feature", "properties": { "ID": "2957308600000", "正式名称": "オレンジ薬局　近鉄奈良店", "機関区分": 5, "都道府県コード": 29, "市区町村コード": 201, "所在地": "奈良県奈良市東向北町３番地　木平ビル１階", "緯度": 34.685315, "経度": 135.828862, "url": "https://www.iryou.teikyouseido.mhlw.go.jp/znk-web/juminkanja/S2430/initialize?prefCd=29&kikanCd=7308600000&kikanKbn=5", "url2": "http://genkiorange.com/", "内容": "オレンジ薬局　近鉄奈良店【5:薬局】奈良県奈良市東向北町３番地　木平ビル１階" }, "geometry": { "type": "Point", "coordinates": [ 135.828862, 34.685315 ] } },
{ "type": "Feature", "properties": { "ID": "2957308800000", "正式名称": "富雄ゆーあい薬局", "機関区分": 5, "都道府県コード": 29, "市区町村コード": 201, "所在地": "奈良県奈良市富雄元町１－２２－１２タワーアラモード１Ｆ", "緯度": 34.694618, "経度": 135.739889, "url": "https://www.iryou.teikyouseido.mhlw.go.jp/znk-web/juminkanja/S2430/initialize?prefCd=29&kikanCd=7308800000&kikanKbn=5", "url2": "https://www.ui-ph.co.jp/store/nara/tomio/", "内容": "富雄ゆーあい薬局【5:薬局】奈良県奈良市富雄元町１－２２－１２タワーアラモード１Ｆ" }, "geometry": { "type": "Point", "coordinates": [ 135.739889, 34.694618 ] } },
{ "type": "Feature", "properties": { "ID": "2957309000000", "正式名称": "スマイル薬局　尺土店", "機関区分": 5, "都道府県コード": 29, "市区町村コード": 211, "所在地": "奈良県葛城市八川１１４－３", "緯度": 34.510177, "経度": 135.719302, "url": "https://www.iryou.teikyouseido.mhlw.go.jp/znk-web/juminkanja/S2430/initialize?prefCd=29&kikanCd=7309000000&kikanKbn=5", "url2": "http://www.bikkury.co.jp", "内容": "スマイル薬局　尺土店【5:薬局】奈良県葛城市八川１１４－３" }, "geometry": { "type": "Point", "coordinates": [ 135.719302, 34.510177 ] } },
{ "type": "Feature", "properties": { "ID": "2957309900000", "正式名称": "三の丸薬局", "機関区分": 5, "都道府県コード": 29, "市区町村コード": 203, "所在地": "奈良県大和郡山市柳３－３７", "緯度": 34.646838, "経度": 135.783114, "url": "https://www.iryou.teikyouseido.mhlw.go.jp/znk-web/juminkanja/S2430/initialize?prefCd=29&kikanCd=7309900000&kikanKbn=5", "url2": null, "内容": "三の丸薬局【5:薬局】奈良県大和郡山市柳３－３７" }, "geometry": { "type": "Point", "coordinates": [ 135.783114, 34.646838 ] } },
{ "type": "Feature", "properties": { "ID": "2957310000000", "正式名称": "オレンジ薬局　奈良三条店", "機関区分": 5, "都道府県コード": 29, "市区町村コード": 201, "所在地": "奈良県奈良市三条大宮町３番４３号", "緯度": 34.678436, "経度": 135.816452, "url": "https://www.iryou.teikyouseido.mhlw.go.jp/znk-web/juminkanja/S2430/initialize?prefCd=29&kikanCd=7310000000&kikanKbn=5", "url2": "http://genkiorange.com/", "内容": "オレンジ薬局　奈良三条店【5:薬局】奈良県奈良市三条大宮町３番４３号" }, "geometry": { "type": "Point", "coordinates": [ 135.816452, 34.678436 ] } },
{ "type": "Feature", "properties": { "ID": "2957310100000", "正式名称": "サン薬局　二名店", "機関区分": 5, "都道府県コード": 29, "市区町村コード": 201, "所在地": "奈良県奈良市二名３－１０４６－１", "緯度": 34.723232, "経度": 135.739583, "url": "https://www.iryou.teikyouseido.mhlw.go.jp/znk-web/juminkanja/S2430/initialize?prefCd=29&kikanCd=7310100000&kikanKbn=5", "url2": "http://kansaimedico.com/", "内容": "サン薬局　二名店【5:薬局】奈良県奈良市二名３－１０４６－１" }, "geometry": { "type": "Point", "coordinates": [ 135.739583, 34.723232 ] } },
{ "type": "Feature", "properties": { "ID": "2957310400000", "正式名称": "スギ薬局　橿原真菅店", "機関区分": 5, "都道府県コード": 29, "市区町村コード": 205, "所在地": "奈良県橿原市北妙法寺町５５５－１", "緯度": 34.520066, "経度": 135.779908, "url": "https://www.iryou.teikyouseido.mhlw.go.jp/znk-web/juminkanja/S2430/initialize?prefCd=29&kikanCd=7310400000&kikanKbn=5", "url2": "https://www.sugi-net.jp/tenpo/detail/1062.html", "内容": "スギ薬局　橿原真菅店【5:薬局】奈良県橿原市北妙法寺町５５５－１" }, "geometry": { "type": "Point", "coordinates": [ 135.779908, 34.520066 ] } },
{ "type": "Feature", "properties": { "ID": "2957313800000", "正式名称": "スマイル薬局　河合店", "機関区分": 5, "都道府県コード": 29, "市区町村コード": 427, "所在地": "奈良県北葛城郡河合町広瀬台３－３－４", "緯度": 34.585077, "経度": 135.720506, "url": "https://www.iryou.teikyouseido.mhlw.go.jp/znk-web/juminkanja/S2430/initialize?prefCd=29&kikanCd=7313800000&kikanKbn=5", "url2": null, "内容": "スマイル薬局　河合店【5:薬局】奈良県北葛城郡河合町広瀬台３－３－４" }, "geometry": { "type": "Point", "coordinates": [ 135.720506, 34.585077 ] } },
{ "type": "Feature", "properties": { "ID": "2957313900000", "正式名称": "さくら通り薬局", "機関区分": 5, "都道府県コード": 29, "市区町村コード": 201, "所在地": "奈良県奈良市小西町９　川村ビル１Ｆ", "緯度": 34.683296, "経度": 135.828251, "url": "https://www.iryou.teikyouseido.mhlw.go.jp/znk-web/juminkanja/S2430/initialize?prefCd=29&kikanCd=7313900000&kikanKbn=5", "url2": "http://www.e-classa.net/sakura-yuki/index.html", "内容": "さくら通り薬局【5:薬局】奈良県奈良市小西町９　川村ビル１Ｆ" }, "geometry": { "type": "Point", "coordinates": [ 135.828251, 34.683296 ] } },
{ "type": "Feature", "properties": { "ID": "2957314000000", "正式名称": "サン薬局　中町店", "機関区分": 5, "都道府県コード": 29, "市区町村コード": 201, "所在地": "奈良県奈良市中町４８４２－１", "緯度": 34.67179, "経度": 135.755465, "url": "https://www.iryou.teikyouseido.mhlw.go.jp/znk-web/juminkanja/S2430/initialize?prefCd=29&kikanCd=7314000000&kikanKbn=5", "url2": "http://kansaimedico.com/", "内容": "サン薬局　中町店【5:薬局】奈良県奈良市中町４８４２－１" }, "geometry": { "type": "Point", "coordinates": [ 135.755465, 34.67179 ] } },
{ "type": "Feature", "properties": { "ID": "2957314400000", "正式名称": "ならまち薬局", "機関区分": 5, "都道府県コード": 29, "市区町村コード": 201, "所在地": "奈良県奈良市小西町２５－１ファインフラッツ奈良ザ・レジデンス１階", "緯度": 34.68304, "経度": 135.827387, "url": "https://www.iryou.teikyouseido.mhlw.go.jp/znk-web/juminkanja/S2430/initialize?prefCd=29&kikanCd=7314400000&kikanKbn=5", "url2": null, "内容": "ならまち薬局【5:薬局】奈良県奈良市小西町２５－１ファインフラッツ奈良ザ・レジデンス１階" }, "geometry": { "type": "Point", "coordinates": [ 135.827387, 34.68304 ] } },
{ "type": "Feature", "properties": { "ID": "2957314500000", "正式名称": "アカイ薬局大中店", "機関区分": 5, "都道府県コード": 29, "市区町村コード": 202, "所在地": "奈良県大和高田市大中南町３－７０", "緯度": 34.51178, "経度": 135.739014, "url": "https://www.iryou.teikyouseido.mhlw.go.jp/znk-web/juminkanja/S2430/initialize?prefCd=29&kikanCd=7314500000&kikanKbn=5", "url2": null, "内容": "アカイ薬局大中店【5:薬局】奈良県大和高田市大中南町３－７０" }, "geometry": { "type": "Point", "coordinates": [ 135.739014, 34.51178 ] } },
{ "type": "Feature", "properties": { "ID": "2957315300000", "正式名称": "ウエルシア薬局奈良西木辻店", "機関区分": 5, "都道府県コード": 29, "市区町村コード": 201, "所在地": "奈良県奈良市西木辻町１３０－４", "緯度": 34.673333, "経度": 135.825649, "url": "https://www.iryou.teikyouseido.mhlw.go.jp/znk-web/juminkanja/S2430/initialize?prefCd=29&kikanCd=7315300000&kikanKbn=5", "url2": "https://store.welcia.co.jp/welcia/spot/detail?code=6656D", "内容": "ウエルシア薬局奈良西木辻店【5:薬局】奈良県奈良市西木辻町１３０－４" }, "geometry": { "type": "Point", "coordinates": [ 135.825649, 34.673333 ] } },
{ "type": "Feature", "properties": { "ID": "2957315600000", "正式名称": "オレンジ薬局　五位堂店", "機関区分": 5, "都道府県コード": 29, "市区町村コード": 210, "所在地": "奈良県香芝市鎌田４３８－８２　１Ｆ", "緯度": 34.525038, "経度": 135.714447, "url": "https://www.iryou.teikyouseido.mhlw.go.jp/znk-web/juminkanja/S2430/initialize?prefCd=29&kikanCd=7315600000&kikanKbn=5", "url2": "http://genkiorange.com/", "内容": "オレンジ薬局　五位堂店【5:薬局】奈良県香芝市鎌田４３８－８２　１Ｆ" }, "geometry": { "type": "Point", "coordinates": [ 135.714447, 34.525038 ] } },
{ "type": "Feature", "properties": { "ID": "2957316100000", "正式名称": "保津西薬局", "機関区分": 5, "都道府県コード": 29, "市区町村コード": 363, "所在地": "奈良県磯城郡田原本町保津２９２－１", "緯度": 34.557328, "経度": 135.778248, "url": "https://www.iryou.teikyouseido.mhlw.go.jp/znk-web/juminkanja/S2430/initialize?prefCd=29&kikanCd=7316100000&kikanKbn=5", "url2": null, "内容": "保津西薬局【5:薬局】奈良県磯城郡田原本町保津２９２－１" }, "geometry": { "type": "Point", "coordinates": [ 135.778248, 34.557328 ] } },
{ "type": "Feature", "properties": { "ID": "2957316200000", "正式名称": "サン薬局　宇陀店", "機関区分": 5, "都道府県コード": 29, "市区町村コード": 212, "所在地": "奈良県宇陀市榛原萩原７６０－４", "緯度": 34.530454, "経度": 135.961899, "url": "https://www.iryou.teikyouseido.mhlw.go.jp/znk-web/juminkanja/S2430/initialize?prefCd=29&kikanCd=7316200000&kikanKbn=5", "url2": "http://kansaimedico.com/", "内容": "サン薬局　宇陀店【5:薬局】奈良県宇陀市榛原萩原７６０－４" }, "geometry": { "type": "Point", "coordinates": [ 135.961899, 34.530454 ] } },
{ "type": "Feature", "properties": { "ID": "2957317000000", "正式名称": "アイン薬局　奈良東九条店", "機関区分": 5, "都道府県コード": 29, "市区町村コード": 201, "所在地": "奈良県奈良市東九条町７５４－４", "緯度": 34.662587, "経度": 135.819186, "url": "https://www.iryou.teikyouseido.mhlw.go.jp/znk-web/juminkanja/S2430/initialize?prefCd=29&kikanCd=7317000000&kikanKbn=5", "url2": "http://www.ainj.co.jp", "内容": "アイン薬局　奈良東九条店【5:薬局】奈良県奈良市東九条町７５４－４" }, "geometry": { "type": "Point", "coordinates": [ 135.819186, 34.662587 ] } },
{ "type": "Feature", "properties": { "ID": "2957317100000", "正式名称": "橿原調剤薬局　市役所前店", "機関区分": 5, "都道府県コード": 29, "市区町村コード": 205, "所在地": "奈良県橿原市八木町１－７－３６", "緯度": 34.509811, "経度": 135.792744, "url": "https://www.iryou.teikyouseido.mhlw.go.jp/znk-web/juminkanja/S2430/initialize?prefCd=29&kikanCd=7317100000&kikanKbn=5", "url2": null, "内容": "橿原調剤薬局　市役所前店【5:薬局】奈良県橿原市八木町１－７－３６" }, "geometry": { "type": "Point", "coordinates": [ 135.792744, 34.509811 ] } },
{ "type": "Feature", "properties": { "ID": "2957317700000", "正式名称": "花凛堂漢方薬局", "機関区分": 5, "都道府県コード": 29, "市区町村コード": 201, "所在地": "奈良県奈良市富雄元町２－５－２０トミオプラザ２０６", "緯度": 34.693028, "経度": 135.735258, "url": "https://www.iryou.teikyouseido.mhlw.go.jp/znk-web/juminkanja/S2430/initialize?prefCd=29&kikanCd=7317700000&kikanKbn=5", "url2": "https://karin-dou.com", "内容": "花凛堂漢方薬局【5:薬局】奈良県奈良市富雄元町２－５－２０トミオプラザ２０６" }, "geometry": { "type": "Point", "coordinates": [ 135.735258, 34.693028 ] } },
{ "type": "Feature", "properties": { "ID": "2957318100000", "正式名称": "ハート薬局", "機関区分": 5, "都道府県コード": 29, "市区町村コード": 210, "所在地": "奈良県香芝市下田西１－１０－１９メディカルプラザ香芝１Ｆ", "緯度": 34.543946, "経度": 135.703647, "url": "https://www.iryou.teikyouseido.mhlw.go.jp/znk-web/juminkanja/S2430/initialize?prefCd=29&kikanCd=7318100000&kikanKbn=5", "url2": "http://heart-kashiba.com", "内容": "ハート薬局【5:薬局】奈良県香芝市下田西１－１０－１９メディカルプラザ香芝１Ｆ" }, "geometry": { "type": "Point", "coordinates": [ 135.703647, 34.543946 ] } },
{ "type": "Feature", "properties": { "ID": "2957318600000", "正式名称": "なの花薬局　花吉野ガーデンヒルズ店", "機関区分": 5, "都道府県コード": 29, "市区町村コード": 442, "所在地": "奈良県吉野郡大淀町福神１０－１", "緯度": 34.395269, "経度": 135.746064, "url": "https://www.iryou.teikyouseido.mhlw.go.jp/znk-web/juminkanja/S2430/initialize?prefCd=29&kikanCd=7318600000&kikanKbn=5", "url2": null, "内容": "なの花薬局　花吉野ガーデンヒルズ店【5:薬局】奈良県吉野郡大淀町福神１０－１" }, "geometry": { "type": "Point", "coordinates": [ 135.746064, 34.395269 ] } },
{ "type": "Feature", "properties": { "ID": "2957318900000", "正式名称": "たんぽぽ薬局　福神店", "機関区分": 5, "都道府県コード": 29, "市区町村コード": 442, "所在地": "奈良県吉野郡大淀町福神３－２９", "緯度": 34.392244, "経度": 135.748683, "url": "https://www.iryou.teikyouseido.mhlw.go.jp/znk-web/juminkanja/S2430/initialize?prefCd=29&kikanCd=7318900000&kikanKbn=5", "url2": "http://www.tanpopo-ph.co.jp/", "内容": "たんぽぽ薬局　福神店【5:薬局】奈良県吉野郡大淀町福神３－２９" }, "geometry": { "type": "Point", "coordinates": [ 135.748683, 34.392244 ] } },
{ "type": "Feature", "properties": { "ID": "2957319000000", "正式名称": "ジャパンファーマシー薬局　大淀店", "機関区分": 5, "都道府県コード": 29, "市区町村コード": 442, "所在地": "奈良県吉野郡大淀町福神１０－２", "緯度": 34.395269, "経度": 135.746064, "url": "https://www.iryou.teikyouseido.mhlw.go.jp/znk-web/juminkanja/S2430/initialize?prefCd=29&kikanCd=7319000000&kikanKbn=5", "url2": "http://jp-pharmacy.jp/", "内容": "ジャパンファーマシー薬局　大淀店【5:薬局】奈良県吉野郡大淀町福神１０－２" }, "geometry": { "type": "Point", "coordinates": [ 135.746064, 34.395269 ] } },
{ "type": "Feature", "properties": { "ID": "2957319200000", "正式名称": "イオン薬局イオンスタイル橿原", "機関区分": 5, "都道府県コード": 29, "市区町村コード": 205, "所在地": "奈良県橿原市曲川町７－２０－１　１Ｆ", "緯度": 34.506565, "経度": 135.763775, "url": "https://www.iryou.teikyouseido.mhlw.go.jp/znk-web/juminkanja/S2430/initialize?prefCd=29&kikanCd=7319200000&kikanKbn=5", "url2": null, "内容": "イオン薬局イオンスタイル橿原【5:薬局】奈良県橿原市曲川町７－２０－１　１Ｆ" }, "geometry": { "type": "Point", "coordinates": [ 135.763775, 34.506565 ] } },
{ "type": "Feature", "properties": { "ID": "2957319800000", "正式名称": "サン薬局　高の原店", "機関区分": 5, "都道府県コード": 29, "市区町村コード": 201, "所在地": "奈良県奈良市右京４－１４－２４", "緯度": 34.721558, "経度": 135.788487, "url": "https://www.iryou.teikyouseido.mhlw.go.jp/znk-web/juminkanja/S2430/initialize?prefCd=29&kikanCd=7319800000&kikanKbn=5", "url2": "http://kansaimedico.com/", "内容": "サン薬局　高の原店【5:薬局】奈良県奈良市右京４－１４－２４" }, "geometry": { "type": "Point", "coordinates": [ 135.788487, 34.721558 ] } },
{ "type": "Feature", "properties": { "ID": "2957320200000", "正式名称": "スギ薬局　本店", "機関区分": 5, "都道府県コード": 29, "市区町村コード": 201, "所在地": "奈良県奈良市右京一丁目３番地４サンタウンプラザすずらん南館１Ｆ", "緯度": 34.72193, "経度": 135.789806, "url": "https://www.iryou.teikyouseido.mhlw.go.jp/znk-web/juminkanja/S2430/initialize?prefCd=29&kikanCd=7320200000&kikanKbn=5", "url2": "http://sugi-pharm.com/", "内容": "スギ薬局　本店【5:薬局】奈良県奈良市右京一丁目３番地４サンタウンプラザすずらん南館１Ｆ" }, "geometry": { "type": "Point", "coordinates": [ 135.789806, 34.72193 ] } },
{ "type": "Feature", "properties": { "ID": "2957320300000", "正式名称": "サン薬局　高田南店", "機関区分": 5, "都道府県コード": 29, "市区町村コード": 202, "所在地": "奈良県大和高田市根成柿１７４－２", "緯度": 34.483773, "経度": 135.759543, "url": "https://www.iryou.teikyouseido.mhlw.go.jp/znk-web/juminkanja/S2430/initialize?prefCd=29&kikanCd=7320300000&kikanKbn=5", "url2": "http://kansaimedico.com/", "内容": "サン薬局　高田南店【5:薬局】奈良県大和高田市根成柿１７４－２" }, "geometry": { "type": "Point", "coordinates": [ 135.759543, 34.483773 ] } },
{ "type": "Feature", "properties": { "ID": "2957320400000", "正式名称": "スギ薬局　奈良王寺店", "機関区分": 5, "都道府県コード": 29, "市区町村コード": 425, "所在地": "奈良県北葛城郡王寺町王寺２－２－２０", "緯度": 34.59643, "経度": 135.704254, "url": "https://www.iryou.teikyouseido.mhlw.go.jp/znk-web/juminkanja/S2430/initialize?prefCd=29&kikanCd=7320400000&kikanKbn=5", "url2": "https://www.sugi-net.jp/tenpo/detail/1139.html", "内容": "スギ薬局　奈良王寺店【5:薬局】奈良県北葛城郡王寺町王寺２－２－２０" }, "geometry": { "type": "Point", "coordinates": [ 135.704254, 34.59643 ] } },
{ "type": "Feature", "properties": { "ID": "2957320600000", "正式名称": "ヨシダ薬局", "機関区分": 5, "都道府県コード": 29, "市区町村コード": 205, "所在地": "奈良県橿原市新賀町２２４－２", "緯度": 34.515086, "経度": 135.796809, "url": "https://www.iryou.teikyouseido.mhlw.go.jp/znk-web/juminkanja/S2430/initialize?prefCd=29&kikanCd=7320600000&kikanKbn=5", "url2": null, "内容": "ヨシダ薬局【5:薬局】奈良県橿原市新賀町２２４－２" }, "geometry": { "type": "Point", "coordinates": [ 135.796809, 34.515086 ] } },
{ "type": "Feature", "properties": { "ID": "2957320700000", "正式名称": "ウエルシア薬局　大和郡山小泉店", "機関区分": 5, "都道府県コード": 29, "市区町村コード": 203, "所在地": "奈良県大和郡山市小泉町２８４９－１", "緯度": 34.628045, "経度": 135.750107, "url": "https://www.iryou.teikyouseido.mhlw.go.jp/znk-web/juminkanja/S2430/initialize?prefCd=29&kikanCd=7320700000&kikanKbn=5", "url2": null, "内容": "ウエルシア薬局　大和郡山小泉店【5:薬局】奈良県大和郡山市小泉町２８４９－１" }, "geometry": { "type": "Point", "coordinates": [ 135.750107, 34.628045 ] } },
{ "type": "Feature", "properties": { "ID": "2957321200000", "正式名称": "ココカラファイン薬局　天理店", "機関区分": 5, "都道府県コード": 29, "市区町村コード": 204, "所在地": "奈良県天理市守目堂町１０５－１", "緯度": 34.595763, "経度": 135.837095, "url": "https://www.iryou.teikyouseido.mhlw.go.jp/znk-web/juminkanja/S2430/initialize?prefCd=29&kikanCd=7321200000&kikanKbn=5", "url2": "https://www.cocokarafine.co.jp/searchstore/CSsStoreDetail.jsp?storeNo=706022", "内容": "ココカラファイン薬局　天理店【5:薬局】奈良県天理市守目堂町１０５－１" }, "geometry": { "type": "Point", "coordinates": [ 135.837095, 34.595763 ] } },
{ "type": "Feature", "properties": { "ID": "2957321600000", "正式名称": "まりん薬局", "機関区分": 5, "都道府県コード": 29, "市区町村コード": 201, "所在地": "奈良県奈良市西大寺東町２－１－６３　サンワシティ西大寺３階", "緯度": 34.694946, "経度": 135.783723, "url": "https://www.iryou.teikyouseido.mhlw.go.jp/znk-web/juminkanja/S2430/initialize?prefCd=29&kikanCd=7321600000&kikanKbn=5", "url2": "http://www.sera-m.com/", "内容": "まりん薬局【5:薬局】奈良県奈良市西大寺東町２－１－６３　サンワシティ西大寺３階" }, "geometry": { "type": "Point", "coordinates": [ 135.783723, 34.694946 ] } },
{ "type": "Feature", "properties": { "ID": "2957322400000", "正式名称": "きらら薬局阪奈菅原店", "機関区分": 5, "都道府県コード": 29, "市区町村コード": 201, "所在地": "奈良県奈良市菅原町６４９－１", "緯度": 34.686759, "経度": 135.7744, "url": "https://www.iryou.teikyouseido.mhlw.go.jp/znk-web/juminkanja/S2430/initialize?prefCd=29&kikanCd=7322400000&kikanKbn=5", "url2": null, "内容": "きらら薬局阪奈菅原店【5:薬局】奈良県奈良市菅原町６４９－１" }, "geometry": { "type": "Point", "coordinates": [ 135.7744, 34.686759 ] } },
{ "type": "Feature", "properties": { "ID": "2957322500000", "正式名称": "サン薬局　京終店", "機関区分": 5, "都道府県コード": 29, "市区町村コード": 201, "所在地": "奈良県奈良市南京終町７１０－１", "緯度": 34.663862, "経度": 135.819744, "url": "https://www.iryou.teikyouseido.mhlw.go.jp/znk-web/juminkanja/S2430/initialize?prefCd=29&kikanCd=7322500000&kikanKbn=5", "url2": "http://kansaimedico.com/", "内容": "サン薬局　京終店【5:薬局】奈良県奈良市南京終町７１０－１" }, "geometry": { "type": "Point", "coordinates": [ 135.819744, 34.663862 ] } },
{ "type": "Feature", "properties": { "ID": "2957322600000", "正式名称": "澤井薬局", "機関区分": 5, "都道府県コード": 29, "市区町村コード": 205, "所在地": "奈良県橿原市今井町１－１１－８", "緯度": 34.506998, "経度": 135.787543, "url": "https://www.iryou.teikyouseido.mhlw.go.jp/znk-web/juminkanja/S2430/initialize?prefCd=29&kikanCd=7322600000&kikanKbn=5", "url2": null, "内容": "澤井薬局【5:薬局】奈良県橿原市今井町１－１１－８" }, "geometry": { "type": "Point", "coordinates": [ 135.787543, 34.506998 ] } },
{ "type": "Feature", "properties": { "ID": "2957323800000", "正式名称": "ベリー薬局", "機関区分": 5, "都道府県コード": 29, "市区町村コード": 205, "所在地": "奈良県橿原市葛本町３６５－２１", "緯度": 34.526668, "経度": 135.803927, "url": "https://www.iryou.teikyouseido.mhlw.go.jp/znk-web/juminkanja/S2430/initialize?prefCd=29&kikanCd=7323800000&kikanKbn=5", "url2": null, "内容": "ベリー薬局【5:薬局】奈良県橿原市葛本町３６５－２１" }, "geometry": { "type": "Point", "coordinates": [ 135.803927, 34.526668 ] } },
{ "type": "Feature", "properties": { "ID": "2957324300000", "正式名称": "ゆうき薬局", "機関区分": 5, "都道府県コード": 29, "市区町村コード": 201, "所在地": "奈良県奈良市紀寺町８６４－１", "緯度": 34.675078, "経度": 135.839434, "url": "https://www.iryou.teikyouseido.mhlw.go.jp/znk-web/juminkanja/S2430/initialize?prefCd=29&kikanCd=7324300000&kikanKbn=5", "url2": null, "内容": "ゆうき薬局【5:薬局】奈良県奈良市紀寺町８６４－１" }, "geometry": { "type": "Point", "coordinates": [ 135.839434, 34.675078 ] } },
{ "type": "Feature", "properties": { "ID": "2957324500000", "正式名称": "とろり薬局", "機関区分": 5, "都道府県コード": 29, "市区町村コード": 211, "所在地": "奈良県葛城市尺土９－１７", "緯度": 34.507926, "経度": 135.720895, "url": "https://www.iryou.teikyouseido.mhlw.go.jp/znk-web/juminkanja/S2430/initialize?prefCd=29&kikanCd=7324500000&kikanKbn=5", "url2": "http://tororipharmacy.meron-net.jp/", "内容": "とろり薬局【5:薬局】奈良県葛城市尺土９－１７" }, "geometry": { "type": "Point", "coordinates": [ 135.720895, 34.507926 ] } },
{ "type": "Feature", "properties": { "ID": "2957324900000", "正式名称": "メイプル薬局　築山なんごう店", "機関区分": 5, "都道府県コード": 29, "市区町村コード": 202, "所在地": "奈良県大和高田市大谷７５８－８０", "緯度": 34.527527, "経度": 135.734259, "url": "https://www.iryou.teikyouseido.mhlw.go.jp/znk-web/juminkanja/S2430/initialize?prefCd=29&kikanCd=7324900000&kikanKbn=5", "url2": null, "内容": "メイプル薬局　築山なんごう店【5:薬局】奈良県大和高田市大谷７５８－８０" }, "geometry": { "type": "Point", "coordinates": [ 135.734259, 34.527527 ] } },
{ "type": "Feature", "properties": { "ID": "2957325100000", "正式名称": "北摂調剤王寺駅前薬局", "機関区分": 5, "都道府県コード": 29, "市区町村コード": 425, "所在地": "奈良県北葛城郡王寺町王寺２－６－１２　服部ビル３Ｆ", "緯度": 34.596458, "経度": 135.705552, "url": "https://www.iryou.teikyouseido.mhlw.go.jp/znk-web/juminkanja/S2430/initialize?prefCd=29&kikanCd=7325100000&kikanKbn=5", "url2": "http://medical-dp.co.jp/hokusetsu/shoplist/detail.php?seq=45", "内容": "北摂調剤王寺駅前薬局【5:薬局】奈良県北葛城郡王寺町王寺２－６－１２　服部ビル３Ｆ" }, "geometry": { "type": "Point", "coordinates": [ 135.705552, 34.596458 ] } },
{ "type": "Feature", "properties": { "ID": "2957325200000", "正式名称": "いずみ薬局　さくらい店", "機関区分": 5, "都道府県コード": 29, "市区町村コード": 206, "所在地": "奈良県桜井市戒重３１５－１", "緯度": 34.516364, "経度": 135.834673, "url": "https://www.iryou.teikyouseido.mhlw.go.jp/znk-web/juminkanja/S2430/initialize?prefCd=29&kikanCd=7325200000&kikanKbn=5", "url2": "http://izumi-yakkyoku.co.jp/", "内容": "いずみ薬局　さくらい店【5:薬局】奈良県桜井市戒重３１５－１" }, "geometry": { "type": "Point", "coordinates": [ 135.834673, 34.516364 ] } },
{ "type": "Feature", "properties": { "ID": "2957325300000", "正式名称": "神宮かがやき薬局", "機関区分": 5, "都道府県コード": 29, "市区町村コード": 205, "所在地": "奈良県橿原市久米町６６０－１", "緯度": 34.483616, "経度": 135.795238, "url": "https://www.iryou.teikyouseido.mhlw.go.jp/znk-web/juminkanja/S2430/initialize?prefCd=29&kikanCd=7325300000&kikanKbn=5", "url2": "https://www.e-bondh.jp/", "内容": "神宮かがやき薬局【5:薬局】奈良県橿原市久米町６６０－１" }, "geometry": { "type": "Point", "coordinates": [ 135.795238, 34.483616 ] } },
{ "type": "Feature", "properties": { "ID": "2957325500000", "正式名称": "調剤薬局マツモトキヨシ　真美ヶ丘店", "機関区分": 5, "都道府県コード": 29, "市区町村コード": 210, "所在地": "奈良県香芝市真美ケ丘６－１０　エコール・マミ　南館２階", "緯度": 34.540951, "経度": 135.724806, "url": "https://www.iryou.teikyouseido.mhlw.go.jp/znk-web/juminkanja/S2430/initialize?prefCd=29&kikanCd=7325500000&kikanKbn=5", "url2": "http://www.matsukiyo.co.jp/", "内容": "調剤薬局マツモトキヨシ　真美ヶ丘店【5:薬局】奈良県香芝市真美ケ丘６－１０　エコール・マミ　南館２階" }, "geometry": { "type": "Point", "coordinates": [ 135.724806, 34.540951 ] } },
{ "type": "Feature", "properties": { "ID": "2957325600000", "正式名称": "あしび薬局生駒店", "機関区分": 5, "都道府県コード": 29, "市区町村コード": 209, "所在地": "奈良県生駒市本町７－１１", "緯度": 34.691218, "経度": 135.697451, "url": "https://www.iryou.teikyouseido.mhlw.go.jp/znk-web/juminkanja/S2430/initialize?prefCd=29&kikanCd=7325600000&kikanKbn=5", "url2": "http://www.ashibi-ph.jp/", "内容": "あしび薬局生駒店【5:薬局】奈良県生駒市本町７－１１" }, "geometry": { "type": "Point", "coordinates": [ 135.697451, 34.691218 ] } },
{ "type": "Feature", "properties": { "ID": "2957325700000", "正式名称": "しあわせ薬局　片桐店", "機関区分": 5, "都道府県コード": 29, "市区町村コード": 203, "所在地": "奈良県大和郡山市新町３０５－８６", "緯度": 34.640179, "経度": 135.756577, "url": "https://www.iryou.teikyouseido.mhlw.go.jp/znk-web/juminkanja/S2430/initialize?prefCd=29&kikanCd=7325700000&kikanKbn=5", "url2": "http://www.shiawaseyakkyoku.com", "内容": "しあわせ薬局　片桐店【5:薬局】奈良県大和郡山市新町３０５－８６" }, "geometry": { "type": "Point", "coordinates": [ 135.756577, 34.640179 ] } },
{ "type": "Feature", "properties": { "ID": "2957325800000", "正式名称": "しあわせ薬局　小泉店", "機関区分": 5, "都道府県コード": 29, "市区町村コード": 203, "所在地": "奈良県大和郡山市小泉町８０８", "緯度": 34.624317, "経度": 135.761333, "url": "https://www.iryou.teikyouseido.mhlw.go.jp/znk-web/juminkanja/S2430/initialize?prefCd=29&kikanCd=7325800000&kikanKbn=5", "url2": "http://www.shiawaseyakkykoku.com", "内容": "しあわせ薬局　小泉店【5:薬局】奈良県大和郡山市小泉町８０８" }, "geometry": { "type": "Point", "coordinates": [ 135.761333, 34.624317 ] } },
{ "type": "Feature", "properties": { "ID": "2957326000000", "正式名称": "あおば薬局", "機関区分": 5, "都道府県コード": 29, "市区町村コード": 202, "所在地": "奈良県大和高田市日之出町１１－１０", "緯度": 34.521429, "経度": 135.748183, "url": "https://www.iryou.teikyouseido.mhlw.go.jp/znk-web/juminkanja/S2430/initialize?prefCd=29&kikanCd=7326000000&kikanKbn=5", "url2": "https://www.aoba-pharmacy.com/", "内容": "あおば薬局【5:薬局】奈良県大和高田市日之出町１１－１０" }, "geometry": { "type": "Point", "coordinates": [ 135.748183, 34.521429 ] } },
{ "type": "Feature", "properties": { "ID": "2957326100000", "正式名称": "みどり薬局", "機関区分": 5, "都道府県コード": 29, "市区町村コード": 427, "所在地": "奈良県北葛城郡河合町穴闇８４－８", "緯度": 34.586516, "経度": 135.740646, "url": "https://www.iryou.teikyouseido.mhlw.go.jp/znk-web/juminkanja/S2430/initialize?prefCd=29&kikanCd=7326100000&kikanKbn=5", "url2": "https://www.aoba-pharmacy.com", "内容": "みどり薬局【5:薬局】奈良県北葛城郡河合町穴闇８４－８" }, "geometry": { "type": "Point", "coordinates": [ 135.740646, 34.586516 ] } },
{ "type": "Feature", "properties": { "ID": "2957326200000", "正式名称": "あおば薬局大福店", "機関区分": 5, "都道府県コード": 29, "市区町村コード": 206, "所在地": "奈良県桜井市大福２３８－１１", "緯度": 34.512399, "経度": 135.828965, "url": "https://www.iryou.teikyouseido.mhlw.go.jp/znk-web/juminkanja/S2430/initialize?prefCd=29&kikanCd=7326200000&kikanKbn=5", "url2": "http://www.aoba-pharmacy.com/", "内容": "あおば薬局大福店【5:薬局】奈良県桜井市大福２３８－１１" }, "geometry": { "type": "Point", "coordinates": [ 135.828965, 34.512399 ] } },
{ "type": "Feature", "properties": { "ID": "2957327300000", "正式名称": "しあわせ薬局　済美店", "機関区分": 5, "都道府県コード": 29, "市区町村コード": 201, "所在地": "奈良県奈良市南京終町１－１８３－３４", "緯度": 34.670622, "経度": 135.82549, "url": "https://www.iryou.teikyouseido.mhlw.go.jp/znk-web/juminkanja/S2430/initialize?prefCd=29&kikanCd=7327300000&kikanKbn=5", "url2": "shiawaseyakkyoku.com", "内容": "しあわせ薬局　済美店【5:薬局】奈良県奈良市南京終町１－１８３－３４" }, "geometry": { "type": "Point", "coordinates": [ 135.82549, 34.670622 ] } },
{ "type": "Feature", "properties": { "ID": "2957327400000", "正式名称": "あしび薬局敷島店", "機関区分": 5, "都道府県コード": 29, "市区町村コード": 201, "所在地": "奈良県奈良市敷島町２－５５６－９", "緯度": 34.700386, "経度": 135.771074, "url": "https://www.iryou.teikyouseido.mhlw.go.jp/znk-web/juminkanja/S2430/initialize?prefCd=29&kikanCd=7327400000&kikanKbn=5", "url2": "http://www.ashibi-ph.jp/", "内容": "あしび薬局敷島店【5:薬局】奈良県奈良市敷島町２－５５６－９" }, "geometry": { "type": "Point", "coordinates": [ 135.771074, 34.700386 ] } },
{ "type": "Feature", "properties": { "ID": "2957327500000", "正式名称": "あしび薬局赤田店", "機関区分": 5, "都道府県コード": 29, "市区町村コード": 201, "所在地": "奈良県奈良市西大寺赤田町１－５－２２", "緯度": 34.69871, "経度": 135.771544, "url": "https://www.iryou.teikyouseido.mhlw.go.jp/znk-web/juminkanja/S2430/initialize?prefCd=29&kikanCd=7327500000&kikanKbn=5", "url2": "http://www.ashibi-ph.jp/", "内容": "あしび薬局赤田店【5:薬局】奈良県奈良市西大寺赤田町１－５－２２" }, "geometry": { "type": "Point", "coordinates": [ 135.771544, 34.69871 ] } },
{ "type": "Feature", "properties": { "ID": "2957327600000", "正式名称": "あしび薬局富雄店", "機関区分": 5, "都道府県コード": 29, "市区町村コード": 201, "所在地": "奈良県奈良市三碓２－１－３", "緯度": 34.690922, "経度": 135.736016, "url": "https://www.iryou.teikyouseido.mhlw.go.jp/znk-web/juminkanja/S2430/initialize?prefCd=29&kikanCd=7327600000&kikanKbn=5", "url2": "http;//www.ashibi-ph.jp/", "内容": "あしび薬局富雄店【5:薬局】奈良県奈良市三碓２－１－３" }, "geometry": { "type": "Point", "coordinates": [ 135.736016, 34.690922 ] } },
{ "type": "Feature", "properties": { "ID": "2957327700000", "正式名称": "あしび薬局菖蒲池店", "機関区分": 5, "都道府県コード": 29, "市区町村コード": 201, "所在地": "奈良県奈良市あやめ池南６－１－４１", "緯度": 34.696517, "経度": 135.761158, "url": "https://www.iryou.teikyouseido.mhlw.go.jp/znk-web/juminkanja/S2430/initialize?prefCd=29&kikanCd=7327700000&kikanKbn=5", "url2": "http://www.ashibi-ph.jp/index.html", "内容": "あしび薬局菖蒲池店【5:薬局】奈良県奈良市あやめ池南６－１－４１" }, "geometry": { "type": "Point", "coordinates": [ 135.761158, 34.696517 ] } },
{ "type": "Feature", "properties": { "ID": "2957327900000", "正式名称": "こぐま薬局　西登美ヶ丘店", "機関区分": 5, "都道府県コード": 29, "市区町村コード": 201, "所在地": "奈良県奈良市西登美ケ丘２－１１－１４", "緯度": 34.716685, "経度": 135.744802, "url": "https://www.iryou.teikyouseido.mhlw.go.jp/znk-web/juminkanja/S2430/initialize?prefCd=29&kikanCd=7327900000&kikanKbn=5", "url2": "http://www.mcs-g.co.jp/business/nishi.html", "内容": "こぐま薬局　西登美ヶ丘店【5:薬局】奈良県奈良市西登美ケ丘２－１１－１４" }, "geometry": { "type": "Point", "coordinates": [ 135.744802, 34.716685 ] } },
{ "type": "Feature", "properties": { "ID": "2957328000000", "正式名称": "こぐま薬局　押熊店", "機関区分": 5, "都道府県コード": 29, "市区町村コード": 201, "所在地": "奈良県奈良市押熊町５４７－１", "緯度": 34.718138, "経度": 135.77148, "url": "https://www.iryou.teikyouseido.mhlw.go.jp/znk-web/juminkanja/S2430/initialize?prefCd=29&kikanCd=7328000000&kikanKbn=5", "url2": "https://www.mcs-g.co.jp/", "内容": "こぐま薬局　押熊店【5:薬局】奈良県奈良市押熊町５４７－１" }, "geometry": { "type": "Point", "coordinates": [ 135.77148, 34.718138 ] } },
{ "type": "Feature", "properties": { "ID": "2957328100000", "正式名称": "スギ薬局　学園前南店", "機関区分": 5, "都道府県コード": 29, "市区町村コード": 201, "所在地": "奈良県奈良市中町１－８７", "緯度": 34.686552, "経度": 135.752879, "url": "https://www.iryou.teikyouseido.mhlw.go.jp/znk-web/juminkanja/S2430/initialize?prefCd=29&kikanCd=7328100000&kikanKbn=5", "url2": "https://www.sugi-net.jp/tenpo/detail/1201.html", "内容": "スギ薬局　学園前南店【5:薬局】奈良県奈良市中町１－８７" }, "geometry": { "type": "Point", "coordinates": [ 135.752879, 34.686552 ] } },
{ "type": "Feature", "properties": { "ID": "2957328400000", "正式名称": "かなで薬局　横田店", "機関区分": 5, "都道府県コード": 29, "市区町村コード": 203, "所在地": "奈良県大和郡山市横田町７０８－５", "緯度": 34.618747, "経度": 135.802221, "url": "https://www.iryou.teikyouseido.mhlw.go.jp/znk-web/juminkanja/S2430/initialize?prefCd=29&kikanCd=7328400000&kikanKbn=5", "url2": null, "内容": "かなで薬局　横田店【5:薬局】奈良県大和郡山市横田町７０８－５" }, "geometry": { "type": "Point", "coordinates": [ 135.802221, 34.618747 ] } },
{ "type": "Feature", "properties": { "ID": "2957328800000", "正式名称": "ウエルシア薬局奈良駅前店", "機関区分": 5, "都道府県コード": 29, "市区町村コード": 201, "所在地": "奈良県奈良市大宮町１－３－８", "緯度": 34.682407, "経度": 135.817913, "url": "https://www.iryou.teikyouseido.mhlw.go.jp/znk-web/juminkanja/S2430/initialize?prefCd=29&kikanCd=7328800000&kikanKbn=5", "url2": "http://as.chizumaru.com/welcia/detailMap?account=welcia&bid=3516", "内容": "ウエルシア薬局奈良駅前店【5:薬局】奈良県奈良市大宮町１－３－８" }, "geometry": { "type": "Point", "coordinates": [ 135.817913, 34.682407 ] } },
{ "type": "Feature", "properties": { "ID": "2957329300000", "正式名称": "クスリのアオキ真弓薬局", "機関区分": 5, "都道府県コード": 29, "市区町村コード": 209, "所在地": "奈良県生駒市真弓２丁目１４番９号", "緯度": 34.723504, "経度": 135.725037, "url": "https://www.iryou.teikyouseido.mhlw.go.jp/znk-web/juminkanja/S2430/initialize?prefCd=29&kikanCd=7329300000&kikanKbn=5", "url2": "https://www.kusuri-aoki.co.jp/", "内容": "クスリのアオキ真弓薬局【5:薬局】奈良県生駒市真弓２丁目１４番９号" }, "geometry": { "type": "Point", "coordinates": [ 135.725037, 34.723504 ] } },
{ "type": "Feature", "properties": { "ID": "2957329400000", "正式名称": "スマイル薬局　藤原店", "機関区分": 5, "都道府県コード": 29, "市区町村コード": 203, "所在地": "奈良県大和郡山市藤原町２－１８", "緯度": 34.648335, "経度": 135.773437, "url": "https://www.iryou.teikyouseido.mhlw.go.jp/znk-web/juminkanja/S2430/initialize?prefCd=29&kikanCd=7329400000&kikanKbn=5", "url2": "http://www.bikkury.co.jp/cyouzai/project_shop.php", "内容": "スマイル薬局　藤原店【5:薬局】奈良県大和郡山市藤原町２－１８" }, "geometry": { "type": "Point", "coordinates": [ 135.773437, 34.648335 ] } },
{ "type": "Feature", "properties": { "ID": "2957329800000", "正式名称": "ファーマシィ薬局真美ヶ丘", "機関区分": 5, "都道府県コード": 29, "市区町村コード": 210, "所在地": "奈良県香芝市真美ケ丘１－１４－５", "緯度": 34.541275, "経度": 135.718629, "url": "https://www.iryou.teikyouseido.mhlw.go.jp/znk-web/juminkanja/S2430/initialize?prefCd=29&kikanCd=7329800000&kikanKbn=5", "url2": "http://www.pharmacy-net.co.jp", "内容": "ファーマシィ薬局真美ヶ丘【5:薬局】奈良県香芝市真美ケ丘１－１４－５" }, "geometry": { "type": "Point", "coordinates": [ 135.718629, 34.541275 ] } },
{ "type": "Feature", "properties": { "ID": "2957331200000", "正式名称": "メルズ薬局", "機関区分": 5, "都道府県コード": 29, "市区町村コード": 209, "所在地": "奈良県生駒市真弓１－２－８", "緯度": 34.723104, "経度": 135.725167, "url": "https://www.iryou.teikyouseido.mhlw.go.jp/znk-web/juminkanja/S2430/initialize?prefCd=29&kikanCd=7331200000&kikanKbn=5", "url2": "www.mels-web.jp/", "内容": "メルズ薬局【5:薬局】奈良県生駒市真弓１－２－８" }, "geometry": { "type": "Point", "coordinates": [ 135.725167, 34.723104 ] } },
{ "type": "Feature", "properties": { "ID": "2957332100000", "正式名称": "にった薬局", "機関区分": 5, "都道府県コード": 29, "市区町村コード": 212, "所在地": "奈良県宇陀市榛原萩原８３０－３", "緯度": 34.531379, "経度": 135.96121, "url": "https://www.iryou.teikyouseido.mhlw.go.jp/znk-web/juminkanja/S2430/initialize?prefCd=29&kikanCd=7332100000&kikanKbn=5", "url2": "http://www.lunasol-ph.co.jp", "内容": "にった薬局【5:薬局】奈良県宇陀市榛原萩原８３０－３" }, "geometry": { "type": "Point", "coordinates": [ 135.96121, 34.531379 ] } },
{ "type": "Feature", "properties": { "ID": "2957332200000", "正式名称": "ココカラファイン薬局　イズミヤ広陵店", "機関区分": 5, "都道府県コード": 29, "市区町村コード": 426, "所在地": "奈良県北葛城郡広陵町安部２３６－１－４", "緯度": 34.534621, "経度": 135.746045, "url": "https://www.iryou.teikyouseido.mhlw.go.jp/znk-web/juminkanja/S2430/initialize?prefCd=29&kikanCd=7332200000&kikanKbn=5", "url2": "https://www.cocokarafine.co.jp/searchstore/CSsStoreTop.jsp", "内容": "ココカラファイン薬局　イズミヤ広陵店【5:薬局】奈良県北葛城郡広陵町安部２３６－１－４" }, "geometry": { "type": "Point", "coordinates": [ 135.746045, 34.534621 ] } },
{ "type": "Feature", "properties": { "ID": "2957332300000", "正式名称": "Ｊｉｂｕｎ薬局　郡山", "機関区分": 5, "都道府県コード": 29, "市区町村コード": 203, "所在地": "奈良県大和郡山市城南町３５６－３　カーサ・ウェルネス郡山１０１", "緯度": 34.646038, "経度": 135.775187, "url": "https://www.iryou.teikyouseido.mhlw.go.jp/znk-web/juminkanja/S2430/initialize?prefCd=29&kikanCd=7332300000&kikanKbn=5", "url2": "http://jibun-pharmacy.com/", "内容": "Ｊｉｂｕｎ薬局　郡山【5:薬局】奈良県大和郡山市城南町３５６－３　カーサ・ウェルネス郡山１０１" }, "geometry": { "type": "Point", "coordinates": [ 135.775187, 34.646038 ] } },
{ "type": "Feature", "properties": { "ID": "2957332500000", "正式名称": "片岡台薬局", "機関区分": 5, "都道府県コード": 29, "市区町村コード": 424, "所在地": "奈良県北葛城郡上牧町片岡台２－３－１６", "緯度": 34.58091, "経度": 135.718054, "url": "https://www.iryou.teikyouseido.mhlw.go.jp/znk-web/juminkanja/S2430/initialize?prefCd=29&kikanCd=7332500000&kikanKbn=5", "url2": null, "内容": "片岡台薬局【5:薬局】奈良県北葛城郡上牧町片岡台２－３－１６" }, "geometry": { "type": "Point", "coordinates": [ 135.718054, 34.58091 ] } },
{ "type": "Feature", "properties": { "ID": "2957332800000", "正式名称": "サン薬局　高田店", "機関区分": 5, "都道府県コード": 29, "市区町村コード": 202, "所在地": "奈良県大和高田市礒野北町６－６", "緯度": 34.510008, "経度": 135.7358, "url": "https://www.iryou.teikyouseido.mhlw.go.jp/znk-web/juminkanja/S2430/initialize?prefCd=29&kikanCd=7332800000&kikanKbn=5", "url2": "http://kansaimedico.com/", "内容": "サン薬局　高田店【5:薬局】奈良県大和高田市礒野北町６－６" }, "geometry": { "type": "Point", "coordinates": [ 135.7358, 34.510008 ] } },
{ "type": "Feature", "properties": { "ID": "2957332900000", "正式名称": "六花薬局", "機関区分": 5, "都道府県コード": 29, "市区町村コード": 210, "所在地": "奈良県香芝市穴虫７２－１", "緯度": 34.548014, "経度": 135.687389, "url": "https://www.iryou.teikyouseido.mhlw.go.jp/znk-web/juminkanja/S2430/initialize?prefCd=29&kikanCd=7332900000&kikanKbn=5", "url2": "https://rokka-fukushi.jp/", "内容": "六花薬局【5:薬局】奈良県香芝市穴虫７２－１" }, "geometry": { "type": "Point", "coordinates": [ 135.687389, 34.548014 ] } },
{ "type": "Feature", "properties": { "ID": "2957333000000", "正式名称": "なでしこ薬局", "機関区分": 5, "都道府県コード": 29, "市区町村コード": 206, "所在地": "奈良県桜井市桜井５５－４", "緯度": 34.513831, "経度": 135.851335, "url": "https://www.iryou.teikyouseido.mhlw.go.jp/znk-web/juminkanja/S2430/initialize?prefCd=29&kikanCd=7333000000&kikanKbn=5", "url2": null, "内容": "なでしこ薬局【5:薬局】奈良県桜井市桜井５５－４" }, "geometry": { "type": "Point", "coordinates": [ 135.851335, 34.513831 ] } },
{ "type": "Feature", "properties": { "ID": "2957333100000", "正式名称": "ノチオカ薬局", "機関区分": 5, "都道府県コード": 29, "市区町村コード": 206, "所在地": "奈良県桜井市桜井８７３", "緯度": 34.512021, "経度": 135.849796, "url": "https://www.iryou.teikyouseido.mhlw.go.jp/znk-web/juminkanja/S2430/initialize?prefCd=29&kikanCd=7333100000&kikanKbn=5", "url2": null, "内容": "ノチオカ薬局【5:薬局】奈良県桜井市桜井８７３" }, "geometry": { "type": "Point", "coordinates": [ 135.849796, 34.512021 ] } },
{ "type": "Feature", "properties": { "ID": "2957333400000", "正式名称": "まんてん薬局", "機関区分": 5, "都道府県コード": 29, "市区町村コード": 201, "所在地": "奈良県奈良市神殿町１７１－５", "緯度": 34.662034, "経度": 135.825579, "url": "https://www.iryou.teikyouseido.mhlw.go.jp/znk-web/juminkanja/S2430/initialize?prefCd=29&kikanCd=7333400000&kikanKbn=5", "url2": null, "内容": "まんてん薬局【5:薬局】奈良県奈良市神殿町１７１－５" }, "geometry": { "type": "Point", "coordinates": [ 135.825579, 34.662034 ] } },
{ "type": "Feature", "properties": { "ID": "2957333900000", "正式名称": "オリオンドラッグ薬局", "機関区分": 5, "都道府県コード": 29, "市区町村コード": 205, "所在地": "奈良県橿原市見瀬町２３５８－４", "緯度": 34.474938, "経度": 135.793091, "url": "https://www.iryou.teikyouseido.mhlw.go.jp/znk-web/juminkanja/S2430/initialize?prefCd=29&kikanCd=7333900000&kikanKbn=5", "url2": null, "内容": "オリオンドラッグ薬局【5:薬局】奈良県橿原市見瀬町２３５８－４" }, "geometry": { "type": "Point", "coordinates": [ 135.793091, 34.474938 ] } },
{ "type": "Feature", "properties": { "ID": "2957334400000", "正式名称": "かなめ薬局", "機関区分": 5, "都道府県コード": 29, "市区町村コード": 204, "所在地": "奈良県天理市丹波市町２７４－３", "緯度": 34.596989, "経度": 135.833518, "url": "https://www.iryou.teikyouseido.mhlw.go.jp/znk-web/juminkanja/S2430/initialize?prefCd=29&kikanCd=7334400000&kikanKbn=5", "url2": "https://www.kaname-p.com/home", "内容": "かなめ薬局【5:薬局】奈良県天理市丹波市町２７４－３" }, "geometry": { "type": "Point", "coordinates": [ 135.833518, 34.596989 ] } },
{ "type": "Feature", "properties": { "ID": "2957334600000", "正式名称": "スマイル薬局当麻寺店", "機関区分": 5, "都道府県コード": 29, "市区町村コード": 211, "所在地": "奈良県葛城市當麻１３１", "緯度": 34.514318, "経度": 135.706278, "url": "https://www.iryou.teikyouseido.mhlw.go.jp/znk-web/juminkanja/S2430/initialize?prefCd=29&kikanCd=7334600000&kikanKbn=5", "url2": "http://www.bikkury.co.jp", "内容": "スマイル薬局当麻寺店【5:薬局】奈良県葛城市當麻１３１" }, "geometry": { "type": "Point", "coordinates": [ 135.706278, 34.514318 ] } },
{ "type": "Feature", "properties": { "ID": "2957334700000", "正式名称": "ココカラファイン薬局　七条店", "機関区分": 5, "都道府県コード": 29, "市区町村コード": 201, "所在地": "奈良県奈良市七条西町２－１１００", "緯度": 34.663984, "経度": 135.771101, "url": "https://www.iryou.teikyouseido.mhlw.go.jp/znk-web/juminkanja/S2430/initialize?prefCd=29&kikanCd=7334700000&kikanKbn=5", "url2": "http://www.cocokarafine.co.jp/", "内容": "ココカラファイン薬局　七条店【5:薬局】奈良県奈良市七条西町２－１１００" }, "geometry": { "type": "Point", "coordinates": [ 135.771101, 34.663984 ] } },
{ "type": "Feature", "properties": { "ID": "2957334900000", "正式名称": "薬局セブンファーマシー左京店", "機関区分": 5, "都道府県コード": 29, "市区町村コード": 201, "所在地": "奈良県奈良市左京１－１３－１８－２", "緯度": 34.711887, "経度": 135.802136, "url": "https://www.iryou.teikyouseido.mhlw.go.jp/znk-web/juminkanja/S2430/initialize?prefCd=29&kikanCd=7334900000&kikanKbn=5", "url2": "https://www.seven-ph.co.jp/", "内容": "薬局セブンファーマシー左京店【5:薬局】奈良県奈良市左京１－１３－１８－２" }, "geometry": { "type": "Point", "coordinates": [ 135.802136, 34.711887 ] } },
{ "type": "Feature", "properties": { "ID": "2957335300000", "正式名称": "スギ薬局　田原本店", "機関区分": 5, "都道府県コード": 29, "市区町村コード": 363, "所在地": "奈良県磯城郡田原本町阪手３１４－１", "緯度": 34.556942, "経度": 135.796987, "url": "https://www.iryou.teikyouseido.mhlw.go.jp/znk-web/juminkanja/S2430/initialize?prefCd=29&kikanCd=7335300000&kikanKbn=5", "url2": "https://www.sugi-net.jp/tenpo/detail/1323.html", "内容": "スギ薬局　田原本店【5:薬局】奈良県磯城郡田原本町阪手３１４－１" }, "geometry": { "type": "Point", "coordinates": [ 135.796987, 34.556942 ] } },
{ "type": "Feature", "properties": { "ID": "2957335600000", "正式名称": "中川薬局", "機関区分": 5, "都道府県コード": 29, "市区町村コード": 203, "所在地": "奈良県大和郡山市高田町９－２２", "緯度": 34.648594, "経度": 135.789938, "url": "https://www.iryou.teikyouseido.mhlw.go.jp/znk-web/juminkanja/S2430/initialize?prefCd=29&kikanCd=7335600000&kikanKbn=5", "url2": "https://nakagawa-pharmacy.amebaownd.com/pages/5930279/concept", "内容": "中川薬局【5:薬局】奈良県大和郡山市高田町９－２２" }, "geometry": { "type": "Point", "coordinates": [ 135.789938, 34.648594 ] } },
{ "type": "Feature", "properties": { "ID": "2957335800000", "正式名称": "サエラ薬局　学園前店", "機関区分": 5, "都道府県コード": 29, "市区町村コード": 201, "所在地": "奈良県奈良市学園北１－９－１パラディ学園前Ⅱ５階", "緯度": 34.698155, "経度": 135.750396, "url": "https://www.iryou.teikyouseido.mhlw.go.jp/znk-web/juminkanja/S2430/initialize?prefCd=29&kikanCd=7335800000&kikanKbn=5", "url2": "https://saera-ph.co.jp/shop/gakuenmae/", "内容": "サエラ薬局　学園前店【5:薬局】奈良県奈良市学園北１－９－１パラディ学園前Ⅱ５階" }, "geometry": { "type": "Point", "coordinates": [ 135.750396, 34.698155 ] } },
{ "type": "Feature", "properties": { "ID": "2957336000000", "正式名称": "アート薬局", "機関区分": 5, "都道府県コード": 29, "市区町村コード": 344, "所在地": "奈良県生駒郡斑鳩町興留４－１０－１６　野口ビル１階", "緯度": 34.602963, "経度": 135.737182, "url": "https://www.iryou.teikyouseido.mhlw.go.jp/znk-web/juminkanja/S2430/initialize?prefCd=29&kikanCd=7336000000&kikanKbn=5", "url2": null, "内容": "アート薬局【5:薬局】奈良県生駒郡斑鳩町興留４－１０－１６　野口ビル１階" }, "geometry": { "type": "Point", "coordinates": [ 135.737182, 34.602963 ] } },
{ "type": "Feature", "properties": { "ID": "2957336100000", "正式名称": "いかるが薬局　新庄店", "機関区分": 5, "都道府県コード": 29, "市区町村コード": 211, "所在地": "奈良県葛城市新庄１２２－２", "緯度": 34.488385, "経度": 135.722174, "url": "https://www.iryou.teikyouseido.mhlw.go.jp/znk-web/juminkanja/S2430/initialize?prefCd=29&kikanCd=7336100000&kikanKbn=5", "url2": "https://www.nanohana-ph.jp/shop/kinki/nara/katuragi/shinjo.php", "内容": "いかるが薬局　新庄店【5:薬局】奈良県葛城市新庄１２２－２" }, "geometry": { "type": "Point", "coordinates": [ 135.722174, 34.488385 ] } },
{ "type": "Feature", "properties": { "ID": "2957336300000", "正式名称": "かるがも薬局　東生駒店", "機関区分": 5, "都道府県コード": 29, "市区町村コード": 209, "所在地": "奈良県生駒市東生駒２－２０７－１２０", "緯度": 34.685883, "経度": 135.714305, "url": "https://www.iryou.teikyouseido.mhlw.go.jp/znk-web/juminkanja/S2430/initialize?prefCd=29&kikanCd=7336300000&kikanKbn=5", "url2": "http://www.karugamo.net", "内容": "かるがも薬局　東生駒店【5:薬局】奈良県生駒市東生駒２－２０７－１２０" }, "geometry": { "type": "Point", "coordinates": [ 135.714305, 34.685883 ] } },
{ "type": "Feature", "properties": { "ID": "2957336400000", "正式名称": "いかるが中央薬局", "機関区分": 5, "都道府県コード": 29, "市区町村コード": 203, "所在地": "奈良県大和郡山市小泉町東３－６－２２", "緯度": 34.620793, "経度": 135.7637, "url": "https://www.iryou.teikyouseido.mhlw.go.jp/znk-web/juminkanja/S2430/initialize?prefCd=29&kikanCd=7336400000&kikanKbn=5", "url2": "https://www.nanohana-ph.jp/shop/kinki/nara/yamatokooriyama/ikarugachuo.php", "内容": "いかるが中央薬局【5:薬局】奈良県大和郡山市小泉町東３－６－２２" }, "geometry": { "type": "Point", "coordinates": [ 135.7637, 34.620793 ] } },
{ "type": "Feature", "properties": { "ID": "2957337200000", "正式名称": "ひだまり薬局田原店", "機関区分": 5, "都道府県コード": 29, "市区町村コード": 201, "所在地": "奈良県奈良市此瀬町３５７ー１", "緯度": 34.66515, "経度": 135.908799, "url": "https://www.iryou.teikyouseido.mhlw.go.jp/znk-web/juminkanja/S2430/initialize?prefCd=29&kikanCd=7337200000&kikanKbn=5", "url2": "https://cmed.co.jp", "内容": "ひだまり薬局田原店【5:薬局】奈良県奈良市此瀬町３５７ー１" }, "geometry": { "type": "Point", "coordinates": [ 135.908799, 34.66515 ] } },
{ "type": "Feature", "properties": { "ID": "2957337400000", "正式名称": "オレンジ薬局　帝塚山大学前店", "機関区分": 5, "都道府県コード": 29, "市区町村コード": 201, "所在地": "奈良県奈良市三碓町２１４３番地１", "緯度": 34.687466, "経度": 135.721299, "url": "https://www.iryou.teikyouseido.mhlw.go.jp/znk-web/juminkanja/S2430/initialize?prefCd=29&kikanCd=7337400000&kikanKbn=5", "url2": "http://genkiorange.com/", "内容": "オレンジ薬局　帝塚山大学前店【5:薬局】奈良県奈良市三碓町２１４３番地１" }, "geometry": { "type": "Point", "coordinates": [ 135.721299, 34.687466 ] } },
{ "type": "Feature", "properties": { "ID": "2957337500000", "正式名称": "南山堂薬局　奈良本店", "機関区分": 5, "都道府県コード": 29, "市区町村コード": 201, "所在地": "奈良県奈良市七条西町２丁目８９７番地１", "緯度": 34.663481, "経度": 135.769396, "url": "https://www.iryou.teikyouseido.mhlw.go.jp/znk-web/juminkanja/S2430/initialize?prefCd=29&kikanCd=7337500000&kikanKbn=5", "url2": "http://www.nanzando.co.jp/narahonten.html", "内容": "南山堂薬局　奈良本店【5:薬局】奈良県奈良市七条西町２丁目８９７番地１" }, "geometry": { "type": "Point", "coordinates": [ 135.769396, 34.663481 ] } },
{ "type": "Feature", "properties": { "ID": "2957337600000", "正式名称": "さくら薬局　奈良総合医療センター前店", "機関区分": 5, "都道府県コード": 29, "市区町村コード": 201, "所在地": "奈良県奈良市石木町６３４番地１", "緯度": 34.662347, "経度": 135.763718, "url": "https://www.iryou.teikyouseido.mhlw.go.jp/znk-web/juminkanja/S2430/initialize?prefCd=29&kikanCd=7337600000&kikanKbn=5", "url2": "https://www.kraft-net.co.jp/sakura/store/4138/", "内容": "さくら薬局　奈良総合医療センター前店【5:薬局】奈良県奈良市石木町６３４番地１" }, "geometry": { "type": "Point", "coordinates": [ 135.763718, 34.662347 ] } },
{ "type": "Feature", "properties": { "ID": "2957337700000", "正式名称": "エコ薬局　常盤店", "機関区分": 5, "都道府県コード": 29, "市区町村コード": 205, "所在地": "奈良県橿原市常盤町５４０－１", "緯度": 34.521244, "経度": 135.812604, "url": "https://www.iryou.teikyouseido.mhlw.go.jp/znk-web/juminkanja/S2430/initialize?prefCd=29&kikanCd=7337700000&kikanKbn=5", "url2": "http://www.eco-pharmacy.jp/", "内容": "エコ薬局　常盤店【5:薬局】奈良県橿原市常盤町５４０－１" }, "geometry": { "type": "Point", "coordinates": [ 135.812604, 34.521244 ] } },
{ "type": "Feature", "properties": { "ID": "2957337900000", "正式名称": "スギ薬局天理店", "機関区分": 5, "都道府県コード": 29, "市区町村コード": 204, "所在地": "奈良県天理市指柳町３０３－１", "緯度": 34.60419, "経度": 135.824085, "url": "https://www.iryou.teikyouseido.mhlw.go.jp/znk-web/juminkanja/S2430/initialize?prefCd=29&kikanCd=7337900000&kikanKbn=5", "url2": "https://www.sugi-net.jp/tenpo/detail/1319.html", "内容": "スギ薬局天理店【5:薬局】奈良県天理市指柳町３０３－１" }, "geometry": { "type": "Point", "coordinates": [ 135.824085, 34.60419 ] } },
{ "type": "Feature", "properties": { "ID": "2957338000000", "正式名称": "木のうた薬局　櫟本店", "機関区分": 5, "都道府県コード": 29, "市区町村コード": 204, "所在地": "奈良県天理市櫟本町７４３－２", "緯度": 34.619126, "経度": 135.827368, "url": "https://www.iryou.teikyouseido.mhlw.go.jp/znk-web/juminkanja/S2430/initialize?prefCd=29&kikanCd=7338000000&kikanKbn=5", "url2": "https://kinouta.co.jp/%E5%BA%97%E8%88%97%E6%A1%88%E5%86%85/pha_ichinomoto/", "内容": "木のうた薬局　櫟本店【5:薬局】奈良県天理市櫟本町７４３－２" }, "geometry": { "type": "Point", "coordinates": [ 135.827368, 34.619126 ] } },
{ "type": "Feature", "properties": { "ID": "2957338400000", "正式名称": "ウエルシア薬局　橿原中曽司店", "機関区分": 5, "都道府県コード": 29, "市区町村コード": 205, "所在地": "奈良県橿原市中曽司町７６－４", "緯度": 34.524072, "経度": 135.771155, "url": "https://www.iryou.teikyouseido.mhlw.go.jp/znk-web/juminkanja/S2430/initialize?prefCd=29&kikanCd=7338400000&kikanKbn=5", "url2": "https://stores.welcia.co.jp/6718D", "内容": "ウエルシア薬局　橿原中曽司店【5:薬局】奈良県橿原市中曽司町７６－４" }, "geometry": { "type": "Point", "coordinates": [ 135.771155, 34.524072 ] } },
{ "type": "Feature", "properties": { "ID": "2957338500000", "正式名称": "スギ薬局　法隆寺店", "機関区分": 5, "都道府県コード": 29, "市区町村コード": 344, "所在地": "奈良県生駒郡斑鳩町興留５－１１－２４", "緯度": 34.603462, "経度": 135.737869, "url": "https://www.iryou.teikyouseido.mhlw.go.jp/znk-web/juminkanja/S2430/initialize?prefCd=29&kikanCd=7338500000&kikanKbn=5", "url2": "https://www.drug-sugi.co.jp/", "内容": "スギ薬局　法隆寺店【5:薬局】奈良県生駒郡斑鳩町興留５－１１－２４" }, "geometry": { "type": "Point", "coordinates": [ 135.737869, 34.603462 ] } },
{ "type": "Feature", "properties": { "ID": "2957339100000", "正式名称": "スマイル薬局菊美台店", "機関区分": 5, "都道府県コード": 29, "市区町村コード": 342, "所在地": "奈良県生駒郡平群町菊美台１－１０－１３", "緯度": 34.644638, "経度": 135.709223, "url": "https://www.iryou.teikyouseido.mhlw.go.jp/znk-web/juminkanja/S2430/initialize?prefCd=29&kikanCd=7339100000&kikanKbn=5", "url2": "http://www.bikkury.co.jp", "内容": "スマイル薬局菊美台店【5:薬局】奈良県生駒郡平群町菊美台１－１０－１３" }, "geometry": { "type": "Point", "coordinates": [ 135.709223, 34.644638 ] } },
{ "type": "Feature", "properties": { "ID": "2957339500000", "正式名称": "木のうた薬局　三条通り店", "機関区分": 5, "都道府県コード": 29, "市区町村コード": 201, "所在地": "奈良県奈良市下三条町２５　寅松ビル１階", "緯度": 34.681825, "経度": 135.823561, "url": "https://www.iryou.teikyouseido.mhlw.go.jp/znk-web/juminkanja/S2430/initialize?prefCd=29&kikanCd=7339500000&kikanKbn=5", "url2": "https://kinouta.co.jp/%E5%BA%97%E8%88%97%E6%A1%88%E5%86%85/pha_sanjodori/", "内容": "木のうた薬局　三条通り店【5:薬局】奈良県奈良市下三条町２５　寅松ビル１階" }, "geometry": { "type": "Point", "coordinates": [ 135.823561, 34.681825 ] } },
{ "type": "Feature", "properties": { "ID": "2957339600000", "正式名称": "ひだまり薬局　大宇陀店", "機関区分": 5, "都道府県コード": 29, "市区町村コード": 212, "所在地": "奈良県宇陀市大宇陀拾生１８５７－１", "緯度": 34.477351, "経度": 135.933166, "url": "https://www.iryou.teikyouseido.mhlw.go.jp/znk-web/juminkanja/S2430/initialize?prefCd=29&kikanCd=7339600000&kikanKbn=5", "url2": "http://www.hidamari-pharmacy.com/", "内容": "ひだまり薬局　大宇陀店【5:薬局】奈良県宇陀市大宇陀拾生１８５７－１" }, "geometry": { "type": "Point", "coordinates": [ 135.933166, 34.477351 ] } },
{ "type": "Feature", "properties": { "ID": "2957339700000", "正式名称": "かりん薬局　広陵店", "機関区分": 5, "都道府県コード": 29, "市区町村コード": 426, "所在地": "奈良県北葛城郡広陵町南郷６７６－１", "緯度": 34.542331, "経度": 135.748243, "url": "https://www.iryou.teikyouseido.mhlw.go.jp/znk-web/juminkanja/S2430/initialize?prefCd=29&kikanCd=7339700000&kikanKbn=5", "url2": "https://www.karin-pharmacy.com/", "内容": "かりん薬局　広陵店【5:薬局】奈良県北葛城郡広陵町南郷６７６－１" }, "geometry": { "type": "Point", "coordinates": [ 135.748243, 34.542331 ] } },
{ "type": "Feature", "properties": { "ID": "2957339900000", "正式名称": "エムズドラッグ学園大和薬局", "機関区分": 5, "都道府県コード": 29, "市区町村コード": 201, "所在地": "奈良県奈良市学園大和町１５４２－４４", "緯度": 34.687433, "経度": 135.746785, "url": "https://www.iryou.teikyouseido.mhlw.go.jp/znk-web/juminkanja/S2430/initialize?prefCd=29&kikanCd=7339900000&kikanKbn=5", "url2": "http://www.ms-drug.com/", "内容": "エムズドラッグ学園大和薬局【5:薬局】奈良県奈良市学園大和町１５４２－４４" }, "geometry": { "type": "Point", "coordinates": [ 135.746785, 34.687433 ] } },
{ "type": "Feature", "properties": { "ID": "2957340100000", "正式名称": "えふ東薬局", "機関区分": 5, "都道府県コード": 29, "市区町村コード": 204, "所在地": "奈良県天理市西長柄町１７８", "緯度": 34.570044, "経度": 135.823808, "url": "https://www.iryou.teikyouseido.mhlw.go.jp/znk-web/juminkanja/S2430/initialize?prefCd=29&kikanCd=7340100000&kikanKbn=5", "url2": "https://pharmix2017.wixsite.com/hayato", "内容": "えふ東薬局【5:薬局】奈良県天理市西長柄町１７８" }, "geometry": { "type": "Point", "coordinates": [ 135.823808, 34.570044 ] } },
{ "type": "Feature", "properties": { "ID": "2957340700000", "正式名称": "オハナ薬局　奈良三宅店", "機関区分": 5, "都道府県コード": 29, "市区町村コード": 362, "所在地": "奈良県磯城郡三宅町伴堂４１８－１", "緯度": 34.572034, "経度": 135.776888, "url": "https://www.iryou.teikyouseido.mhlw.go.jp/znk-web/juminkanja/S2430/initialize?prefCd=29&kikanCd=7340700000&kikanKbn=5", "url2": null, "内容": "オハナ薬局　奈良三宅店【5:薬局】奈良県磯城郡三宅町伴堂４１８－１" }, "geometry": { "type": "Point", "coordinates": [ 135.776888, 34.572034 ] } },
{ "type": "Feature", "properties": { "ID": "2957340800000", "正式名称": "アイセイ薬局　大和高田店", "機関区分": 5, "都道府県コード": 29, "市区町村コード": 202, "所在地": "奈良県大和高田市幸町３－１８　トナリエ大和高田３Ｆ", "緯度": 34.519104, "経度": 135.743965, "url": "https://www.iryou.teikyouseido.mhlw.go.jp/znk-web/juminkanja/S2430/initialize?prefCd=29&kikanCd=7340800000&kikanKbn=5", "url2": "https://store.aisei.co.jp/detail/553", "内容": "アイセイ薬局　大和高田店【5:薬局】奈良県大和高田市幸町３－１８　トナリエ大和高田３Ｆ" }, "geometry": { "type": "Point", "coordinates": [ 135.743965, 34.519104 ] } },
{ "type": "Feature", "properties": { "ID": "2957340900000", "正式名称": "スギ薬局　富雄三松店", "機関区分": 5, "都道府県コード": 29, "市区町村コード": 201, "所在地": "奈良県奈良市三松４－８８０－３", "緯度": 34.702501, "経度": 135.732862, "url": "https://www.iryou.teikyouseido.mhlw.go.jp/znk-web/juminkanja/S2430/initialize?prefCd=29&kikanCd=7340900000&kikanKbn=5", "url2": "http://www.drug-sugi.co.jp/", "内容": "スギ薬局　富雄三松店【5:薬局】奈良県奈良市三松４－８８０－３" }, "geometry": { "type": "Point", "coordinates": [ 135.732862, 34.702501 ] } },
{ "type": "Feature", "properties": { "ID": "2957341000000", "正式名称": "あやめ池薬局", "機関区分": 5, "都道府県コード": 29, "市区町村コード": 201, "所在地": "奈良県奈良市疋田町２－１－５", "緯度": 34.691058, "経度": 135.767787, "url": "https://www.iryou.teikyouseido.mhlw.go.jp/znk-web/juminkanja/S2430/initialize?prefCd=29&kikanCd=7341000000&kikanKbn=5", "url2": "https://ayame.housono.com/", "内容": "あやめ池薬局【5:薬局】奈良県奈良市疋田町２－１－５" }, "geometry": { "type": "Point", "coordinates": [ 135.767787, 34.691058 ] } },
{ "type": "Feature", "properties": { "ID": "2957341500000", "正式名称": "フロンティア薬局　大和高田神楽店", "機関区分": 5, "都道府県コード": 29, "市区町村コード": 202, "所在地": "奈良県大和高田市神楽２丁目１－２３－１", "緯度": 34.520773, "経度": 135.742671, "url": "https://www.iryou.teikyouseido.mhlw.go.jp/znk-web/juminkanja/S2430/initialize?prefCd=29&kikanCd=7341500000&kikanKbn=5", "url2": "https://www.frontier-ph.com", "内容": "フロンティア薬局　大和高田神楽店【5:薬局】奈良県大和高田市神楽２丁目１－２３－１" }, "geometry": { "type": "Point", "coordinates": [ 135.742671, 34.520773 ] } },
{ "type": "Feature", "properties": { "ID": "2957341600000", "正式名称": "ウエルシア薬局　大和高田大中東店", "機関区分": 5, "都道府県コード": 29, "市区町村コード": 202, "所在地": "奈良県大和高田市大中東町１－３３", "緯度": 34.515164, "経度": 135.73986, "url": "https://www.iryou.teikyouseido.mhlw.go.jp/znk-web/juminkanja/S2430/initialize?prefCd=29&kikanCd=7341600000&kikanKbn=5", "url2": null, "内容": "ウエルシア薬局　大和高田大中東店【5:薬局】奈良県大和高田市大中東町１－３３" }, "geometry": { "type": "Point", "coordinates": [ 135.73986, 34.515164 ] } },
{ "type": "Feature", "properties": { "ID": "2957341800000", "正式名称": "八木ほうもん薬局", "機関区分": 5, "都道府県コード": 29, "市区町村コード": 205, "所在地": "奈良県橿原市内膳町１－１－４４　エムアイビル３階", "緯度": 34.51165, "経度": 135.793124, "url": "https://www.iryou.teikyouseido.mhlw.go.jp/znk-web/juminkanja/S2430/initialize?prefCd=29&kikanCd=7341800000&kikanKbn=5", "url2": "https://s-m.click", "内容": "八木ほうもん薬局【5:薬局】奈良県橿原市内膳町１－１－４４　エムアイビル３階" }, "geometry": { "type": "Point", "coordinates": [ 135.793124, 34.51165 ] } },
{ "type": "Feature", "properties": { "ID": "2957341900000", "正式名称": "さかうえ薬局", "機関区分": 5, "都道府県コード": 29, "市区町村コード": 207, "所在地": "奈良県五條市住川町３４０－５", "緯度": 34.379338, "経度": 135.716618, "url": "https://www.iryou.teikyouseido.mhlw.go.jp/znk-web/juminkanja/S2430/initialize?prefCd=29&kikanCd=7341900000&kikanKbn=5", "url2": "https://www.e-classa.net/sakaue_pharmacy", "内容": "さかうえ薬局【5:薬局】奈良県五條市住川町３４０－５" }, "geometry": { "type": "Point", "coordinates": [ 135.716618, 34.379338 ] } },
{ "type": "Feature", "properties": { "ID": "2957342300000", "正式名称": "スギ薬局　南京終町店", "機関区分": 5, "都道府県コード": 29, "市区町村コード": 201, "所在地": "奈良県奈良市南京終町１－１７４－２", "緯度": 34.670005, "経度": 135.823418, "url": "https://www.iryou.teikyouseido.mhlw.go.jp/znk-web/juminkanja/S2430/initialize?prefCd=29&kikanCd=7342300000&kikanKbn=5", "url2": "https://www.sugi-net.jp/tenpo/detail/1277.html", "内容": "スギ薬局　南京終町店【5:薬局】奈良県奈良市南京終町１－１７４－２" }, "geometry": { "type": "Point", "coordinates": [ 135.823418, 34.670005 ] } },
{ "type": "Feature", "properties": { "ID": "2957342400000", "正式名称": "クスリのアオキ斑鳩薬局", "機関区分": 5, "都道府県コード": 29, "市区町村コード": 344, "所在地": "奈良県生駒郡斑鳩町龍田西５丁目７番２号", "緯度": 34.607079, "経度": 135.714578, "url": "https://www.iryou.teikyouseido.mhlw.go.jp/znk-web/juminkanja/S2430/initialize?prefCd=29&kikanCd=7342400000&kikanKbn=5", "url2": "https://www.kusuri-aoki.co.jp/", "内容": "クスリのアオキ斑鳩薬局【5:薬局】奈良県生駒郡斑鳩町龍田西５丁目７番２号" }, "geometry": { "type": "Point", "coordinates": [ 135.714578, 34.607079 ] } },
{ "type": "Feature", "properties": { "ID": "2957342500000", "正式名称": "オレンジ薬局　信貴山店", "機関区分": 5, "都道府県コード": 29, "市区町村コード": 343, "所在地": "奈良県生駒郡三郷町勢野北４－３－５", "緯度": 34.606357, "経度": 135.685711, "url": "https://www.iryou.teikyouseido.mhlw.go.jp/znk-web/juminkanja/S2430/initialize?prefCd=29&kikanCd=7342500000&kikanKbn=5", "url2": "http://genkiorange.com/", "内容": "オレンジ薬局　信貴山店【5:薬局】奈良県生駒郡三郷町勢野北４－３－５" }, "geometry": { "type": "Point", "coordinates": [ 135.685711, 34.606357 ] } },
{ "type": "Feature", "properties": { "ID": "2957342600000", "正式名称": "たんぽぽ薬局　吉野店", "機関区分": 5, "都道府県コード": 29, "市区町村コード": 441, "所在地": "奈良県吉野郡吉野町丹治１３５－２", "緯度": 34.389999, "経度": 135.847641, "url": "https://www.iryou.teikyouseido.mhlw.go.jp/znk-web/juminkanja/S2430/initialize?prefCd=29&kikanCd=7342600000&kikanKbn=5", "url2": "http://www.tanpopo-ph.co.jp", "内容": "たんぽぽ薬局　吉野店【5:薬局】奈良県吉野郡吉野町丹治１３５－２" }, "geometry": { "type": "Point", "coordinates": [ 135.847641, 34.389999 ] } },
{ "type": "Feature", "properties": { "ID": "2957342800000", "正式名称": "江見薬局本町", "機関区分": 5, "都道府県コード": 29, "市区町村コード": 425, "所在地": "奈良県北葛城郡王寺町本町４－６－１６", "緯度": 34.583382, "経度": 135.704743, "url": "https://www.iryou.teikyouseido.mhlw.go.jp/znk-web/juminkanja/S2430/initialize?prefCd=29&kikanCd=7342800000&kikanKbn=5", "url2": null, "内容": "江見薬局本町【5:薬局】奈良県北葛城郡王寺町本町４－６－１６" }, "geometry": { "type": "Point", "coordinates": [ 135.704743, 34.583382 ] } },
{ "type": "Feature", "properties": { "ID": "2957343100000", "正式名称": "さなえ薬局", "機関区分": 5, "都道府県コード": 29, "市区町村コード": 203, "所在地": "奈良県大和郡山市小泉町２３５６－５", "緯度": 34.625486, "経度": 135.7531, "url": "https://www.iryou.teikyouseido.mhlw.go.jp/znk-web/juminkanja/S2430/initialize?prefCd=29&kikanCd=7343100000&kikanKbn=5", "url2": "http://www.sanae.her.jp", "内容": "さなえ薬局【5:薬局】奈良県大和郡山市小泉町２３５６－５" }, "geometry": { "type": "Point", "coordinates": [ 135.7531, 34.625486 ] } },
{ "type": "Feature", "properties": { "ID": "2957343200000", "正式名称": "幸生堂薬局", "機関区分": 5, "都道府県コード": 29, "市区町村コード": 205, "所在地": "奈良県橿原市石川町４２２－１", "緯度": 34.482961, "経度": 135.79727, "url": "https://www.iryou.teikyouseido.mhlw.go.jp/znk-web/juminkanja/S2430/initialize?prefCd=29&kikanCd=7343200000&kikanKbn=5", "url2": "https://www.pharmarise.com/company/group/store.php?group_id=35", "内容": "幸生堂薬局【5:薬局】奈良県橿原市石川町４２２－１" }, "geometry": { "type": "Point", "coordinates": [ 135.79727, 34.482961 ] } },
{ "type": "Feature", "properties": { "ID": "2957343300000", "正式名称": "ゆう薬局", "機関区分": 5, "都道府県コード": 29, "市区町村コード": 206, "所在地": "奈良県桜井市三輪４６－１", "緯度": 34.522408, "経度": 135.843566, "url": "https://www.iryou.teikyouseido.mhlw.go.jp/znk-web/juminkanja/S2430/initialize?prefCd=29&kikanCd=7343300000&kikanKbn=5", "url2": null, "内容": "ゆう薬局【5:薬局】奈良県桜井市三輪４６－１" }, "geometry": { "type": "Point", "coordinates": [ 135.843566, 34.522408 ] } },
{ "type": "Feature", "properties": { "ID": "2957343400000", "正式名称": "クスリのアオキ八木薬局", "機関区分": 5, "都道府県コード": 29, "市区町村コード": 205, "所在地": "奈良県橿原市小綱町１２番６号", "緯度": 34.510993, "経度": 135.7845, "url": "https://www.iryou.teikyouseido.mhlw.go.jp/znk-web/juminkanja/S2430/initialize?prefCd=29&kikanCd=7343400000&kikanKbn=5", "url2": "https://www.kusuri-aoki.co.jp/", "内容": "クスリのアオキ八木薬局【5:薬局】奈良県橿原市小綱町１２番６号" }, "geometry": { "type": "Point", "coordinates": [ 135.7845, 34.510993 ] } },
{ "type": "Feature", "properties": { "ID": "2957343600000", "正式名称": "ハートフル薬局", "機関区分": 5, "都道府県コード": 29, "市区町村コード": 203, "所在地": "奈良県大和郡山市外川町７５－１", "緯度": 34.645003, "経度": 135.767648, "url": "https://www.iryou.teikyouseido.mhlw.go.jp/znk-web/juminkanja/S2430/initialize?prefCd=29&kikanCd=7343600000&kikanKbn=5", "url2": null, "内容": "ハートフル薬局【5:薬局】奈良県大和郡山市外川町７５－１" }, "geometry": { "type": "Point", "coordinates": [ 135.767648, 34.645003 ] } },
{ "type": "Feature", "properties": { "ID": "2957343800000", "正式名称": "日本調剤　キヨスミ　薬局", "機関区分": 5, "都道府県コード": 29, "市区町村コード": 203, "所在地": "奈良県大和郡山市本庄町２－１", "緯度": 34.637317, "経度": 135.785696, "url": "https://www.iryou.teikyouseido.mhlw.go.jp/znk-web/juminkanja/S2430/initialize?prefCd=29&kikanCd=7343800000&kikanKbn=5", "url2": "https://www.nicho.co.jp", "内容": "日本調剤　キヨスミ　薬局【5:薬局】奈良県大和郡山市本庄町２－１" }, "geometry": { "type": "Point", "coordinates": [ 135.785696, 34.637317 ] } },
{ "type": "Feature", "properties": { "ID": "2957344000000", "正式名称": "学園前薬局", "機関区分": 5, "都道府県コード": 29, "市区町村コード": 201, "所在地": "奈良県奈良市学園北２－１－５ローレルコート学園前１階", "緯度": 34.697697, "経度": 135.751618, "url": "https://www.iryou.teikyouseido.mhlw.go.jp/znk-web/juminkanja/S2430/initialize?prefCd=29&kikanCd=7344000000&kikanKbn=5", "url2": "https://s-m.click", "内容": "学園前薬局【5:薬局】奈良県奈良市学園北２－１－５ローレルコート学園前１階" }, "geometry": { "type": "Point", "coordinates": [ 135.751618, 34.697697 ] } },
{ "type": "Feature", "properties": { "ID": "2957344100000", "正式名称": "さわらび漢方薬局", "機関区分": 5, "都道府県コード": 29, "市区町村コード": 201, "所在地": "奈良県奈良市西登美ケ丘１－４－８", "緯度": 34.714273, "経度": 135.744809, "url": "https://www.iryou.teikyouseido.mhlw.go.jp/znk-web/juminkanja/S2430/initialize?prefCd=29&kikanCd=7344100000&kikanKbn=5", "url2": "https://sawarabi-kanpo.com", "内容": "さわらび漢方薬局【5:薬局】奈良県奈良市西登美ケ丘１－４－８" }, "geometry": { "type": "Point", "coordinates": [ 135.744809, 34.714273 ] } },
{ "type": "Feature", "properties": { "ID": "2957344200000", "正式名称": "サン薬局　香芝南店", "機関区分": 5, "都道府県コード": 29, "市区町村コード": 210, "所在地": "奈良県香芝市上中８４１－３－２", "緯度": 34.553022, "経度": 135.699804, "url": "https://www.iryou.teikyouseido.mhlw.go.jp/znk-web/juminkanja/S2430/initialize?prefCd=29&kikanCd=7344200000&kikanKbn=5", "url2": "http://kansaimedico.com/", "内容": "サン薬局　香芝南店【5:薬局】奈良県香芝市上中８４１－３－２" }, "geometry": { "type": "Point", "coordinates": [ 135.699804, 34.553022 ] } },
{ "type": "Feature", "properties": { "ID": "2957344600000", "正式名称": "きらら薬局医大前店", "機関区分": 5, "都道府県コード": 29, "市区町村コード": 205, "所在地": "奈良県橿原市兵部町７－２", "緯度": 34.505664, "経度": 135.791888, "url": "https://www.iryou.teikyouseido.mhlw.go.jp/znk-web/juminkanja/S2430/initialize?prefCd=29&kikanCd=7344600000&kikanKbn=5", "url2": "www.bikkury.co.jp", "内容": "きらら薬局医大前店【5:薬局】奈良県橿原市兵部町７－２" }, "geometry": { "type": "Point", "coordinates": [ 135.791888, 34.505664 ] } },
{ "type": "Feature", "properties": { "ID": "2957344800000", "正式名称": "いろは薬局", "機関区分": 5, "都道府県コード": 29, "市区町村コード": 203, "所在地": "奈良県大和郡山市九条平野町３－２５－１", "緯度": 34.659434, "経度": 135.782089, "url": "https://www.iryou.teikyouseido.mhlw.go.jp/znk-web/juminkanja/S2430/initialize?prefCd=29&kikanCd=7344800000&kikanKbn=5", "url2": "http://horiuchillc.com/%e5%ba%97%e8%88%97%e6%a4%9c%e7%b4%a2/iroha-ph", "内容": "いろは薬局【5:薬局】奈良県大和郡山市九条平野町３－２５－１" }, "geometry": { "type": "Point", "coordinates": [ 135.782089, 34.659434 ] } },
{ "type": "Feature", "properties": { "ID": "2957345100000", "正式名称": "ウエルシア薬局　橿原今井店", "機関区分": 5, "都道府県コード": 29, "市区町村コード": 205, "所在地": "奈良県橿原市今井町３－１０－２１", "緯度": 34.505313, "経度": 135.783005, "url": "https://www.iryou.teikyouseido.mhlw.go.jp/znk-web/juminkanja/S2430/initialize?prefCd=29&kikanCd=7345100000&kikanKbn=5", "url2": "https://www.welcia-yakkyoku.co.jp/", "内容": "ウエルシア薬局　橿原今井店【5:薬局】奈良県橿原市今井町３－１０－２１" }, "geometry": { "type": "Point", "coordinates": [ 135.783005, 34.505313 ] } },
{ "type": "Feature", "properties": { "ID": "2957345200000", "正式名称": "自分薬局　阪奈西大寺", "機関区分": 5, "都道府県コード": 29, "市区町村コード": 201, "所在地": "奈良県奈良市菅原東２－１８－１９", "緯度": 34.68607, "経度": 135.777941, "url": "https://www.iryou.teikyouseido.mhlw.go.jp/znk-web/juminkanja/S2430/initialize?prefCd=29&kikanCd=7345200000&kikanKbn=5", "url2": "https://jibun-pharmacy.com/", "内容": "自分薬局　阪奈西大寺【5:薬局】奈良県奈良市菅原東２－１８－１９" }, "geometry": { "type": "Point", "coordinates": [ 135.777941, 34.68607 ] } },
{ "type": "Feature", "properties": { "ID": "2957346000000", "正式名称": "かしの木薬局　鹿ノ台店", "機関区分": 5, "都道府県コード": 29, "市区町村コード": 209, "所在地": "奈良県生駒市鹿ノ台西１－１－１８", "緯度": 34.734705, "経度": 135.748985, "url": "https://www.iryou.teikyouseido.mhlw.go.jp/znk-web/juminkanja/S2430/initialize?prefCd=29&kikanCd=7346000000&kikanKbn=5", "url2": null, "内容": "かしの木薬局　鹿ノ台店【5:薬局】奈良県生駒市鹿ノ台西１－１－１８" }, "geometry": { "type": "Point", "coordinates": [ 135.748985, 34.734705 ] } },
{ "type": "Feature", "properties": { "ID": "2957346300000", "正式名称": "バンビーノ薬局", "機関区分": 5, "都道府県コード": 29, "市区町村コード": 202, "所在地": "奈良県大和高田市春日町２－１－６０", "緯度": 34.504415, "経度": 135.739643, "url": "https://www.iryou.teikyouseido.mhlw.go.jp/znk-web/juminkanja/S2430/initialize?prefCd=29&kikanCd=7346300000&kikanKbn=5", "url2": "https://www.marinegroup.jp/detail/%E3%83%90%E3%83%B3%E3%83%93%E3%83%BC%E3%83%8E%E8%96%AC%E5%B1%80/", "内容": "バンビーノ薬局【5:薬局】奈良県大和高田市春日町２－１－６０" }, "geometry": { "type": "Point", "coordinates": [ 135.739643, 34.504415 ] } },
{ "type": "Feature", "properties": { "ID": "2957346700000", "正式名称": "こじか漢方薬局", "機関区分": 5, "都道府県コード": 29, "市区町村コード": 201, "所在地": "奈良県奈良市法蓮町４２１－４", "緯度": 34.691393, "経度": 135.813239, "url": "https://www.iryou.teikyouseido.mhlw.go.jp/znk-web/juminkanja/S2430/initialize?prefCd=29&kikanCd=7346700000&kikanKbn=5", "url2": "https://www.naracojica.com", "内容": "こじか漢方薬局【5:薬局】奈良県奈良市法蓮町４２１－４" }, "geometry": { "type": "Point", "coordinates": [ 135.813239, 34.691393 ] } },
{ "type": "Feature", "properties": { "ID": "2957346900000", "正式名称": "スギ薬局　登美ヶ丘店", "機関区分": 5, "都道府県コード": 29, "市区町村コード": 201, "所在地": "奈良県奈良市中登美ケ丘三丁目１番地", "緯度": 34.722228, "経度": 135.749877, "url": "https://www.iryou.teikyouseido.mhlw.go.jp/znk-web/juminkanja/S2430/initialize?prefCd=29&kikanCd=7346900000&kikanKbn=5", "url2": "https://www.sugi-net.jp/tenpo/detail/1403.html", "内容": "スギ薬局　登美ヶ丘店【5:薬局】奈良県奈良市中登美ケ丘三丁目１番地" }, "geometry": { "type": "Point", "coordinates": [ 135.749877, 34.722228 ] } },
{ "type": "Feature", "properties": { "ID": "2957347200000", "正式名称": "かしの木薬局", "機関区分": 5, "都道府県コード": 29, "市区町村コード": 210, "所在地": "奈良県香芝市真美ケ丘１－１３－１２", "緯度": 34.542577, "経度": 135.71921, "url": "https://www.iryou.teikyouseido.mhlw.go.jp/znk-web/juminkanja/S2430/initialize?prefCd=29&kikanCd=7347200000&kikanKbn=5", "url2": null, "内容": "かしの木薬局【5:薬局】奈良県香芝市真美ケ丘１－１３－１２" }, "geometry": { "type": "Point", "coordinates": [ 135.71921, 34.542577 ] } },
{ "type": "Feature", "properties": { "ID": "2957347300000", "正式名称": "株式会社　染川薬局", "機関区分": 5, "都道府県コード": 29, "市区町村コード": 201, "所在地": "奈良県奈良市中山町西４－４５６－５", "緯度": 34.711593, "経度": 135.758022, "url": "https://www.iryou.teikyouseido.mhlw.go.jp/znk-web/juminkanja/S2430/initialize?prefCd=29&kikanCd=7347300000&kikanKbn=5", "url2": null, "内容": "株式会社　染川薬局【5:薬局】奈良県奈良市中山町西４－４５６－５" }, "geometry": { "type": "Point", "coordinates": [ 135.758022, 34.711593 ] } },
{ "type": "Feature", "properties": { "ID": "2957347600000", "正式名称": "ウエルシア薬局　奈良法蓮店", "機関区分": 5, "都道府県コード": 29, "市区町村コード": 201, "所在地": "奈良県奈良市法蓮町７０５－１", "緯度": 34.691993, "経度": 135.816981, "url": "https://www.iryou.teikyouseido.mhlw.go.jp/znk-web/juminkanja/S2430/initialize?prefCd=29&kikanCd=7347600000&kikanKbn=5", "url2": "https://www.welcia-yakkyoku.co.jp/", "内容": "ウエルシア薬局　奈良法蓮店【5:薬局】奈良県奈良市法蓮町７０５－１" }, "geometry": { "type": "Point", "coordinates": [ 135.816981, 34.691993 ] } },
{ "type": "Feature", "properties": { "ID": "2957347700000", "正式名称": "サン薬局　高取店", "機関区分": 5, "都道府県コード": 29, "市区町村コード": 401, "所在地": "奈良県高市郡高取町兵庫２２６", "緯度": 34.447609, "経度": 135.776889, "url": "https://www.iryou.teikyouseido.mhlw.go.jp/znk-web/juminkanja/S2430/initialize?prefCd=29&kikanCd=7347700000&kikanKbn=5", "url2": "http://kansaimedico.com/", "内容": "サン薬局　高取店【5:薬局】奈良県高市郡高取町兵庫２２６" }, "geometry": { "type": "Point", "coordinates": [ 135.776889, 34.447609 ] } },
{ "type": "Feature", "properties": { "ID": "2957348100000", "正式名称": "岡田薬局", "機関区分": 5, "都道府県コード": 29, "市区町村コード": 344, "所在地": "奈良県生駒郡斑鳩町興留５－１１－２４", "緯度": 34.603487, "経度": 135.737785, "url": "https://www.iryou.teikyouseido.mhlw.go.jp/znk-web/juminkanja/S2430/initialize?prefCd=29&kikanCd=7348100000&kikanKbn=5", "url2": "fukushi-pharmacy.com", "内容": "岡田薬局【5:薬局】奈良県生駒郡斑鳩町興留５－１１－２４" }, "geometry": { "type": "Point", "coordinates": [ 135.737785, 34.603487 ] } },
{ "type": "Feature", "properties": { "ID": "2957348200000", "正式名称": "はる薬局　はた店", "機関区分": 5, "都道府県コード": 29, "市区町村コード": 210, "所在地": "奈良県香芝市畑３－９２６－４", "緯度": 34.541504, "経度": 135.693851, "url": "https://www.iryou.teikyouseido.mhlw.go.jp/znk-web/juminkanja/S2430/initialize?prefCd=29&kikanCd=7348200000&kikanKbn=5", "url2": "https://hatano-ph.com/", "内容": "はる薬局　はた店【5:薬局】奈良県香芝市畑３－９２６－４" }, "geometry": { "type": "Point", "coordinates": [ 135.693851, 34.541504 ] } },
{ "type": "Feature", "properties": { "ID": "2957348700000", "正式名称": "サン薬局　北大和店", "機関区分": 5, "都道府県コード": 29, "市区町村コード": 209, "所在地": "奈良県生駒市北大和１－２３－１", "緯度": 34.726052, "経度": 135.729102, "url": "https://www.iryou.teikyouseido.mhlw.go.jp/znk-web/juminkanja/S2430/initialize?prefCd=29&kikanCd=7348700000&kikanKbn=5", "url2": "http://kansaimedico.com/", "内容": "サン薬局　北大和店【5:薬局】奈良県生駒市北大和１－２３－１" }, "geometry": { "type": "Point", "coordinates": [ 135.729102, 34.726052 ] } },
{ "type": "Feature", "properties": { "ID": "2957348800000", "正式名称": "スギ薬局　東生駒店", "機関区分": 5, "都道府県コード": 29, "市区町村コード": 209, "所在地": "奈良県生駒市東菜畑１－２５６", "緯度": 34.686434, "経度": 135.712297, "url": "https://www.iryou.teikyouseido.mhlw.go.jp/znk-web/juminkanja/S2430/initialize?prefCd=29&kikanCd=7348800000&kikanKbn=5", "url2": "http://drug-sugi.co.jp/", "内容": "スギ薬局　東生駒店【5:薬局】奈良県生駒市東菜畑１－２５６" }, "geometry": { "type": "Point", "coordinates": [ 135.712297, 34.686434 ] } },
{ "type": "Feature", "properties": { "ID": "2957349000000", "正式名称": "サン薬局　天理東２号店", "機関区分": 5, "都道府県コード": 29, "市区町村コード": 204, "所在地": "奈良県天理市森本町１０－５", "緯度": 34.635063, "経度": 135.830284, "url": "https://www.iryou.teikyouseido.mhlw.go.jp/znk-web/juminkanja/S2430/initialize?prefCd=29&kikanCd=7349000000&kikanKbn=5", "url2": "http://kansaimedico.com/", "内容": "サン薬局　天理東２号店【5:薬局】奈良県天理市森本町１０－５" }, "geometry": { "type": "Point", "coordinates": [ 135.830284, 34.635063 ] } },
{ "type": "Feature", "properties": { "ID": "2957349100000", "正式名称": "コトブキ薬局王寺店", "機関区分": 5, "都道府県コード": 29, "市区町村コード": 425, "所在地": "奈良県北葛城郡王寺町王寺２－１０－１６", "緯度": 34.596052, "経度": 135.703018, "url": "https://www.iryou.teikyouseido.mhlw.go.jp/znk-web/juminkanja/S2430/initialize?prefCd=29&kikanCd=7349100000&kikanKbn=5", "url2": "http://www.hanshin-dp.co.jp/shop/info.php?id=118", "内容": "コトブキ薬局王寺店【5:薬局】奈良県北葛城郡王寺町王寺２－１０－１６" }, "geometry": { "type": "Point", "coordinates": [ 135.703018, 34.596052 ] } },
{ "type": "Feature", "properties": { "ID": "2957349200000", "正式名称": "阪神調剤薬局　上牧店", "機関区分": 5, "都道府県コード": 29, "市区町村コード": 424, "所在地": "奈良県北葛城郡上牧町服部台５－２－２", "緯度": 34.569364, "経度": 135.715349, "url": "https://www.iryou.teikyouseido.mhlw.go.jp/znk-web/juminkanja/S2430/initialize?prefCd=29&kikanCd=7349200000&kikanKbn=5", "url2": null, "内容": "阪神調剤薬局　上牧店【5:薬局】奈良県北葛城郡上牧町服部台５－２－２" }, "geometry": { "type": "Point", "coordinates": [ 135.715349, 34.569364 ] } },
{ "type": "Feature", "properties": { "ID": "2957349600000", "正式名称": "ハート薬局　葛城店", "機関区分": 5, "都道府県コード": 29, "市区町村コード": 211, "所在地": "奈良県葛城市疋田６８４－２", "緯度": 34.502443, "経度": 135.724861, "url": "https://www.iryou.teikyouseido.mhlw.go.jp/znk-web/juminkanja/S2430/initialize?prefCd=29&kikanCd=7349600000&kikanKbn=5", "url2": "https://heart-kashiba.com", "内容": "ハート薬局　葛城店【5:薬局】奈良県葛城市疋田６８４－２" }, "geometry": { "type": "Point", "coordinates": [ 135.724861, 34.502443 ] } },
{ "type": "Feature", "properties": { "ID": "2957349700000", "正式名称": "プリベイル株式会社　スギ薬局", "機関区分": 5, "都道府県コード": 29, "市区町村コード": 425, "所在地": "奈良県北葛城郡王寺町王寺２－６－４　クレール吉田１階", "緯度": 34.596383, "経度": 135.705899, "url": "https://www.iryou.teikyouseido.mhlw.go.jp/znk-web/juminkanja/S2430/initialize?prefCd=29&kikanCd=7349700000&kikanKbn=5", "url2": "http://sugi-pharm.com/", "内容": "プリベイル株式会社　スギ薬局【5:薬局】奈良県北葛城郡王寺町王寺２－６－４　クレール吉田１階" }, "geometry": { "type": "Point", "coordinates": [ 135.705899, 34.596383 ] } },
{ "type": "Feature", "properties": { "ID": "2957350300000", "正式名称": "阪神調剤薬局　市立奈良店", "機関区分": 5, "都道府県コード": 29, "市区町村コード": 201, "所在地": "奈良県奈良市紀寺町６８７番地３", "緯度": 34.672527, "経度": 135.834517, "url": "https://www.iryou.teikyouseido.mhlw.go.jp/znk-web/juminkanja/S2430/initialize?prefCd=29&kikanCd=7350300000&kikanKbn=5", "url2": "https://i-h-inc.co.jp/", "内容": "阪神調剤薬局　市立奈良店【5:薬局】奈良県奈良市紀寺町６８７番地３" }, "geometry": { "type": "Point", "coordinates": [ 135.834517, 34.672527 ] } },
{ "type": "Feature", "properties": { "ID": "2957350400000", "正式名称": "阪神調剤薬局　奈良県総合医療センター前店", "機関区分": 5, "都道府県コード": 29, "市区町村コード": 201, "所在地": "奈良県奈良市石木町６３６番地１", "緯度": 34.662019, "経度": 135.763612, "url": "https://www.iryou.teikyouseido.mhlw.go.jp/znk-web/juminkanja/S2430/initialize?prefCd=29&kikanCd=7350400000&kikanKbn=5", "url2": null, "内容": "阪神調剤薬局　奈良県総合医療センター前店【5:薬局】奈良県奈良市石木町６３６番地１" }, "geometry": { "type": "Point", "coordinates": [ 135.763612, 34.662019 ] } },
{ "type": "Feature", "properties": { "ID": "2957350500000", "正式名称": "コトブキ薬局　奈良店", "機関区分": 5, "都道府県コード": 29, "市区町村コード": 201, "所在地": "奈良県奈良市北市町５７番地１", "緯度": 34.688724, "経度": 135.821946, "url": "https://www.iryou.teikyouseido.mhlw.go.jp/znk-web/juminkanja/S2430/initialize?prefCd=29&kikanCd=7350500000&kikanKbn=5", "url2": null, "内容": "コトブキ薬局　奈良店【5:薬局】奈良県奈良市北市町５７番地１" }, "geometry": { "type": "Point", "coordinates": [ 135.821946, 34.688724 ] } },
{ "type": "Feature", "properties": { "ID": "2957351000000", "正式名称": "ナズミ薬局　五位堂駅前店", "機関区分": 5, "都道府県コード": 29, "市区町村コード": 210, "所在地": "奈良県香芝市瓦口２２８２番地", "緯度": 34.535977, "経度": 135.719071, "url": "https://www.iryou.teikyouseido.mhlw.go.jp/znk-web/juminkanja/S2430/initialize?prefCd=29&kikanCd=7351000000&kikanKbn=5", "url2": null, "内容": "ナズミ薬局　五位堂駅前店【5:薬局】奈良県香芝市瓦口２２８２番地" }, "geometry": { "type": "Point", "coordinates": [ 135.719071, 34.535977 ] } },
{ "type": "Feature", "properties": { "ID": "2957351100000", "正式名称": "キリン堂薬局　高畑店", "機関区分": 5, "都道府県コード": 29, "市区町村コード": 201, "所在地": "奈良県奈良市高畑町１３０－１", "緯度": 34.671678, "経度": 135.841179, "url": "https://www.iryou.teikyouseido.mhlw.go.jp/znk-web/juminkanja/S2430/initialize?prefCd=29&kikanCd=7351100000&kikanKbn=5", "url2": null, "内容": "キリン堂薬局　高畑店【5:薬局】奈良県奈良市高畑町１３０－１" }, "geometry": { "type": "Point", "coordinates": [ 135.841179, 34.671678 ] } },
{ "type": "Feature", "properties": { "ID": "2957351800000", "正式名称": "そうごう薬局　西大寺店", "機関区分": 5, "都道府県コード": 29, "市区町村コード": 201, "所在地": "奈良県奈良市西大寺南町５番２６号　Ｔ・Ｋビル西大寺ＳＯＵＴＨ１階", "緯度": 34.692252, "経度": 135.782391, "url": "https://www.iryou.teikyouseido.mhlw.go.jp/znk-web/juminkanja/S2430/initialize?prefCd=29&kikanCd=7351800000&kikanKbn=5", "url2": "https://www.sogo-medical.co.jp/sogopharmacy/shop/view/817?print=on", "内容": "そうごう薬局　西大寺店【5:薬局】奈良県奈良市西大寺南町５番２６号　Ｔ・Ｋビル西大寺ＳＯＵＴＨ１階" }, "geometry": { "type": "Point", "coordinates": [ 135.782391, 34.692252 ] } },
{ "type": "Feature", "properties": { "ID": "2957352500000", "正式名称": "スギ薬局　真美ヶ丘店", "機関区分": 5, "都道府県コード": 29, "市区町村コード": 426, "所在地": "奈良県北葛城郡広陵町馬見南１－６－２０", "緯度": 34.54148, "経度": 135.728819, "url": "https://www.iryou.teikyouseido.mhlw.go.jp/znk-web/juminkanja/S2430/initialize?prefCd=29&kikanCd=7352500000&kikanKbn=5", "url2": "http://www.drug-sugi.co.jp/", "内容": "スギ薬局　真美ヶ丘店【5:薬局】奈良県北葛城郡広陵町馬見南１－６－２０" }, "geometry": { "type": "Point", "coordinates": [ 135.728819, 34.54148 ] } },
{ "type": "Feature", "properties": { "ID": "2957352600000", "正式名称": "スギ薬局　香芝別所店", "機関区分": 5, "都道府県コード": 29, "市区町村コード": 210, "所在地": "奈良県香芝市別所１２３－１", "緯度": 34.532165, "経度": 135.725843, "url": "https://www.iryou.teikyouseido.mhlw.go.jp/znk-web/juminkanja/S2430/initialize?prefCd=29&kikanCd=7352600000&kikanKbn=5", "url2": "https://www.sugi-co.jp/", "内容": "スギ薬局　香芝別所店【5:薬局】奈良県香芝市別所１２３－１" }, "geometry": { "type": "Point", "coordinates": [ 135.725843, 34.532165 ] } },
{ "type": "Feature", "properties": { "ID": "2957352900000", "正式名称": "プラス薬局　ならまち店", "機関区分": 5, "都道府県コード": 29, "市区町村コード": 201, "所在地": "奈良県奈良市瓦堂町１５番地", "緯度": 34.674036, "経度": 135.829262, "url": "https://www.iryou.teikyouseido.mhlw.go.jp/znk-web/juminkanja/S2430/initialize?prefCd=29&kikanCd=7352900000&kikanKbn=5", "url2": null, "内容": "プラス薬局　ならまち店【5:薬局】奈良県奈良市瓦堂町１５番地" }, "geometry": { "type": "Point", "coordinates": [ 135.829262, 34.674036 ] } },
{ "type": "Feature", "properties": { "ID": "2957353100000", "正式名称": "かりん薬局", "機関区分": 5, "都道府県コード": 29, "市区町村コード": 425, "所在地": "奈良県北葛城郡王寺町久度２－２－１　りーべる王寺東館１Ｆ", "緯度": 34.598027, "経度": 135.704735, "url": "https://www.iryou.teikyouseido.mhlw.go.jp/znk-web/juminkanja/S2430/initialize?prefCd=29&kikanCd=7353100000&kikanKbn=5", "url2": "http://www.karin-pharmacy.com/", "内容": "かりん薬局【5:薬局】奈良県北葛城郡王寺町久度２－２－１　りーべる王寺東館１Ｆ" }, "geometry": { "type": "Point", "coordinates": [ 135.704735, 34.598027 ] } },
{ "type": "Feature", "properties": { "ID": "2957353300000", "正式名称": "サン薬局　郡山南店", "機関区分": 5, "都道府県コード": 29, "市区町村コード": 203, "所在地": "奈良県大和郡山市天井町２２３－５", "緯度": 34.638238, "経度": 135.786043, "url": "https://www.iryou.teikyouseido.mhlw.go.jp/znk-web/juminkanja/S2430/initialize?prefCd=29&kikanCd=7353300000&kikanKbn=5", "url2": "http://kansaimedico.com/", "内容": "サン薬局　郡山南店【5:薬局】奈良県大和郡山市天井町２２３－５" }, "geometry": { "type": "Point", "coordinates": [ 135.786043, 34.638238 ] } },
{ "type": "Feature", "properties": { "ID": "2957353500000", "正式名称": "ウエルシア薬局　奈良南肘塚店", "機関区分": 5, "都道府県コード": 29, "市区町村コード": 201, "所在地": "奈良県奈良市南肘塚町２５３番地", "緯度": 34.666698, "経度": 135.832126, "url": "https://www.iryou.teikyouseido.mhlw.go.jp/znk-web/juminkanja/S2430/initialize?prefCd=29&kikanCd=7353500000&kikanKbn=5", "url2": "https://store.welcia.co.jp/welcia/spot/detail?code=6766D", "内容": "ウエルシア薬局　奈良南肘塚店【5:薬局】奈良県奈良市南肘塚町２５３番地" }, "geometry": { "type": "Point", "coordinates": [ 135.832126, 34.666698 ] } },
{ "type": "Feature", "properties": { "ID": "2957353900000", "正式名称": "ぷれも薬局", "機関区分": 5, "都道府県コード": 29, "市区町村コード": 205, "所在地": "奈良県橿原市四条町６２７－５", "緯度": 34.503753, "経度": 135.790132, "url": "https://www.iryou.teikyouseido.mhlw.go.jp/znk-web/juminkanja/S2430/initialize?prefCd=29&kikanCd=7353900000&kikanKbn=5", "url2": "https://plemo-pharmacy.com", "内容": "ぷれも薬局【5:薬局】奈良県橿原市四条町６２７－５" }, "geometry": { "type": "Point", "coordinates": [ 135.790132, 34.503753 ] } },
{ "type": "Feature", "properties": { "ID": "2957354000000", "正式名称": "幸生堂薬局", "機関区分": 5, "都道府県コード": 29, "市区町村コード": 206, "所在地": "奈良県桜井市芝３４９", "緯度": 34.53301, "経度": 135.841425, "url": "https://www.iryou.teikyouseido.mhlw.go.jp/znk-web/juminkanja/S2430/initialize?prefCd=29&kikanCd=7354000000&kikanKbn=5", "url2": "https://www.pharmarise.com/company/group/store.php?group_id=35", "内容": "幸生堂薬局【5:薬局】奈良県桜井市芝３４９" }, "geometry": { "type": "Point", "coordinates": [ 135.841425, 34.53301 ] } },
{ "type": "Feature", "properties": { "ID": "2957354100000", "正式名称": "薬局マツモトキヨシ　じゃんぼスクエア香芝店", "機関区分": 5, "都道府県コード": 29, "市区町村コード": 210, "所在地": "奈良県香芝市磯壁３－４０－１　じゃんぼスクエア香芝１階", "緯度": 34.539009, "経度": 135.702683, "url": "https://www.iryou.teikyouseido.mhlw.go.jp/znk-web/juminkanja/S2430/initialize?prefCd=29&kikanCd=7354100000&kikanKbn=5", "url2": "https://www.matsukiyo.co.jp/", "内容": "薬局マツモトキヨシ　じゃんぼスクエア香芝店【5:薬局】奈良県香芝市磯壁３－４０－１　じゃんぼスクエア香芝１階" }, "geometry": { "type": "Point", "coordinates": [ 135.702683, 34.539009 ] } },
{ "type": "Feature", "properties": { "ID": "2957354500000", "正式名称": "木下薬局", "機関区分": 5, "都道府県コード": 29, "市区町村コード": 206, "所在地": "奈良県桜井市芝１３６０", "緯度": 34.533574, "経度": 135.841638, "url": "https://www.iryou.teikyouseido.mhlw.go.jp/znk-web/juminkanja/S2430/initialize?prefCd=29&kikanCd=7354500000&kikanKbn=5", "url2": null, "内容": "木下薬局【5:薬局】奈良県桜井市芝１３６０" }, "geometry": { "type": "Point", "coordinates": [ 135.841638, 34.533574 ] } },
{ "type": "Feature", "properties": { "ID": "2957354700000", "正式名称": "メイプルリーフ薬局　生駒店", "機関区分": 5, "都道府県コード": 29, "市区町村コード": 209, "所在地": "奈良県生駒市俵口町１０８５－１", "緯度": 34.703808, "経度": 135.6971, "url": "https://www.iryou.teikyouseido.mhlw.go.jp/znk-web/juminkanja/S2430/initialize?prefCd=29&kikanCd=7354700000&kikanKbn=5", "url2": "https://www.kraft-net.co.jp/sakura/store/4278/", "内容": "メイプルリーフ薬局　生駒店【5:薬局】奈良県生駒市俵口町１０８５－１" }, "geometry": { "type": "Point", "coordinates": [ 135.6971, 34.703808 ] } },
{ "type": "Feature", "properties": { "ID": "2957354900000", "正式名称": "オレンジ薬局　橿原うねび店", "機関区分": 5, "都道府県コード": 29, "市区町村コード": 205, "所在地": "奈良県橿原市四分町２３", "緯度": 34.496017, "経度": 135.797894, "url": "https://www.iryou.teikyouseido.mhlw.go.jp/znk-web/juminkanja/S2430/initialize?prefCd=29&kikanCd=7354900000&kikanKbn=5", "url2": "http://orangepharmacy.co.jp/", "内容": "オレンジ薬局　橿原うねび店【5:薬局】奈良県橿原市四分町２３" }, "geometry": { "type": "Point", "coordinates": [ 135.797894, 34.496017 ] } },
{ "type": "Feature", "properties": { "ID": "2957355000000", "正式名称": "さくら薬局　葛城忍海店", "機関区分": 5, "都道府県コード": 29, "市区町村コード": 211, "所在地": "奈良県葛城市忍海３１５－２", "緯度": 34.475647, "経度": 135.729624, "url": "https://www.iryou.teikyouseido.mhlw.go.jp/znk-web/juminkanja/S2430/initialize?prefCd=29&kikanCd=7355000000&kikanKbn=5", "url2": "https://www.kraft-net.co.jp/sakura/store/4187/", "内容": "さくら薬局　葛城忍海店【5:薬局】奈良県葛城市忍海３１５－２" }, "geometry": { "type": "Point", "coordinates": [ 135.729624, 34.475647 ] } },
{ "type": "Feature", "properties": { "ID": "2957355100000", "正式名称": "ウエルシア薬局　上牧片岡台店", "機関区分": 5, "都道府県コード": 29, "市区町村コード": 424, "所在地": "奈良県北葛城郡上牧町片岡台３－３－１", "緯度": 34.576556, "経度": 135.71465, "url": "https://www.iryou.teikyouseido.mhlw.go.jp/znk-web/juminkanja/S2430/initialize?prefCd=29&kikanCd=7355100000&kikanKbn=5", "url2": "http://www.welcia-yakkyoku,co,jp", "内容": "ウエルシア薬局　上牧片岡台店【5:薬局】奈良県北葛城郡上牧町片岡台３－３－１" }, "geometry": { "type": "Point", "coordinates": [ 135.71465, 34.576556 ] } },
{ "type": "Feature", "properties": { "ID": "2957355200000", "正式名称": "さくら薬局　葛城北花内店", "機関区分": 5, "都道府県コード": 29, "市区町村コード": 211, "所在地": "奈良県葛城市北花内６９１－３", "緯度": 34.485518, "経度": 135.731965, "url": "https://www.iryou.teikyouseido.mhlw.go.jp/znk-web/juminkanja/S2430/initialize?prefCd=29&kikanCd=7355200000&kikanKbn=5", "url2": "https://www.kraft-net.co.jp/sakura/store/4188/", "内容": "さくら薬局　葛城北花内店【5:薬局】奈良県葛城市北花内６９１－３" }, "geometry": { "type": "Point", "coordinates": [ 135.731965, 34.485518 ] } },
{ "type": "Feature", "properties": { "ID": "2957355300000", "正式名称": "メイプルリーフ薬局　押熊店", "機関区分": 5, "都道府県コード": 29, "市区町村コード": 201, "所在地": "奈良県奈良市押熊町１１５３番地", "緯度": 34.722763, "経度": 135.769833, "url": "https://www.iryou.teikyouseido.mhlw.go.jp/znk-web/juminkanja/S2430/initialize?prefCd=29&kikanCd=7355300000&kikanKbn=5", "url2": "http://www.kraft-net.co.jp/sakura/store/4279/", "内容": "メイプルリーフ薬局　押熊店【5:薬局】奈良県奈良市押熊町１１５３番地" }, "geometry": { "type": "Point", "coordinates": [ 135.769833, 34.722763 ] } },
{ "type": "Feature", "properties": { "ID": "2957355400000", "正式名称": "メイプルリーフ薬局　朱雀店", "機関区分": 5, "都道府県コード": 29, "市区町村コード": 201, "所在地": "奈良県奈良市朱雀一丁目５番地１７", "緯度": 34.712917, "経度": 135.797746, "url": "https://www.iryou.teikyouseido.mhlw.go.jp/znk-web/juminkanja/S2430/initialize?prefCd=29&kikanCd=7355400000&kikanKbn=5", "url2": "http://www.kraft-net.co.jp/sakura/store/4280/", "内容": "メイプルリーフ薬局　朱雀店【5:薬局】奈良県奈良市朱雀一丁目５番地１７" }, "geometry": { "type": "Point", "coordinates": [ 135.797746, 34.712917 ] } },
{ "type": "Feature", "properties": { "ID": "2957356100000", "正式名称": "スマイル薬局片塩店", "機関区分": 5, "都道府県コード": 29, "市区町村コード": 202, "所在地": "奈良県大和高田市片塩町１１番１８号", "緯度": 34.508716, "経度": 135.743727, "url": "https://www.iryou.teikyouseido.mhlw.go.jp/znk-web/juminkanja/S2430/initialize?prefCd=29&kikanCd=7356100000&kikanKbn=5", "url2": null, "内容": "スマイル薬局片塩店【5:薬局】奈良県大和高田市片塩町１１番１８号" }, "geometry": { "type": "Point", "coordinates": [ 135.743727, 34.508716 ] } },
{ "type": "Feature", "properties": { "ID": "2957356600000", "正式名称": "天理さなえ薬局", "機関区分": 5, "都道府県コード": 29, "市区町村コード": 204, "所在地": "奈良県天理市丹波市町３０２－４　森田ビル１階", "緯度": 34.596663, "経度": 135.835964, "url": "https://www.iryou.teikyouseido.mhlw.go.jp/znk-web/juminkanja/S2430/initialize?prefCd=29&kikanCd=7356600000&kikanKbn=5", "url2": "https://sanae.her.jp/", "内容": "天理さなえ薬局【5:薬局】奈良県天理市丹波市町３０２－４　森田ビル１階" }, "geometry": { "type": "Point", "coordinates": [ 135.835964, 34.596663 ] } },
{ "type": "Feature", "properties": { "ID": "2957356700000", "正式名称": "ウエルシア薬局　奈良法華寺店", "機関区分": 5, "都道府県コード": 29, "市区町村コード": 201, "所在地": "奈良県奈良市法華寺町８３番地５号　１階", "緯度": 34.688201, "経度": 135.810801, "url": "https://www.iryou.teikyouseido.mhlw.go.jp/znk-web/juminkanja/S2430/initialize?prefCd=29&kikanCd=7356700000&kikanKbn=5", "url2": "https://store.welcia.co.jp/welcia/spot/detail?code=3746D", "内容": "ウエルシア薬局　奈良法華寺店【5:薬局】奈良県奈良市法華寺町８３番地５号　１階" }, "geometry": { "type": "Point", "coordinates": [ 135.810801, 34.688201 ] } },
{ "type": "Feature", "properties": { "ID": "2957357200000", "正式名称": "オレンジ薬局　三郷店", "機関区分": 5, "都道府県コード": 29, "市区町村コード": 343, "所在地": "奈良県生駒郡三郷町立野南２－８－１２　和栄ビル１階", "緯度": 34.589894, "経度": 135.686805, "url": "https://www.iryou.teikyouseido.mhlw.go.jp/znk-web/juminkanja/S2430/initialize?prefCd=29&kikanCd=7357200000&kikanKbn=5", "url2": "http://orangepharmacy.co.jp/", "内容": "オレンジ薬局　三郷店【5:薬局】奈良県生駒郡三郷町立野南２－８－１２　和栄ビル１階" }, "geometry": { "type": "Point", "coordinates": [ 135.686805, 34.589894 ] } },
{ "type": "Feature", "properties": { "ID": "2957357300000", "正式名称": "アイン薬局生駒店", "機関区分": 5, "都道府県コード": 29, "市区町村コード": 209, "所在地": "奈良県生駒市元町１－５－３", "緯度": 34.69241, "経度": 135.698326, "url": "https://www.iryou.teikyouseido.mhlw.go.jp/znk-web/juminkanja/S2430/initialize?prefCd=29&kikanCd=7357300000&kikanKbn=5", "url2": "https://www.ainj.co.jp/network/detail.html?pdid=1293", "内容": "アイン薬局生駒店【5:薬局】奈良県生駒市元町１－５－３" }, "geometry": { "type": "Point", "coordinates": [ 135.698326, 34.69241 ] } },
{ "type": "Feature", "properties": { "ID": "2957357400000", "正式名称": "スギ薬局　南生駒店", "機関区分": 5, "都道府県コード": 29, "市区町村コード": 209, "所在地": "奈良県生駒市小平尾町９３", "緯度": 34.661378, "経度": 135.707605, "url": "https://www.iryou.teikyouseido.mhlw.go.jp/znk-web/juminkanja/S2430/initialize?prefCd=29&kikanCd=7357400000&kikanKbn=5", "url2": "http://www.drug-sugi.co.jp/", "内容": "スギ薬局　南生駒店【5:薬局】奈良県生駒市小平尾町９３" }, "geometry": { "type": "Point", "coordinates": [ 135.707605, 34.661378 ] } },
{ "type": "Feature", "properties": { "ID": "2957357900000", "正式名称": "クルミ薬局", "機関区分": 5, "都道府県コード": 29, "市区町村コード": 201, "所在地": "奈良県奈良市学園北１－１１－４　エル・アベニュー学園前１Ｆ１０２", "緯度": 34.698781, "経度": 135.75021, "url": "https://www.iryou.teikyouseido.mhlw.go.jp/znk-web/juminkanja/S2430/initialize?prefCd=29&kikanCd=7357900000&kikanKbn=5", "url2": null, "内容": "クルミ薬局【5:薬局】奈良県奈良市学園北１－１１－４　エル・アベニュー学園前１Ｆ１０２" }, "geometry": { "type": "Point", "coordinates": [ 135.75021, 34.698781 ] } },
{ "type": "Feature", "properties": { "ID": "2957358300000", "正式名称": "サン薬局　あやめ池店", "機関区分": 5, "都道府県コード": 29, "市区町村コード": 201, "所在地": "奈良県奈良市あやめ池南２－２－９賀川ビル１階", "緯度": 34.697782, "経度": 135.762473, "url": "https://www.iryou.teikyouseido.mhlw.go.jp/znk-web/juminkanja/S2430/initialize?prefCd=29&kikanCd=7358300000&kikanKbn=5", "url2": "http://kansaimedico.com/", "内容": "サン薬局　あやめ池店【5:薬局】奈良県奈良市あやめ池南２－２－９賀川ビル１階" }, "geometry": { "type": "Point", "coordinates": [ 135.762473, 34.697782 ] } },
{ "type": "Feature", "properties": { "ID": "2957358500000", "正式名称": "なないろ薬局", "機関区分": 5, "都道府県コード": 29, "市区町村コード": 206, "所在地": "奈良県桜井市黒崎６４７", "緯度": 34.524284, "経度": 135.881395, "url": "https://www.iryou.teikyouseido.mhlw.go.jp/znk-web/juminkanja/S2430/initialize?prefCd=29&kikanCd=7358500000&kikanKbn=5", "url2": null, "内容": "なないろ薬局【5:薬局】奈良県桜井市黒崎６４７" }, "geometry": { "type": "Point", "coordinates": [ 135.881395, 34.524284 ] } },
{ "type": "Feature", "properties": { "ID": "2957359000000", "正式名称": "クスリのアオキ藤原京薬局", "機関区分": 5, "都道府県コード": 29, "市区町村コード": 205, "所在地": "奈良県橿原市四分町２５１－１", "緯度": 34.49693, "経度": 135.800099, "url": "https://www.iryou.teikyouseido.mhlw.go.jp/znk-web/juminkanja/S2430/initialize?prefCd=29&kikanCd=7359000000&kikanKbn=5", "url2": "https://www.kusuri-aoki.co.jp/", "内容": "クスリのアオキ藤原京薬局【5:薬局】奈良県橿原市四分町２５１－１" }, "geometry": { "type": "Point", "coordinates": [ 135.800099, 34.49693 ] } },
{ "type": "Feature", "properties": { "ID": "2957359100000", "正式名称": "クスリのアオキ真美ヶ丘薬局", "機関区分": 5, "都道府県コード": 29, "市区町村コード": 210, "所在地": "奈良県香芝市真美ケ丘２－１３－１７", "緯度": 34.540507, "経度": 135.718793, "url": "https://www.iryou.teikyouseido.mhlw.go.jp/znk-web/juminkanja/S2430/initialize?prefCd=29&kikanCd=7359100000&kikanKbn=5", "url2": "https://www.kusuri-aoki.co.jp/", "内容": "クスリのアオキ真美ヶ丘薬局【5:薬局】奈良県香芝市真美ケ丘２－１３－１７" }, "geometry": { "type": "Point", "coordinates": [ 135.718793, 34.540507 ] } },
{ "type": "Feature", "properties": { "ID": "2957359200000", "正式名称": "オレンジ薬局　奈良中央店", "機関区分": 5, "都道府県コード": 29, "市区町村コード": 201, "所在地": "奈良県奈良市杉ケ町８番地３", "緯度": 34.678396, "経度": 135.822494, "url": "https://www.iryou.teikyouseido.mhlw.go.jp/znk-web/juminkanja/S2430/initialize?prefCd=29&kikanCd=7359200000&kikanKbn=5", "url2": "http://orangepharmacy.co.jp/", "内容": "オレンジ薬局　奈良中央店【5:薬局】奈良県奈良市杉ケ町８番地３" }, "geometry": { "type": "Point", "coordinates": [ 135.822494, 34.678396 ] } },
{ "type": "Feature", "properties": { "ID": "2957359300000", "正式名称": "アカイ薬局", "機関区分": 5, "都道府県コード": 29, "市区町村コード": 202, "所在地": "奈良県大和高田市片塩町５－７", "緯度": 34.507014, "経度": 135.743777, "url": "https://www.iryou.teikyouseido.mhlw.go.jp/znk-web/juminkanja/S2430/initialize?prefCd=29&kikanCd=7359300000&kikanKbn=5", "url2": null, "内容": "アカイ薬局【5:薬局】奈良県大和高田市片塩町５－７" }, "geometry": { "type": "Point", "coordinates": [ 135.743777, 34.507014 ] } },
{ "type": "Feature", "properties": { "ID": "2957359400000", "正式名称": "キリン堂薬局　河合町店", "機関区分": 5, "都道府県コード": 29, "市区町村コード": 427, "所在地": "奈良県北葛城郡河合町広瀬台３－５－２", "緯度": 34.585958, "経度": 135.718682, "url": "https://www.iryou.teikyouseido.mhlw.go.jp/znk-web/juminkanja/S2430/initialize?prefCd=29&kikanCd=7359400000&kikanKbn=5", "url2": "https://www.kirindo.co.jp", "内容": "キリン堂薬局　河合町店【5:薬局】奈良県北葛城郡河合町広瀬台３－５－２" }, "geometry": { "type": "Point", "coordinates": [ 135.718682, 34.585958 ] } },
{ "type": "Feature", "properties": { "ID": "2957360900000", "正式名称": "キリン堂薬局　東押熊店", "機関区分": 5, "都道府県コード": 29, "市区町村コード": 201, "所在地": "奈良県奈良市押熊町東押熊８５１番地", "緯度": 34.71848, "経度": 135.774719, "url": "https://www.iryou.teikyouseido.mhlw.go.jp/znk-web/juminkanja/S2430/initialize?prefCd=29&kikanCd=7360900000&kikanKbn=5", "url2": "https://www.kirindo-shop.com/manage/shop/DG0156.html", "内容": "キリン堂薬局　東押熊店【5:薬局】奈良県奈良市押熊町東押熊８５１番地" }, "geometry": { "type": "Point", "coordinates": [ 135.774719, 34.71848 ] } },
{ "type": "Feature", "properties": { "ID": "2957361000000", "正式名称": "サエラ薬局　なかとみ店", "機関区分": 5, "都道府県コード": 29, "市区町村コード": 201, "所在地": "奈良県奈良市中登美ケ丘六丁目３番５－１０１号", "緯度": 34.725861, "経度": 135.752728, "url": "https://www.iryou.teikyouseido.mhlw.go.jp/znk-web/juminkanja/S2430/initialize?prefCd=29&kikanCd=7361000000&kikanKbn=5", "url2": "https://www.saera-ph.co.jp/shop/nakatomi/", "内容": "サエラ薬局　なかとみ店【5:薬局】奈良県奈良市中登美ケ丘六丁目３番５－１０１号" }, "geometry": { "type": "Point", "coordinates": [ 135.752728, 34.725861 ] } },
{ "type": "Feature", "properties": { "ID": "2957361100000", "正式名称": "ゆずりは薬局　西奈良中央病院前", "機関区分": 5, "都道府県コード": 29, "市区町村コード": 201, "所在地": "奈良県奈良市鶴舞東町１番３６号", "緯度": 34.70256, "経度": 135.750807, "url": "https://www.iryou.teikyouseido.mhlw.go.jp/znk-web/juminkanja/S2430/initialize?prefCd=29&kikanCd=7361100000&kikanKbn=5", "url2": "https://officeadachi.co.jp/", "内容": "ゆずりは薬局　西奈良中央病院前【5:薬局】奈良県奈良市鶴舞東町１番３６号" }, "geometry": { "type": "Point", "coordinates": [ 135.750807, 34.70256 ] } },
{ "type": "Feature", "properties": { "ID": "2957361600000", "正式名称": "ファーマシー木のうた　薬局ＪＲ奈良駅前店", "機関区分": 5, "都道府県コード": 29, "市区町村コード": 201, "所在地": "奈良県奈良市油阪地方町８番地１", "緯度": 34.68212, "経度": 135.820964, "url": "https://www.iryou.teikyouseido.mhlw.go.jp/znk-web/juminkanja/S2430/initialize?prefCd=29&kikanCd=7361600000&kikanKbn=5", "url2": "https://kinouta.co.jp/", "内容": "ファーマシー木のうた　薬局ＪＲ奈良駅前店【5:薬局】奈良県奈良市油阪地方町８番地１" }, "geometry": { "type": "Point", "coordinates": [ 135.820964, 34.68212 ] } },
{ "type": "Feature", "properties": { "ID": "2957361700000", "正式名称": "お茶の間薬局", "機関区分": 5, "都道府県コード": 29, "市区町村コード": 201, "所在地": "奈良県奈良市南城戸町４番地１", "緯度": 34.677738, "経度": 135.827779, "url": "https://www.iryou.teikyouseido.mhlw.go.jp/znk-web/juminkanja/S2430/initialize?prefCd=29&kikanCd=7361700000&kikanKbn=5", "url2": "https://isaapotheke.wixsite.com/website", "内容": "お茶の間薬局【5:薬局】奈良県奈良市南城戸町４番地１" }, "geometry": { "type": "Point", "coordinates": [ 135.827779, 34.677738 ] } },
{ "type": "Feature", "properties": { "ID": "2957362200000", "正式名称": "ファミリー薬局　薬師堂", "機関区分": 5, "都道府県コード": 29, "市区町村コード": 425, "所在地": "奈良県北葛城郡王寺町明神４－１－２２", "緯度": 34.578402, "経度": 135.691193, "url": "https://www.iryou.teikyouseido.mhlw.go.jp/znk-web/juminkanja/S2430/initialize?prefCd=29&kikanCd=7362200000&kikanKbn=5", "url2": null, "内容": "ファミリー薬局　薬師堂【5:薬局】奈良県北葛城郡王寺町明神４－１－２２" }, "geometry": { "type": "Point", "coordinates": [ 135.691193, 34.578402 ] } },
{ "type": "Feature", "properties": { "ID": "2957362400000", "正式名称": "薬局マツモトキヨシ　パラディ学園前店", "機関区分": 5, "都道府県コード": 29, "市区町村コード": 201, "所在地": "奈良県奈良市学園北一丁目１０番１号　パラディ学園前Ⅰ　１Ｆ", "緯度": 34.698575, "経度": 135.750666, "url": "https://www.iryou.teikyouseido.mhlw.go.jp/znk-web/juminkanja/S2430/initialize?prefCd=29&kikanCd=7362400000&kikanKbn=5", "url2": "https://www.matsukiyo.co.jp/", "内容": "薬局マツモトキヨシ　パラディ学園前店【5:薬局】奈良県奈良市学園北一丁目１０番１号　パラディ学園前Ⅰ　１Ｆ" }, "geometry": { "type": "Point", "coordinates": [ 135.750666, 34.698575 ] } },
{ "type": "Feature", "properties": { "ID": "2957362500000", "正式名称": "スギ薬局　南永井町店", "機関区分": 5, "都道府県コード": 29, "市区町村コード": 201, "所在地": "奈良県奈良市南永井町４００番地", "緯度": 34.654, "経度": 135.819681, "url": "https://www.iryou.teikyouseido.mhlw.go.jp/znk-web/juminkanja/S2430/initialize?prefCd=29&kikanCd=7362500000&kikanKbn=5", "url2": "https://www.sugi-net.jp/stores/001796", "内容": "スギ薬局　南永井町店【5:薬局】奈良県奈良市南永井町４００番地" }, "geometry": { "type": "Point", "coordinates": [ 135.819681, 34.654 ] } },
{ "type": "Feature", "properties": { "ID": "2957363500000", "正式名称": "薬肆市口堂薬局", "機関区分": 5, "都道府県コード": 29, "市区町村コード": 207, "所在地": "奈良県五條市本町２－６－２", "緯度": 34.349786, "経度": 135.694648, "url": "https://www.iryou.teikyouseido.mhlw.go.jp/znk-web/juminkanja/S2430/initialize?prefCd=29&kikanCd=7363500000&kikanKbn=5", "url2": "https://ichiguchi.net", "内容": "薬肆市口堂薬局【5:薬局】奈良県五條市本町２－６－２" }, "geometry": { "type": "Point", "coordinates": [ 135.694648, 34.349786 ] } },
{ "type": "Feature", "properties": { "ID": "2957363600000", "正式名称": "ユニスマイル薬局くずもと店", "機関区分": 5, "都道府県コード": 29, "市区町村コード": 205, "所在地": "奈良県橿原市葛本町７０７－９", "緯度": 34.521256, "経度": 135.797452, "url": "https://www.iryou.teikyouseido.mhlw.go.jp/znk-web/juminkanja/S2430/initialize?prefCd=29&kikanCd=7363600000&kikanKbn=5", "url2": "http://unismile.co.jp/shop/kuzumoto/", "内容": "ユニスマイル薬局くずもと店【5:薬局】奈良県橿原市葛本町７０７－９" }, "geometry": { "type": "Point", "coordinates": [ 135.797452, 34.521256 ] } },
{ "type": "Feature", "properties": { "ID": "2957363700000", "正式名称": "ユニスマイル薬局　五位堂店", "機関区分": 5, "都道府県コード": 29, "市区町村コード": 210, "所在地": "奈良県香芝市五位堂１００７", "緯度": 34.53458, "経度": 135.719568, "url": "https://www.iryou.teikyouseido.mhlw.go.jp/znk-web/juminkanja/S2430/initialize?prefCd=29&kikanCd=7363700000&kikanKbn=5", "url2": "https://unismile.co.jp/", "内容": "ユニスマイル薬局　五位堂店【5:薬局】奈良県香芝市五位堂１００７" }, "geometry": { "type": "Point", "coordinates": [ 135.719568, 34.53458 ] } },
{ "type": "Feature", "properties": { "ID": "2957363800000", "正式名称": "ユニスマイル薬局香芝店", "機関区分": 5, "都道府県コード": 29, "市区町村コード": 210, "所在地": "奈良県香芝市五位堂１－２９８－１", "緯度": 34.530647, "経度": 135.715409, "url": "https://www.iryou.teikyouseido.mhlw.go.jp/znk-web/juminkanja/S2430/initialize?prefCd=29&kikanCd=7363800000&kikanKbn=5", "url2": "https://unismile.co.jp/shop/kashiba/", "内容": "ユニスマイル薬局香芝店【5:薬局】奈良県香芝市五位堂１－２９８－１" }, "geometry": { "type": "Point", "coordinates": [ 135.715409, 34.530647 ] } },
{ "type": "Feature", "properties": { "ID": "2957364300000", "正式名称": "がる薬局　五條市今井店", "機関区分": 5, "都道府県コード": 29, "市区町村コード": 207, "所在地": "奈良県五條市今井１丁目１１－６０", "緯度": 34.35385, "経度": 135.700863, "url": "https://www.iryou.teikyouseido.mhlw.go.jp/znk-web/juminkanja/S2430/initialize?prefCd=29&kikanCd=7364300000&kikanKbn=5", "url2": null, "内容": "がる薬局　五條市今井店【5:薬局】奈良県五條市今井１丁目１１－６０" }, "geometry": { "type": "Point", "coordinates": [ 135.700863, 34.35385 ] } },
{ "type": "Feature", "properties": { "ID": "2957364900000", "正式名称": "ユニスマイル薬局奈良店", "機関区分": 5, "都道府県コード": 29, "市区町村コード": 201, "所在地": "奈良県奈良市北市町３６番地１０", "緯度": 34.688192, "経度": 135.82365, "url": "https://www.iryou.teikyouseido.mhlw.go.jp/znk-web/juminkanja/S2430/initialize?prefCd=29&kikanCd=7364900000&kikanKbn=5", "url2": "https://unismile.co.jp/", "内容": "ユニスマイル薬局奈良店【5:薬局】奈良県奈良市北市町３６番地１０" }, "geometry": { "type": "Point", "coordinates": [ 135.82365, 34.688192 ] } },
{ "type": "Feature", "properties": { "ID": "2957365000000", "正式名称": "吉田薬局", "機関区分": 5, "都道府県コード": 29, "市区町村コード": 201, "所在地": "奈良県奈良市西木辻町２７番地", "緯度": 34.674947, "経度": 135.822453, "url": "https://www.iryou.teikyouseido.mhlw.go.jp/znk-web/juminkanja/S2430/initialize?prefCd=29&kikanCd=7365000000&kikanKbn=5", "url2": null, "内容": "吉田薬局【5:薬局】奈良県奈良市西木辻町２７番地" }, "geometry": { "type": "Point", "coordinates": [ 135.822453, 34.674947 ] } },
{ "type": "Feature", "properties": { "ID": "2957365100000", "正式名称": "ウエルシア薬局　奈良六条店", "機関区分": 5, "都道府県コード": 29, "市区町村コード": 201, "所在地": "奈良県奈良市六条ニ丁目１８番５号", "緯度": 34.670995, "経度": 135.773892, "url": "https://www.iryou.teikyouseido.mhlw.go.jp/znk-web/juminkanja/S2430/initialize?prefCd=29&kikanCd=7365100000&kikanKbn=5", "url2": "https://stores.welcia.co.jp/6853D", "内容": "ウエルシア薬局　奈良六条店【5:薬局】奈良県奈良市六条ニ丁目１８番５号" }, "geometry": { "type": "Point", "coordinates": [ 135.773892, 34.670995 ] } },
{ "type": "Feature", "properties": { "ID": "2957365200000", "正式名称": "サン薬局　御所北店", "機関区分": 5, "都道府県コード": 29, "市区町村コード": 208, "所在地": "奈良県御所市ＪＲ御所駅前通り１０１－１", "緯度": 34.465109, "経度": 135.734936, "url": "https://www.iryou.teikyouseido.mhlw.go.jp/znk-web/juminkanja/S2430/initialize?prefCd=29&kikanCd=7365200000&kikanKbn=5", "url2": "http://kansaimedico.com/", "内容": "サン薬局　御所北店【5:薬局】奈良県御所市ＪＲ御所駅前通り１０１－１" }, "geometry": { "type": "Point", "coordinates": [ 135.734936, 34.465109 ] } },
{ "type": "Feature", "properties": { "ID": "2957365600000", "正式名称": "サン薬局　富雄中央店", "機関区分": 5, "都道府県コード": 29, "市区町村コード": 201, "所在地": "奈良県奈良市富雄元町三丁目１番１３号ききょう富雄ビル１階", "緯度": 34.692973, "経度": 135.733648, "url": "https://www.iryou.teikyouseido.mhlw.go.jp/znk-web/juminkanja/S2430/initialize?prefCd=29&kikanCd=7365600000&kikanKbn=5", "url2": "http://kansaimedico.com/", "内容": "サン薬局　富雄中央店【5:薬局】奈良県奈良市富雄元町三丁目１番１３号ききょう富雄ビル１階" }, "geometry": { "type": "Point", "coordinates": [ 135.733648, 34.692973 ] } },
{ "type": "Feature", "properties": { "ID": "2957366200000", "正式名称": "橿神ウエストゲート薬局", "機関区分": 5, "都道府県コード": 29, "市区町村コード": 205, "所在地": "奈良県橿原市久米町５６９　ウエストゲート神宮前１０２", "緯度": 34.482577, "経度": 135.793022, "url": "https://www.iryou.teikyouseido.mhlw.go.jp/znk-web/juminkanja/S2430/initialize?prefCd=29&kikanCd=7366200000&kikanKbn=5", "url2": "https://s-m.click", "内容": "橿神ウエストゲート薬局【5:薬局】奈良県橿原市久米町５６９　ウエストゲート神宮前１０２" }, "geometry": { "type": "Point", "coordinates": [ 135.793022, 34.482577 ] } },
{ "type": "Feature", "properties": { "ID": "2957366400000", "正式名称": "しきしま薬局", "機関区分": 5, "都道府県コード": 29, "市区町村コード": 206, "所在地": "奈良県桜井市外山１５６８", "緯度": 34.515331, "経度": 135.855982, "url": "https://www.iryou.teikyouseido.mhlw.go.jp/znk-web/juminkanja/S2430/initialize?prefCd=29&kikanCd=7366400000&kikanKbn=5", "url2": null, "内容": "しきしま薬局【5:薬局】奈良県桜井市外山１５６８" }, "geometry": { "type": "Point", "coordinates": [ 135.855982, 34.515331 ] } },
{ "type": "Feature", "properties": { "ID": "2957367000000", "正式名称": "若葉薬局　生駒店", "機関区分": 5, "都道府県コード": 29, "市区町村コード": 209, "所在地": "奈良県生駒市東松ケ丘１７－５", "緯度": 34.699437, "経度": 135.698198, "url": "https://www.iryou.teikyouseido.mhlw.go.jp/znk-web/juminkanja/S2430/initialize?prefCd=29&kikanCd=7367000000&kikanKbn=5", "url2": "wakabapharmacy.com", "内容": "若葉薬局　生駒店【5:薬局】奈良県生駒市東松ケ丘１７－５" }, "geometry": { "type": "Point", "coordinates": [ 135.698198, 34.699437 ] } },
{ "type": "Feature", "properties": { "ID": "2957367100000", "正式名称": "ハヤト薬局", "機関区分": 5, "都道府県コード": 29, "市区町村コード": 344, "所在地": "奈良県生駒郡斑鳩町龍田２－３－１０", "緯度": 34.60773, "経度": 135.723463, "url": "https://www.iryou.teikyouseido.mhlw.go.jp/znk-web/juminkanja/S2430/initialize?prefCd=29&kikanCd=7367100000&kikanKbn=5", "url2": "https://pharmix2017.wixsite.com/hayato", "内容": "ハヤト薬局【5:薬局】奈良県生駒郡斑鳩町龍田２－３－１０" }, "geometry": { "type": "Point", "coordinates": [ 135.723463, 34.60773 ] } },
{ "type": "Feature", "properties": { "ID": "2957367300000", "正式名称": "クスリのアオキ大和高田薬局", "機関区分": 5, "都道府県コード": 29, "市区町村コード": 202, "所在地": "奈良県大和高田市春日町２－１－５", "緯度": 34.50425, "経度": 135.739283, "url": "https://www.iryou.teikyouseido.mhlw.go.jp/znk-web/juminkanja/S2430/initialize?prefCd=29&kikanCd=7367300000&kikanKbn=5", "url2": "https://www.kusuri-aoki.co.jp/", "内容": "クスリのアオキ大和高田薬局【5:薬局】奈良県大和高田市春日町２－１－５" }, "geometry": { "type": "Point", "coordinates": [ 135.739283, 34.50425 ] } },
{ "type": "Feature", "properties": { "ID": "2957367600000", "正式名称": "フロンティア薬局　南田原店", "機関区分": 5, "都道府県コード": 29, "市区町村コード": 209, "所在地": "奈良県生駒市南田原町８２２－１", "緯度": 34.714239, "経度": 135.704521, "url": "https://www.iryou.teikyouseido.mhlw.go.jp/znk-web/juminkanja/S2430/initialize?prefCd=29&kikanCd=7367600000&kikanKbn=5", "url2": "https://www.frontier-ph.com/main.cgi?c=5/3/5/4:12", "内容": "フロンティア薬局　南田原店【5:薬局】奈良県生駒市南田原町８２２－１" }, "geometry": { "type": "Point", "coordinates": [ 135.704521, 34.714239 ] } },
{ "type": "Feature", "properties": { "ID": "2957367700000", "正式名称": "フロンティア薬局　あすか野店", "機関区分": 5, "都道府県コード": 29, "市区町村コード": 209, "所在地": "奈良県生駒市あすか野南２－１－７", "緯度": 34.711905, "経度": 135.718516, "url": "https://www.iryou.teikyouseido.mhlw.go.jp/znk-web/juminkanja/S2430/initialize?prefCd=29&kikanCd=7367700000&kikanKbn=5", "url2": null, "内容": "フロンティア薬局　あすか野店【5:薬局】奈良県生駒市あすか野南２－１－７" }, "geometry": { "type": "Point", "coordinates": [ 135.718516, 34.711905 ] } },
{ "type": "Feature", "properties": { "ID": "2957367800000", "正式名称": "フロンティア薬局　平群店", "機関区分": 5, "都道府県コード": 29, "市区町村コード": 342, "所在地": "奈良県生駒郡平群町下垣内１３１－１", "緯度": 34.626781, "経度": 135.703314, "url": "https://www.iryou.teikyouseido.mhlw.go.jp/znk-web/juminkanja/S2430/initialize?prefCd=29&kikanCd=7367800000&kikanKbn=5", "url2": "https://www.frontier-ph.com/main.cgi?c=5/3/5/4:13", "内容": "フロンティア薬局　平群店【5:薬局】奈良県生駒郡平群町下垣内１３１－１" }, "geometry": { "type": "Point", "coordinates": [ 135.703314, 34.626781 ] } },
{ "type": "Feature", "properties": { "ID": "2957367900000", "正式名称": "フロンティア薬局　小明店", "機関区分": 5, "都道府県コード": 29, "市区町村コード": 209, "所在地": "奈良県生駒市小明町５６０－４", "緯度": 34.706343, "経度": 135.706061, "url": "https://www.iryou.teikyouseido.mhlw.go.jp/znk-web/juminkanja/S2430/initialize?prefCd=29&kikanCd=7367900000&kikanKbn=5", "url2": "https://www.frontier-ph.com/main.cgi?c=5/3/5/4:15", "内容": "フロンティア薬局　小明店【5:薬局】奈良県生駒市小明町５６０－４" }, "geometry": { "type": "Point", "coordinates": [ 135.706061, 34.706343 ] } },
{ "type": "Feature", "properties": { "ID": "2957368000000", "正式名称": "さくら薬局　大和高田根成柿店", "機関区分": 5, "都道府県コード": 29, "市区町村コード": 202, "所在地": "奈良県大和高田市根成柿１７４－４", "緯度": 34.483776, "経度": 135.759496, "url": "https://www.iryou.teikyouseido.mhlw.go.jp/znk-web/juminkanja/S2430/initialize?prefCd=29&kikanCd=7368000000&kikanKbn=5", "url2": "https://www.kraft-net.co.jp/sakura/store/4223/", "内容": "さくら薬局　大和高田根成柿店【5:薬局】奈良県大和高田市根成柿１７４－４" }, "geometry": { "type": "Point", "coordinates": [ 135.759496, 34.483776 ] } },
{ "type": "Feature", "properties": { "ID": "2957368100000", "正式名称": "あすなろ薬局学園前店", "機関区分": 5, "都道府県コード": 29, "市区町村コード": 201, "所在地": "奈良県奈良市学園北一丁目１３番８号メインビル１Ｆ", "緯度": 34.699683, "経度": 135.749544, "url": "https://www.iryou.teikyouseido.mhlw.go.jp/znk-web/juminkanja/S2430/initialize?prefCd=29&kikanCd=7368100000&kikanKbn=5", "url2": "http://www.suzuran-pharmacy.com//", "内容": "あすなろ薬局学園前店【5:薬局】奈良県奈良市学園北一丁目１３番８号メインビル１Ｆ" }, "geometry": { "type": "Point", "coordinates": [ 135.749544, 34.699683 ] } },
{ "type": "Feature", "properties": { "ID": "2957368600000", "正式名称": "プラム薬局", "機関区分": 5, "都道府県コード": 29, "市区町村コード": 363, "所在地": "奈良県磯城郡田原本町新町２５２", "緯度": 34.556872, "経度": 135.793743, "url": "https://www.iryou.teikyouseido.mhlw.go.jp/znk-web/juminkanja/S2430/initialize?prefCd=29&kikanCd=7368600000&kikanKbn=5", "url2": null, "内容": "プラム薬局【5:薬局】奈良県磯城郡田原本町新町２５２" }, "geometry": { "type": "Point", "coordinates": [ 135.793743, 34.556872 ] } },
{ "type": "Feature", "properties": { "ID": "2957368800000", "正式名称": "フロンティア薬局　尼辻店", "機関区分": 5, "都道府県コード": 29, "市区町村コード": 201, "所在地": "奈良県奈良市尼辻中町１０番２７号", "緯度": 34.681713, "経度": 135.784523, "url": "https://www.iryou.teikyouseido.mhlw.go.jp/znk-web/juminkanja/S2430/initialize?prefCd=29&kikanCd=7368800000&kikanKbn=5", "url2": "https://www.frontier-ph.com/area/frontier-ph-amagatsuji-store/", "内容": "フロンティア薬局　尼辻店【5:薬局】奈良県奈良市尼辻中町１０番２７号" }, "geometry": { "type": "Point", "coordinates": [ 135.784523, 34.681713 ] } },
{ "type": "Feature", "properties": { "ID": "2957369000000", "正式名称": "メイプル薬局　押熊店", "機関区分": 5, "都道府県コード": 29, "市区町村コード": 201, "所在地": "奈良県奈良市押熊町１１４２番地", "緯度": 34.722307, "経度": 135.770408, "url": "https://www.iryou.teikyouseido.mhlw.go.jp/znk-web/juminkanja/S2430/initialize?prefCd=29&kikanCd=7369000000&kikanKbn=5", "url2": null, "内容": "メイプル薬局　押熊店【5:薬局】奈良県奈良市押熊町１１４２番地" }, "geometry": { "type": "Point", "coordinates": [ 135.770408, 34.722307 ] } },
{ "type": "Feature", "properties": { "ID": "2957369200000", "正式名称": "ひだまり薬局榛原福地店", "機関区分": 5, "都道府県コード": 29, "市区町村コード": 212, "所在地": "奈良県宇陀市榛原福地３７６", "緯度": 34.533057, "経度": 135.963698, "url": "https://www.iryou.teikyouseido.mhlw.go.jp/znk-web/juminkanja/S2430/initialize?prefCd=29&kikanCd=7369200000&kikanKbn=5", "url2": "https://www.hidamari-pharmacy.com", "内容": "ひだまり薬局榛原福地店【5:薬局】奈良県宇陀市榛原福地３７６" }, "geometry": { "type": "Point", "coordinates": [ 135.963698, 34.533057 ] } },
{ "type": "Feature", "properties": { "ID": "2957369700000", "正式名称": "スギ薬局　大安寺店", "機関区分": 5, "都道府県コード": 29, "市区町村コード": 201, "所在地": "奈良県奈良市大安寺町５１９番地の１", "緯度": 34.674373, "経度": 135.801236, "url": "https://www.iryou.teikyouseido.mhlw.go.jp/znk-web/juminkanja/S2430/initialize?prefCd=29&kikanCd=7369700000&kikanKbn=5", "url2": "http://www.drug-sugi.co.jp/", "内容": "スギ薬局　大安寺店【5:薬局】奈良県奈良市大安寺町５１９番地の１" }, "geometry": { "type": "Point", "coordinates": [ 135.801236, 34.674373 ] } },
{ "type": "Feature", "properties": { "ID": "2957369800000", "正式名称": "きずな薬局", "機関区分": 5, "都道府県コード": 29, "市区町村コード": 201, "所在地": "奈良県奈良市千代ケ丘二丁目８番地４６", "緯度": 34.681028, "経度": 135.746962, "url": "https://www.iryou.teikyouseido.mhlw.go.jp/znk-web/juminkanja/S2430/initialize?prefCd=29&kikanCd=7369800000&kikanKbn=5", "url2": "kizuna-pharmacy.jp", "内容": "きずな薬局【5:薬局】奈良県奈良市千代ケ丘二丁目８番地４６" }, "geometry": { "type": "Point", "coordinates": [ 135.746962, 34.681028 ] } },
{ "type": "Feature", "properties": { "ID": "2957369900000", "正式名称": "キリン堂薬局　大淀新野店", "機関区分": 5, "都道府県コード": 29, "市区町村コード": 442, "所在地": "奈良県吉野郡大淀町新野６８－１", "緯度": 34.386703, "経度": 135.810847, "url": "https://www.iryou.teikyouseido.mhlw.go.jp/znk-web/juminkanja/S2430/initialize?prefCd=29&kikanCd=7369900000&kikanKbn=5", "url2": null, "内容": "キリン堂薬局　大淀新野店【5:薬局】奈良県吉野郡大淀町新野６８－１" }, "geometry": { "type": "Point", "coordinates": [ 135.810847, 34.386703 ] } },
{ "type": "Feature", "properties": { "ID": "2957370800000", "正式名称": "薬局タケダあやめ池店", "機関区分": 5, "都道府県コード": 29, "市区町村コード": 201, "所在地": "奈良県奈良市あやめ池南２－１－４８　１Ｆ", "緯度": 34.697408, "経度": 135.76127, "url": "https://www.iryou.teikyouseido.mhlw.go.jp/znk-web/juminkanja/S2430/initialize?prefCd=29&kikanCd=7370800000&kikanKbn=5", "url2": null, "内容": "薬局タケダあやめ池店【5:薬局】奈良県奈良市あやめ池南２－１－４８　１Ｆ" }, "geometry": { "type": "Point", "coordinates": [ 135.76127, 34.697408 ] } },
{ "type": "Feature", "properties": { "ID": "2957370900000", "正式名称": "ひかり薬局　大宮店", "機関区分": 5, "都道府県コード": 29, "市区町村コード": 201, "所在地": "奈良県奈良市大安寺町５１４番地　ＰＡＫＥＴテラス１階　Ｃ－２号室", "緯度": 34.674428, "経度": 135.801783, "url": "https://www.iryou.teikyouseido.mhlw.go.jp/znk-web/juminkanja/S2430/initialize?prefCd=29&kikanCd=7370900000&kikanKbn=5", "url2": "http://www.hikari-yakkyoku.jp/", "内容": "ひかり薬局　大宮店【5:薬局】奈良県奈良市大安寺町５１４番地　ＰＡＫＥＴテラス１階　Ｃ－２号室" }, "geometry": { "type": "Point", "coordinates": [ 135.801783, 34.674428 ] } },
{ "type": "Feature", "properties": { "ID": "2957371500000", "正式名称": "中央薬局大和八木店", "機関区分": 5, "都道府県コード": 29, "市区町村コード": 205, "所在地": "奈良県橿原市内膳町５－　２－４０フェイスビル　１階", "緯度": 34.513814, "経度": 135.791836, "url": "https://www.iryou.teikyouseido.mhlw.go.jp/znk-web/juminkanja/S2430/initialize?prefCd=29&kikanCd=7371500000&kikanKbn=5", "url2": "http://chuo-drug.jp/", "内容": "中央薬局大和八木店【5:薬局】奈良県橿原市内膳町５－　２－４０フェイスビル　１階" }, "geometry": { "type": "Point", "coordinates": [ 135.791836, 34.513814 ] } },
{ "type": "Feature", "properties": { "ID": "2957372500000", "正式名称": "トモエ薬局真美ヶ丘店", "機関区分": 5, "都道府県コード": 29, "市区町村コード": 210, "所在地": "奈良県香芝市真美ケ丘６－１－１９", "緯度": 34.543891, "経度": 135.720543, "url": "https://www.iryou.teikyouseido.mhlw.go.jp/znk-web/juminkanja/S2430/initialize?prefCd=29&kikanCd=7372500000&kikanKbn=5", "url2": null, "内容": "トモエ薬局真美ヶ丘店【5:薬局】奈良県香芝市真美ケ丘６－１－１９" }, "geometry": { "type": "Point", "coordinates": [ 135.720543, 34.543891 ] } },
{ "type": "Feature", "properties": { "ID": "2957372600000", "正式名称": "うさぎ薬局", "機関区分": 5, "都道府県コード": 29, "市区町村コード": 210, "所在地": "奈良県香芝市瓦口３３－１", "緯度": 34.533961, "経度": 135.721346, "url": "https://www.iryou.teikyouseido.mhlw.go.jp/znk-web/juminkanja/S2430/initialize?prefCd=29&kikanCd=7372600000&kikanKbn=5", "url2": null, "内容": "うさぎ薬局【5:薬局】奈良県香芝市瓦口３３－１" }, "geometry": { "type": "Point", "coordinates": [ 135.721346, 34.533961 ] } },
{ "type": "Feature", "properties": { "ID": "2957373500000", "正式名称": "プラチナ薬局　とみお店", "機関区分": 5, "都道府県コード": 29, "市区町村コード": 201, "所在地": "奈良県奈良市富雄元町二丁目６番４８号　ライオンズプラザ富雄１Ｆ", "緯度": 34.692534, "経度": 135.735702, "url": "https://www.iryou.teikyouseido.mhlw.go.jp/znk-web/juminkanja/S2430/initialize?prefCd=29&kikanCd=7373500000&kikanKbn=5", "url2": "purachina-ftaka.com", "内容": "プラチナ薬局　とみお店【5:薬局】奈良県奈良市富雄元町二丁目６番４８号　ライオンズプラザ富雄１Ｆ" }, "geometry": { "type": "Point", "coordinates": [ 135.735702, 34.692534 ] } },
{ "type": "Feature", "properties": { "ID": "2957373600000", "正式名称": "あしび薬局北町店", "機関区分": 5, "都道府県コード": 29, "市区町村コード": 201, "所在地": "奈良県奈良市秋篠新町２６８番地１　吉田マンション１階１０１号室", "緯度": 34.699393, "経度": 135.778723, "url": "https://www.iryou.teikyouseido.mhlw.go.jp/znk-web/juminkanja/S2430/initialize?prefCd=29&kikanCd=7373600000&kikanKbn=5", "url2": "http://ashibi-ph.jp/", "内容": "あしび薬局北町店【5:薬局】奈良県奈良市秋篠新町２６８番地１　吉田マンション１階１０１号室" }, "geometry": { "type": "Point", "coordinates": [ 135.778723, 34.699393 ] } },
{ "type": "Feature", "properties": { "ID": "2957373700000", "正式名称": "漢方薬局　香薬房", "機関区分": 5, "都道府県コード": 29, "市区町村コード": 201, "所在地": "奈良県奈良市三条町６０６番地９５", "緯度": 34.680292, "経度": 135.821723, "url": "https://www.iryou.teikyouseido.mhlw.go.jp/znk-web/juminkanja/S2430/initialize?prefCd=29&kikanCd=7373700000&kikanKbn=5", "url2": "https://koyakubo.com", "内容": "漢方薬局　香薬房【5:薬局】奈良県奈良市三条町６０６番地９５" }, "geometry": { "type": "Point", "coordinates": [ 135.821723, 34.680292 ] } },
{ "type": "Feature", "properties": { "ID": "2957374000000", "正式名称": "キリン堂薬局　郡山九条店", "機関区分": 5, "都道府県コード": 29, "市区町村コード": 203, "所在地": "奈良県大和郡山市九条町２３２－１", "緯度": 34.658078, "経度": 135.786472, "url": "https://www.iryou.teikyouseido.mhlw.go.jp/znk-web/juminkanja/S2430/initialize?prefCd=29&kikanCd=7374000000&kikanKbn=5", "url2": "https://www.kirindo-shop.com/manage/shop/DG0286.html", "内容": "キリン堂薬局　郡山九条店【5:薬局】奈良県大和郡山市九条町２３２－１" }, "geometry": { "type": "Point", "coordinates": [ 135.786472, 34.658078 ] } },
{ "type": "Feature", "properties": { "ID": "2957375800000", "正式名称": "スギ薬局　奈良桜井東店", "機関区分": 5, "都道府県コード": 29, "市区町村コード": 206, "所在地": "奈良県桜井市大字外山１１１２番地", "緯度": 34.513099, "経度": 135.864508, "url": "https://www.iryou.teikyouseido.mhlw.go.jp/znk-web/juminkanja/S2430/initialize?prefCd=29&kikanCd=7375800000&kikanKbn=5", "url2": "https://www.drug-sugi.co.jp/", "内容": "スギ薬局　奈良桜井東店【5:薬局】奈良県桜井市大字外山１１１２番地" }, "geometry": { "type": "Point", "coordinates": [ 135.864508, 34.513099 ] } },
{ "type": "Feature", "properties": { "ID": "2957376800000", "正式名称": "ひだまり薬局香芝店", "機関区分": 5, "都道府県コード": 29, "市区町村コード": 210, "所在地": "奈良県香芝市磯壁３－９２－１０", "緯度": 34.536872, "経度": 135.703455, "url": "https://www.iryou.teikyouseido.mhlw.go.jp/znk-web/juminkanja/S2430/initialize?prefCd=29&kikanCd=7376800000&kikanKbn=5", "url2": "https://cmed.co.jp/%E3%81%B2%E3%81%A0%E3%81%BE%E3%82%8A%E8%96%AC%E5%B1%80%E9%A6%99%E8%8A%9D%E5%BA%97/", "内容": "ひだまり薬局香芝店【5:薬局】奈良県香芝市磯壁３－９２－１０" }, "geometry": { "type": "Point", "coordinates": [ 135.703455, 34.536872 ] } },
{ "type": "Feature", "properties": { "ID": "2957378100000", "正式名称": "サン薬局　奈良南店", "機関区分": 5, "都道府県コード": 29, "市区町村コード": 201, "所在地": "奈良県奈良市七条西町二丁目１０２３－３", "緯度": 34.66211, "経度": 135.768093, "url": "https://www.iryou.teikyouseido.mhlw.go.jp/znk-web/juminkanja/S2430/initialize?prefCd=29&kikanCd=7378100000&kikanKbn=5", "url2": "https://kansaimedico.com/", "内容": "サン薬局　奈良南店【5:薬局】奈良県奈良市七条西町二丁目１０２３－３" }, "geometry": { "type": "Point", "coordinates": [ 135.768093, 34.66211 ] } },
{ "type": "Feature", "properties": { "ID": "2957378200000", "正式名称": "えふ西薬局", "機関区分": 5, "都道府県コード": 29, "市区町村コード": 209, "所在地": "奈良県生駒市西旭ケ丘１３－１４", "緯度": 34.686736, "経度": 135.700993, "url": "https://www.iryou.teikyouseido.mhlw.go.jp/znk-web/juminkanja/S2430/initialize?prefCd=29&kikanCd=7378200000&kikanKbn=5", "url2": null, "内容": "えふ西薬局【5:薬局】奈良県生駒市西旭ケ丘１３－１４" }, "geometry": { "type": "Point", "coordinates": [ 135.700993, 34.686736 ] } },
{ "type": "Feature", "properties": { "ID": "2957378500000", "正式名称": "クスリのアオキ指柳薬局", "機関区分": 5, "都道府県コード": 29, "市区町村コード": 204, "所在地": "奈良県天理市指柳町４３８番地", "緯度": 34.603347, "経度": 135.828313, "url": "https://www.iryou.teikyouseido.mhlw.go.jp/znk-web/juminkanja/S2430/initialize?prefCd=29&kikanCd=7378500000&kikanKbn=5", "url2": "https://www.kusuri-aoki.co.jp/", "内容": "クスリのアオキ指柳薬局【5:薬局】奈良県天理市指柳町４３８番地" }, "geometry": { "type": "Point", "coordinates": [ 135.828313, 34.603347 ] } },
{ "type": "Feature", "properties": { "ID": "2957378700000", "正式名称": "スマイル薬局学園南店", "機関区分": 5, "都道府県コード": 29, "市区町村コード": 201, "所在地": "奈良県奈良市学園南１丁目５番１９号", "緯度": 34.697194, "経度": 135.75401, "url": "https://www.iryou.teikyouseido.mhlw.go.jp/znk-web/juminkanja/S2430/initialize?prefCd=29&kikanCd=7378700000&kikanKbn=5", "url2": "https://bikkury.co.jp/pharmacy/#gakuenminami", "内容": "スマイル薬局学園南店【5:薬局】奈良県奈良市学園南１丁目５番１９号" }, "geometry": { "type": "Point", "coordinates": [ 135.75401, 34.697194 ] } },
{ "type": "Feature", "properties": { "ID": "2957379200000", "正式名称": "クスリのアオキ高薬局", "機関区分": 5, "都道府県コード": 29, "市区町村コード": 210, "所在地": "奈良県香芝市高１２２番地", "緯度": 34.556015, "経度": 135.701557, "url": "https://www.iryou.teikyouseido.mhlw.go.jp/znk-web/juminkanja/S2430/initialize?prefCd=29&kikanCd=7379200000&kikanKbn=5", "url2": "https://www.kusuri-aoki.co.jp/", "内容": "クスリのアオキ高薬局【5:薬局】奈良県香芝市高１２２番地" }, "geometry": { "type": "Point", "coordinates": [ 135.701557, 34.556015 ] } },
{ "type": "Feature", "properties": { "ID": "2957379300000", "正式名称": "スマイル薬局平端店", "機関区分": 5, "都道府県コード": 29, "市区町村コード": 203, "所在地": "奈良県大和郡山市額田部北町４８０－１", "緯度": 34.606876, "経度": 135.779606, "url": "https://www.iryou.teikyouseido.mhlw.go.jp/znk-web/juminkanja/S2430/initialize?prefCd=29&kikanCd=7379300000&kikanKbn=5", "url2": "https://bikkury.co.jp/pharmacy/#hirahata", "内容": "スマイル薬局平端店【5:薬局】奈良県大和郡山市額田部北町４８０－１" }, "geometry": { "type": "Point", "coordinates": [ 135.779606, 34.606876 ] } },
{ "type": "Feature", "properties": { "ID": "2957379400000", "正式名称": "エバグリーン薬局田原本店", "機関区分": 5, "都道府県コード": 29, "市区町村コード": 363, "所在地": "奈良県磯城郡田原本町千代７６－１", "緯度": 34.537986, "経度": 135.798628, "url": "https://www.iryou.teikyouseido.mhlw.go.jp/znk-web/juminkanja/S2430/initialize?prefCd=29&kikanCd=7379400000&kikanKbn=5", "url2": null, "内容": "エバグリーン薬局田原本店【5:薬局】奈良県磯城郡田原本町千代７６－１" }, "geometry": { "type": "Point", "coordinates": [ 135.798628, 34.537986 ] } },
{ "type": "Feature", "properties": { "ID": "2957379500000", "正式名称": "キリン堂薬局八木店", "機関区分": 5, "都道府県コード": 29, "市区町村コード": 205, "所在地": "奈良県橿原市八木町１－８－１５ヤマトー八木店１Ｆ", "緯度": 34.510476, "経度": 135.791257, "url": "https://www.iryou.teikyouseido.mhlw.go.jp/znk-web/juminkanja/S2430/initialize?prefCd=29&kikanCd=7379500000&kikanKbn=5", "url2": "https://www.kirindo-shop.com/manage/shop/DG0703.html", "内容": "キリン堂薬局八木店【5:薬局】奈良県橿原市八木町１－８－１５ヤマトー八木店１Ｆ" }, "geometry": { "type": "Point", "coordinates": [ 135.791257, 34.510476 ] } },
{ "type": "Feature", "properties": { "ID": "2957379600000", "正式名称": "かえで薬局", "機関区分": 5, "都道府県コード": 29, "市区町村コード": 201, "所在地": "奈良県奈良市芝辻町２－１０－２６　新田村ビル１０２", "緯度": 34.686778, "経度": 135.812151, "url": "https://www.iryou.teikyouseido.mhlw.go.jp/znk-web/juminkanja/S2430/initialize?prefCd=29&kikanCd=7379600000&kikanKbn=5", "url2": null, "内容": "かえで薬局【5:薬局】奈良県奈良市芝辻町２－１０－２６　新田村ビル１０２" }, "geometry": { "type": "Point", "coordinates": [ 135.812151, 34.686778 ] } },
{ "type": "Feature", "properties": { "ID": "2957379700000", "正式名称": "クスリのアオキ法隆寺薬局", "機関区分": 5, "都道府県コード": 29, "市区町村コード": 344, "所在地": "奈良県生駒郡斑鳩町法隆寺南２丁目６番２号", "緯度": 34.612081, "経度": 135.743128, "url": "https://www.iryou.teikyouseido.mhlw.go.jp/znk-web/juminkanja/S2430/initialize?prefCd=29&kikanCd=7379700000&kikanKbn=5", "url2": "https://www.kusuri-aoki.co.jp/", "内容": "クスリのアオキ法隆寺薬局【5:薬局】奈良県生駒郡斑鳩町法隆寺南２丁目６番２号" }, "geometry": { "type": "Point", "coordinates": [ 135.743128, 34.612081 ] } },
{ "type": "Feature", "properties": { "ID": "2957382300000", "正式名称": "アイセイハート薬局　五位堂店", "機関区分": 5, "都道府県コード": 29, "市区町村コード": 210, "所在地": "奈良県香芝市瓦口２２５３クリニックステーション五位堂１階", "緯度": 34.536203, "経度": 135.718396, "url": "https://www.iryou.teikyouseido.mhlw.go.jp/znk-web/juminkanja/S2430/initialize?prefCd=29&kikanCd=7382300000&kikanKbn=5", "url2": "https://store.aisei.co.jp/detail/0634", "内容": "アイセイハート薬局　五位堂店【5:薬局】奈良県香芝市瓦口２２５３クリニックステーション五位堂１階" }, "geometry": { "type": "Point", "coordinates": [ 135.718396, 34.536203 ] } }
]
}
