{
"type": "FeatureCollection",
"name": "geo_29_居宅介護支援",
"crs": { "type": "name", "properties": { "name": "urn:ogc:def:crs:OGC:1.3:CRS84" } },
"features": [
{ "type": "Feature", "properties": { "内容": "かがやきのその居宅介護支援センター【居宅介護支援】奈良市奈良阪町2789-1", "url": "https://www.kaigokensaku.mhlw.go.jp/29/index.php?action_kouhyou_detail_004_kani=true&JigyosyoCd=2970103749-00&ServiceCd=430&Type=search", "url2": "http://www" }, "geometry": { "type": "Point", "coordinates": [ 135.837116199999969, 34.7033185 ] } },
{ "type": "Feature", "properties": { "内容": "ＣＣ居宅介護支援事業所【居宅介護支援】奈良県奈良市学園大和町４丁目１７４番地", "url": "https://www.kaigokensaku.mhlw.go.jp/29/index.php?action_kouhyou_detail_004_kani=true&JigyosyoCd=2970107278-00&ServiceCd=430&Type=search", "url2": null }, "geometry": { "type": "Point", "coordinates": [ 135.743474600000013, 34.6862412 ] } },
{ "type": "Feature", "properties": { "内容": "ケアプランセンター　すみれ【居宅介護支援】奈良市東九条町５３８番地", "url": "https://www.kaigokensaku.mhlw.go.jp/29/index.php?action_kouhyou_detail_004_kani=true&JigyosyoCd=2970104408-00&ServiceCd=430&Type=search", "url2": null }, "geometry": { "type": "Point", "coordinates": [ 135.812075, 34.6585011 ] } },
{ "type": "Feature", "properties": { "内容": "奈良在宅ホスピス支援センターひばり【居宅介護支援】奈良市三碓6-9-22", "url": "https://www.kaigokensaku.mhlw.go.jp/29/index.php?action_kouhyou_detail_004_kani=true&JigyosyoCd=2970103368-00&ServiceCd=430&Type=search", "url2": "http://hibari-support.jp/" }, "geometry": { "type": "Point", "coordinates": [ 135.737747399999989, 34.6824804 ] } },
{ "type": "Feature", "properties": { "内容": "やぐらケアマネ【居宅介護支援】奈良県奈良市朱雀三丁目４番地１５サニーハウス１号地", "url": "https://www.kaigokensaku.mhlw.go.jp/29/index.php?action_kouhyou_detail_004_kani=true&JigyosyoCd=2970108227-00&ServiceCd=430&Type=search", "url2": "http://hp.kaipoke.biz/avf/" }, "geometry": { "type": "Point", "coordinates": [ 135.792419800000062, 34.7214227 ] } },
{ "type": "Feature", "properties": { "内容": "株式会社ミルク【居宅介護支援】奈良市四条大路2-2-34ハイツ四条大路A101", "url": "https://www.kaigokensaku.mhlw.go.jp/29/index.php?action_kouhyou_detail_004_kani=true&JigyosyoCd=2970105702-00&ServiceCd=430&Type=search", "url2": null }, "geometry": { "type": "Point", "coordinates": [ 135.79931613263966, 34.679074880117376 ] } },
{ "type": "Feature", "properties": { "内容": "合同会社かえで居宅介護支援事業所【居宅介護支援】あやめ池南六丁目3番64号", "url": "https://www.kaigokensaku.mhlw.go.jp/29/index.php?action_kouhyou_detail_004_kani=true&JigyosyoCd=2970108458-00&ServiceCd=430&Type=search", "url2": null }, "geometry": { "type": "Point", "coordinates": [ 135.763324399999988, 34.6943881 ] } },
{ "type": "Feature", "properties": { "内容": "ホームケアー奈良【居宅介護支援】奈良県奈良市川久保町6-1", "url": "https://www.kaigokensaku.mhlw.go.jp/29/index.php?action_kouhyou_detail_004_kani=true&JigyosyoCd=2970101412-00&ServiceCd=430&Type=search", "url2": "http://www.homeｃａｒｅ.co.jp/" }, "geometry": { "type": "Point", "coordinates": [ 135.833258228836002, 34.688779443696085 ] } },
{ "type": "Feature", "properties": { "内容": "介護支援センター鹿野園【居宅介護支援】奈良市古市町2139番地の14", "url": "https://www.kaigokensaku.mhlw.go.jp/29/index.php?action_kouhyou_detail_004_kani=true&JigyosyoCd=2970104143-00&ServiceCd=430&Type=search", "url2": null }, "geometry": { "type": "Point", "coordinates": [ 135.841911200000027, 34.6600294 ] } },
{ "type": "Feature", "properties": { "内容": "特別養護老人ホーム梅花苑【居宅介護支援】奈良市大和田町2226番地", "url": "https://www.kaigokensaku.mhlw.go.jp/29/index.php?action_kouhyou_detail_004_kani=true&JigyosyoCd=2970104200-00&ServiceCd=430&Type=search", "url2": "http://www.wellconsul.co.jp/main/shisetu/tokubetuyougo.html" }, "geometry": { "type": "Point", "coordinates": [ 135.743710800000031, 34.6673793 ] } },
{ "type": "Feature", "properties": { "内容": "奈々ケアプランニング【居宅介護支援】奈良県奈良市法蓮町1921番tの34", "url": "https://www.kaigokensaku.mhlw.go.jp/29/index.php?action_kouhyou_detail_004_kani=true&JigyosyoCd=2970108060-00&ServiceCd=430&Type=search", "url2": null }, "geometry": { "type": "Point", "coordinates": [ 135.815112366201049, 34.699378047107004 ] } },
{ "type": "Feature", "properties": { "内容": "介護支援センター春日【居宅介護支援】奈良県奈良市古市町2139番地の14", "url": "https://www.kaigokensaku.mhlw.go.jp/29/index.php?action_kouhyou_detail_004_kani=true&JigyosyoCd=2970108821-00&ServiceCd=430&Type=search", "url2": null }, "geometry": { "type": "Point", "coordinates": [ 135.8419352, 34.660012 ] } },
{ "type": "Feature", "properties": { "内容": "介護支援センターどんぐり【居宅介護支援】神殿町292-2", "url": "https://www.kaigokensaku.mhlw.go.jp/29/index.php?action_kouhyou_detail_004_kani=true&JigyosyoCd=2970106940-00&ServiceCd=430&Type=search", "url2": null }, "geometry": { "type": "Point", "coordinates": [ 135.8201798, 34.6631035 ] } },
{ "type": "Feature", "properties": { "内容": "かりん【居宅介護支援】奈良市西大寺国見町一丁目6-5-505明光開発ビル505号", "url": "https://www.kaigokensaku.mhlw.go.jp/29/index.php?action_kouhyou_detail_004_kani=true&JigyosyoCd=2970103020-00&ServiceCd=430&Type=search", "url2": null }, "geometry": { "type": "Point", "coordinates": [ 135.783980402087167, 34.690904404824835 ] } },
{ "type": "Feature", "properties": { "内容": "ウェルハートケアプランセンター【居宅介護支援】奈良市三松３丁目４番６号", "url": "https://www.kaigokensaku.mhlw.go.jp/29/index.php?action_kouhyou_detail_004_kani=true&JigyosyoCd=2970104994-00&ServiceCd=430&Type=search", "url2": "http://www.well-heart.ecnet.jp/" }, "geometry": { "type": "Point", "coordinates": [ 135.7291093, 34.7010895 ] } },
{ "type": "Feature", "properties": { "内容": "居宅介護支援事業所　奈良桃寿園【居宅介護支援】奈良市芝辻町４丁目１２番地の４号", "url": "https://www.kaigokensaku.mhlw.go.jp/29/index.php?action_kouhyou_detail_004_kani=true&JigyosyoCd=2970105306-00&ServiceCd=430&Type=search", "url2": "http://www.choseikai.or.jp" }, "geometry": { "type": "Point", "coordinates": [ 135.8087415, 34.6860063 ] } },
{ "type": "Feature", "properties": { "内容": "居宅介護支援友舞【居宅介護支援】奈良市左京四丁目３番地の５", "url": "https://www.kaigokensaku.mhlw.go.jp/29/index.php?action_kouhyou_detail_004_kani=true&JigyosyoCd=2970101297-00&ServiceCd=430&Type=search", "url2": "https://www.yuumai.co.jp/company/" }, "geometry": { "type": "Point", "coordinates": [ 135.80489398675536, 34.717104989193039 ] } },
{ "type": "Feature", "properties": { "内容": "居宅介護支援事業所　リーベ【居宅介護支援】奈良県奈良市北之庄町７３６番地の１　奈良事務機ビル本館１Ｆ", "url": "https://www.kaigokensaku.mhlw.go.jp/29/index.php?action_kouhyou_detail_004_kani=true&JigyosyoCd=2970105116-00&ServiceCd=430&Type=search", "url2": null }, "geometry": { "type": "Point", "coordinates": [ 135.820104799999967, 34.6543573 ] } },
{ "type": "Feature", "properties": { "内容": "あん居宅介護支援事業所【居宅介護支援】奈良県奈良市法蓮町396-5グランパル佐保203グランパル佐保203", "url": "https://www.kaigokensaku.mhlw.go.jp/29/index.php?action_kouhyou_detail_004_kani=true&JigyosyoCd=2970105439-00&ServiceCd=430&Type=search", "url2": null }, "geometry": { "type": "Point", "coordinates": [ 135.8133528, 34.690772899999985 ] } },
{ "type": "Feature", "properties": { "内容": "有限会社　ふぁみりーえいど【居宅介護支援】奈良県奈良市五条西１丁目２９-１７", "url": "https://www.kaigokensaku.mhlw.go.jp/29/index.php?action_kouhyou_detail_004_kani=true&JigyosyoCd=2970101644-00&ServiceCd=430&Type=search", "url2": null }, "geometry": { "type": "Point", "coordinates": [ 135.803761534425007, 34.655621515492285 ] } },
{ "type": "Feature", "properties": { "内容": "居宅介護支援事業所　きらり【居宅介護支援】奈良市法蓮町973", "url": "https://www.kaigokensaku.mhlw.go.jp/29/index.php?action_kouhyou_detail_004_kani=true&JigyosyoCd=2970101388-00&ServiceCd=430&Type=search", "url2": "https://buririan.com" }, "geometry": { "type": "Point", "coordinates": [ 135.821767599999987, 34.691394399999986 ] } },
{ "type": "Feature", "properties": { "内容": "居宅介護支援事業所　日々【居宅介護支援】奈良県奈良市古市町４９４‐１", "url": "https://www.kaigokensaku.mhlw.go.jp/29/index.php?action_kouhyou_detail_004_kani=true&JigyosyoCd=2970190431-00&ServiceCd=430&Type=search", "url2": "ad3827.wixsite.com" }, "geometry": { "type": "Point", "coordinates": [ 135.837807777909887, 34.655188806884929 ] } },
{ "type": "Feature", "properties": { "内容": "ケアプランセンターアンジェロ【居宅介護支援】奈良県奈良市富雄元町三丁目3-11", "url": "https://www.kaigokensaku.mhlw.go.jp/29/index.php?action_kouhyou_detail_004_kani=true&JigyosyoCd=2970190597-00&ServiceCd=430&Type=search", "url2": "https://asukakai.or.jp" }, "geometry": { "type": "Point", "coordinates": [ 135.7328526, 34.69315 ] } },
{ "type": "Feature", "properties": { "内容": "リッスンケアプランセンター【居宅介護支援】奈良県奈良市法蓮町1348", "url": "https://www.kaigokensaku.mhlw.go.jp/29/index.php?action_kouhyou_detail_004_kani=true&JigyosyoCd=2970104614-00&ServiceCd=430&Type=search", "url2": "http://listen33.jp" }, "geometry": { "type": "Point", "coordinates": [ 135.827695100000028, 34.6930028 ] } },
{ "type": "Feature", "properties": { "内容": "エリシオン介護ステーション奈良【居宅介護支援】奈良県奈良市石木町８００", "url": "https://www.kaigokensaku.mhlw.go.jp/29/index.php?action_kouhyou_detail_004_kani=true&JigyosyoCd=2970106577-00&ServiceCd=430&Type=search", "url2": null }, "geometry": { "type": "Point", "coordinates": [ 135.757709699999964, 34.6650411 ] } },
{ "type": "Feature", "properties": { "内容": "岡谷会ケアプランセンター【居宅介護支援】奈良市西木辻町200", "url": "https://www.kaigokensaku.mhlw.go.jp/29/index.php?action_kouhyou_detail_004_kani=true&JigyosyoCd=2970100075-00&ServiceCd=430&Type=search", "url2": null }, "geometry": { "type": "Point", "coordinates": [ 135.825034800000026, 34.6740856 ] } },
{ "type": "Feature", "properties": { "内容": "社会福祉法人奈良市社会福祉協議会都祁事業所【居宅介護支援】奈良県奈良市藺生町1922-8", "url": "https://www.kaigokensaku.mhlw.go.jp/29/index.php?action_kouhyou_detail_004_kani=true&JigyosyoCd=2970103038-00&ServiceCd=430&Type=search", "url2": "http://www.narashi-shakyo.com" }, "geometry": { "type": "Point", "coordinates": [ 135.942413100000067, 34.5915523 ] } },
{ "type": "Feature", "properties": { "内容": "吉田病院在宅介護支援センター【居宅介護支援】奈良県奈良市西大寺赤田町一丁目7番1号", "url": "https://www.kaigokensaku.mhlw.go.jp/29/index.php?action_kouhyou_detail_004_kani=true&JigyosyoCd=2970100208-00&ServiceCd=430&Type=search", "url2": "http://heiwakai.or.jp/" }, "geometry": { "type": "Point", "coordinates": [ 135.771922099999955, 34.6996986 ] } },
{ "type": "Feature", "properties": { "内容": "とみお診療所在宅介護支援センター【居宅介護支援】奈良県奈良市富雄元町2-7-25SSKビル202号室", "url": "https://www.kaigokensaku.mhlw.go.jp/29/index.php?action_kouhyou_detail_004_kani=true&JigyosyoCd=2970100117-00&ServiceCd=430&Type=search", "url2": "heiwakai.or.jp/index.html" }, "geometry": { "type": "Point", "coordinates": [ 135.735183900000038, 34.691253100000019 ] } },
{ "type": "Feature", "properties": { "内容": "岡谷会ケアプランセンターつくし【居宅介護支援】奈良市西木辻町200番地", "url": "https://www.kaigokensaku.mhlw.go.jp/29/index.php?action_kouhyou_detail_004_kani=true&JigyosyoCd=2970104135-00&ServiceCd=430&Type=search", "url2": null }, "geometry": { "type": "Point", "coordinates": [ 135.825034800000026, 34.6740856 ] } },
{ "type": "Feature", "properties": { "内容": "ならやま診療所在宅介護支援センター【居宅介護支援】奈良市右京３丁目２－２", "url": "https://www.kaigokensaku.mhlw.go.jp/29/index.php?action_kouhyou_detail_004_kani=true&JigyosyoCd=2970100125-00&ServiceCd=430&Type=search", "url2": "http:/heiwakai.or.jp/" }, "geometry": { "type": "Point", "coordinates": [ 135.786725899999965, 34.717308 ] } },
{ "type": "Feature", "properties": { "内容": "ケアプランセンターひまわり奈良【居宅介護支援】奈良県奈良市朱雀5-20-6203号", "url": "https://www.kaigokensaku.mhlw.go.jp/29/index.php?action_kouhyou_detail_004_kani=true&JigyosyoCd=2970102683-00&ServiceCd=430&Type=search", "url2": null }, "geometry": { "type": "Point", "coordinates": [ 135.802485599999955, 34.7173083 ] } },
{ "type": "Feature", "properties": { "内容": "エンジェルハート【居宅介護支援】奈良県奈良市七条１丁目36-45", "url": "https://www.kaigokensaku.mhlw.go.jp/29/index.php?action_kouhyou_detail_004_kani=true&JigyosyoCd=2970105314-00&ServiceCd=430&Type=search", "url2": null }, "geometry": { "type": "Point", "coordinates": [ 135.782862747302232, 34.662475197010146 ] } },
{ "type": "Feature", "properties": { "内容": "アロハケアプランニング【居宅介護支援】奈良県奈良市高畑町783番地の4", "url": "https://www.kaigokensaku.mhlw.go.jp/29/index.php?action_kouhyou_detail_004_kani=true&JigyosyoCd=2970106643-00&ServiceCd=430&Type=search", "url2": "https://comfortable-space.co.jp" }, "geometry": { "type": "Point", "coordinates": [ 135.839572976721257, 34.677194131066564 ] } },
{ "type": "Feature", "properties": { "内容": "ウェル西奈良ケアプランセンター【居宅介護支援】奈良県奈良市二名平野2-2148-2", "url": "https://www.kaigokensaku.mhlw.go.jp/29/index.php?action_kouhyou_detail_004_kani=true&JigyosyoCd=2970190407-00&ServiceCd=430&Type=search", "url2": "https://wellgroup-service.jp/" }, "geometry": { "type": "Point", "coordinates": [ 135.7314249, 34.7079855 ] } },
{ "type": "Feature", "properties": { "内容": "ホームケアー居宅介護支援事業所【居宅介護支援】奈良県奈良市学園朝日町6-11-1", "url": "https://www.kaigokensaku.mhlw.go.jp/29/index.php?action_kouhyou_detail_004_kani=true&JigyosyoCd=2970190894-00&ServiceCd=430&Type=search", "url2": "https://homecare.co.jp/" }, "geometry": { "type": "Point", "coordinates": [ 135.7547084, 34.7007308 ] } },
{ "type": "Feature", "properties": { "内容": "株式会社まごころ福祉居宅介護支援事業所【居宅介護支援】奈良市中山町西4-535-526", "url": "https://www.kaigokensaku.mhlw.go.jp/29/index.php?action_kouhyou_detail_004_kani=true&JigyosyoCd=2970103566-00&ServiceCd=430&Type=search", "url2": "http://www.magokoro.co.jp/" }, "geometry": { "type": "Point", "coordinates": [ 135.75889810000001, 34.7092833 ] } },
{ "type": "Feature", "properties": { "内容": "居宅介護支援事業所　光の桜【居宅介護支援】奈良県奈良市石木町715-1", "url": "https://www.kaigokensaku.mhlw.go.jp/29/index.php?action_kouhyou_detail_004_kani=true&JigyosyoCd=2970106460-00&ServiceCd=430&Type=search", "url2": "http://www.naraymakai.jp/" }, "geometry": { "type": "Point", "coordinates": [ 135.763637199999948, 34.6597112 ] } },
{ "type": "Feature", "properties": { "内容": "杉浦居宅介護支援事業所【居宅介護支援】奈良県奈良市六条三丁目7番1号シルキーハイム101号", "url": "https://www.kaigokensaku.mhlw.go.jp/29/index.php?action_kouhyou_detail_004_kani=true&JigyosyoCd=2970190944-00&ServiceCd=430&Type=search", "url2": null }, "geometry": { "type": "Point", "coordinates": [ 135.7734817, 34.6682413 ] } },
{ "type": "Feature", "properties": { "内容": "ケアプランセンターOHANA【居宅介護支援】奈良県奈良市小倉町１２３１番地の２", "url": "https://www.kaigokensaku.mhlw.go.jp/29/index.php?action_kouhyou_detail_004_kani=true&JigyosyoCd=2970108391-00&ServiceCd=430&Type=search", "url2": null }, "geometry": { "type": "Point", "coordinates": [ 135.991414099999986, 34.6251292 ] } },
{ "type": "Feature", "properties": { "内容": "SOMPOケア　三条桧町　居宅介護支援【居宅介護支援】奈良県奈良市三条桧町２２－１２そんぽの家Ｓ三条桧町", "url": "https://www.kaigokensaku.mhlw.go.jp/29/index.php?action_kouhyou_detail_004_kani=true&JigyosyoCd=2970104317-00&ServiceCd=430&Type=search", "url2": "https://www.sompocare.com/" }, "geometry": { "type": "Point", "coordinates": [ 135.811019804893476, 34.677459058018364 ] } },
{ "type": "Feature", "properties": { "内容": "ケアプランセンターここさ【居宅介護支援】奈良県奈良市大宮町6-9-8岡田ビル502号", "url": "https://www.kaigokensaku.mhlw.go.jp/29/index.php?action_kouhyou_detail_004_kani=true&JigyosyoCd=2970190167-00&ServiceCd=430&Type=search", "url2": "https://www.careplane-center-kokosa.com/" }, "geometry": { "type": "Point", "coordinates": [ 135.80995969857446, 34.685112435847962 ] } },
{ "type": "Feature", "properties": { "内容": "けいはんなヘルパーステーション指定居宅介護支援事業所【居宅介護支援】奈良県奈良市西大寺竜王町1丁目4－74グリーンヒルズ西大寺101号室", "url": "https://www.kaigokensaku.mhlw.go.jp/29/index.php?action_kouhyou_detail_004_kani=true&JigyosyoCd=2970102139-00&ServiceCd=430&Type=search", "url2": null }, "geometry": { "type": "Point", "coordinates": [ 135.771228052907702, 34.696181714450034 ] } },
{ "type": "Feature", "properties": { "内容": "たちばな【居宅介護支援】奈良市中山町３９－１エステートピア中山A棟１０１号", "url": "https://www.kaigokensaku.mhlw.go.jp/29/index.php?action_kouhyou_detail_004_kani=true&JigyosyoCd=2970107500-00&ServiceCd=430&Type=search", "url2": null }, "geometry": { "type": "Point", "coordinates": [ 135.77039979999995, 34.7098863 ] } },
{ "type": "Feature", "properties": { "内容": "居宅介護支援それいゆ学園前【居宅介護支援】奈良県奈良市学園朝日町7番9-1号", "url": "https://www.kaigokensaku.mhlw.go.jp/29/index.php?action_kouhyou_detail_004_kani=true&JigyosyoCd=2970102865-00&ServiceCd=430&Type=search", "url2": "https://www.micro-fukushikai.or.jp/" }, "geometry": { "type": "Point", "coordinates": [ 135.754462500000045, 34.7022033 ] } },
{ "type": "Feature", "properties": { "内容": "メビウスまほろば居宅介護支援事業所【居宅介護支援】奈良県奈良市六条西四丁目6番20号", "url": "https://www.kaigokensaku.mhlw.go.jp/29/index.php?action_kouhyou_detail_004_kani=true&JigyosyoCd=2970107914-00&ServiceCd=430&Type=search", "url2": "https://www.nishinokyo.or.jp/kaigo/mahoroba/index.html" }, "geometry": { "type": "Point", "coordinates": [ 135.770720504229757, 34.665008475549577 ] } },
{ "type": "Feature", "properties": { "内容": "ロイヤルフェニックス居宅介護支援事業所【居宅介護支援】奈良市六条町99番地の2", "url": "https://www.kaigokensaku.mhlw.go.jp/29/index.php?action_kouhyou_detail_004_kani=true&JigyosyoCd=2970100471-00&ServiceCd=430&Type=search", "url2": "http://www.nishinokyo.or.jp/" }, "geometry": { "type": "Point", "coordinates": [ 135.789979799999969, 34.6657086 ] } },
{ "type": "Feature", "properties": { "内容": "谷掛整形外科在宅介護支援センター【居宅介護支援】奈良市神殿町644-1", "url": "https://www.kaigokensaku.mhlw.go.jp/29/index.php?action_kouhyou_detail_004_kani=true&JigyosyoCd=2970100497-00&ServiceCd=430&Type=search", "url2": "http://www.tanikake.com" }, "geometry": { "type": "Point", "coordinates": [ 135.8192355, 34.6572125 ] } },
{ "type": "Feature", "properties": { "内容": "ケアプランセンターカインド【居宅介護支援】奈良市西登美ケ丘5-3-8", "url": "https://www.kaigokensaku.mhlw.go.jp/29/index.php?action_kouhyou_detail_004_kani=true&JigyosyoCd=2910102371-00&ServiceCd=430&Type=search", "url2": "https://www.nagami-clinic.com/" }, "geometry": { "type": "Point", "coordinates": [ 135.738197, 34.7134412 ] } },
{ "type": "Feature", "properties": { "内容": "医療法人　新仁会　奈良春日病院　居宅介護支援事業所【居宅介護支援】奈良県奈良市鹿野園町１２１２－１", "url": "https://www.kaigokensaku.mhlw.go.jp/29/index.php?action_kouhyou_detail_004_kani=true&JigyosyoCd=2970101248-00&ServiceCd=430&Type=search", "url2": "https://www.narakasuga-hospital.or.jp" }, "geometry": { "type": "Point", "coordinates": [ 135.853363404893457, 34.664360494994682 ] } },
{ "type": "Feature", "properties": { "内容": "サンライフ奈良ケアプランセンター【居宅介護支援】奈良県奈良市南肘塚町205－1", "url": "https://www.kaigokensaku.mhlw.go.jp/29/index.php?action_kouhyou_detail_004_kani=true&JigyosyoCd=2970108003-00&ServiceCd=430&Type=search", "url2": "http://www.seiwakai-group.or.jp/" }, "geometry": { "type": "Point", "coordinates": [ 135.83277309999994, 34.6675279 ] } },
{ "type": "Feature", "properties": { "内容": "居宅介護支援事業所　秋篠【居宅介護支援】奈良県奈良市秋篠町1432-1", "url": "https://www.kaigokensaku.mhlw.go.jp/29/index.php?action_kouhyou_detail_004_kani=true&JigyosyoCd=2970105413-00&ServiceCd=430&Type=search", "url2": "http://taizankai.org/" }, "geometry": { "type": "Point", "coordinates": [ 135.778557500000034, 34.7074368 ] } },
{ "type": "Feature", "properties": { "内容": "医療法人飯田医院　ケアプランセンター左京【居宅介護支援】奈良県奈良市左京４－７－３", "url": "https://www.kaigokensaku.mhlw.go.jp/29/index.php?action_kouhyou_detail_004_kani=true&JigyosyoCd=2970106445-00&ServiceCd=430&Type=search", "url2": "http://www.iidasc.com" }, "geometry": { "type": "Point", "coordinates": [ 135.804627896295187, 34.718740929207634 ] } },
{ "type": "Feature", "properties": { "内容": "医療法人宝山会　奈良小南病院ケアプランセンター【居宅介護支援】奈良市八条五丁目４３７－８", "url": "https://www.kaigokensaku.mhlw.go.jp/29/index.php?action_kouhyou_detail_004_kani=true&JigyosyoCd=2970104101-00&ServiceCd=430&Type=search", "url2": "https://houzankai-nara.jp/" }, "geometry": { "type": "Point", "coordinates": [ 135.799203900000066, 34.6669668 ] } },
{ "type": "Feature", "properties": { "内容": "アップル学園前在宅介護支援センター【居宅介護支援】奈良市中登美ヶ丘四丁目３番", "url": "https://www.kaigokensaku.mhlw.go.jp/29/index.php?action_kouhyou_detail_004_kani=true&JigyosyoCd=2970100687-00&ServiceCd=430&Type=search", "url2": "http://www.apple-g.or.jp" }, "geometry": { "type": "Point", "coordinates": [ 135.744926702516153, 34.721612335801531 ] } },
{ "type": "Feature", "properties": { "内容": "居宅介護支援事業所　学園前【居宅介護支援】奈良県奈良市学園北一丁目13番10号アネシス学園前405号", "url": "https://www.kaigokensaku.mhlw.go.jp/29/index.php?action_kouhyou_detail_004_kani=true&JigyosyoCd=2970108375-00&ServiceCd=430&Type=search", "url2": null }, "geometry": { "type": "Point", "coordinates": [ 135.7498067, 34.6997491 ] } },
{ "type": "Feature", "properties": { "内容": "はなはな居宅介護支援事業所【居宅介護支援】奈良市七条一丁目１１番１号", "url": "https://www.kaigokensaku.mhlw.go.jp/29/index.php?action_kouhyou_detail_004_kani=true&JigyosyoCd=2970108508-00&ServiceCd=430&Type=search", "url2": null }, "geometry": { "type": "Point", "coordinates": [ 135.7817784, 34.6660242 ] } },
{ "type": "Feature", "properties": { "内容": "アクティブライフ中町倶楽部【居宅介護支援】奈良県奈良市大倭町１－３５エスティームライフ学園前内", "url": "https://www.kaigokensaku.mhlw.go.jp/29/index.php?action_kouhyou_detail_004_kani=true&JigyosyoCd=2970100695-00&ServiceCd=430&Type=search", "url2": "https://www.activelife.co.jp" }, "geometry": { "type": "Point", "coordinates": [ 135.756747160769919, 34.681830417028564 ] } },
{ "type": "Feature", "properties": { "内容": "ケアプランセンターあすか【居宅介護支援】奈良県奈良市西九条町2丁目4-10ウエルズ21西九条102", "url": "https://www.kaigokensaku.mhlw.go.jp/29/index.php?action_kouhyou_detail_004_kani=true&JigyosyoCd=2970105348-00&ServiceCd=430&Type=search", "url2": null }, "geometry": { "type": "Point", "coordinates": [ 135.814523551664706, 34.660452538096457 ] } },
{ "type": "Feature", "properties": { "内容": "居宅介護支援事業所　うさぎ【居宅介護支援】奈良県奈良市八島町270番地の25", "url": "https://www.kaigokensaku.mhlw.go.jp/29/index.php?action_kouhyou_detail_004_kani=true&JigyosyoCd=2970108490-00&ServiceCd=430&Type=search", "url2": null }, "geometry": { "type": "Point", "coordinates": [ 135.839841755819663, 34.645155878206808 ] } },
{ "type": "Feature", "properties": { "内容": "居宅介護支援事業所　太陽【居宅介護支援】高天市町22番地の１", "url": "https://www.kaigokensaku.mhlw.go.jp/29/index.php?action_kouhyou_detail_004_kani=true&JigyosyoCd=2970105371-00&ServiceCd=430&Type=search", "url2": "http://www5.kcn.ne.jp/~ace-101/" }, "geometry": { "type": "Point", "coordinates": [ 135.825598906745881, 34.685721934316774 ] } },
{ "type": "Feature", "properties": { "内容": "カームケアプランセンター【居宅介護支援】奈良市菅原東1-9-7", "url": "https://www.kaigokensaku.mhlw.go.jp/29/index.php?action_kouhyou_detail_004_kani=true&JigyosyoCd=2970103962-00&ServiceCd=430&Type=search", "url2": "http://www.nara-calm.com" }, "geometry": { "type": "Point", "coordinates": [ 135.780019371163945, 34.68511067769461 ] } },
{ "type": "Feature", "properties": { "内容": "株式会社　カームネススマイル【居宅介護支援】押熊町３９５番１梅守マンション", "url": "https://www.kaigokensaku.mhlw.go.jp/29/index.php?action_kouhyou_detail_004_kani=true&JigyosyoCd=2970104085-00&ServiceCd=430&Type=search", "url2": "http://www.calmness-smile.com/" }, "geometry": { "type": "Point", "coordinates": [ 135.771793900000034, 34.7154524 ] } },
{ "type": "Feature", "properties": { "内容": "ケアプランクオーレ【居宅介護支援】古市町1773番地の1", "url": "https://www.kaigokensaku.mhlw.go.jp/29/index.php?action_kouhyou_detail_004_kani=true&JigyosyoCd=2970107559-00&ServiceCd=430&Type=search", "url2": null }, "geometry": { "type": "Point", "coordinates": [ 135.840441899999973, 34.6612431 ] } },
{ "type": "Feature", "properties": { "内容": "ソワン訪問介護センター・ケアプラン部【居宅介護支援】奈良市鶴舞西町2-17ヴィラ学園前1階102号", "url": "https://www.kaigokensaku.mhlw.go.jp/29/index.php?action_kouhyou_detail_004_kani=true&JigyosyoCd=2970107583-00&ServiceCd=430&Type=search", "url2": "http://www.soin-kaigo.com/" }, "geometry": { "type": "Point", "coordinates": [ 135.748288104368612, 34.703817232113046 ] } },
{ "type": "Feature", "properties": { "内容": "エミライズケアプランセンター【居宅介護支援】奈良市西大寺東町一丁目2番2号", "url": "https://www.kaigokensaku.mhlw.go.jp/29/index.php?action_kouhyou_detail_004_kani=true&JigyosyoCd=2970108607-00&ServiceCd=430&Type=search", "url2": null }, "geometry": { "type": "Point", "coordinates": [ 135.784334300000012, 34.6964265 ] } },
{ "type": "Feature", "properties": { "内容": "ケアプランセンターかごのき【居宅介護支援】奈良県奈良市中町２３１３番地の２", "url": "https://www.kaigokensaku.mhlw.go.jp/29/index.php?action_kouhyou_detail_004_kani=true&JigyosyoCd=2970108532-00&ServiceCd=430&Type=search", "url2": "http://care-brain.jp/" }, "geometry": { "type": "Point", "coordinates": [ 135.743420165925755, 34.677992335179354 ] } },
{ "type": "Feature", "properties": { "内容": "居宅介護支援事業所　ほっこり【居宅介護支援】奈良県奈良市朱雀3丁目4-12山善朱雀マンション10-A", "url": "https://www.kaigokensaku.mhlw.go.jp/29/index.php?action_kouhyou_detail_004_kani=true&JigyosyoCd=2970105074-00&ServiceCd=430&Type=search", "url2": null }, "geometry": { "type": "Point", "coordinates": [ 135.792746706298857, 34.721659235898045 ] } },
{ "type": "Feature", "properties": { "内容": "チャームスイート奈良学園前【居宅介護支援】奈良県奈良市鶴舞東町1番36号", "url": "https://www.kaigokensaku.mhlw.go.jp/29/index.php?action_kouhyou_detail_004_kani=true&JigyosyoCd=2970108631-00&ServiceCd=430&Type=search", "url2": "https://www.charmcc.jp/home/charmsuite_naragakuenmae/" }, "geometry": { "type": "Point", "coordinates": [ 135.750806899999986, 34.7025601 ] } },
{ "type": "Feature", "properties": { "内容": "ツクイ奈良【居宅介護支援】奈良県奈良市川之上突抜町10番１号", "url": "https://www.kaigokensaku.mhlw.go.jp/29/index.php?action_kouhyou_detail_004_kani=true&JigyosyoCd=2970108433-00&ServiceCd=430&Type=search", "url2": "https://www.tsukui.net/home-care/2202/" }, "geometry": { "type": "Point", "coordinates": [ 135.831994596295146, 34.673940294143605 ] } },
{ "type": "Feature", "properties": { "内容": "ニチイケアセンター大和西大寺【居宅介護支援】奈良県奈良市菅原東一丁目23番22号", "url": "https://www.kaigokensaku.mhlw.go.jp/29/index.php?action_kouhyou_detail_004_kani=true&JigyosyoCd=2970100489-00&ServiceCd=430&Type=search", "url2": "http://www.nichiigakkan.co.jp" }, "geometry": { "type": "Point", "coordinates": [ 135.7813688, 34.6862671 ] } },
{ "type": "Feature", "properties": { "内容": "ハッピーケアプランサービス【居宅介護支援】奈良市六条3-1-15", "url": "https://www.kaigokensaku.mhlw.go.jp/29/index.php?action_kouhyou_detail_004_kani=true&JigyosyoCd=2970102105-00&ServiceCd=430&Type=search", "url2": "http://www.happy-service.co.jp/" }, "geometry": { "type": "Point", "coordinates": [ 135.776163059027965, 34.668252288660845 ] } },
{ "type": "Feature", "properties": { "内容": "ぽれぽれ四条大路【居宅介護支援】奈良市四条大路2-860-1", "url": "https://www.kaigokensaku.mhlw.go.jp/29/index.php?action_kouhyou_detail_004_kani=true&JigyosyoCd=2970100141-00&ServiceCd=430&Type=search", "url2": "htpp://www.porepore.co.jp" }, "geometry": { "type": "Point", "coordinates": [ 135.798929813491782, 34.68056056889526 ] } },
{ "type": "Feature", "properties": { "内容": "ぽれぽれ登美ヶ丘【居宅介護支援】登美ヶ丘2-2-15", "url": "https://www.kaigokensaku.mhlw.go.jp/29/index.php?action_kouhyou_detail_004_kani=true&JigyosyoCd=2970102576-00&ServiceCd=430&Type=search", "url2": "http://www.porepore.co.jp/" }, "geometry": { "type": "Point", "coordinates": [ 135.750098438284994, 34.712048534682474 ] } },
{ "type": "Feature", "properties": { "内容": "ベストライフ奈良居宅介護支援事業所【居宅介護支援】奈良県奈良市大森町97-1", "url": "https://www.kaigokensaku.mhlw.go.jp/29/index.php?action_kouhyou_detail_004_kani=true&JigyosyoCd=2970190209-00&ServiceCd=430&Type=search", "url2": null }, "geometry": { "type": "Point", "coordinates": [ 135.815431397932798, 34.675026149035709 ] } },
{ "type": "Feature", "properties": { "内容": "ミック登美ヶ丘介護相談センター【居宅介護支援】奈良市押熊町2261", "url": "https://www.kaigokensaku.mhlw.go.jp/29/index.php?action_kouhyou_detail_004_kani=true&JigyosyoCd=2970103509-00&ServiceCd=430&Type=search", "url2": "http://www.mic-tomigaoka.com" }, "geometry": { "type": "Point", "coordinates": [ 135.761822599999959, 34.716641 ] } },
{ "type": "Feature", "properties": { "内容": "ケアプランセンター佐保の里【居宅介護支援】佐保台二丁目902-241", "url": "https://www.kaigokensaku.mhlw.go.jp/29/index.php?action_kouhyou_detail_004_kani=true&JigyosyoCd=2970108417-00&ServiceCd=430&Type=search", "url2": "http://www.lifeartcommunity.com" }, "geometry": { "type": "Point", "coordinates": [ 135.815404195106481, 34.708334253651785 ] } },
{ "type": "Feature", "properties": { "内容": "つむぐみらい【居宅介護支援】奈良県奈良市西大寺赤田町二丁目1-3エミエール西大寺303", "url": "https://www.kaigokensaku.mhlw.go.jp/29/index.php?action_kouhyou_detail_004_kani=true&JigyosyoCd=2970190605-00&ServiceCd=430&Type=search", "url2": "https://kaigoya-nara.com/" }, "geometry": { "type": "Point", "coordinates": [ 135.768351256099749, 34.69801126085617 ] } },
{ "type": "Feature", "properties": { "内容": "モリワキ居宅介護支援事業所【居宅介護支援】奈良市疋田町２丁目１-２１徳丸ビル2階", "url": "https://www.kaigokensaku.mhlw.go.jp/29/index.php?action_kouhyou_detail_004_kani=true&JigyosyoCd=2970104580-00&ServiceCd=430&Type=search", "url2": null }, "geometry": { "type": "Point", "coordinates": [ 135.76690039999994, 34.6921243 ] } },
{ "type": "Feature", "properties": { "内容": "ケアサポートなずな【居宅介護支援】奈良県奈良市大安寺三丁目3番15号コーポ大安寺Ⅱ１０５", "url": "https://www.kaigokensaku.mhlw.go.jp/29/index.php?action_kouhyou_detail_004_kani=true&JigyosyoCd=2970107476-00&ServiceCd=430&Type=search", "url2": null }, "geometry": { "type": "Point", "coordinates": [ 135.811115793583781, 34.671137526178114 ] } },
{ "type": "Feature", "properties": { "内容": "ケアプランセンター真秀良【居宅介護支援】奈良県奈良市南紀寺町3丁目139-8", "url": "https://www.kaigokensaku.mhlw.go.jp/29/index.php?action_kouhyou_detail_004_kani=true&JigyosyoCd=2970107658-00&ServiceCd=430&Type=search", "url2": "htpps://www.careplan-mahora.com" }, "geometry": { "type": "Point", "coordinates": [ 135.838753293480153, 34.667594055977965 ] } },
{ "type": "Feature", "properties": { "内容": "ケアプランセンター白ゆり【居宅介護支援】左京3丁目18番地の20", "url": "https://www.kaigokensaku.mhlw.go.jp/29/index.php?action_kouhyou_detail_004_kani=true&JigyosyoCd=2970190688-00&ServiceCd=430&Type=search", "url2": null }, "geometry": { "type": "Point", "coordinates": [ 135.8071918, 34.7154924 ] } },
{ "type": "Feature", "properties": { "内容": "居宅介護支援事業所八重桜【居宅介護支援】奈良市法蓮町6322番地２一條館Ⅱビル1階", "url": "https://www.kaigokensaku.mhlw.go.jp/29/index.php?action_kouhyou_detail_004_kani=true&JigyosyoCd=2970101396-00&ServiceCd=430&Type=search", "url2": null }, "geometry": { "type": "Point", "coordinates": [ 135.815786822753921, 34.691506791220817 ] } },
{ "type": "Feature", "properties": { "内容": "介護相談センター　福丸【居宅介護支援】朱雀６丁目１－１４コンフォート朱雀Ⅱ３－A", "url": "https://www.kaigokensaku.mhlw.go.jp/29/index.php?action_kouhyou_detail_004_kani=true&JigyosyoCd=2970105793-00&ServiceCd=430&Type=search", "url2": null }, "geometry": { "type": "Point", "coordinates": [ 135.797780500000044, 34.7132198 ] } },
{ "type": "Feature", "properties": { "内容": "優花居宅介護支援センター【居宅介護支援】奈良県奈良市若葉台１丁目７番１号", "url": "https://www.kaigokensaku.mhlw.go.jp/29/index.php?action_kouhyou_detail_004_kani=true&JigyosyoCd=2970106510-00&ServiceCd=430&Type=search", "url2": "http://www.youka-nara.com" }, "geometry": { "type": "Point", "coordinates": [ 135.770761064418053, 34.689799554342606 ] } },
{ "type": "Feature", "properties": { "内容": "ケアプランセンター優日【居宅介護支援】奈良県奈良市北京終町27－2タイエイビル202号", "url": "https://www.kaigokensaku.mhlw.go.jp/29/index.php?action_kouhyou_detail_004_kani=true&JigyosyoCd=2970190332-00&ServiceCd=430&Type=search", "url2": "https://k-yuhi1110.com/" }, "geometry": { "type": "Point", "coordinates": [ 135.828946699999989, 34.6728464 ] } },
{ "type": "Feature", "properties": { "内容": "ケアサポート　輪【居宅介護支援】西笹鉾町18番地サンハイツ101号室", "url": "https://www.kaigokensaku.mhlw.go.jp/29/index.php?action_kouhyou_detail_004_kani=true&JigyosyoCd=2970108326-00&ServiceCd=430&Type=search", "url2": null }, "geometry": { "type": "Point", "coordinates": [ 135.830642300000022, 34.6909127 ] } },
{ "type": "Feature", "properties": { "内容": "近鉄スマイルあやめ池ケアプランセンター【居宅介護支援】奈良県奈良市あやめ池北2丁目1番1号", "url": "https://www.kaigokensaku.mhlw.go.jp/29/index.php?action_kouhyou_detail_004_kani=true&JigyosyoCd=2970104622-00&ServiceCd=430&Type=search", "url2": "http://www.k-smile.com" }, "geometry": { "type": "Point", "coordinates": [ 135.76251179999997, 34.7002843 ] } },
{ "type": "Feature", "properties": { "内容": "あきつ介護支援センター【居宅介護支援】奈良市押熊町2211エスポワール東登美ケ丘A202", "url": "https://www.kaigokensaku.mhlw.go.jp/29/index.php?action_kouhyou_detail_004_kani=true&JigyosyoCd=2970104390-00&ServiceCd=430&Type=search", "url2": null }, "geometry": { "type": "Point", "coordinates": [ 135.763682743820681, 34.717212822354441 ] } },
{ "type": "Feature", "properties": { "内容": "合資会社　佐保・福祉総合相談センター【居宅介護支援】奈良県奈良市法蓮町２５８番地の23", "url": "https://www.kaigokensaku.mhlw.go.jp/29/index.php?action_kouhyou_detail_004_kani=true&JigyosyoCd=2970103467-00&ServiceCd=430&Type=search", "url2": null }, "geometry": { "type": "Point", "coordinates": [ 135.818957100000034, 34.6898419 ] } },
{ "type": "Feature", "properties": { "内容": "あおぞらケアサポート【居宅介護支援】法蓮町632-2-406", "url": "https://www.kaigokensaku.mhlw.go.jp/29/index.php?action_kouhyou_detail_004_kani=true&JigyosyoCd=2970108730-00&ServiceCd=430&Type=search", "url2": "https://www.akirin030805.com" }, "geometry": { "type": "Point", "coordinates": [ 135.815770006214137, 34.691773775338511 ] } },
{ "type": "Feature", "properties": { "内容": "ケアプランオフィスg_line【居宅介護支援】奈良県奈良市大宮町四丁目２７５番地の１森村第３ビル４０８号", "url": "https://www.kaigokensaku.mhlw.go.jp/29/index.php?action_kouhyou_detail_004_kani=true&JigyosyoCd=2970190704-00&ServiceCd=430&Type=search", "url2": null }, "geometry": { "type": "Point", "coordinates": [ 135.8100928, 34.6839603 ] } },
{ "type": "Feature", "properties": { "内容": "るりいろケア【居宅介護支援】奈良県奈良市北永井町344-18　2F", "url": "https://www.kaigokensaku.mhlw.go.jp/29/index.php?action_kouhyou_detail_004_kani=true&JigyosyoCd=2970190514-00&ServiceCd=430&Type=search", "url2": null }, "geometry": { "type": "Point", "coordinates": [ 135.8218004, 34.6549785 ] } },
{ "type": "Feature", "properties": { "内容": "ともケアプランセンター【居宅介護支援】奈良県奈良市押熊町1279-1藤松ハイツ204", "url": "https://www.kaigokensaku.mhlw.go.jp/29/index.php?action_kouhyou_detail_004_kani=true&JigyosyoCd=2970108482-00&ServiceCd=430&Type=search", "url2": "http://hp.kaipoke.biz/8nn/" }, "geometry": { "type": "Point", "coordinates": [ 135.7690313, 34.7221017 ] } },
{ "type": "Feature", "properties": { "内容": "ケアプランセンターあゆみ【居宅介護支援】奈良県奈良市平松一丁目31番24号", "url": "https://www.kaigokensaku.mhlw.go.jp/29/index.php?action_kouhyou_detail_004_kani=true&JigyosyoCd=2970106965-00&ServiceCd=430&Type=search", "url2": "http://www.ayumi1007.com/" }, "geometry": { "type": "Point", "coordinates": [ 135.775219186968144, 34.680813227265581 ] } },
{ "type": "Feature", "properties": { "内容": "ケアプランセンター　きのね【居宅介護支援】奈良市南京終町四丁目360番地の9", "url": "https://www.kaigokensaku.mhlw.go.jp/29/index.php?action_kouhyou_detail_004_kani=true&JigyosyoCd=2970105827-00&ServiceCd=430&Type=search", "url2": null }, "geometry": { "type": "Point", "coordinates": [ 135.826504300000011, 34.6684113 ] } },
{ "type": "Feature", "properties": { "内容": "ケアプランセンター花【居宅介護支援】奈良県奈良市左京二丁目２番地の６０", "url": "https://www.kaigokensaku.mhlw.go.jp/29/index.php?action_kouhyou_detail_004_kani=true&JigyosyoCd=2970190860-00&ServiceCd=430&Type=search", "url2": "https://www.careplan-hana.net" }, "geometry": { "type": "Point", "coordinates": [ 135.8030564, 34.7126561 ] } },
{ "type": "Feature", "properties": { "内容": "ケアプランセンターＳＡＫＡ爽【居宅介護支援】奈良県奈良市鳥見町3丁目12番6号", "url": "https://www.kaigokensaku.mhlw.go.jp/29/index.php?action_kouhyou_detail_004_kani=true&JigyosyoCd=2970107690-00&ServiceCd=430&Type=search", "url2": "なし" }, "geometry": { "type": "Point", "coordinates": [ 135.7262786, 34.6948162 ] } },
{ "type": "Feature", "properties": { "内容": "ケアプランセンターゆとり【居宅介護支援】奈良県奈良市朱雀3丁目5-4　2F", "url": "https://www.kaigokensaku.mhlw.go.jp/29/index.php?action_kouhyou_detail_004_kani=true&JigyosyoCd=2970190506-00&ServiceCd=430&Type=search", "url2": "http://yutori-nara.com" }, "geometry": { "type": "Point", "coordinates": [ 135.793165299311823, 34.721426152958792 ] } },
{ "type": "Feature", "properties": { "内容": "ケアサポート　樹もれび【居宅介護支援】奈良県奈良市大安寺２丁目７ー５ローズベリー大西　１F", "url": "https://www.kaigokensaku.mhlw.go.jp/29/index.php?action_kouhyou_detail_004_kani=true&JigyosyoCd=2970104424-00&ServiceCd=430&Type=search", "url2": null }, "geometry": { "type": "Point", "coordinates": [ 135.809439928403123, 34.669785965210558 ] } },
{ "type": "Feature", "properties": { "内容": "ケアサポートひなた【居宅介護支援】奈良県奈良市大宮町六丁目4番地の8ルミエール新大宮405号", "url": "https://www.kaigokensaku.mhlw.go.jp/29/index.php?action_kouhyou_detail_004_kani=true&JigyosyoCd=2970190811-00&ServiceCd=430&Type=search", "url2": null }, "geometry": { "type": "Point", "coordinates": [ 135.807396899999986, 34.6851002 ] } },
{ "type": "Feature", "properties": { "内容": "社会医療法人松本快生会　西奈良中央病院ケアプランセンター【居宅介護支援】奈良市鶴舞西町1番16号ﾏﾂﾖｼﾋﾞﾙ2階", "url": "https://www.kaigokensaku.mhlw.go.jp/29/index.php?action_kouhyou_detail_004_kani=true&JigyosyoCd=2970100448-00&ServiceCd=430&Type=search", "url2": "http://www.nishinarachuo.or.jp" }, "geometry": { "type": "Point", "coordinates": [ 135.75006215350345, 34.704584740222103 ] } },
{ "type": "Feature", "properties": { "内容": "ケアプランセンターぽれぽれ青山【居宅介護支援】奈良県奈良市青山4丁目3番地3", "url": "https://www.kaigokensaku.mhlw.go.jp/29/index.php?action_kouhyou_detail_004_kani=true&JigyosyoCd=2970190027-00&ServiceCd=430&Type=search", "url2": "https://www.porepore.co.jp/office/nara/aoyama/" }, "geometry": { "type": "Point", "coordinates": [ 135.837660147221413, 34.70653527061512 ] } },
{ "type": "Feature", "properties": { "内容": "サンタ・マリア【居宅介護支援】奈良市朱雀４丁目３番地１０", "url": "https://www.kaigokensaku.mhlw.go.jp/29/index.php?action_kouhyou_detail_004_kani=true&JigyosyoCd=2970100414-00&ServiceCd=430&Type=search", "url2": "http//www.yozefu-home.or.jp/" }, "geometry": { "type": "Point", "coordinates": [ 135.798941300000024, 34.7210772 ] } },
{ "type": "Feature", "properties": { "内容": "サンライフ明日香ケアプランセンター【居宅介護支援】奈良市紀寺町556-1", "url": "https://www.kaigokensaku.mhlw.go.jp/29/index.php?action_kouhyou_detail_004_kani=true&JigyosyoCd=2970103343-00&ServiceCd=430&Type=search", "url2": "kyokai.asuka@seiwakai-group.or.jp" }, "geometry": { "type": "Point", "coordinates": [ 135.834511799999973, 34.6715334 ] } },
{ "type": "Feature", "properties": { "内容": "サンライフ西大寺ケアプランセンター【居宅介護支援】奈良県奈良市西大寺南町1-28", "url": "https://www.kaigokensaku.mhlw.go.jp/29/index.php?action_kouhyou_detail_004_kani=true&JigyosyoCd=2970106882-00&ServiceCd=430&Type=search", "url2": "http://www.seiwakai-group.or.jp/" }, "geometry": { "type": "Point", "coordinates": [ 135.781684931352146, 34.693939265542234 ] } },
{ "type": "Feature", "properties": { "内容": "社会福祉法人恩賜財団済生会奈良病院ケアプランセンターすずらん【居宅介護支援】奈良県奈良市八条四丁目６４３番地", "url": "https://www.kaigokensaku.mhlw.go.jp/29/index.php?action_kouhyou_detail_004_kani=true&JigyosyoCd=2970107260-00&ServiceCd=430&Type=search", "url2": "http://www.saiseikai-nara-hp.jp" }, "geometry": { "type": "Point", "coordinates": [ 135.805128400000058, 34.6689972 ] } },
{ "type": "Feature", "properties": { "内容": "居宅介護支援センター　らくじ苑みかんの里【居宅介護支援】奈良県奈良市南京終町19-1在宅介護相談センターらくじ苑", "url": "https://www.kaigokensaku.mhlw.go.jp/29/index.php?action_kouhyou_detail_004_kani=true&JigyosyoCd=2970101800-00&ServiceCd=430&Type=search", "url2": "http://www.rakuji.com/rakujien/" }, "geometry": { "type": "Point", "coordinates": [ 135.827328858304554, 34.670955181620677 ] } },
{ "type": "Feature", "properties": { "内容": "あすならハイツあやめ池ケアプランセンター【居宅介護支援】奈良市あやめ池南2丁目2-16", "url": "https://www.kaigokensaku.mhlw.go.jp/29/index.php?action_kouhyou_detail_004_kani=true&JigyosyoCd=2970106239-00&ServiceCd=430&Type=search", "url2": "http://ｗｗｗ.asunaraenn.com" }, "geometry": { "type": "Point", "coordinates": [ 135.762522900000022, 34.6974791 ] } },
{ "type": "Feature", "properties": { "内容": "あすならホーム富雄ケアプランセンター【居宅介護支援】奈良県奈良市鳥見町4-3-1富雄団地55-202", "url": "https://www.kaigokensaku.mhlw.go.jp/29/index.php?action_kouhyou_detail_004_kani=true&JigyosyoCd=2970190571-00&ServiceCd=430&Type=search", "url2": null }, "geometry": { "type": "Point", "coordinates": [ 135.7230352, 34.6953801 ] } },
{ "type": "Feature", "properties": { "内容": "あすならハイツ恋の窪　ケアプランセンター【居宅介護支援】奈良県奈良市恋の窪1丁目2番2号", "url": "https://www.kaigokensaku.mhlw.go.jp/29/index.php?action_kouhyou_detail_004_kani=true&JigyosyoCd=2970107252-00&ServiceCd=430&Type=search", "url2": "https://asunaraen.or.jp/" }, "geometry": { "type": "Point", "coordinates": [ 135.808076109786953, 34.676686017980728 ] } },
{ "type": "Feature", "properties": { "内容": "あすならホーム西の京【居宅介護支援】奈良市六条２丁目２０番6５号", "url": "https://www.kaigokensaku.mhlw.go.jp/29/index.php?action_kouhyou_detail_004_kani=true&JigyosyoCd=2970105330-00&ServiceCd=430&Type=search", "url2": "http://www.asunaraen.or.jp/" }, "geometry": { "type": "Point", "coordinates": [ 135.775872299999946, 34.6708744 ] } },
{ "type": "Feature", "properties": { "内容": "特別養護老人ホームあじさい園【居宅介護支援】奈良市茗荷町８０８－１", "url": "https://www.kaigokensaku.mhlw.go.jp/29/index.php?action_kouhyou_detail_004_kani=true&JigyosyoCd=2970100281-00&ServiceCd=430&Type=search", "url2": "http://www.ajisaien.or.jp" }, "geometry": { "type": "Point", "coordinates": [ 135.902224700000033, 34.6570114 ] } },
{ "type": "Feature", "properties": { "内容": "こがねの里居宅介護支援事業所【居宅介護支援】奈良県奈良市西大寺赤田町1丁目4番8こがねの里居宅介護支援事業所", "url": "https://www.kaigokensaku.mhlw.go.jp/29/index.php?action_kouhyou_detail_004_kani=true&JigyosyoCd=2970100992-00&ServiceCd=430&Type=search", "url2": "http://akishino-akane.com/" }, "geometry": { "type": "Point", "coordinates": [ 135.771779820762617, 34.697928893477794 ] } },
{ "type": "Feature", "properties": { "内容": "社会福祉法人大倭安宿苑ながそね介護保険相談センター【居宅介護支援】奈良県奈良市大倭町４番１号", "url": "https://www.kaigokensaku.mhlw.go.jp/29/index.php?action_kouhyou_detail_004_kani=true&JigyosyoCd=2970100638-00&ServiceCd=430&Type=search", "url2": "http://www.asukaen.net/" }, "geometry": { "type": "Point", "coordinates": [ 135.758187200000066, 34.680781 ] } },
{ "type": "Feature", "properties": { "内容": "こまどりと丘ケアプランセンター【居宅介護支援】奈良県奈良市二名１丁目2356-1", "url": "https://www.kaigokensaku.mhlw.go.jp/29/index.php?action_kouhyou_detail_004_kani=true&JigyosyoCd=2970107062-00&ServiceCd=430&Type=search", "url2": "http//www.komadoritooka.jp" }, "geometry": { "type": "Point", "coordinates": [ 135.736608499999988, 34.7069501 ] } },
{ "type": "Feature", "properties": { "内容": "西ノ京在宅介護支援センター【居宅介護支援】奈良市六条西五丁目１７番４３号", "url": "https://www.kaigokensaku.mhlw.go.jp/29/index.php?action_kouhyou_detail_004_kani=true&JigyosyoCd=2970101040-00&ServiceCd=430&Type=search", "url2": "www.nisinokyoen.org" }, "geometry": { "type": "Point", "coordinates": [ 135.765362, 34.6646052 ] } },
{ "type": "Feature", "properties": { "内容": "ならやま園居宅介護支援事業所【居宅介護支援】奈良市山陵町1085番地", "url": "https://www.kaigokensaku.mhlw.go.jp/29/index.php?action_kouhyou_detail_004_kani=true&JigyosyoCd=2970100505-00&ServiceCd=430&Type=search", "url2": "http://fukujukai.or.jp" }, "geometry": { "type": "Point", "coordinates": [ 135.781954199999973, 34.7116197 ] } },
{ "type": "Feature", "properties": { "内容": "平城園在宅介護支援センター【居宅介護支援】奈良市秋篠町１５６７番地", "url": "https://www.kaigokensaku.mhlw.go.jp/29/index.php?action_kouhyou_detail_004_kani=true&JigyosyoCd=2970100430-00&ServiceCd=430&Type=search", "url2": "http://fukujukai.or.jp/heijyo/" }, "geometry": { "type": "Point", "coordinates": [ 135.7789239, 34.7121751 ] } },
{ "type": "Feature", "properties": { "内容": "万葉苑介護保険総合相談センター【居宅介護支援】奈良市川上町281", "url": "https://www.kaigokensaku.mhlw.go.jp/29/index.php?action_kouhyou_detail_004_kani=true&JigyosyoCd=2970100356-00&ServiceCd=430&Type=search", "url2": "http://www.manyoen.jp" }, "geometry": { "type": "Point", "coordinates": [ 135.844398802685532, 34.702340692422474 ] } },
{ "type": "Feature", "properties": { "内容": "福祉相談ｻｰﾋﾞｽｾﾝﾀｰ・青い鳥【居宅介護支援】奈良県奈良市東九条町641", "url": "https://www.kaigokensaku.mhlw.go.jp/29/index.php?action_kouhyou_detail_004_kani=true&JigyosyoCd=2970105884-00&ServiceCd=430&Type=search", "url2": "http://amenitylife-assist.org" }, "geometry": { "type": "Point", "coordinates": [ 135.815377500000068, 34.6581262 ] } },
{ "type": "Feature", "properties": { "内容": "どんぐりの実【居宅介護支援】奈良県奈良市六条二丁目13番２号", "url": "https://www.kaigokensaku.mhlw.go.jp/29/index.php?action_kouhyou_detail_004_kani=true&JigyosyoCd=2970108524-00&ServiceCd=430&Type=search", "url2": null }, "geometry": { "type": "Point", "coordinates": [ 135.772778, 34.6693498 ] } },
{ "type": "Feature", "properties": { "内容": "有限会社あんしん【居宅介護支援】奈良市中山町1251番地の1", "url": "https://www.kaigokensaku.mhlw.go.jp/29/index.php?action_kouhyou_detail_004_kani=true&JigyosyoCd=2970100224-00&ServiceCd=430&Type=search", "url2": "http://www.anshingakuenmae.jp" }, "geometry": { "type": "Point", "coordinates": [ 135.766776663706992, 34.71072849001898 ] } },
{ "type": "Feature", "properties": { "内容": "ケアプランセンター　もりの木【居宅介護支援】奈良市押熊町1110-1", "url": "https://www.kaigokensaku.mhlw.go.jp/29/index.php?action_kouhyou_detail_004_kani=true&JigyosyoCd=2970107674-00&ServiceCd=430&Type=search", "url2": null }, "geometry": { "type": "Point", "coordinates": [ 135.770129144071916, 34.721120833896656 ] } },
{ "type": "Feature", "properties": { "内容": "介護支援センターわ【居宅介護支援】奈良県奈良市朱雀四丁目１－３", "url": "https://www.kaigokensaku.mhlw.go.jp/29/index.php?action_kouhyou_detail_004_kani=true&JigyosyoCd=2970102303-00&ServiceCd=430&Type=search", "url2": null }, "geometry": { "type": "Point", "coordinates": [ 135.802396600000094, 34.718597 ] } },
{ "type": "Feature", "properties": { "内容": "あさひ居宅介護支援事業所【居宅介護支援】奈良市三条桧町33-7佐保川ハイツC棟１０２号室", "url": "https://www.kaigokensaku.mhlw.go.jp/29/index.php?action_kouhyou_detail_004_kani=true&JigyosyoCd=2970106015-00&ServiceCd=430&Type=search", "url2": null }, "geometry": { "type": "Point", "coordinates": [ 135.80733600635196, 34.677378388680616 ] } },
{ "type": "Feature", "properties": { "内容": "居宅介護支援事業所かなで【居宅介護支援】奈良県奈良市六条西三丁目１３－１５", "url": "https://www.kaigokensaku.mhlw.go.jp/29/index.php?action_kouhyou_detail_004_kani=true&JigyosyoCd=2970102956-00&ServiceCd=430&Type=search", "url2": "http://kanade-nara.jp" }, "geometry": { "type": "Point", "coordinates": [ 135.770937616008041, 34.667362815758949 ] } },
{ "type": "Feature", "properties": { "内容": "そよ風俱楽部ケアプランセンター【居宅介護支援】四条大路3丁目1-10", "url": "https://www.kaigokensaku.mhlw.go.jp/29/index.php?action_kouhyou_detail_004_kani=true&JigyosyoCd=2970190035-00&ServiceCd=430&Type=search", "url2": null }, "geometry": { "type": "Point", "coordinates": [ 135.796925535581948, 34.680988573299445 ] } },
{ "type": "Feature", "properties": { "内容": "ケアプランセンター古都【居宅介護支援】奈良市白毫寺町15-16", "url": "https://www.kaigokensaku.mhlw.go.jp/29/index.php?action_kouhyou_detail_004_kani=true&JigyosyoCd=2970190852-00&ServiceCd=430&Type=search", "url2": null }, "geometry": { "type": "Point", "coordinates": [ 135.844703628131612, 34.671753948636663 ] } },
{ "type": "Feature", "properties": { "内容": "ナイスケア「桜」【居宅介護支援】奈良市中山町1324-1", "url": "https://www.kaigokensaku.mhlw.go.jp/29/index.php?action_kouhyou_detail_004_kani=true&JigyosyoCd=2970101875-00&ServiceCd=430&Type=search", "url2": "http://www.nicecare-support.com/" }, "geometry": { "type": "Point", "coordinates": [ 135.769286764089998, 34.711484921670824 ] } },
{ "type": "Feature", "properties": { "内容": "居宅介護支援ならまち【居宅介護支援】奈良市六条1丁目1番12号サンライズ西ノ京202号", "url": "https://www.kaigokensaku.mhlw.go.jp/29/index.php?action_kouhyou_detail_004_kani=true&JigyosyoCd=2970102501-00&ServiceCd=430&Type=search", "url2": "https://naramach.wixsite.com/my-site" }, "geometry": { "type": "Point", "coordinates": [ 135.782308842327865, 34.668764756558801 ] } },
{ "type": "Feature", "properties": { "内容": "有限会社　安心ライフ【居宅介護支援】奈良市秋篠早月町9秋篠サンパレス3-102,103", "url": "https://www.kaigokensaku.mhlw.go.jp/29/index.php?action_kouhyou_detail_004_kani=true&JigyosyoCd=2970101370-00&ServiceCd=430&Type=search", "url2": null }, "geometry": { "type": "Point", "coordinates": [ 135.783527211416299, 34.700227039274466 ] } },
{ "type": "Feature", "properties": { "内容": "ロイヤルハート支援センター【居宅介護支援】奈良市四条大路1丁目24番9号", "url": "https://www.kaigokensaku.mhlw.go.jp/29/index.php?action_kouhyou_detail_004_kani=true&JigyosyoCd=2970102279-00&ServiceCd=430&Type=search", "url2": "https://royalheart.jp/" }, "geometry": { "type": "Point", "coordinates": [ 135.804830742409649, 34.677654305662394 ] } },
{ "type": "Feature", "properties": { "内容": "有限会社奈良ケアサービス【居宅介護支援】奈良県奈良市本子守町11久保ビル２Ｆ", "url": "https://www.kaigokensaku.mhlw.go.jp/29/index.php?action_kouhyou_detail_004_kani=true&JigyosyoCd=2970100364-00&ServiceCd=430&Type=search", "url2": null }, "geometry": { "type": "Point", "coordinates": [ 135.82587860000001, 34.6809967 ] } },
{ "type": "Feature", "properties": { "内容": "青山居宅介護支援事業所こばやし【居宅介護支援】奈良県奈良市青山五丁目１番地５９", "url": "https://www.kaigokensaku.mhlw.go.jp/29/index.php?action_kouhyou_detail_004_kani=true&JigyosyoCd=2970106437-00&ServiceCd=430&Type=search", "url2": null }, "geometry": { "type": "Point", "coordinates": [ 135.8387993, 34.706282199999976 ] } },
{ "type": "Feature", "properties": { "内容": "ケアプランセンターこころ【居宅介護支援】奈良県奈良市大宮町６丁目4-8ルミエール新大宮502", "url": "https://www.kaigokensaku.mhlw.go.jp/29/index.php?action_kouhyou_detail_004_kani=true&JigyosyoCd=2970191207-00&ServiceCd=430&Type=search", "url2": null }, "geometry": { "type": "Point", "coordinates": [ 135.807396899999986, 34.6851002 ] } },
{ "type": "Feature", "properties": { "内容": "ならやま診療所在宅介護支援センター【居宅介護支援】奈良市右京３丁目2-22階", "url": "https://www.kaigokensaku.mhlw.go.jp/29/index.php?action_kouhyou_detail_004_kani=true&JigyosyoCd=2970191033-00&ServiceCd=430&Type=search", "url2": "https://kenseikai-nara.or.jp/" }, "geometry": { "type": "Point", "coordinates": [ 135.786990300000014, 34.7172955 ] } },
{ "type": "Feature", "properties": { "内容": "吉田病院在宅介護支援センター【居宅介護支援】奈良市西大寺赤田町一丁目７番１号", "url": "https://www.kaigokensaku.mhlw.go.jp/29/index.php?action_kouhyou_detail_004_kani=true&JigyosyoCd=2970191017-00&ServiceCd=430&Type=search", "url2": "https://kenseikai-nara.or.jp/" }, "geometry": { "type": "Point", "coordinates": [ 135.7719434, 34.6993957 ] } },
{ "type": "Feature", "properties": { "内容": "岡谷会ケアプランセンターつくし【居宅介護支援】奈良県奈良市西木辻町200番地", "url": "https://www.kaigokensaku.mhlw.go.jp/29/index.php?action_kouhyou_detail_004_kani=true&JigyosyoCd=2970191009-00&ServiceCd=430&Type=search", "url2": "http://www.kenseikai-nara.jp/" }, "geometry": { "type": "Point", "coordinates": [ 135.8255667, 34.6743815 ] } },
{ "type": "Feature", "properties": { "内容": "岡谷会ケアプランセンター【居宅介護支援】奈良県奈良市西木辻町200", "url": "https://www.kaigokensaku.mhlw.go.jp/29/index.php?action_kouhyou_detail_004_kani=true&JigyosyoCd=2970191041-00&ServiceCd=430&Type=search", "url2": "https://okatani.or.jp/okatani" }, "geometry": { "type": "Point", "coordinates": [ 135.8255667, 34.6743815 ] } },
{ "type": "Feature", "properties": { "内容": "とみお診療所在宅介護支援センター【居宅介護支援】奈良県奈良市富雄元町2-7-25SSKビル202号室", "url": "https://www.kaigokensaku.mhlw.go.jp/29/index.php?action_kouhyou_detail_004_kani=true&JigyosyoCd=2970191025-00&ServiceCd=430&Type=search", "url2": "https://kenseikai-nara.or.jp/" }, "geometry": { "type": "Point", "coordinates": [ 135.73518390000001, 34.6911834 ] } },
{ "type": "Feature", "properties": { "内容": "ケアプランセンターペガサス【居宅介護支援】奈良県奈良市高畑町152-5", "url": "https://www.kaigokensaku.mhlw.go.jp/29/index.php?action_kouhyou_detail_004_kani=true&JigyosyoCd=2970191256-00&ServiceCd=430&Type=search", "url2": null }, "geometry": { "type": "Point", "coordinates": [ 135.841971899999976, 34.671282800000021 ] } },
{ "type": "Feature", "properties": { "内容": "香梅苑居宅介護支援事業所【居宅介護支援】奈良県奈良市月ヶ瀬尾山８１７番地５", "url": "https://www.kaigokensaku.mhlw.go.jp/29/index.php?action_kouhyou_detail_004_kani=true&JigyosyoCd=2971100074-00&ServiceCd=430&Type=search", "url2": null }, "geometry": { "type": "Point", "coordinates": [ 136.047117100000037, 34.7148687 ] } },
{ "type": "Feature", "properties": { "内容": "都祁すずらん苑【居宅介護支援】奈良県奈良市都祁友田町１４３７番地", "url": "https://www.kaigokensaku.mhlw.go.jp/29/index.php?action_kouhyou_detail_004_kani=true&JigyosyoCd=2971200023-00&ServiceCd=430&Type=search", "url2": "https://www.yamatokai-suzuran.com" }, "geometry": { "type": "Point", "coordinates": [ 135.945615099999941, 34.6017347 ] } },
{ "type": "Feature", "properties": { "内容": "シン・ケアマネジメントlab【居宅介護支援】奈良県奈良市六条3丁目7番1号シルキーハイム201", "url": "https://www.kaigokensaku.mhlw.go.jp/29/index.php?action_kouhyou_detail_004_kani=true&JigyosyoCd=2970191272-00&ServiceCd=430&Type=search", "url2": null }, "geometry": { "type": "Point", "coordinates": [ 135.7734817, 34.6682413 ] } },
{ "type": "Feature", "properties": { "内容": "学園前西居宅介護支援センター【居宅介護支援】奈良県奈良市二名三丁目１１５１番地1", "url": "https://www.kaigokensaku.mhlw.go.jp/29/index.php?action_kouhyou_detail_004_kani=true&JigyosyoCd=2970101610-00&ServiceCd=430&Type=search", "url2": "https://www.naraen.or.jp" }, "geometry": { "type": "Point", "coordinates": [ 135.726017800000022, 34.7040559 ] } },
{ "type": "Feature", "properties": { "内容": "有限会社　和【居宅介護支援】奈良県大和高田市大谷　590－14", "url": "https://www.kaigokensaku.mhlw.go.jp/29/index.php?action_kouhyou_detail_004_kani=true&JigyosyoCd=2970200370-00&ServiceCd=430&Type=search", "url2": null }, "geometry": { "type": "Point", "coordinates": [ 135.729131199999983, 34.5247255 ] } },
{ "type": "Feature", "properties": { "内容": "デイ・サンライフ高田【居宅介護支援】奈良県大和高田市今里町16－27", "url": "https://www.kaigokensaku.mhlw.go.jp/29/index.php?action_kouhyou_detail_004_kani=true&JigyosyoCd=2970200560-00&ServiceCd=430&Type=search", "url2": null }, "geometry": { "type": "Point", "coordinates": [ 135.75338510000006, 34.5094197 ] } },
{ "type": "Feature", "properties": { "内容": "ケアサポートすみれ【居宅介護支援】奈良県大和高田市磯野490番地4デイサービスらぶ", "url": "https://www.kaigokensaku.mhlw.go.jp/29/index.php?action_kouhyou_detail_004_kani=true&JigyosyoCd=2970201006-00&ServiceCd=430&Type=search", "url2": null }, "geometry": { "type": "Point", "coordinates": [ 135.741281, 34.5074235 ] } },
{ "type": "Feature", "properties": { "内容": "有限会社　平和コーポレーション【居宅介護支援】奈良県大和高田市大字大中６４番地", "url": "https://www.kaigokensaku.mhlw.go.jp/29/index.php?action_kouhyou_detail_004_kani=true&JigyosyoCd=2970200032-00&ServiceCd=430&Type=search", "url2": "heiwa-co@estate.ocn.ne.jp" }, "geometry": { "type": "Point", "coordinates": [ 135.735967100000039, 34.5109191 ] } },
{ "type": "Feature", "properties": { "内容": "ヘルパーステーション　あすなろ【居宅介護支援】奈良県大和高田市奥田92－22", "url": "https://www.kaigokensaku.mhlw.go.jp/29/index.php?action_kouhyou_detail_004_kani=true&JigyosyoCd=2970200685-00&ServiceCd=430&Type=search", "url2": null }, "geometry": { "type": "Point", "coordinates": [ 135.747738900000058, 34.4864586 ] } },
{ "type": "Feature", "properties": { "内容": "まっしろケアプランセンター【居宅介護支援】奈良県大和高田市中三倉堂１－６－３０－２", "url": "https://www.kaigokensaku.mhlw.go.jp/29/index.php?action_kouhyou_detail_004_kani=true&JigyosyoCd=2970201691-00&ServiceCd=430&Type=search", "url2": null }, "geometry": { "type": "Point", "coordinates": [ 135.7458124, 34.503799 ] } },
{ "type": "Feature", "properties": { "内容": "ソフト居宅介護支援事業所【居宅介護支援】大谷349-1", "url": "https://www.kaigokensaku.mhlw.go.jp/29/index.php?action_kouhyou_detail_004_kani=true&JigyosyoCd=2970201667-00&ServiceCd=430&Type=search", "url2": null }, "geometry": { "type": "Point", "coordinates": [ 135.7281183, 34.5293364 ] } },
{ "type": "Feature", "properties": { "内容": "ふくしのなら【居宅介護支援】奈良県大和高田市三和町2-3", "url": "https://www.kaigokensaku.mhlw.go.jp/29/index.php?action_kouhyou_detail_004_kani=true&JigyosyoCd=2970201410-00&ServiceCd=430&Type=search", "url2": "https://www.hukushinonara.com" }, "geometry": { "type": "Point", "coordinates": [ 135.7461578, 34.5150298 ] } },
{ "type": "Feature", "properties": { "内容": "居宅介護支援　夢ごころ【居宅介護支援】奈良県大和高田市大中4－1ライオンズ大和高田セントハウス210", "url": "https://www.kaigokensaku.mhlw.go.jp/29/index.php?action_kouhyou_detail_004_kani=true&JigyosyoCd=2970201741-00&ServiceCd=430&Type=search", "url2": null }, "geometry": { "type": "Point", "coordinates": [ 135.735222486508178, 34.515709382400964 ] } },
{ "type": "Feature", "properties": { "内容": "ケアプランセンター一刻館【居宅介護支援】奈良県大和高田市西三倉堂１丁目９番１１号", "url": "https://www.kaigokensaku.mhlw.go.jp/29/index.php?action_kouhyou_detail_004_kani=true&JigyosyoCd=2970201790-00&ServiceCd=430&Type=search", "url2": null }, "geometry": { "type": "Point", "coordinates": [ 135.743698963754269, 34.504950141390182 ] } },
{ "type": "Feature", "properties": { "内容": "医療法人酒本医院訪問看護ステーションあおぞら【居宅介護支援】大和高田市中今里町１－３４", "url": "https://www.kaigokensaku.mhlw.go.jp/29/index.php?action_kouhyou_detail_004_kani=true&JigyosyoCd=2960890198-00&ServiceCd=430&Type=search", "url2": null }, "geometry": { "type": "Point", "coordinates": [ 135.749665899999968, 34.5081253 ] } },
{ "type": "Feature", "properties": { "内容": "介護老人保健施設　光陽【居宅介護支援】奈良県大和高田市根成柿３２１－１", "url": "https://www.kaigokensaku.mhlw.go.jp/29/index.php?action_kouhyou_detail_004_kani=true&JigyosyoCd=2950280004-00&ServiceCd=430&Type=search", "url2": "https://nishiikai.com/" }, "geometry": { "type": "Point", "coordinates": [ 135.765154, 34.4859116 ] } },
{ "type": "Feature", "properties": { "内容": "介護のみき　大和高田店【居宅介護支援】大和高田市三和町17-30", "url": "https://www.kaigokensaku.mhlw.go.jp/29/index.php?action_kouhyou_detail_004_kani=true&JigyosyoCd=2970200313-00&ServiceCd=430&Type=search", "url2": "http://www.jcare.co.jp/kaigo/" }, "geometry": { "type": "Point", "coordinates": [ 135.749552, 34.5130774 ] } },
{ "type": "Feature", "properties": { "内容": "ニチイケアセンター大和高田【居宅介護支援】奈良県大和高田市礒野東町1-10上田ビル第1　3階", "url": "https://www.kaigokensaku.mhlw.go.jp/29/index.php?action_kouhyou_detail_004_kani=true&JigyosyoCd=2970200081-00&ServiceCd=430&Type=search", "url2": "http://www.nichiigakkann.co.jp" }, "geometry": { "type": "Point", "coordinates": [ 135.741789899999958, 34.5086059 ] } },
{ "type": "Feature", "properties": { "内容": "ケアステーションまりん【居宅介護支援】奈良県大和高田市蔵之宮町10-22", "url": "https://www.kaigokensaku.mhlw.go.jp/29/index.php?action_kouhyou_detail_004_kani=true&JigyosyoCd=2970201279-00&ServiceCd=430&Type=search", "url2": null }, "geometry": { "type": "Point", "coordinates": [ 135.740808862834882, 34.497947865003205 ] } },
{ "type": "Feature", "properties": { "内容": "はな居宅介護支援事業所【居宅介護支援】大和高田市市場774-1", "url": "https://www.kaigokensaku.mhlw.go.jp/29/index.php?action_kouhyou_detail_004_kani=true&JigyosyoCd=2970200636-00&ServiceCd=430&Type=search", "url2": "http://naracare-haru.com/" }, "geometry": { "type": "Point", "coordinates": [ 135.73474766812285, 34.513615450086156 ] } },
{ "type": "Feature", "properties": { "内容": "ケアプランセンター青栁【居宅介護支援】奈良県大和高田市大字市場297番地8", "url": "https://www.kaigokensaku.mhlw.go.jp/29/index.php?action_kouhyou_detail_004_kani=true&JigyosyoCd=2970201576-00&ServiceCd=430&Type=search", "url2": "careplan.aoyagi@Gmail.com" }, "geometry": { "type": "Point", "coordinates": [ 135.726209400000016, 34.5174569 ] } },
{ "type": "Feature", "properties": { "内容": "ケアセンター　結心【居宅介護支援】奈良県大和高田市日之出西本町6-23センイ会館1階", "url": "https://www.kaigokensaku.mhlw.go.jp/29/index.php?action_kouhyou_detail_004_kani=true&JigyosyoCd=2970201600-00&ServiceCd=430&Type=search", "url2": null }, "geometry": { "type": "Point", "coordinates": [ 135.744328099999962, 34.520044100000035 ] } },
{ "type": "Feature", "properties": { "内容": "日の出診療所【居宅介護支援】奈良県大和高田市日之出町11番6号", "url": "https://www.kaigokensaku.mhlw.go.jp/29/index.php?action_kouhyou_detail_004_kani=true&JigyosyoCd=2910801352-00&ServiceCd=430&Type=search", "url2": "http://www.kenseikai-nara.jp" }, "geometry": { "type": "Point", "coordinates": [ 135.7482493, 34.5210457 ] } },
{ "type": "Feature", "properties": { "内容": "ふれあい在宅介護支援センター【居宅介護支援】大和高田市日之出町１３－１５", "url": "https://www.kaigokensaku.mhlw.go.jp/29/index.php?action_kouhyou_detail_004_kani=true&JigyosyoCd=2970200040-00&ServiceCd=430&Type=search", "url2": "http://www.kenseikai-nara.or.jp/" }, "geometry": { "type": "Point", "coordinates": [ 135.748977, 34.522165 ] } },
{ "type": "Feature", "properties": { "内容": "社会福祉法人甘樫会　あまがし苑高田【居宅介護支援】奈良県大和高田市神楽３丁目１１番１３号", "url": "https://www.kaigokensaku.mhlw.go.jp/29/index.php?action_kouhyou_detail_004_kani=true&JigyosyoCd=2970200230-00&ServiceCd=430&Type=search", "url2": "http://amagashi-t.com/" }, "geometry": { "type": "Point", "coordinates": [ 135.745324500000038, 34.523948 ] } },
{ "type": "Feature", "properties": { "内容": "あすならホーム高田　ケアプランセンター【居宅介護支援】奈良県大和高田市磯野南町5番15号あすならホーム高田", "url": "https://www.kaigokensaku.mhlw.go.jp/29/index.php?action_kouhyou_detail_004_kani=true&JigyosyoCd=2970201642-00&ServiceCd=430&Type=search", "url2": "https://asunaraen.or.jp/toppage/facility/asunarahometakada" }, "geometry": { "type": "Point", "coordinates": [ 135.7405037, 34.5061646 ] } },
{ "type": "Feature", "properties": { "内容": "特別養護老人ホ-ム慈光園【居宅介護支援】奈良県大和高田市大字池田444番地", "url": "https://www.kaigokensaku.mhlw.go.jp/29/index.php?action_kouhyou_detail_004_kani=true&JigyosyoCd=2970200115-00&ServiceCd=430&Type=search", "url2": "http://www.jikohen.com" }, "geometry": { "type": "Point", "coordinates": [ 135.73168110000006, 34.5203789 ] } },
{ "type": "Feature", "properties": { "内容": "和里（にこり）【居宅介護支援】奈良県大和高田市野口325番3", "url": "https://www.kaigokensaku.mhlw.go.jp/29/index.php?action_kouhyou_detail_004_kani=true&JigyosyoCd=2970200750-00&ServiceCd=430&Type=search", "url2": "http://www.nicori.or.jp/" }, "geometry": { "type": "Point", "coordinates": [ 135.721026199999983, 34.5250476 ] } },
{ "type": "Feature", "properties": { "内容": "社会福祉法人　大和高田市社会福祉協議会【居宅介護支援】大和高田市池田４１８番地の１", "url": "https://www.kaigokensaku.mhlw.go.jp/29/index.php?action_kouhyou_detail_004_kani=true&JigyosyoCd=2970200016-00&ServiceCd=430&Type=search", "url2": null }, "geometry": { "type": "Point", "coordinates": [ 135.731445, 34.5194262 ] } },
{ "type": "Feature", "properties": { "内容": "居宅介護支援事業所平沼【居宅介護支援】大和高田市西坊城７３－１", "url": "https://www.kaigokensaku.mhlw.go.jp/29/index.php?action_kouhyou_detail_004_kani=true&JigyosyoCd=2970200438-00&ServiceCd=430&Type=search", "url2": "http://web1.kcn.jp/hiranuma/" }, "geometry": { "type": "Point", "coordinates": [ 135.75737950000007, 34.491336 ] } },
{ "type": "Feature", "properties": { "内容": "有限会社　ミオの家【居宅介護支援】奈良県大和高田市東中82番地", "url": "https://www.kaigokensaku.mhlw.go.jp/29/index.php?action_kouhyou_detail_004_kani=true&JigyosyoCd=2970200271-00&ServiceCd=430&Type=search", "url2": "http://mionoie.co.jp" }, "geometry": { "type": "Point", "coordinates": [ 135.733764599999972, 34.5025729 ] } },
{ "type": "Feature", "properties": { "内容": "ヘルパーステーションみらい日記【居宅介護支援】奈良県大和高田市大字田井117番地15", "url": "https://www.kaigokensaku.mhlw.go.jp/29/index.php?action_kouhyou_detail_004_kani=true&JigyosyoCd=2970200297-00&ServiceCd=430&Type=search", "url2": null }, "geometry": { "type": "Point", "coordinates": [ 135.754755315683013, 34.500418307220428 ] } },
{ "type": "Feature", "properties": { "内容": "ケアプランセンターあぜみち【居宅介護支援】奈良県大和高田市片塩町４－８－２０７", "url": "https://www.kaigokensaku.mhlw.go.jp/29/index.php?action_kouhyou_detail_004_kani=true&JigyosyoCd=2970201857-00&ServiceCd=430&Type=search", "url2": null }, "geometry": { "type": "Point", "coordinates": [ 135.7448431, 34.5069616 ] } },
{ "type": "Feature", "properties": { "内容": "ケアステーションきらら【居宅介護支援】大和郡山市杉町134-3", "url": "https://www.kaigokensaku.mhlw.go.jp/29/index.php?action_kouhyou_detail_004_kani=true&JigyosyoCd=2970300675-00&ServiceCd=430&Type=search", "url2": null }, "geometry": { "type": "Point", "coordinates": [ 135.786013599999933, 34.6312701 ] } },
{ "type": "Feature", "properties": { "内容": "医療法人岡谷会片桐ケアプランセンター【居宅介護支援】大和郡山市新町３０５－９２番地", "url": "https://www.kaigokensaku.mhlw.go.jp/29/index.php?action_kouhyou_detail_004_kani=true&JigyosyoCd=2970300311-00&ServiceCd=430&Type=search", "url2": "http://www.okatani.or.jp/katagiri/careplan/index.html" }, "geometry": { "type": "Point", "coordinates": [ 135.75658820000001, 34.640446 ] } },
{ "type": "Feature", "properties": { "内容": "ケアプランセンター山和【居宅介護支援】奈良県大和郡山市堺町３３", "url": "https://www.kaigokensaku.mhlw.go.jp/29/index.php?action_kouhyou_detail_004_kani=true&JigyosyoCd=2970301004-00&ServiceCd=430&Type=search", "url2": null }, "geometry": { "type": "Point", "coordinates": [ 135.783896899999945, 34.6486655 ] } },
{ "type": "Feature", "properties": { "内容": "訪問介護事業所　あっぱれ【居宅介護支援】奈良県大和郡山市小泉町1614-2-206グリーンヒル2階206号室", "url": "https://www.kaigokensaku.mhlw.go.jp/29/index.php?action_kouhyou_detail_004_kani=true&JigyosyoCd=2970300527-00&ServiceCd=430&Type=search", "url2": "contact@care-appare.com" }, "geometry": { "type": "Point", "coordinates": [ 135.757009416699191, 34.630820157568046 ] } },
{ "type": "Feature", "properties": { "内容": "居宅介護支援事業所きんぎょ【居宅介護支援】矢田町通52番地", "url": "https://www.kaigokensaku.mhlw.go.jp/29/index.php?action_kouhyou_detail_004_kani=true&JigyosyoCd=2970301723-00&ServiceCd=430&Type=search", "url2": "https://kaigo.happy-act.com/" }, "geometry": { "type": "Point", "coordinates": [ 135.784550599999989, 34.6468373 ] } },
{ "type": "Feature", "properties": { "内容": "ケアステーションバンビ【居宅介護支援】奈良県大和郡山市小泉町１５１７－７", "url": "https://www.kaigokensaku.mhlw.go.jp/29/index.php?action_kouhyou_detail_004_kani=true&JigyosyoCd=2970300592-00&ServiceCd=430&Type=search", "url2": null }, "geometry": { "type": "Point", "coordinates": [ 135.759221799999978, 34.6255614 ] } },
{ "type": "Feature", "properties": { "内容": "介護老人保健施設ピュアネス藍【居宅介護支援】奈良県大和郡山市本庄町１番地の５", "url": "https://www.kaigokensaku.mhlw.go.jp/29/index.php?action_kouhyou_detail_004_kani=true&JigyosyoCd=2950280111-00&ServiceCd=430&Type=search", "url2": "http://www.seiran.or.jp/pureness/index.html" }, "geometry": { "type": "Point", "coordinates": [ 135.785439360118858, 34.637391839030983 ] } },
{ "type": "Feature", "properties": { "内容": "ケアマネステーションすこやか【居宅介護支援】奈良県大和郡山市北郡山町311-6", "url": "https://www.kaigokensaku.mhlw.go.jp/29/index.php?action_kouhyou_detail_004_kani=true&JigyosyoCd=2970301061-00&ServiceCd=430&Type=search", "url2": "www.touwakai.or.jp" }, "geometry": { "type": "Point", "coordinates": [ 135.783133767983742, 34.653896833141715 ] } },
{ "type": "Feature", "properties": { "内容": "医療法人芳愛会ケアプラン室【居宅介護支援】奈良県大和郡山市横田町708-3", "url": "https://www.kaigokensaku.mhlw.go.jp/29/index.php?action_kouhyou_detail_004_kani=true&JigyosyoCd=2970300733-00&ServiceCd=430&Type=search", "url2": "http://www3.mahoroba.ne.jp/~yh0314/" }, "geometry": { "type": "Point", "coordinates": [ 135.8022095, 34.6187497 ] } },
{ "type": "Feature", "properties": { "内容": "居宅介護支援事業所　ウェルケア悠【居宅介護支援】奈良県大和郡山市田中町741番地", "url": "https://www.kaigokensaku.mhlw.go.jp/29/index.php?action_kouhyou_detail_004_kani=true&JigyosyoCd=2970301178-00&ServiceCd=430&Type=search", "url2": "https://wellgroup-service.jp/medcenter-yuu/" }, "geometry": { "type": "Point", "coordinates": [ 135.768624012303093, 34.647399538469003 ] } },
{ "type": "Feature", "properties": { "内容": "介護のみき　大和小泉駅前店【居宅介護支援】奈良県大和郡山市小泉町東２丁目３－７よしのビル１Ｆ", "url": "https://www.kaigokensaku.mhlw.go.jp/29/index.php?action_kouhyou_detail_004_kani=true&JigyosyoCd=2970301152-00&ServiceCd=430&Type=search", "url2": "http://www.jcare.co.jp/kaigo/" }, "geometry": { "type": "Point", "coordinates": [ 135.764527, 34.6215231 ] } },
{ "type": "Feature", "properties": { "内容": "在宅ケアプランセンターたいむ【居宅介護支援】小泉町2733-2", "url": "https://www.kaigokensaku.mhlw.go.jp/29/index.php?action_kouhyou_detail_004_kani=true&JigyosyoCd=2970301632-00&ServiceCd=430&Type=search", "url2": "http://thymethyme.jp/" }, "geometry": { "type": "Point", "coordinates": [ 135.748886, 34.625961 ] } },
{ "type": "Feature", "properties": { "内容": "居宅介護支援事業所アップルハート【居宅介護支援】奈良県大和郡山市小泉町1963-5メゾン白光ヶ丘402", "url": "https://www.kaigokensaku.mhlw.go.jp/29/index.php?action_kouhyou_detail_004_kani=true&JigyosyoCd=2970301699-00&ServiceCd=430&Type=search", "url2": null }, "geometry": { "type": "Point", "coordinates": [ 135.753332382155918, 34.630032409181318 ] } },
{ "type": "Feature", "properties": { "内容": "ケアプランセンターMOMB【居宅介護支援】雑穀町２６－２レオ郡山２０７号室", "url": "https://www.kaigokensaku.mhlw.go.jp/29/index.php?action_kouhyou_detail_004_kani=true&JigyosyoCd=2970302069-00&ServiceCd=430&Type=search", "url2": null }, "geometry": { "type": "Point", "coordinates": [ 135.786506300000042, 34.6501336 ] } },
{ "type": "Feature", "properties": { "内容": "介護相談センターひだまり【居宅介護支援】奈良県大和郡山市北西町31-37", "url": "https://www.kaigokensaku.mhlw.go.jp/29/index.php?action_kouhyou_detail_004_kani=true&JigyosyoCd=2970300857-00&ServiceCd=430&Type=search", "url2": null }, "geometry": { "type": "Point", "coordinates": [ 135.773223300000041, 34.6262174 ] } },
{ "type": "Feature", "properties": { "内容": "居宅介護支援事業所株式会社想花【居宅介護支援】奈良県大和郡山市小泉町東３丁目７番地１３", "url": "https://www.kaigokensaku.mhlw.go.jp/29/index.php?action_kouhyou_detail_004_kani=true&JigyosyoCd=2970301442-00&ServiceCd=430&Type=search", "url2": "ｈｔｔｐ//souka-kaigo.com" }, "geometry": { "type": "Point", "coordinates": [ 135.762385499999965, 34.6204453 ] } },
{ "type": "Feature", "properties": { "内容": "ケアプランセンターとも【居宅介護支援】奈良県大和郡山市田中町540番地21", "url": "https://www.kaigokensaku.mhlw.go.jp/29/index.php?action_kouhyou_detail_004_kani=true&JigyosyoCd=2970302051-00&ServiceCd=430&Type=search", "url2": null }, "geometry": { "type": "Point", "coordinates": [ 135.770620799999989, 34.6436996 ] } },
{ "type": "Feature", "properties": { "内容": "在宅生活支援センターテルミー【居宅介護支援】北郡山町２４６番地大和本社ビル別館３０４号", "url": "https://www.kaigokensaku.mhlw.go.jp/29/index.php?action_kouhyou_detail_004_kani=true&JigyosyoCd=2970301558-00&ServiceCd=430&Type=search", "url2": null }, "geometry": { "type": "Point", "coordinates": [ 135.78252759999998, 34.6506681 ] } },
{ "type": "Feature", "properties": { "内容": "田北会居宅介護支援事業所【居宅介護支援】大和郡山市城南町３－２５", "url": "https://www.kaigokensaku.mhlw.go.jp/29/index.php?action_kouhyou_detail_004_kani=true&JigyosyoCd=2970300055-00&ServiceCd=430&Type=search", "url2": "http://www.takitakai.or.jp" }, "geometry": { "type": "Point", "coordinates": [ 135.776828099999989, 34.6459517 ] } },
{ "type": "Feature", "properties": { "内容": "特別養護老人ホーム瑞祥苑【居宅介護支援】大和郡山市矢田町端田4739番地の4", "url": "https://www.kaigokensaku.mhlw.go.jp/29/index.php?action_kouhyou_detail_004_kani=true&JigyosyoCd=2970300162-00&ServiceCd=430&Type=search", "url2": "https://zuishouen.or.jp/" }, "geometry": { "type": "Point", "coordinates": [ 135.746439, 34.6372765 ] } },
{ "type": "Feature", "properties": { "内容": "あすなら苑　ケアプランセンター【居宅介護支援】奈良県大和郡山市宮堂町160番7", "url": "https://www.kaigokensaku.mhlw.go.jp/29/index.php?action_kouhyou_detail_004_kani=true&JigyosyoCd=2970300121-00&ServiceCd=430&Type=search", "url2": "https://asunaraen.or.jp" }, "geometry": { "type": "Point", "coordinates": [ 135.786481099999946, 34.6019069 ] } },
{ "type": "Feature", "properties": { "内容": "あすならホーム郡山【居宅介護支援】大和郡山市新木町361-1", "url": "https://www.kaigokensaku.mhlw.go.jp/29/index.php?action_kouhyou_detail_004_kani=true&JigyosyoCd=2970300808-00&ServiceCd=430&Type=search", "url2": "http://www.asunaraen.com" }, "geometry": { "type": "Point", "coordinates": [ 135.7735117, 34.6420519 ] } },
{ "type": "Feature", "properties": { "内容": "大和園りおん【居宅介護支援】筒井町883-3", "url": "https://www.kaigokensaku.mhlw.go.jp/29/index.php?action_kouhyou_detail_004_kani=true&JigyosyoCd=2970301731-00&ServiceCd=430&Type=search", "url2": "http://www.yamatoen.or.jp" }, "geometry": { "type": "Point", "coordinates": [ 135.783843401852408, 34.618990324592232 ] } },
{ "type": "Feature", "properties": { "内容": "特別養護老人ホーム大和園平和【居宅介護支援】奈良県大和郡山市美濃庄町236-1", "url": "https://www.kaigokensaku.mhlw.go.jp/29/index.php?action_kouhyou_detail_004_kani=true&JigyosyoCd=2970300089-00&ServiceCd=430&Type=search", "url2": "http://www.yamatoen.or.jp/" }, "geometry": { "type": "Point", "coordinates": [ 135.806342200000017, 34.6393253 ] } },
{ "type": "Feature", "properties": { "内容": "大和園こおりやま【居宅介護支援】奈良県大和郡山市北郡山町205-3", "url": "https://www.kaigokensaku.mhlw.go.jp/29/index.php?action_kouhyou_detail_004_kani=true&JigyosyoCd=2970301418-00&ServiceCd=430&Type=search", "url2": "http://www.yamatoen.or.jp/" }, "geometry": { "type": "Point", "coordinates": [ 135.782655653373041, 34.653169409132701 ] } },
{ "type": "Feature", "properties": { "内容": "矢田の郷【居宅介護支援】大和郡山市新町991", "url": "https://www.kaigokensaku.mhlw.go.jp/29/index.php?action_kouhyou_detail_004_kani=true&JigyosyoCd=2970300626-00&ServiceCd=430&Type=search", "url2": "http://www.fukushiin.com" }, "geometry": { "type": "Point", "coordinates": [ 135.738464903041063, 34.635289626081281 ] } },
{ "type": "Feature", "properties": { "内容": "居宅介護支援事業所あいの郷【居宅介護支援】奈良県大和郡山市発志院町１８４番地２", "url": "https://www.kaigokensaku.mhlw.go.jp/29/index.php?action_kouhyou_detail_004_kani=true&JigyosyoCd=2970301780-00&ServiceCd=430&Type=search", "url2": null }, "geometry": { "type": "Point", "coordinates": [ 135.803489725794947, 34.62767582537564 ] } },
{ "type": "Feature", "properties": { "内容": "ケアプランセンターつなぐ【居宅介護支援】奈良県大和郡山市九条町732-2", "url": "https://www.kaigokensaku.mhlw.go.jp/29/index.php?action_kouhyou_detail_004_kani=true&JigyosyoCd=2970301921-00&ServiceCd=430&Type=search", "url2": null }, "geometry": { "type": "Point", "coordinates": [ 135.777932993254097, 34.658491952165193 ] } },
{ "type": "Feature", "properties": { "内容": "あんしんケアプランセンター郡山【居宅介護支援】大和郡山市九条町306-6フォーレスト郡山　101", "url": "https://www.kaigokensaku.mhlw.go.jp/29/index.php?action_kouhyou_detail_004_kani=true&JigyosyoCd=2970301335-00&ServiceCd=430&Type=search", "url2": null }, "geometry": { "type": "Point", "coordinates": [ 135.784405200000037, 34.6602478 ] } },
{ "type": "Feature", "properties": { "内容": "訪問介護サービスひよこ【居宅介護支援】大和郡山市小泉町１６０２－１レンタルスペース小泉1階", "url": "https://www.kaigokensaku.mhlw.go.jp/29/index.php?action_kouhyou_detail_004_kani=true&JigyosyoCd=2970300386-00&ServiceCd=430&Type=search", "url2": "http://www.hiyoko-kaigo.com" }, "geometry": { "type": "Point", "coordinates": [ 135.757124100000027, 34.6301642 ] } },
{ "type": "Feature", "properties": { "内容": "ヘルパーステーション・ギブアンドテイク【居宅介護支援】大和郡山市城町１７９９－１１", "url": "https://www.kaigokensaku.mhlw.go.jp/29/index.php?action_kouhyou_detail_004_kani=true&JigyosyoCd=2970300378-00&ServiceCd=430&Type=search", "url2": null }, "geometry": { "type": "Point", "coordinates": [ 135.756257399999981, 34.6519505 ] } },
{ "type": "Feature", "properties": { "内容": "マイホーム矢田山さんち【居宅介護支援】奈良県大和郡山市小泉町2882-1", "url": "https://www.kaigokensaku.mhlw.go.jp/29/index.php?action_kouhyou_detail_004_kani=true&JigyosyoCd=2970300642-00&ServiceCd=430&Type=search", "url2": "http://www.y-myhome.com" }, "geometry": { "type": "Point", "coordinates": [ 135.751378535794203, 34.627947126090525 ] } },
{ "type": "Feature", "properties": { "内容": "有限会社　奈良ライフサポ-ト【居宅介護支援】大和郡山市発志院町185番地1", "url": "https://www.kaigokensaku.mhlw.go.jp/29/index.php?action_kouhyou_detail_004_kani=true&JigyosyoCd=2970300188-00&ServiceCd=430&Type=search", "url2": "hyyp://lsupport.co.jp/" }, "geometry": { "type": "Point", "coordinates": [ 135.8031287, 34.6279015 ] } },
{ "type": "Feature", "properties": { "内容": "ケアプランセンターみさわ【居宅介護支援】新町905-15", "url": "https://www.kaigokensaku.mhlw.go.jp/29/index.php?action_kouhyou_detail_004_kani=true&JigyosyoCd=2970302077-00&ServiceCd=430&Type=search", "url2": null }, "geometry": { "type": "Point", "coordinates": [ 135.748506, 34.633825 ] } },
{ "type": "Feature", "properties": { "内容": "在宅支援テイクイット【居宅介護支援】奈良県大和郡山市美濃庄町７４９－１", "url": "https://www.kaigokensaku.mhlw.go.jp/29/index.php?action_kouhyou_detail_004_kani=true&JigyosyoCd=2970302135-00&ServiceCd=430&Type=search", "url2": null }, "geometry": { "type": "Point", "coordinates": [ 135.815036, 34.6426711 ] } },
{ "type": "Feature", "properties": { "内容": "そうそう【居宅介護支援】奈良県天理市川原城町791番地", "url": "https://www.kaigokensaku.mhlw.go.jp/29/index.php?action_kouhyou_detail_004_kani=true&JigyosyoCd=2970401341-00&ServiceCd=430&Type=search", "url2": null }, "geometry": { "type": "Point", "coordinates": [ 135.831467800000041, 34.5996187 ] } },
{ "type": "Feature", "properties": { "内容": "ケアプランセンター天理【居宅介護支援】奈良県天理市櫟本町2761-2", "url": "https://www.kaigokensaku.mhlw.go.jp/29/index.php?action_kouhyou_detail_004_kani=true&JigyosyoCd=2970401218-00&ServiceCd=430&Type=search", "url2": null }, "geometry": { "type": "Point", "coordinates": [ 135.840562411639439, 34.623025137678461 ] } },
{ "type": "Feature", "properties": { "内容": "あすならホーム二階堂・介護支援センター【居宅介護支援】奈良県天理市荒蒔町139-5", "url": "https://www.kaigokensaku.mhlw.go.jp/29/index.php?action_kouhyou_detail_004_kani=true&JigyosyoCd=2970400772-00&ServiceCd=430&Type=search", "url2": "http://www.asunaraen.com." }, "geometry": { "type": "Point", "coordinates": [ 135.8038292, 34.5993378 ] } },
{ "type": "Feature", "properties": { "内容": "居宅介護支援事業所ファミリア【居宅介護支援】奈良県天理市福知堂町273-3", "url": "https://www.kaigokensaku.mhlw.go.jp/29/index.php?action_kouhyou_detail_004_kani=true&JigyosyoCd=2970401093-00&ServiceCd=430&Type=search", "url2": null }, "geometry": { "type": "Point", "coordinates": [ 135.83713750000004, 34.5737192 ] } },
{ "type": "Feature", "properties": { "内容": "ケアプランセンターフォーシーズン【居宅介護支援】丹波市町295", "url": "https://www.kaigokensaku.mhlw.go.jp/29/index.php?action_kouhyou_detail_004_kani=true&JigyosyoCd=2970401531-00&ServiceCd=430&Type=search", "url2": null }, "geometry": { "type": "Point", "coordinates": [ 135.8343178, 34.5969077 ] } },
{ "type": "Feature", "properties": { "内容": "在宅サービス事業所やすらぎ園【居宅介護支援】奈良県天理市福住町5504番地", "url": "https://www.kaigokensaku.mhlw.go.jp/29/index.php?action_kouhyou_detail_004_kani=true&JigyosyoCd=2970400269-00&ServiceCd=430&Type=search", "url2": "http://www.yasuragien.jp" }, "geometry": { "type": "Point", "coordinates": [ 135.908993, 34.59829 ] } },
{ "type": "Feature", "properties": { "内容": "ケアプランセンター清寿苑【居宅介護支援】奈良県天理市中之庄町392番1", "url": "https://www.kaigokensaku.mhlw.go.jp/29/index.php?action_kouhyou_detail_004_kani=true&JigyosyoCd=2970400111-00&ServiceCd=430&Type=search", "url2": "http//www.fureai-net.com/index.htm" }, "geometry": { "type": "Point", "coordinates": [ 135.841655700000047, 34.6326187 ] } },
{ "type": "Feature", "properties": { "内容": "社会福祉法人天寿会ひびき居宅介護支援事業所【居宅介護支援】天理市岸田町１１９９", "url": "https://www.kaigokensaku.mhlw.go.jp/29/index.php?action_kouhyou_detail_004_kani=true&JigyosyoCd=2970400129-00&ServiceCd=430&Type=search", "url2": "http://www.tenjukai.jp" }, "geometry": { "type": "Point", "coordinates": [ 135.824313800000027, 34.5662086 ] } },
{ "type": "Feature", "properties": { "内容": "有限会社在宅総合ケアーセンター幸福【居宅介護支援】奈良県天理市富堂町２１９－６", "url": "https://www.kaigokensaku.mhlw.go.jp/29/index.php?action_kouhyou_detail_004_kani=true&JigyosyoCd=2970400426-00&ServiceCd=430&Type=search", "url2": null }, "geometry": { "type": "Point", "coordinates": [ 135.817155500000013, 34.5949995 ] } },
{ "type": "Feature", "properties": { "内容": "ケアセンター　心【居宅介護支援】櫟本町3210-4", "url": "https://www.kaigokensaku.mhlw.go.jp/29/index.php?action_kouhyou_detail_004_kani=true&JigyosyoCd=2970400384-00&ServiceCd=430&Type=search", "url2": null }, "geometry": { "type": "Point", "coordinates": [ 135.832459299999982, 34.6183086 ] } },
{ "type": "Feature", "properties": { "内容": "有限会社　夢グループ　ケアプランセンター夢【居宅介護支援】奈良県天理市西長柄町453番地2", "url": "https://www.kaigokensaku.mhlw.go.jp/29/index.php?action_kouhyou_detail_004_kani=true&JigyosyoCd=2970400509-00&ServiceCd=430&Type=search", "url2": "yume.@nifty.som" }, "geometry": { "type": "Point", "coordinates": [ 135.821752800000013, 34.57244110000002 ] } },
{ "type": "Feature", "properties": { "内容": "居宅介護支援センターみやぎ【居宅介護支援】奈良県天理市丹波市町302番地", "url": "https://www.kaigokensaku.mhlw.go.jp/29/index.php?action_kouhyou_detail_004_kani=true&JigyosyoCd=2970400780-00&ServiceCd=430&Type=search", "url2": null }, "geometry": { "type": "Point", "coordinates": [ 135.838611699999973, 34.5962499 ] } },
{ "type": "Feature", "properties": { "内容": "居宅介護支援事業所　ペンギンホーム【居宅介護支援】奈良県天理市川原城町２７５－１　松尾ビル2F", "url": "https://www.kaigokensaku.mhlw.go.jp/29/index.php?action_kouhyou_detail_004_kani=true&JigyosyoCd=2970400970-00&ServiceCd=430&Type=search", "url2": "www.penguin-clinic.ne.jp" }, "geometry": { "type": "Point", "coordinates": [ 135.834425799999963, 34.6008936 ] } },
{ "type": "Feature", "properties": { "内容": "居宅介護支援事業所すみれの花【居宅介護支援】奈良県天理前栽町223番地ソレイユ前栽B棟102", "url": "https://www.kaigokensaku.mhlw.go.jp/29/index.php?action_kouhyou_detail_004_kani=true&JigyosyoCd=2970401259-00&ServiceCd=430&Type=search", "url2": null }, "geometry": { "type": "Point", "coordinates": [ 135.817677591776913, 34.601719398834113 ] } },
{ "type": "Feature", "properties": { "内容": "居宅介護支援事業所おやの里【居宅介護支援】奈良県天理市川原城町366-2", "url": "https://www.kaigokensaku.mhlw.go.jp/29/index.php?action_kouhyou_detail_004_kani=true&JigyosyoCd=2970401556-00&ServiceCd=430&Type=search", "url2": "https://oyanosato.co.jp/" }, "geometry": { "type": "Point", "coordinates": [ 135.83570469999998, 34.5974181 ] } },
{ "type": "Feature", "properties": { "内容": "モリワキ居宅支援事業所天理【居宅介護支援】天理市石上町358-3メゾンジョワ", "url": "https://www.kaigokensaku.mhlw.go.jp/29/index.php?action_kouhyou_detail_004_kani=true&JigyosyoCd=2970401150-00&ServiceCd=430&Type=search", "url2": null }, "geometry": { "type": "Point", "coordinates": [ 135.832862, 34.6119592 ] } },
{ "type": "Feature", "properties": { "内容": "クライムハイケア居宅支援事業所【居宅介護支援】奈良県天理市川原城町374-5", "url": "https://www.kaigokensaku.mhlw.go.jp/29/index.php?action_kouhyou_detail_004_kani=true&JigyosyoCd=2970401507-00&ServiceCd=430&Type=search", "url2": "https://climb-highcare.jp/" }, "geometry": { "type": "Point", "coordinates": [ 135.8360561, 34.5989917 ] } },
{ "type": "Feature", "properties": { "内容": "ケアプランセンター轍【居宅介護支援】奈良県天理市田井庄町658-3田井庄館103号", "url": "https://www.kaigokensaku.mhlw.go.jp/29/index.php?action_kouhyou_detail_004_kani=true&JigyosyoCd=2970401754-00&ServiceCd=430&Type=search", "url2": null }, "geometry": { "type": "Point", "coordinates": [ 135.826127899999989, 34.5962366 ] } },
{ "type": "Feature", "properties": { "内容": "ライフサポートうさぎ【居宅介護支援】奈良県天理市喜殿町１６番地２", "url": "https://www.kaigokensaku.mhlw.go.jp/29/index.php?action_kouhyou_detail_004_kani=true&JigyosyoCd=2970401325-00&ServiceCd=430&Type=search", "url2": null }, "geometry": { "type": "Point", "coordinates": [ 135.818285699999933, 34.6065149 ] } },
{ "type": "Feature", "properties": { "内容": "ケアプランセンターはるか【居宅介護支援】奈良県天理市石上町358メゾンジョワ206", "url": "https://www.kaigokensaku.mhlw.go.jp/29/index.php?action_kouhyou_detail_004_kani=true&JigyosyoCd=2970401770-00&ServiceCd=430&Type=search", "url2": null }, "geometry": { "type": "Point", "coordinates": [ 135.832804399999986, 34.6119453 ] } },
{ "type": "Feature", "properties": { "内容": "ケアプランセンター帆帆【居宅介護支援】富堂町300番57", "url": "https://www.kaigokensaku.mhlw.go.jp/29/index.php?action_kouhyou_detail_004_kani=true&JigyosyoCd=2970401705-00&ServiceCd=430&Type=search", "url2": "https://www.tenri-medicaleast.jp/" }, "geometry": { "type": "Point", "coordinates": [ 135.8180044, 34.5977496 ] } },
{ "type": "Feature", "properties": { "内容": "あすならホーム山の辺ケアプランセンター【居宅介護支援】奈良県天理市別所町246", "url": "https://www.kaigokensaku.mhlw.go.jp/29/index.php?action_kouhyou_detail_004_kani=true&JigyosyoCd=2970401499-00&ServiceCd=430&Type=search", "url2": "https://asunaraen.or.jp" }, "geometry": { "type": "Point", "coordinates": [ 135.834385860435475, 34.608598588999833 ] } },
{ "type": "Feature", "properties": { "内容": "柳本居宅介護支援事業所【居宅介護支援】天理市柳本町１１９４－１", "url": "https://www.kaigokensaku.mhlw.go.jp/29/index.php?action_kouhyou_detail_004_kani=true&JigyosyoCd=2970400947-00&ServiceCd=430&Type=search", "url2": null }, "geometry": { "type": "Point", "coordinates": [ 135.845617700000048, 34.5594376 ] } },
{ "type": "Feature", "properties": { "内容": "ケアプラン相談れくり【居宅介護支援】奈良県天理市佐保庄町454－1", "url": "https://www.kaigokensaku.mhlw.go.jp/29/index.php?action_kouhyou_detail_004_kani=true&JigyosyoCd=2970401796-00&ServiceCd=430&Type=search", "url2": "care@re-cri.com" }, "geometry": { "type": "Point", "coordinates": [ 135.844153799999987, 34.574714 ] } },
{ "type": "Feature", "properties": { "内容": "さくらんぼケアプランセンター【居宅介護支援】奈良県橿原市石川町５９１－１", "url": "https://www.kaigokensaku.mhlw.go.jp/29/index.php?action_kouhyou_detail_004_kani=true&JigyosyoCd=2970501488-00&ServiceCd=430&Type=search", "url2": "http://www31.ocn.ne.jp/~assist/index.htm" }, "geometry": { "type": "Point", "coordinates": [ 135.8006203, 34.4821041 ] } },
{ "type": "Feature", "properties": { "内容": "ケアサポートめばえ【居宅介護支援】川西町338番地の1", "url": "https://www.kaigokensaku.mhlw.go.jp/29/index.php?action_kouhyou_detail_004_kani=true&JigyosyoCd=2970501835-00&ServiceCd=430&Type=search", "url2": null }, "geometry": { "type": "Point", "coordinates": [ 135.766428611045029, 34.478631342886899 ] } },
{ "type": "Feature", "properties": { "内容": "ゆうけいの里ケアプランセンター【居宅介護支援】奈良県橿原市新賀町87-1", "url": "https://www.kaigokensaku.mhlw.go.jp/29/index.php?action_kouhyou_detail_004_kani=true&JigyosyoCd=2970502403-00&ServiceCd=430&Type=search", "url2": null }, "geometry": { "type": "Point", "coordinates": [ 135.801758991957087, 34.518529698729473 ] } },
{ "type": "Feature", "properties": { "内容": "居宅介護支援事業所あす香の泉【居宅介護支援】奈良県橿原市上品町389-83F", "url": "https://www.kaigokensaku.mhlw.go.jp/29/index.php?action_kouhyou_detail_004_kani=true&JigyosyoCd=2970502064-00&ServiceCd=430&Type=search", "url2": null }, "geometry": { "type": "Point", "coordinates": [ 135.790928600000029, 34.5181325 ] } },
{ "type": "Feature", "properties": { "内容": "介護支援　きくかわ【居宅介護支援】奈良県橿原市上品寺町380-22", "url": "https://www.kaigokensaku.mhlw.go.jp/29/index.php?action_kouhyou_detail_004_kani=true&JigyosyoCd=2970500571-00&ServiceCd=430&Type=search", "url2": "http://web1.kcn.jp/cp-kikukawa/" }, "geometry": { "type": "Point", "coordinates": [ 135.7954006, 34.5217575 ] } },
{ "type": "Feature", "properties": { "内容": "ケアステーションかぎろひ【居宅介護支援】奈良県橿原市四分町１００－１プレミールうねび105号", "url": "https://www.kaigokensaku.mhlw.go.jp/29/index.php?action_kouhyou_detail_004_kani=true&JigyosyoCd=2970501405-00&ServiceCd=430&Type=search", "url2": "http://ｗｗｗ.kabiroi-tomoni.co.jp/outline.html" }, "geometry": { "type": "Point", "coordinates": [ 135.7967456, 34.4977299 ] } },
{ "type": "Feature", "properties": { "内容": "ケアプランセンター　ユーティー橿原【居宅介護支援】奈良県橿原市御坊町１５２", "url": "https://www.kaigokensaku.mhlw.go.jp/29/index.php?action_kouhyou_detail_004_kani=true&JigyosyoCd=2970501959-00&ServiceCd=430&Type=search", "url2": "http://utcaresystem.com/" }, "geometry": { "type": "Point", "coordinates": [ 135.7967893, 34.526918100000017 ] } },
{ "type": "Feature", "properties": { "内容": "居宅介護支援事業所花橿【居宅介護支援】橿原市古川町395-1", "url": "https://www.kaigokensaku.mhlw.go.jp/29/index.php?action_kouhyou_detail_004_kani=true&JigyosyoCd=2970501264-00&ServiceCd=430&Type=search", "url2": "http://www.nanfu.or.jp/hanakashi.html" }, "geometry": { "type": "Point", "coordinates": [ 135.7690202, 34.4874503 ] } },
{ "type": "Feature", "properties": { "内容": "サポートステーションならくじら【居宅介護支援】城殿町400-5ライズ綾103", "url": "https://www.kaigokensaku.mhlw.go.jp/29/index.php?action_kouhyou_detail_004_kani=true&JigyosyoCd=2970502585-00&ServiceCd=430&Type=search", "url2": null }, "geometry": { "type": "Point", "coordinates": [ 135.7962076, 34.4914636 ] } },
{ "type": "Feature", "properties": { "内容": "オイサキラボ【居宅介護支援】奈良県橿原市西池尻町374-3若林ビル１F", "url": "https://www.kaigokensaku.mhlw.go.jp/29/index.php?action_kouhyou_detail_004_kani=true&JigyosyoCd=2970502734-00&ServiceCd=430&Type=search", "url2": null }, "geometry": { "type": "Point", "coordinates": [ 135.781298, 34.4860981 ] } },
{ "type": "Feature", "properties": { "内容": "こころ奈良【居宅介護支援】奈良県橿原市新賀町235-6橋本第1ビル3階5号室", "url": "https://www.kaigokensaku.mhlw.go.jp/29/index.php?action_kouhyou_detail_004_kani=true&JigyosyoCd=2970501892-00&ServiceCd=430&Type=search", "url2": "http://i-peace556.co.jp" }, "geometry": { "type": "Point", "coordinates": [ 135.791742699999986, 34.5144583 ] } },
{ "type": "Feature", "properties": { "内容": "橿原ケアセンター　ユースフル21【居宅介護支援】奈良県橿原市今井町3丁目12-16", "url": "https://www.kaigokensaku.mhlw.go.jp/29/index.php?action_kouhyou_detail_004_kani=true&JigyosyoCd=2970500191-00&ServiceCd=430&Type=search", "url2": "http://www.youthful21.com/" }, "geometry": { "type": "Point", "coordinates": [ 135.782824041278104, 34.504920790028216 ] } },
{ "type": "Feature", "properties": { "内容": "居宅介護支援事業所さくら【居宅介護支援】橿原市中曽司町62-1", "url": "https://www.kaigokensaku.mhlw.go.jp/29/index.php?action_kouhyou_detail_004_kani=true&JigyosyoCd=2970500837-00&ServiceCd=430&Type=search", "url2": null }, "geometry": { "type": "Point", "coordinates": [ 135.770711300000016, 34.5251899 ] } },
{ "type": "Feature", "properties": { "内容": "橿原訪問看護ステーション【居宅介護支援】奈良県橿原市四分町252-1ホームナーシングセンター", "url": "https://www.kaigokensaku.mhlw.go.jp/29/index.php?action_kouhyou_detail_004_kani=true&JigyosyoCd=2961290059-00&ServiceCd=430&Type=search", "url2": "https://www.nursing-center.jp/" }, "geometry": { "type": "Point", "coordinates": [ 135.801691014120934, 34.497250416320185 ] } },
{ "type": "Feature", "properties": { "内容": "公益社団法人奈良県看護協会立橿原訪問看護ステーションやわらぎの郷【居宅介護支援】奈良県橿原市飯高町103-1", "url": "https://www.kaigokensaku.mhlw.go.jp/29/index.php?action_kouhyou_detail_004_kani=true&JigyosyoCd=2961290216-00&ServiceCd=430&Type=search", "url2": null }, "geometry": { "type": "Point", "coordinates": [ 135.778329794892898, 34.532558672848843 ] } },
{ "type": "Feature", "properties": { "内容": "訪問看護ステーション　かしの木【居宅介護支援】橿原市木原町90-3", "url": "https://www.kaigokensaku.mhlw.go.jp/29/index.php?action_kouhyou_detail_004_kani=true&JigyosyoCd=2961290760-00&ServiceCd=430&Type=search", "url2": null }, "geometry": { "type": "Point", "coordinates": [ 135.802552800000058, 34.5121756 ] } },
{ "type": "Feature", "properties": { "内容": "あんだんてサポートセンター【居宅介護支援】奈良県橿原市菖蒲町2丁目13-20", "url": "https://www.kaigokensaku.mhlw.go.jp/29/index.php?action_kouhyou_detail_004_kani=true&JigyosyoCd=2970502726-00&ServiceCd=430&Type=search", "url2": null }, "geometry": { "type": "Point", "coordinates": [ 135.8020659, 34.4796139 ] } },
{ "type": "Feature", "properties": { "内容": "ケアプランセンターカインドハート橿原【居宅介護支援】奈良県橿原市中町200-128", "url": "https://www.kaigokensaku.mhlw.go.jp/29/index.php?action_kouhyou_detail_004_kani=true&JigyosyoCd=2970501991-00&ServiceCd=430&Type=search", "url2": "https://ps-plus.co.jp/" }, "geometry": { "type": "Point", "coordinates": [ 135.809358766864761, 34.526868424411305 ] } },
{ "type": "Feature", "properties": { "内容": "医療法人吉川医院居宅介護支援事業所　ほのか【居宅介護支援】奈良県橿原市中曽司町　１７５", "url": "https://www.kaigokensaku.mhlw.go.jp/29/index.php?action_kouhyou_detail_004_kani=true&JigyosyoCd=2970501975-00&ServiceCd=430&Type=search", "url2": "http://www.yoshikawa-clinic.or.jp" }, "geometry": { "type": "Point", "coordinates": [ 135.772352800000021, 34.5213099 ] } },
{ "type": "Feature", "properties": { "内容": "鴻池会地域ケアセンター橿原【居宅介護支援】奈良県橿原市石川町591-1", "url": "https://www.kaigokensaku.mhlw.go.jp/29/index.php?action_kouhyou_detail_004_kani=true&JigyosyoCd=2970501827-00&ServiceCd=430&Type=search", "url2": "http://www.kounoikekai.com/" }, "geometry": { "type": "Point", "coordinates": [ 135.800315703071647, 34.482709053150394 ] } },
{ "type": "Feature", "properties": { "内容": "居宅介護支援事業所　さらら【居宅介護支援】奈良県橿原市光陽町100-13", "url": "https://www.kaigokensaku.mhlw.go.jp/29/index.php?action_kouhyou_detail_004_kani=true&JigyosyoCd=2970502247-00&ServiceCd=430&Type=search", "url2": "https://nishiikai.com/" }, "geometry": { "type": "Point", "coordinates": [ 135.766143811848167, 34.486689812893928 ] } },
{ "type": "Feature", "properties": { "内容": "居宅介護支援大和三山【居宅介護支援】奈良県橿原市膳夫町477-17", "url": "https://www.kaigokensaku.mhlw.go.jp/29/index.php?action_kouhyou_detail_004_kani=true&JigyosyoCd=2970502072-00&ServiceCd=430&Type=search", "url2": "http://yushinkai-nara.com" }, "geometry": { "type": "Point", "coordinates": [ 135.822533421426414, 34.50786692230259 ] } },
{ "type": "Feature", "properties": { "内容": "医療法人良翔会　居宅介護支援事業所みそら【居宅介護支援】奈良県橿原市内膳町4-43-6", "url": "https://www.kaigokensaku.mhlw.go.jp/29/index.php?action_kouhyou_detail_004_kani=true&JigyosyoCd=2970501884-00&ServiceCd=430&Type=search", "url2": "http://ryoshou.jp/" }, "geometry": { "type": "Point", "coordinates": [ 135.7898401, 34.5154081 ] } },
{ "type": "Feature", "properties": { "内容": "ケアステーション秋桜【居宅介護支援】橿原市葛本町486-1", "url": "https://www.kaigokensaku.mhlw.go.jp/29/index.php?action_kouhyou_detail_004_kani=true&JigyosyoCd=2970501546-00&ServiceCd=430&Type=search", "url2": null }, "geometry": { "type": "Point", "coordinates": [ 135.800554926218211, 34.523750831603152 ] } },
{ "type": "Feature", "properties": { "内容": "ケアプランセンターさとよ【居宅介護支援】醍醐町131-1エクサ320号室", "url": "https://www.kaigokensaku.mhlw.go.jp/29/index.php?action_kouhyou_detail_004_kani=true&JigyosyoCd=2970502494-00&ServiceCd=430&Type=search", "url2": null }, "geometry": { "type": "Point", "coordinates": [ 135.7999261, 34.5071717 ] } },
{ "type": "Feature", "properties": { "内容": "ニチイケアセンター八木【居宅介護支援】橿原市八木町1丁目5-30ダイショウビル３Ｆ", "url": "https://www.kaigokensaku.mhlw.go.jp/29/index.php?action_kouhyou_detail_004_kani=true&JigyosyoCd=2970500126-00&ServiceCd=430&Type=search", "url2": "http://www.nichiigakkan.co.jp" }, "geometry": { "type": "Point", "coordinates": [ 135.793434199999979, 34.5098783 ] } },
{ "type": "Feature", "properties": { "内容": "ぽれぽれ橿原在宅支援相談センター【居宅介護支援】橿原市白橿町2丁目29-8", "url": "https://www.kaigokensaku.mhlw.go.jp/29/index.php?action_kouhyou_detail_004_kani=true&JigyosyoCd=2970501801-00&ServiceCd=430&Type=search", "url2": "http://www.porepore.co.jp/" }, "geometry": { "type": "Point", "coordinates": [ 135.7903437, 34.4754685 ] } },
{ "type": "Feature", "properties": { "内容": "ケアクラフト弥生【居宅介護支援】奈良県橿原市上品寺町１９３番地ー1", "url": "https://www.kaigokensaku.mhlw.go.jp/29/index.php?action_kouhyou_detail_004_kani=true&JigyosyoCd=2970500506-00&ServiceCd=430&Type=search", "url2": "https://www.careyayoi.com/" }, "geometry": { "type": "Point", "coordinates": [ 135.7922624, 34.519052500000022 ] } },
{ "type": "Feature", "properties": { "内容": "株式会社実生イーライフ居宅介護支援事業所【居宅介護支援】奈良県橿原市見瀬町２３２番地の1", "url": "https://www.kaigokensaku.mhlw.go.jp/29/index.php?action_kouhyou_detail_004_kani=true&JigyosyoCd=2970502056-00&ServiceCd=430&Type=search", "url2": null }, "geometry": { "type": "Point", "coordinates": [ 135.792488516567573, 34.479524291300024 ] } },
{ "type": "Feature", "properties": { "内容": "居宅介護支援事業所　かみふうせん　つむぐ【居宅介護支援】奈良県橿原市見瀬町4-4グリーンコーポ101D", "url": "https://www.kaigokensaku.mhlw.go.jp/29/index.php?action_kouhyou_detail_004_kani=true&JigyosyoCd=2970502635-00&ServiceCd=430&Type=search", "url2": null }, "geometry": { "type": "Point", "coordinates": [ 135.795260389262239, 34.48006510241602 ] } },
{ "type": "Feature", "properties": { "内容": "居宅介護支援事業所こすもす【居宅介護支援】新口町260-2レベッレアカーザ207", "url": "https://www.kaigokensaku.mhlw.go.jp/29/index.php?action_kouhyou_detail_004_kani=true&JigyosyoCd=2970501462-00&ServiceCd=430&Type=search", "url2": null }, "geometry": { "type": "Point", "coordinates": [ 135.791547852743861, 34.526397101193638 ] } },
{ "type": "Feature", "properties": { "内容": "居宅介護支援事業所　くるみ【居宅介護支援】奈良県橿原市南八木町１－４－１", "url": "https://www.kaigokensaku.mhlw.go.jp/29/index.php?action_kouhyou_detail_004_kani=true&JigyosyoCd=2970501397-00&ServiceCd=430&Type=search", "url2": null }, "geometry": { "type": "Point", "coordinates": [ 135.7908817, 34.50768690000001 ] } },
{ "type": "Feature", "properties": { "内容": "ケアプランセンターハートコア【居宅介護支援】奈良県橿原市久米町620-5コスモハイツ105", "url": "https://www.kaigokensaku.mhlw.go.jp/29/index.php?action_kouhyou_detail_004_kani=true&JigyosyoCd=2970502668-00&ServiceCd=430&Type=search", "url2": "http://heart-core112.jimdofree.com" }, "geometry": { "type": "Point", "coordinates": [ 135.794867, 34.4826728 ] } },
{ "type": "Feature", "properties": { "内容": "居宅介護支援事業所よしおか【居宅介護支援】奈良県橿原市見瀬町38スカイハイツ718", "url": "https://www.kaigokensaku.mhlw.go.jp/29/index.php?action_kouhyou_detail_004_kani=true&JigyosyoCd=2970502262-00&ServiceCd=430&Type=search", "url2": null }, "geometry": { "type": "Point", "coordinates": [ 135.794751499999961, 34.480718 ] } },
{ "type": "Feature", "properties": { "内容": "ケアセンター　香心【居宅介護支援】奈良県橿原市北妙法寺町１２２番地の５", "url": "https://www.kaigokensaku.mhlw.go.jp/29/index.php?action_kouhyou_detail_004_kani=true&JigyosyoCd=2970501983-00&ServiceCd=430&Type=search", "url2": null }, "geometry": { "type": "Point", "coordinates": [ 135.783601800000042, 34.5181938 ] } },
{ "type": "Feature", "properties": { "内容": "居宅介護支援事業所　しじょう【居宅介護支援】橿原市四条町823-2", "url": "https://www.kaigokensaku.mhlw.go.jp/29/index.php?action_kouhyou_detail_004_kani=true&JigyosyoCd=2970500746-00&ServiceCd=430&Type=search", "url2": "http://www.heisei-h.or.jp/shijou/index.html" }, "geometry": { "type": "Point", "coordinates": [ 135.790016313488024, 34.504492973501804 ] } },
{ "type": "Feature", "properties": { "内容": "ぽれぽれ八木西スクエア【居宅介護支援】奈良県橿原市小綱町11-7", "url": "https://www.kaigokensaku.mhlw.go.jp/29/index.php?action_kouhyou_detail_004_kani=true&JigyosyoCd=2970502502-00&ServiceCd=430&Type=search", "url2": "www.porepore.co.jp" }, "geometry": { "type": "Point", "coordinates": [ 135.785464199999979, 34.5109899 ] } },
{ "type": "Feature", "properties": { "内容": "橿原園【居宅介護支援】奈良県橿原市見瀬町265番地", "url": "https://www.kaigokensaku.mhlw.go.jp/29/index.php?action_kouhyou_detail_004_kani=true&JigyosyoCd=2970500019-00&ServiceCd=430&Type=search", "url2": "http://wwwkashiharaen.or.jp" }, "geometry": { "type": "Point", "coordinates": [ 135.791340699999978, 34.4795014 ] } },
{ "type": "Feature", "properties": { "内容": "あすならホーム畝傍　ケアプランセンター【居宅介護支援】奈良県橿原市大久保町287-1", "url": "https://www.kaigokensaku.mhlw.go.jp/29/index.php?action_kouhyou_detail_004_kani=true&JigyosyoCd=2970502205-00&ServiceCd=430&Type=search", "url2": "https://asunaraen.or.jp/facility/asunarahomeunebi" }, "geometry": { "type": "Point", "coordinates": [ 135.793116171827705, 34.49553539638319 ] } },
{ "type": "Feature", "properties": { "内容": "居宅介護支援事業所　バンデ（絆）【居宅介護支援】奈良県橿原市東竹田町１０４番地１", "url": "https://www.kaigokensaku.mhlw.go.jp/29/index.php?action_kouhyou_detail_004_kani=true&JigyosyoCd=2970502148-00&ServiceCd=430&Type=search", "url2": "http://www.bande.or.jp" }, "geometry": { "type": "Point", "coordinates": [ 135.824668, 34.52569 ] } },
{ "type": "Feature", "properties": { "内容": "居宅介護支援事業所　橿原の郷【居宅介護支援】奈良県橿原市飯高町７－１", "url": "https://www.kaigokensaku.mhlw.go.jp/29/index.php?action_kouhyou_detail_004_kani=true&JigyosyoCd=2970501058-00&ServiceCd=430&Type=search", "url2": "http://www.sanyofukushikai.com" }, "geometry": { "type": "Point", "coordinates": [ 135.77985769999998, 34.5311449 ] } },
{ "type": "Feature", "properties": { "内容": "特別養護老人ホーム　香久山インパレス【居宅介護支援】奈良県橿原市戒外町７番地", "url": "https://www.kaigokensaku.mhlw.go.jp/29/index.php?action_kouhyou_detail_004_kani=true&JigyosyoCd=2970500027-00&ServiceCd=430&Type=search", "url2": "http://shoufukukai.or.jp/" }, "geometry": { "type": "Point", "coordinates": [ 135.823465100000021, 34.4945838 ] } },
{ "type": "Feature", "properties": { "内容": "かなはし苑居宅介護支援事業所【居宅介護支援】奈良県橿原市雲梯町28番地", "url": "https://www.kaigokensaku.mhlw.go.jp/29/index.php?action_kouhyou_detail_004_kani=true&JigyosyoCd=2970500209-00&ServiceCd=430&Type=search", "url2": "http://kanahashien.iinaa.net/" }, "geometry": { "type": "Point", "coordinates": [ 135.7670561, 34.5027235 ] } },
{ "type": "Feature", "properties": { "内容": "桃寿園【居宅介護支援】奈良県橿原市北越智町345", "url": "https://www.kaigokensaku.mhlw.go.jp/29/index.php?action_kouhyou_detail_004_kani=true&JigyosyoCd=2970500076-00&ServiceCd=430&Type=search", "url2": "http://www.choseikai.or.jp/index.html" }, "geometry": { "type": "Point", "coordinates": [ 135.777492100000018, 34.4740131 ] } },
{ "type": "Feature", "properties": { "内容": "サポートはな【居宅介護支援】橿原市久米町５２８－１", "url": "https://www.kaigokensaku.mhlw.go.jp/29/index.php?action_kouhyou_detail_004_kani=true&JigyosyoCd=2970500845-00&ServiceCd=430&Type=search", "url2": "http://www.eonet.ne.jp/~s-hana/" }, "geometry": { "type": "Point", "coordinates": [ 135.7913989, 34.4827371 ] } },
{ "type": "Feature", "properties": { "内容": "有限会社あまの介護サービス【居宅介護支援】奈良県橿原市南八木町３丁目５番２５号", "url": "https://www.kaigokensaku.mhlw.go.jp/29/index.php?action_kouhyou_detail_004_kani=true&JigyosyoCd=2970500548-00&ServiceCd=430&Type=search", "url2": null }, "geometry": { "type": "Point", "coordinates": [ 135.797542199999953, 34.5069177 ] } },
{ "type": "Feature", "properties": { "内容": "介護センター　とらいあんぐる【居宅介護支援】橿原市北八木町１丁目６－２０", "url": "https://www.kaigokensaku.mhlw.go.jp/29/index.php?action_kouhyou_detail_004_kani=true&JigyosyoCd=2970500431-00&ServiceCd=430&Type=search", "url2": null }, "geometry": { "type": "Point", "coordinates": [ 135.793864699999972, 34.5127391 ] } },
{ "type": "Feature", "properties": { "内容": "居宅介護支援センター絆【居宅介護支援】奈良県橿原市中曽司町２６９－２７", "url": "https://www.kaigokensaku.mhlw.go.jp/29/index.php?action_kouhyou_detail_004_kani=true&JigyosyoCd=2970500704-00&ServiceCd=430&Type=search", "url2": null }, "geometry": { "type": "Point", "coordinates": [ 135.767358800000011, 34.521182 ] } },
{ "type": "Feature", "properties": { "内容": "居宅介護支援事業所「きらり」【居宅介護支援】橿原市新賀町275-15", "url": "https://www.kaigokensaku.mhlw.go.jp/29/index.php?action_kouhyou_detail_004_kani=true&JigyosyoCd=2970501595-00&ServiceCd=430&Type=search", "url2": null }, "geometry": { "type": "Point", "coordinates": [ 135.797839299999964, 34.5144585 ] } },
{ "type": "Feature", "properties": { "内容": "有限会社川西ウイング【居宅介護支援】奈良県橿原市中曽司町３８４－１１", "url": "https://www.kaigokensaku.mhlw.go.jp/29/index.php?action_kouhyou_detail_004_kani=true&JigyosyoCd=2970500316-00&ServiceCd=430&Type=search", "url2": "https://aaaika70.wixsite.com/my-site-3" }, "geometry": { "type": "Point", "coordinates": [ 135.766283899999962, 34.5226568 ] } },
{ "type": "Feature", "properties": { "内容": "介護老人保健施設ケアステージみみなし【居宅介護支援】奈良県橿原市常盤町１５８番地１介護老人保健施設ケアステージみみなし", "url": "https://www.kaigokensaku.mhlw.go.jp/29/index.php?action_kouhyou_detail_004_kani=true&JigyosyoCd=2970502809-00&ServiceCd=430&Type=search", "url2": "http://shoufukukai.or.jp/" }, "geometry": { "type": "Point", "coordinates": [ 135.8161993, 34.5186842 ] } },
{ "type": "Feature", "properties": { "内容": "有限会社　タカダ【居宅介護支援】奈良県桜井市東新堂220", "url": "https://www.kaigokensaku.mhlw.go.jp/29/index.php?action_kouhyou_detail_004_kani=true&JigyosyoCd=2970600330-00&ServiceCd=430&Type=search", "url2": "https://takadakaigo.wixsite.com/kaigotaxi-takada" }, "geometry": { "type": "Point", "coordinates": [ 135.832827599999973, 34.5191336 ] } },
{ "type": "Feature", "properties": { "内容": "オアシス桜井【居宅介護支援】奈良県桜井市大字戒重　73番地", "url": "https://www.kaigokensaku.mhlw.go.jp/29/index.php?action_kouhyou_detail_004_kani=true&JigyosyoCd=2970601296-00&ServiceCd=430&Type=search", "url2": null }, "geometry": { "type": "Point", "coordinates": [ 135.8392278, 34.5114849 ] } },
{ "type": "Feature", "properties": { "内容": "三輪の里在宅介護支援センター【居宅介護支援】奈良県桜井市慈恩寺２８５番地", "url": "https://www.kaigokensaku.mhlw.go.jp/29/index.php?action_kouhyou_detail_004_kani=true&JigyosyoCd=2970600090-00&ServiceCd=430&Type=search", "url2": "http://miwanosato.jp" }, "geometry": { "type": "Point", "coordinates": [ 135.863456, 34.5192004 ] } },
{ "type": "Feature", "properties": { "内容": "居宅介護支援事業所ポポらす【居宅介護支援】奈良県桜井市戒重290-6ノースアベニューA棟102", "url": "https://www.kaigokensaku.mhlw.go.jp/29/index.php?action_kouhyou_detail_004_kani=true&JigyosyoCd=2970601403-00&ServiceCd=430&Type=search", "url2": "https://popo-lus.com" }, "geometry": { "type": "Point", "coordinates": [ 135.8347353, 34.5146278 ] } },
{ "type": "Feature", "properties": { "内容": "社会医療法人健生会大福診療所【居宅介護支援】桜井市大福２４０－１", "url": "https://www.kaigokensaku.mhlw.go.jp/29/index.php?action_kouhyou_detail_004_kani=true&JigyosyoCd=2910401245-00&ServiceCd=430&Type=search", "url2": "https://kenseikai-nara.or.jp/daifuku" }, "geometry": { "type": "Point", "coordinates": [ 135.829205799999954, 34.512415 ] } },
{ "type": "Feature", "properties": { "内容": "ケアプランセンターみわ【居宅介護支援】奈良県桜井市三輪496番地の1", "url": "https://www.kaigokensaku.mhlw.go.jp/29/index.php?action_kouhyou_detail_004_kani=true&JigyosyoCd=2970601098-00&ServiceCd=430&Type=search", "url2": "http://www.i-isikai.com/" }, "geometry": { "type": "Point", "coordinates": [ 135.8470456, 34.525987 ] } },
{ "type": "Feature", "properties": { "内容": "在宅介護支援センターやまのべ【居宅介護支援】奈良県桜井市大豆越104番地の１", "url": "https://www.kaigokensaku.mhlw.go.jp/29/index.php?action_kouhyou_detail_004_kani=true&JigyosyoCd=2970600025-00&ServiceCd=430&Type=search", "url2": "https://www.yamanobe.or.jp/zaitaku_top.html" }, "geometry": { "type": "Point", "coordinates": [ 135.836887899999965, 34.549308 ] } },
{ "type": "Feature", "properties": { "内容": "介護のみき　桜井店【居宅介護支援】奈良県桜井市粟殿14-1サンワハイツ1F", "url": "https://www.kaigokensaku.mhlw.go.jp/29/index.php?action_kouhyou_detail_004_kani=true&JigyosyoCd=2970600769-00&ServiceCd=430&Type=search", "url2": "http://jcare.co.jp/kaigo/" }, "geometry": { "type": "Point", "coordinates": [ 135.848157, 34.5154952 ] } },
{ "type": "Feature", "properties": { "内容": "あなたの暮らしの相談処AKARI【居宅介護支援】奈良県桜井市河西775エンプレス南2Fエンプレス南2F", "url": "https://www.kaigokensaku.mhlw.go.jp/29/index.php?action_kouhyou_detail_004_kani=true&JigyosyoCd=2970601114-00&ServiceCd=430&Type=search", "url2": "www.ookini-otagaisan.com" }, "geometry": { "type": "Point", "coordinates": [ 135.847199776057437, 34.500472888400274 ] } },
{ "type": "Feature", "properties": { "内容": "居宅介護支援事業所　四つ葉のクローバー桜井【居宅介護支援】奈良県桜井市粟殿318-1", "url": "https://www.kaigokensaku.mhlw.go.jp/29/index.php?action_kouhyou_detail_004_kani=true&JigyosyoCd=2970601056-00&ServiceCd=430&Type=search", "url2": "http://www.grandsoul.co.jp/clover/" }, "geometry": { "type": "Point", "coordinates": [ 135.849877122646888, 34.517296835114081 ] } },
{ "type": "Feature", "properties": { "内容": "株式会社つなぐ【居宅介護支援】奈良県桜井市吉備759-46", "url": "https://www.kaigokensaku.mhlw.go.jp/29/index.php?action_kouhyou_detail_004_kani=true&JigyosyoCd=2970601049-00&ServiceCd=430&Type=search", "url2": null }, "geometry": { "type": "Point", "coordinates": [ 135.836405, 34.505743 ] } },
{ "type": "Feature", "properties": { "内容": "株式会社まちかど福祉ステーション【居宅介護支援】奈良県桜井市外山337-1フルーエントⅡ106", "url": "https://www.kaigokensaku.mhlw.go.jp/29/index.php?action_kouhyou_detail_004_kani=true&JigyosyoCd=2970600959-00&ServiceCd=430&Type=search", "url2": "https://www.machikado-fukushi.co.jp/" }, "geometry": { "type": "Point", "coordinates": [ 135.858180016532856, 34.514411427418615 ] } },
{ "type": "Feature", "properties": { "内容": "リンクサービス【居宅介護支援】朝倉台東6丁目1554-41", "url": "https://www.kaigokensaku.mhlw.go.jp/29/index.php?action_kouhyou_detail_004_kani=true&JigyosyoCd=2970601106-00&ServiceCd=430&Type=search", "url2": null }, "geometry": { "type": "Point", "coordinates": [ 135.879431241143038, 34.515119474710744 ] } },
{ "type": "Feature", "properties": { "内容": "居宅介護支援事業所いわれ【居宅介護支援】奈良県桜井市桜井276番地", "url": "https://www.kaigokensaku.mhlw.go.jp/29/index.php?action_kouhyou_detail_004_kani=true&JigyosyoCd=2970600652-00&ServiceCd=430&Type=search", "url2": null }, "geometry": { "type": "Point", "coordinates": [ 135.8473821, 34.5110874 ] } },
{ "type": "Feature", "properties": { "内容": "万葉介護サービスセンター【居宅介護支援】奈良県桜井市吉備151", "url": "https://www.kaigokensaku.mhlw.go.jp/29/index.php?action_kouhyou_detail_004_kani=true&JigyosyoCd=2970600207-00&ServiceCd=430&Type=search", "url2": "http://www.manyou-kaigo.co.jp" }, "geometry": { "type": "Point", "coordinates": [ 135.826179338125968, 34.507235320773802 ] } },
{ "type": "Feature", "properties": { "内容": "居宅介護支援事業所とねりこ【居宅介護支援】奈良県桜井市大字大福280番地の1", "url": "https://www.kaigokensaku.mhlw.go.jp/29/index.php?action_kouhyou_detail_004_kani=true&JigyosyoCd=2970600744-00&ServiceCd=430&Type=search", "url2": null }, "geometry": { "type": "Point", "coordinates": [ 135.829805699999952, 34.5133316 ] } },
{ "type": "Feature", "properties": { "内容": "居宅介護支援事業所なでしこ【居宅介護支援】奈良県桜井市大字阿部３２３番地", "url": "https://www.kaigokensaku.mhlw.go.jp/29/index.php?action_kouhyou_detail_004_kani=true&JigyosyoCd=2970600033-00&ServiceCd=430&Type=search", "url2": "http://www.chuwa-hp.jp/mahoroba/nadeshiko.html" }, "geometry": { "type": "Point", "coordinates": [ 135.839174500000013, 34.5077045 ] } },
{ "type": "Feature", "properties": { "内容": "あすならホーム桜井【居宅介護支援】奈良県桜井市粟殿800", "url": "https://www.kaigokensaku.mhlw.go.jp/29/index.php?action_kouhyou_detail_004_kani=true&JigyosyoCd=2970601288-00&ServiceCd=430&Type=search", "url2": "http://www.asunaraen.com" }, "geometry": { "type": "Point", "coordinates": [ 135.8535498, 34.5190612 ] } },
{ "type": "Feature", "properties": { "内容": "社会福祉法人桜井市社会福祉協議会指定居宅介護支援事業所「れいんぼー」【居宅介護支援】桜井市桜井535-1桜井市社会福祉協議会分館", "url": "https://www.kaigokensaku.mhlw.go.jp/29/index.php?action_kouhyou_detail_004_kani=true&JigyosyoCd=2970600256-00&ServiceCd=430&Type=search", "url2": "http://www.sakuraisyakyo.jp/" }, "geometry": { "type": "Point", "coordinates": [ 135.851691310975639, 34.508582100000034 ] } },
{ "type": "Feature", "properties": { "内容": "居宅介護支援事業所　きび秀華苑【居宅介護支援】奈良県桜井市吉備546-7", "url": "https://www.kaigokensaku.mhlw.go.jp/29/index.php?action_kouhyou_detail_004_kani=true&JigyosyoCd=2970600934-00&ServiceCd=430&Type=search", "url2": "http://www.seikoukai-fukushi.or.jp" }, "geometry": { "type": "Point", "coordinates": [ 135.833121661376907, 34.508191812079488 ] } },
{ "type": "Feature", "properties": { "内容": "居宅介護支援事業所グランビレッジ倉橋【居宅介護支援】奈良県桜井市大字倉橋1088番1", "url": "https://www.kaigokensaku.mhlw.go.jp/29/index.php?action_kouhyou_detail_004_kani=true&JigyosyoCd=2970601163-00&ServiceCd=430&Type=search", "url2": "https://www.taiyounomura.org/kurahashi/" }, "geometry": { "type": "Point", "coordinates": [ 135.862748517917936, 34.492473130525589 ] } },
{ "type": "Feature", "properties": { "内容": "社会福祉法人　大和桜井園【居宅介護支援】奈良県桜井市大字阿部１０７０番地", "url": "https://www.kaigokensaku.mhlw.go.jp/29/index.php?action_kouhyou_detail_004_kani=true&JigyosyoCd=2970600017-00&ServiceCd=430&Type=search", "url2": "http://www.sakuraien.jp/" }, "geometry": { "type": "Point", "coordinates": [ 135.84481222212068, 34.501453284008406 ] } },
{ "type": "Feature", "properties": { "内容": "有限会社　かけはし【居宅介護支援】桜井市上之庄159-5", "url": "https://www.kaigokensaku.mhlw.go.jp/29/index.php?action_kouhyou_detail_004_kani=true&JigyosyoCd=2970600280-00&ServiceCd=430&Type=search", "url2": null }, "geometry": { "type": "Point", "coordinates": [ 135.840190900000039, 34.522555500000031 ] } },
{ "type": "Feature", "properties": { "内容": "マザーズかわい介護支援センター【居宅介護支援】奈良県桜井市大福２４２－１", "url": "https://www.kaigokensaku.mhlw.go.jp/29/index.php?action_kouhyou_detail_004_kani=true&JigyosyoCd=2970600405-00&ServiceCd=430&Type=search", "url2": null }, "geometry": { "type": "Point", "coordinates": [ 135.828633599999989, 34.5123233 ] } },
{ "type": "Feature", "properties": { "内容": "居宅介護支援事業所いぶき【居宅介護支援】奈良県桜井市大字大泉814番地の3", "url": "https://www.kaigokensaku.mhlw.go.jp/29/index.php?action_kouhyou_detail_004_kani=true&JigyosyoCd=2970600835-00&ServiceCd=430&Type=search", "url2": null }, "geometry": { "type": "Point", "coordinates": [ 135.828412031339639, 34.534042897411226 ] } },
{ "type": "Feature", "properties": { "内容": "居宅介護支援事業所　友愛【居宅介護支援】奈良県桜井市池ノ内122-1", "url": "https://www.kaigokensaku.mhlw.go.jp/29/index.php?action_kouhyou_detail_004_kani=true&JigyosyoCd=2970601007-00&ServiceCd=430&Type=search", "url2": "https://yuai-nara.com/" }, "geometry": { "type": "Point", "coordinates": [ 135.833353588946466, 34.498634897342953 ] } },
{ "type": "Feature", "properties": { "内容": "ケアサポート秀華苑【居宅介護支援】奈良県桜井市桜井295", "url": "https://www.kaigokensaku.mhlw.go.jp/29/index.php?action_kouhyou_detail_004_kani=true&JigyosyoCd=2970601411-00&ServiceCd=430&Type=search", "url2": null }, "geometry": { "type": "Point", "coordinates": [ 135.8473783, 34.510455 ] } },
{ "type": "Feature", "properties": { "内容": "ケアセンター　なごみの風【居宅介護支援】奈良県桜井市大字芝８０１番地", "url": "https://www.kaigokensaku.mhlw.go.jp/29/index.php?action_kouhyou_detail_004_kani=true&JigyosyoCd=2970601221-00&ServiceCd=430&Type=search", "url2": null }, "geometry": { "type": "Point", "coordinates": [ 135.840774695106518, 34.534902147764939 ] } },
{ "type": "Feature", "properties": { "内容": "西吉野・大塔居宅介護支援事業所【居宅介護支援】奈良県五條市西吉野町城戸122番地の１五條市役所西吉野支所内", "url": "https://www.kaigokensaku.mhlw.go.jp/29/index.php?action_kouhyou_detail_004_kani=true&JigyosyoCd=2970700262-00&ServiceCd=430&Type=search", "url2": null }, "geometry": { "type": "Point", "coordinates": [ 135.748790215344229, 34.281360067480406 ] } },
{ "type": "Feature", "properties": { "内容": "ＭＣパル【居宅介護支援】奈良県五條市今井四丁目５番３７号", "url": "https://www.kaigokensaku.mhlw.go.jp/29/index.php?action_kouhyou_detail_004_kani=true&JigyosyoCd=2970700072-00&ServiceCd=430&Type=search", "url2": "http://www.mcz.jp" }, "geometry": { "type": "Point", "coordinates": [ 135.708881, 34.3526974 ] } },
{ "type": "Feature", "properties": { "内容": "田園介護サービス【居宅介護支援】奈良県五條市山田町299番地", "url": "https://www.kaigokensaku.mhlw.go.jp/29/index.php?action_kouhyou_detail_004_kani=true&JigyosyoCd=2970700304-00&ServiceCd=430&Type=search", "url2": null }, "geometry": { "type": "Point", "coordinates": [ 135.7447508, 34.3704451 ] } },
{ "type": "Feature", "properties": { "内容": "株式会社ワースリビング【居宅介護支援】五條市住川町331-1", "url": "https://www.kaigokensaku.mhlw.go.jp/29/index.php?action_kouhyou_detail_004_kani=true&JigyosyoCd=2970700080-00&ServiceCd=430&Type=search", "url2": null }, "geometry": { "type": "Point", "coordinates": [ 135.7166856, 34.378331 ] } },
{ "type": "Feature", "properties": { "内容": "ケアテック　ケアプランセンター【居宅介護支援】奈良県五條市今井1丁目9-33", "url": "https://www.kaigokensaku.mhlw.go.jp/29/index.php?action_kouhyou_detail_004_kani=true&JigyosyoCd=2970700734-00&ServiceCd=430&Type=search", "url2": null }, "geometry": { "type": "Point", "coordinates": [ 135.704922900000014, 34.356003 ] } },
{ "type": "Feature", "properties": { "内容": "社会福祉法人　三寿福祉会　友語苑【居宅介護支援】奈良県五條市住川町１４２６番地", "url": "https://www.kaigokensaku.mhlw.go.jp/29/index.php?action_kouhyou_detail_004_kani=true&JigyosyoCd=2970700098-00&ServiceCd=430&Type=search", "url2": "http://www.sanju.or.jp/" }, "geometry": { "type": "Point", "coordinates": [ 135.723971811639416, 34.387400205038624 ] } },
{ "type": "Feature", "properties": { "内容": "介護老人保健施設ローズ居宅介護支援事業所【居宅介護支援】奈良県五條市二見5丁目3番64号", "url": "https://www.kaigokensaku.mhlw.go.jp/29/index.php?action_kouhyou_detail_004_kani=true&JigyosyoCd=2950780003-00&ServiceCd=430&Type=search", "url2": "http://www.hajime-kai.com/" }, "geometry": { "type": "Point", "coordinates": [ 135.691993599999932, 34.3417371 ] } },
{ "type": "Feature", "properties": { "内容": "ウェルネスケア【居宅介護支援】奈良県五條市二見3-5-17", "url": "https://www.kaigokensaku.mhlw.go.jp/29/index.php?action_kouhyou_detail_004_kani=true&JigyosyoCd=2970700411-00&ServiceCd=430&Type=search", "url2": null }, "geometry": { "type": "Point", "coordinates": [ 135.678774011500536, 34.342912759200246 ] } },
{ "type": "Feature", "properties": { "内容": "ハートランド五條　ケアプランセンター【居宅介護支援】奈良県五條市二見５丁目３番６３号特別養護老人ホーム　ハートランド五條", "url": "https://www.kaigokensaku.mhlw.go.jp/29/index.php?action_kouhyou_detail_004_kani=true&JigyosyoCd=2970700601-00&ServiceCd=430&Type=search", "url2": "http://heartlandgojo.racms.jp/" }, "geometry": { "type": "Point", "coordinates": [ 135.691278308806687, 34.340470722499077 ] } },
{ "type": "Feature", "properties": { "内容": "社会福祉法人　五條市社会福祉協議会【居宅介護支援】奈良県五條市新町３丁目３番２号", "url": "https://www.kaigokensaku.mhlw.go.jp/29/index.php?action_kouhyou_detail_004_kani=true&JigyosyoCd=2970700023-00&ServiceCd=430&Type=search", "url2": "http://www.shakyo.or.jp/hp/1250/" }, "geometry": { "type": "Point", "coordinates": [ 135.690166, 34.3506777 ] } },
{ "type": "Feature", "properties": { "内容": "居宅介護支援事業所　音和舎　彩羽【居宅介護支援】奈良県五條市五條3丁目1-4", "url": "https://www.kaigokensaku.mhlw.go.jp/29/index.php?action_kouhyou_detail_004_kani=true&JigyosyoCd=2970700676-00&ServiceCd=430&Type=search", "url2": "http://www.seiwakai-gojo.or.jp/" }, "geometry": { "type": "Point", "coordinates": [ 135.699356800000032, 34.3528444 ] } },
{ "type": "Feature", "properties": { "内容": "五條ケアプランセンター【居宅介護支援】奈良県五條市今井４丁目１－１", "url": "https://www.kaigokensaku.mhlw.go.jp/29/index.php?action_kouhyou_detail_004_kani=true&JigyosyoCd=2970700684-00&ServiceCd=430&Type=search", "url2": "https://actcare-system.com/" }, "geometry": { "type": "Point", "coordinates": [ 135.7055507, 34.3557692 ] } },
{ "type": "Feature", "properties": { "内容": "ケアプランセンター　縁　西吉野【居宅介護支援】奈良県五條市西吉野町城戸430", "url": "https://www.kaigokensaku.mhlw.go.jp/29/index.php?action_kouhyou_detail_004_kani=true&JigyosyoCd=2970700775-00&ServiceCd=430&Type=search", "url2": "https://m-ask.jp" }, "geometry": { "type": "Point", "coordinates": [ 135.7521911, 34.2867328 ] } },
{ "type": "Feature", "properties": { "内容": "在宅支援事業所　水輪【居宅介護支援】奈良県五條市野原西３丁目３番４１号", "url": "https://www.kaigokensaku.mhlw.go.jp/29/index.php?action_kouhyou_detail_004_kani=true&JigyosyoCd=2970700049-00&ServiceCd=430&Type=search", "url2": "http://www.shousuien.or.jp" }, "geometry": { "type": "Point", "coordinates": [ 135.717705199999955, 34.342535 ] } },
{ "type": "Feature", "properties": { "内容": "鴻池荘　在宅介護支援センター【居宅介護支援】奈良県御所市池之内１０６４番地", "url": "https://www.kaigokensaku.mhlw.go.jp/29/index.php?action_kouhyou_detail_004_kani=true&JigyosyoCd=2970800047-00&ServiceCd=430&Type=search", "url2": "http://www.kounoikekai.com" }, "geometry": { "type": "Point", "coordinates": [ 135.751217399999973, 34.450824 ] } },
{ "type": "Feature", "properties": { "内容": "株式会社ＭＯＭＩＪＩ【居宅介護支援】奈良県御所市三室697－1", "url": "https://www.kaigokensaku.mhlw.go.jp/29/index.php?action_kouhyou_detail_004_kani=true&JigyosyoCd=2970800609-00&ServiceCd=430&Type=search", "url2": "https://kaigo100.co.jp" }, "geometry": { "type": "Point", "coordinates": [ 135.728449399999988, 34.4573573 ] } },
{ "type": "Feature", "properties": { "内容": "居宅介護支援事業所しあわせ【居宅介護支援】奈良県御所市大字櫛羅１５２番地の２、１５２番地の４", "url": "https://www.kaigokensaku.mhlw.go.jp/29/index.php?action_kouhyou_detail_004_kani=true&JigyosyoCd=2970800641-00&ServiceCd=430&Type=search", "url2": null }, "geometry": { "type": "Point", "coordinates": [ 135.7224251, 34.4641299 ] } },
{ "type": "Feature", "properties": { "内容": "医療法人榎本医院【居宅介護支援】御所市大字戸毛1248番地", "url": "https://www.kaigokensaku.mhlw.go.jp/29/index.php?action_kouhyou_detail_004_kani=true&JigyosyoCd=2911301121-00&ServiceCd=430&Type=search", "url2": "https://www.enomotoiin.or.jp" }, "geometry": { "type": "Point", "coordinates": [ 135.756014899999968, 34.4281961 ] } },
{ "type": "Feature", "properties": { "内容": "鴻池会居宅介護支援事業所【居宅介護支援】奈良県御所市池之内１０６４番地", "url": "https://www.kaigokensaku.mhlw.go.jp/29/index.php?action_kouhyou_detail_004_kani=true&JigyosyoCd=2970800377-00&ServiceCd=430&Type=search", "url2": "http://www.kounoikekai.com/" }, "geometry": { "type": "Point", "coordinates": [ 135.750739966795322, 34.451098260499322 ] } },
{ "type": "Feature", "properties": { "内容": "コミュニティーケアセンター　ぽかぽか【居宅介護支援】奈良県御所市大広町１８０番地谷川ビル１階", "url": "https://www.kaigokensaku.mhlw.go.jp/29/index.php?action_kouhyou_detail_004_kani=true&JigyosyoCd=2970800450-00&ServiceCd=430&Type=search", "url2": "「御所　ぽかぽか」で検索" }, "geometry": { "type": "Point", "coordinates": [ 135.731611309787013, 34.464444939514259 ] } },
{ "type": "Feature", "properties": { "内容": "いぶき居宅介護支援事業所【居宅介護支援】奈良県御所市南十三66‐3", "url": "https://www.kaigokensaku.mhlw.go.jp/29/index.php?action_kouhyou_detail_004_kani=true&JigyosyoCd=2970800732-00&ServiceCd=430&Type=search", "url2": null }, "geometry": { "type": "Point", "coordinates": [ 135.7472522, 34.466598 ] } },
{ "type": "Feature", "properties": { "内容": "居宅介護支援事業所　とき【居宅介護支援】奈良県御所市84番地", "url": "https://www.kaigokensaku.mhlw.go.jp/29/index.php?action_kouhyou_detail_004_kani=true&JigyosyoCd=2970800500-00&ServiceCd=430&Type=search", "url2": "wwwhttp://tokinomori.net/" }, "geometry": { "type": "Point", "coordinates": [ 135.736709900000051, 34.4653858 ] } },
{ "type": "Feature", "properties": { "内容": "社会福祉法人恩賜財団済生会御所病院　居宅介護支援事業所【居宅介護支援】奈良県御所市三室２０番地", "url": "https://www.kaigokensaku.mhlw.go.jp/29/index.php?action_kouhyou_detail_004_kani=true&JigyosyoCd=2970800302-00&ServiceCd=430&Type=search", "url2": "http://www.saiseikai-gose.jp/" }, "geometry": { "type": "Point", "coordinates": [ 135.730646699999966, 34.461516600000017 ] } },
{ "type": "Feature", "properties": { "内容": "友幸苑ケアプランセンター【居宅介護支援】御所市重阪771番地1介護老人福祉施設　友幸苑", "url": "https://www.kaigokensaku.mhlw.go.jp/29/index.php?action_kouhyou_detail_004_kani=true&JigyosyoCd=2970800435-00&ServiceCd=430&Type=search", "url2": "http://www.sanju.or.jp" }, "geometry": { "type": "Point", "coordinates": [ 135.725928899999985, 34.3884914 ] } },
{ "type": "Feature", "properties": { "内容": "国見苑【居宅介護支援】奈良県御所市大字柏原１５９４番地の１", "url": "https://www.kaigokensaku.mhlw.go.jp/29/index.php?action_kouhyou_detail_004_kani=true&JigyosyoCd=2970800021-00&ServiceCd=430&Type=search", "url2": "http://www.jinnankai.jp/" }, "geometry": { "type": "Point", "coordinates": [ 135.765591200000046, 34.4471968 ] } },
{ "type": "Feature", "properties": { "内容": "テンダーヒル御所わかば館【居宅介護支援】奈良県御所市３６４－１", "url": "https://www.kaigokensaku.mhlw.go.jp/29/index.php?action_kouhyou_detail_004_kani=true&JigyosyoCd=2970800351-00&ServiceCd=430&Type=search", "url2": "http://www.tender.or.jp" }, "geometry": { "type": "Point", "coordinates": [ 135.736237699999947, 34.4657357 ] } },
{ "type": "Feature", "properties": { "内容": "テンダーヒル御所【居宅介護支援】奈良県御所市船路415", "url": "https://www.kaigokensaku.mhlw.go.jp/29/index.php?action_kouhyou_detail_004_kani=true&JigyosyoCd=2970800013-00&ServiceCd=430&Type=search", "url2": "http://www.tender.or.jp" }, "geometry": { "type": "Point", "coordinates": [ 135.720190099999968, 34.4107779 ] } },
{ "type": "Feature", "properties": { "内容": "ケアセンター歩【居宅介護支援】奈良県御所市大字元町３７４番地の２", "url": "https://www.kaigokensaku.mhlw.go.jp/29/index.php?action_kouhyou_detail_004_kani=true&JigyosyoCd=2970800187-00&ServiceCd=430&Type=search", "url2": null }, "geometry": { "type": "Point", "coordinates": [ 135.731074199999966, 34.469524 ] } },
{ "type": "Feature", "properties": { "内容": "由衣の里居宅介護支援事業所【居宅介護支援】奈良県御所市蛇穴５２１番地の１", "url": "https://www.kaigokensaku.mhlw.go.jp/29/index.php?action_kouhyou_detail_004_kani=true&JigyosyoCd=2970800443-00&ServiceCd=430&Type=search", "url2": null }, "geometry": { "type": "Point", "coordinates": [ 135.73500480000007, 34.4559979 ] } },
{ "type": "Feature", "properties": { "内容": "宅老サロン　椀の家【居宅介護支援】生駒市あすか野南1-2-2", "url": "https://www.kaigokensaku.mhlw.go.jp/29/index.php?action_kouhyou_detail_004_kani=true&JigyosyoCd=2970900110-00&ServiceCd=430&Type=search", "url2": "http://care-net.biz/29/wannoie/kj04.php" }, "geometry": { "type": "Point", "coordinates": [ 135.720162499999986, 34.7123996 ] } },
{ "type": "Feature", "properties": { "内容": "社会医療法人平和会いこま駅前クリニック【居宅介護支援】生駒市本町7-10", "url": "https://www.kaigokensaku.mhlw.go.jp/29/index.php?action_kouhyou_detail_004_kani=true&JigyosyoCd=2910301353-00&ServiceCd=430&Type=search", "url2": null }, "geometry": { "type": "Point", "coordinates": [ 135.69737, 34.6912987 ] } },
{ "type": "Feature", "properties": { "内容": "リライズ総合福祉事務所【居宅介護支援】奈良県生駒市北田原町1132-37", "url": "https://www.kaigokensaku.mhlw.go.jp/29/index.php?action_kouhyou_detail_004_kani=true&JigyosyoCd=2970901795-00&ServiceCd=430&Type=search", "url2": "https://rerize.jp/" }, "geometry": { "type": "Point", "coordinates": [ 135.710186053967277, 34.739034730429829 ] } },
{ "type": "Feature", "properties": { "内容": "大生介護支援センター【居宅介護支援】生駒市俵口町694番地4", "url": "https://www.kaigokensaku.mhlw.go.jp/29/index.php?action_kouhyou_detail_004_kani=true&JigyosyoCd=2970901084-00&ServiceCd=430&Type=search", "url2": null }, "geometry": { "type": "Point", "coordinates": [ 135.69640579999998, 34.7071889 ] } },
{ "type": "Feature", "properties": { "内容": "いこいの家ケアプランセンター【居宅介護支援】奈良県生駒市上町1088-1", "url": "https://www.kaigokensaku.mhlw.go.jp/29/index.php?action_kouhyou_detail_004_kani=true&JigyosyoCd=2970900797-00&ServiceCd=430&Type=search", "url2": "http://www.lifecarejp.com" }, "geometry": { "type": "Point", "coordinates": [ 135.722197978820788, 34.713209471906424 ] } },
{ "type": "Feature", "properties": { "内容": "あすかケアプランセンター【居宅介護支援】北大和1丁目23番地10", "url": "https://www.kaigokensaku.mhlw.go.jp/29/index.php?action_kouhyou_detail_004_kani=true&JigyosyoCd=2970901779-00&ServiceCd=430&Type=search", "url2": "https://asukakai.or.jp" }, "geometry": { "type": "Point", "coordinates": [ 135.7295346, 34.7264621 ] } },
{ "type": "Feature", "properties": { "内容": "ケアプランセンターるーく【居宅介護支援】東山町433-５", "url": "https://www.kaigokensaku.mhlw.go.jp/29/index.php?action_kouhyou_detail_004_kani=true&JigyosyoCd=2970901720-00&ServiceCd=430&Type=search", "url2": null }, "geometry": { "type": "Point", "coordinates": [ 135.709654681280909, 34.651533077198998 ] } },
{ "type": "Feature", "properties": { "内容": "かけはし居宅介護支援事業所【居宅介護支援】高山町7782番地１", "url": "https://www.kaigokensaku.mhlw.go.jp/29/index.php?action_kouhyou_detail_004_kani=true&JigyosyoCd=2970901373-00&ServiceCd=430&Type=search", "url2": "http://hp.kaipoke.biz/mew/" }, "geometry": { "type": "Point", "coordinates": [ 135.721764600000029, 34.7306757 ] } },
{ "type": "Feature", "properties": { "内容": "ハーモニー・ケアプランセンター【居宅介護支援】生駒市東新町４－２０石丸ビル２Ｆ", "url": "https://www.kaigokensaku.mhlw.go.jp/29/index.php?action_kouhyou_detail_004_kani=true&JigyosyoCd=2970900599-00&ServiceCd=430&Type=search", "url2": "http://www.nihon-unicare.com" }, "geometry": { "type": "Point", "coordinates": [ 135.702541800000063, 34.6927542 ] } },
{ "type": "Feature", "properties": { "内容": "一般財団法人生駒メディカルセンター　居宅介護支援事業所【居宅介護支援】奈良県生駒市小瀬町３２４番地2", "url": "https://www.kaigokensaku.mhlw.go.jp/29/index.php?action_kouhyou_detail_004_kani=true&JigyosyoCd=2970900813-00&ServiceCd=430&Type=search", "url2": "https://ikomamedical.or.jp/" }, "geometry": { "type": "Point", "coordinates": [ 135.722518199999968, 34.664154 ] } },
{ "type": "Feature", "properties": { "内容": "そうせいケアプランセンター【居宅介護支援】奈良県生駒市萩の台4-4-1", "url": "https://www.kaigokensaku.mhlw.go.jp/29/index.php?action_kouhyou_detail_004_kani=true&JigyosyoCd=2970901167-00&ServiceCd=430&Type=search", "url2": "http://www.sousei-ikoma.com" }, "geometry": { "type": "Point", "coordinates": [ 135.715155, 34.654552 ] } },
{ "type": "Feature", "properties": { "内容": "アリス居宅介護支援事業所【居宅介護支援】辻町10-2-302", "url": "https://www.kaigokensaku.mhlw.go.jp/29/index.php?action_kouhyou_detail_004_kani=true&JigyosyoCd=2970902009-00&ServiceCd=430&Type=search", "url2": "http://www.kokori.net" }, "geometry": { "type": "Point", "coordinates": [ 135.709009299999963, 34.699550555250553 ] } },
{ "type": "Feature", "properties": { "内容": "医療法人社団松下会　東生駒病院居宅介護支援事業所【居宅介護支援】奈良県生駒市辻町4-1", "url": "https://www.kaigokensaku.mhlw.go.jp/29/index.php?action_kouhyou_detail_004_kani=true&JigyosyoCd=2970900193-00&ServiceCd=430&Type=search", "url2": "https://www.allpines.jp/" }, "geometry": { "type": "Point", "coordinates": [ 135.708130200000028, 34.6995285 ] } },
{ "type": "Feature", "properties": { "内容": "医療法人和幸会阪奈中央サンミットケアプランセンター【居宅介護支援】奈良県生駒市山崎新町2-18-102", "url": "https://www.kaigokensaku.mhlw.go.jp/29/index.php?action_kouhyou_detail_004_kani=true&JigyosyoCd=2970901100-00&ServiceCd=430&Type=search", "url2": null }, "geometry": { "type": "Point", "coordinates": [ 135.6970311, 34.690921 ] } },
{ "type": "Feature", "properties": { "内容": "医療法人和幸会阪奈中央ケアプランセンター【居宅介護支援】奈良県生駒市俵口町413番地", "url": "https://www.kaigokensaku.mhlw.go.jp/29/index.php?action_kouhyou_detail_004_kani=true&JigyosyoCd=2970900326-00&ServiceCd=430&Type=search", "url2": "http://www.wakoucai.or.jp/" }, "geometry": { "type": "Point", "coordinates": [ 135.697347240714919, 34.707892325472407 ] } },
{ "type": "Feature", "properties": { "内容": "アイ・アイ介護相談【居宅介護支援】生駒市俵口町694-1", "url": "https://www.kaigokensaku.mhlw.go.jp/29/index.php?action_kouhyou_detail_004_kani=true&JigyosyoCd=2970902025-00&ServiceCd=430&Type=search", "url2": "https://www.aiaikaigo.jp/overview.php" }, "geometry": { "type": "Point", "coordinates": [ 135.6962241, 34.7071356 ] } },
{ "type": "Feature", "properties": { "内容": "居宅介護支援事業所ブライト【居宅介護支援】奈良県生駒市小瀬町34-5-202", "url": "https://www.kaigokensaku.mhlw.go.jp/29/index.php?action_kouhyou_detail_004_kani=true&JigyosyoCd=2970901993-00&ServiceCd=430&Type=search", "url2": null }, "geometry": { "type": "Point", "coordinates": [ 135.707632499999988, 34.6647982 ] } },
{ "type": "Feature", "properties": { "内容": "愛友ケア居宅介護支援センター【居宅介護支援】奈良県生駒市南田原町1036-1", "url": "https://www.kaigokensaku.mhlw.go.jp/29/index.php?action_kouhyou_detail_004_kani=true&JigyosyoCd=2970901365-00&ServiceCd=430&Type=search", "url2": "http://iyou-care.com" }, "geometry": { "type": "Point", "coordinates": [ 135.705002400000012, 34.7137271 ] } },
{ "type": "Feature", "properties": { "内容": "ケアプランセンター阪奈【居宅介護支援】俵口町710番地", "url": "https://www.kaigokensaku.mhlw.go.jp/29/index.php?action_kouhyou_detail_004_kani=true&JigyosyoCd=2970901555-00&ServiceCd=430&Type=search", "url2": "http://ryuukou.jp/cp-hanna/" }, "geometry": { "type": "Point", "coordinates": [ 135.696597500000053, 34.7067695 ] } },
{ "type": "Feature", "properties": { "内容": "でんしん【居宅介護支援】緑ヶ丘1426-92居宅介護支援事業所　伝心", "url": "https://www.kaigokensaku.mhlw.go.jp/29/index.php?action_kouhyou_detail_004_kani=true&JigyosyoCd=2970902033-00&ServiceCd=430&Type=search", "url2": null }, "geometry": { "type": "Point", "coordinates": [ 140.0746149, 35.7280097 ] } },
{ "type": "Feature", "properties": { "内容": "いずみケアプラン【居宅介護支援】奈良県生駒市小瀬町１３４番地１中辻ハイツ２０６号", "url": "https://www.kaigokensaku.mhlw.go.jp/29/index.php?action_kouhyou_detail_004_kani=true&JigyosyoCd=2970901431-00&ServiceCd=430&Type=search", "url2": null }, "geometry": { "type": "Point", "coordinates": [ 135.70971940000004, 34.6595321 ] } },
{ "type": "Feature", "properties": { "内容": "ゆうケアプランセンター【居宅介護支援】奈良県生駒市上町1392番地", "url": "https://www.kaigokensaku.mhlw.go.jp/29/index.php?action_kouhyou_detail_004_kani=true&JigyosyoCd=2970901753-00&ServiceCd=430&Type=search", "url2": null }, "geometry": { "type": "Point", "coordinates": [ 135.722148499999946, 34.7165349 ] } },
{ "type": "Feature", "properties": { "内容": "あすならホーム菜畑【居宅介護支援】生駒市中菜畑２丁目1129-1", "url": "https://www.kaigokensaku.mhlw.go.jp/29/index.php?action_kouhyou_detail_004_kani=true&JigyosyoCd=2970900698-00&ServiceCd=430&Type=search", "url2": "https://asunaraen.or.jp/" }, "geometry": { "type": "Point", "coordinates": [ 135.7056556, 34.6817079 ] } },
{ "type": "Feature", "properties": { "内容": "高山ちどりケアマネジメント【居宅介護支援】生駒市高山町8030番地", "url": "https://www.kaigokensaku.mhlw.go.jp/29/index.php?action_kouhyou_detail_004_kani=true&JigyosyoCd=2970900961-00&ServiceCd=430&Type=search", "url2": "http://www.chidori.or.jp" }, "geometry": { "type": "Point", "coordinates": [ 135.726281, 34.7279288 ] } },
{ "type": "Feature", "properties": { "内容": "社会福祉法人生駒市社会福祉協議会指定居宅介護支援事業所【居宅介護支援】奈良県生駒市北新町3番1号", "url": "https://www.kaigokensaku.mhlw.go.jp/29/index.php?action_kouhyou_detail_004_kani=true&JigyosyoCd=2970900060-00&ServiceCd=430&Type=search", "url2": "https://ikomashakyo.or.jp/" }, "geometry": { "type": "Point", "coordinates": [ 135.694311800000037, 34.6929569 ] } },
{ "type": "Feature", "properties": { "内容": "フォレスト居宅介護支援事業所【居宅介護支援】奈良県生駒市北田原町2429-4", "url": "https://www.kaigokensaku.mhlw.go.jp/29/index.php?action_kouhyou_detail_004_kani=true&JigyosyoCd=2970900979-00&ServiceCd=430&Type=search", "url2": "http://www.cyomeisou.or.jp" }, "geometry": { "type": "Point", "coordinates": [ 135.711031527647378, 34.732488279102981 ] } },
{ "type": "Feature", "properties": { "内容": "梅寿荘在宅介護支援センター【居宅介護支援】奈良県生駒市元町２丁目１４番８号", "url": "https://www.kaigokensaku.mhlw.go.jp/29/index.php?action_kouhyou_detail_004_kani=true&JigyosyoCd=2970900045-00&ServiceCd=430&Type=search", "url2": "http://www1.kcn.ne.jp/~baiday/baisien" }, "geometry": { "type": "Point", "coordinates": [ 135.690242840614388, 34.689627282504865 ] } },
{ "type": "Feature", "properties": { "内容": "居宅介護支援センター延寿【居宅介護支援】奈良県生駒市小瀬町１１００", "url": "https://www.kaigokensaku.mhlw.go.jp/29/index.php?action_kouhyou_detail_004_kani=true&JigyosyoCd=2970900359-00&ServiceCd=430&Type=search", "url2": "http://www.enju.net/" }, "geometry": { "type": "Point", "coordinates": [ 135.723170900000014, 34.6646762 ] } },
{ "type": "Feature", "properties": { "内容": "有限会社ゆりの会【居宅介護支援】奈良県生駒市高山町8075", "url": "https://www.kaigokensaku.mhlw.go.jp/29/index.php?action_kouhyou_detail_004_kani=true&JigyosyoCd=2970900219-00&ServiceCd=430&Type=search", "url2": "http://yurino-kai.jp/" }, "geometry": { "type": "Point", "coordinates": [ 135.72361449999994, 34.7289981 ] } },
{ "type": "Feature", "properties": { "内容": "たわらぐち居宅介護支援センター【居宅介護支援】奈良県生駒市俵口町1069－1", "url": "https://www.kaigokensaku.mhlw.go.jp/29/index.php?action_kouhyou_detail_004_kani=true&JigyosyoCd=2970901050-00&ServiceCd=430&Type=search", "url2": "http://care-net.biz/29/tawaraguchi-ds/" }, "geometry": { "type": "Point", "coordinates": [ 135.695915617196647, 34.704017177632686 ] } },
{ "type": "Feature", "properties": { "内容": "愛来る居宅介護支援事業所【居宅介護支援】奈良県生駒市北新町４－５６", "url": "https://www.kaigokensaku.mhlw.go.jp/29/index.php?action_kouhyou_detail_004_kani=true&JigyosyoCd=2970901423-00&ServiceCd=430&Type=search", "url2": null }, "geometry": { "type": "Point", "coordinates": [ 135.691235006576562, 34.692613246317144 ] } },
{ "type": "Feature", "properties": { "内容": "ハローサン【居宅介護支援】香芝市白鳳台2-23-13", "url": "https://www.kaigokensaku.mhlw.go.jp/29/index.php?action_kouhyou_detail_004_kani=true&JigyosyoCd=2971000407-00&ServiceCd=430&Type=search", "url2": null }, "geometry": { "type": "Point", "coordinates": [ 135.69322, 34.5703191 ] } },
{ "type": "Feature", "properties": { "内容": "居宅介護支援センター　かしの木【居宅介護支援】良福寺37-3", "url": "https://www.kaigokensaku.mhlw.go.jp/29/index.php?action_kouhyou_detail_004_kani=true&JigyosyoCd=2971001462-00&ServiceCd=430&Type=search", "url2": null }, "geometry": { "type": "Point", "coordinates": [ 135.7077458, 34.5259318 ] } },
{ "type": "Feature", "properties": { "内容": "ケアプランセンター・たなか【居宅介護支援】奈良県香芝市今泉451", "url": "https://www.kaigokensaku.mhlw.go.jp/29/index.php?action_kouhyou_detail_004_kani=true&JigyosyoCd=2971000738-00&ServiceCd=430&Type=search", "url2": null }, "geometry": { "type": "Point", "coordinates": [ 135.699189100000012, 34.5641061 ] } },
{ "type": "Feature", "properties": { "内容": "ケアプランセンターひなた【居宅介護支援】関屋523ベルハイツ201", "url": "https://www.kaigokensaku.mhlw.go.jp/29/index.php?action_kouhyou_detail_004_kani=true&JigyosyoCd=2971001579-00&ServiceCd=430&Type=search", "url2": null }, "geometry": { "type": "Point", "coordinates": [ 139.015920099999988, 37.9167227 ] } },
{ "type": "Feature", "properties": { "内容": "ケアプランセンター六花・香芝【居宅介護支援】奈良県香芝市穴虫72番1", "url": "https://www.kaigokensaku.mhlw.go.jp/29/index.php?action_kouhyou_detail_004_kani=true&JigyosyoCd=2971001348-00&ServiceCd=430&Type=search", "url2": "http://www.rokka-fukushi.jp/" }, "geometry": { "type": "Point", "coordinates": [ 135.687511619049019, 34.54757217819926 ] } },
{ "type": "Feature", "properties": { "内容": "居宅介護支援事業すばる【居宅介護支援】奈良県香芝市鎌田157-1", "url": "https://www.kaigokensaku.mhlw.go.jp/29/index.php?action_kouhyou_detail_004_kani=true&JigyosyoCd=2971000241-00&ServiceCd=430&Type=search", "url2": "https://s-subaru.com" }, "geometry": { "type": "Point", "coordinates": [ 135.712563300000056, 34.5218367 ] } },
{ "type": "Feature", "properties": { "内容": "あい居宅介護支援事業所【居宅介護支援】奈良県香芝市瓦口５６８番地２", "url": "https://www.kaigokensaku.mhlw.go.jp/29/index.php?action_kouhyou_detail_004_kani=true&JigyosyoCd=2971000969-00&ServiceCd=430&Type=search", "url2": null }, "geometry": { "type": "Point", "coordinates": [ 135.718265100000053, 34.5388153 ] } },
{ "type": "Feature", "properties": { "内容": "居宅介護支援センターてんとう虫【居宅介護支援】奈良県香芝市平野２３－１", "url": "https://www.kaigokensaku.mhlw.go.jp/29/index.php?action_kouhyou_detail_004_kani=true&JigyosyoCd=2971000597-00&ServiceCd=430&Type=search", "url2": "http//www.hakujukai.or.jp/" }, "geometry": { "type": "Point", "coordinates": [ 135.696078199999988, 34.5661224 ] } },
{ "type": "Feature", "properties": { "内容": "ケアプランセンターふるさと【居宅介護支援】奈良県香芝市五位堂1013番地", "url": "https://www.kaigokensaku.mhlw.go.jp/29/index.php?action_kouhyou_detail_004_kani=true&JigyosyoCd=2971001157-00&ServiceCd=430&Type=search", "url2": null }, "geometry": { "type": "Point", "coordinates": [ 135.7195845, 34.5342409 ] } },
{ "type": "Feature", "properties": { "内容": "医療法人優慶会介護支援センターまみの里【居宅介護支援】奈良県香芝市真美ヶ丘4－16－1", "url": "https://www.kaigokensaku.mhlw.go.jp/29/index.php?action_kouhyou_detail_004_kani=true&JigyosyoCd=2971000456-00&ServiceCd=430&Type=search", "url2": null }, "geometry": { "type": "Point", "coordinates": [ 135.727594899999986, 34.5371434 ] } },
{ "type": "Feature", "properties": { "内容": "倖寿の丘ケアプランセンタ－【居宅介護支援】香芝市藤山２丁目１２２０－１", "url": "https://www.kaigokensaku.mhlw.go.jp/29/index.php?action_kouhyou_detail_004_kani=true&JigyosyoCd=2971001272-00&ServiceCd=430&Type=search", "url2": null }, "geometry": { "type": "Point", "coordinates": [ 135.699487, 34.545539 ] } },
{ "type": "Feature", "properties": { "内容": "居宅介護支援事業所　真ごころ【居宅介護支援】奈良県香芝市畑3丁目926-1", "url": "https://www.kaigokensaku.mhlw.go.jp/29/index.php?action_kouhyou_detail_004_kani=true&JigyosyoCd=2971001447-00&ServiceCd=430&Type=search", "url2": null }, "geometry": { "type": "Point", "coordinates": [ 135.693811099999948, 34.5415194 ] } },
{ "type": "Feature", "properties": { "内容": "ケアプランまほろば【居宅介護支援】奈良県香芝市上中116-1", "url": "https://www.kaigokensaku.mhlw.go.jp/29/index.php?action_kouhyou_detail_004_kani=true&JigyosyoCd=2971001504-00&ServiceCd=430&Type=search", "url2": "mahoroba.jp.net" }, "geometry": { "type": "Point", "coordinates": [ 135.699769057077788, 34.561229723274103 ] } },
{ "type": "Feature", "properties": { "内容": "ありす居宅介護支援事業所【居宅介護支援】奈良県香芝市真美ヶ丘４丁目１０－１０", "url": "https://www.kaigokensaku.mhlw.go.jp/29/index.php?action_kouhyou_detail_004_kani=true&JigyosyoCd=2971000779-00&ServiceCd=430&Type=search", "url2": null }, "geometry": { "type": "Point", "coordinates": [ 135.727317099999937, 34.5366351 ] } },
{ "type": "Feature", "properties": { "内容": "ケアプランセンターRUN【居宅介護支援】奈良県香芝市今泉469-20", "url": "https://www.kaigokensaku.mhlw.go.jp/29/index.php?action_kouhyou_detail_004_kani=true&JigyosyoCd=2971001710-00&ServiceCd=430&Type=search", "url2": null }, "geometry": { "type": "Point", "coordinates": [ 135.6983844, 34.5626783 ] } },
{ "type": "Feature", "properties": { "内容": "居宅介護支援センターえん【居宅介護支援】奈良県香芝市鎌田362-1", "url": "https://www.kaigokensaku.mhlw.go.jp/29/index.php?action_kouhyou_detail_004_kani=true&JigyosyoCd=2971001678-00&ServiceCd=430&Type=search", "url2": null }, "geometry": { "type": "Point", "coordinates": [ 135.70743250000001, 34.5238641 ] } },
{ "type": "Feature", "properties": { "内容": "ケアプランセンター杏【居宅介護支援】奈良県香芝市逢坂六丁目724番地", "url": "https://www.kaigokensaku.mhlw.go.jp/29/index.php?action_kouhyou_detail_004_kani=true&JigyosyoCd=2971001488-00&ServiceCd=430&Type=search", "url2": "https://careann.yamatoblog.net/" }, "geometry": { "type": "Point", "coordinates": [ 135.689892, 34.5462174 ] } },
{ "type": "Feature", "properties": { "内容": "合同会社鎌田ケアサービス【居宅介護支援】上中１２３１番１２", "url": "https://www.kaigokensaku.mhlw.go.jp/29/index.php?action_kouhyou_detail_004_kani=true&JigyosyoCd=2971001207-00&ServiceCd=430&Type=search", "url2": null }, "geometry": { "type": "Point", "coordinates": [ 135.6816993, 34.555146 ] } },
{ "type": "Feature", "properties": { "内容": "藤本居宅介護支援事業所【居宅介護支援】上中1231-10", "url": "https://www.kaigokensaku.mhlw.go.jp/29/index.php?action_kouhyou_detail_004_kani=true&JigyosyoCd=2971000977-00&ServiceCd=430&Type=search", "url2": null }, "geometry": { "type": "Point", "coordinates": [ 135.681827099999964, 34.5549793 ] } },
{ "type": "Feature", "properties": { "内容": "ケアプラン・ゆう【居宅介護支援】奈良県香芝市旭ヶ丘４丁目3-9", "url": "https://www.kaigokensaku.mhlw.go.jp/29/index.php?action_kouhyou_detail_004_kani=true&JigyosyoCd=2971001694-00&ServiceCd=430&Type=search", "url2": null }, "geometry": { "type": "Point", "coordinates": [ 135.68741510000001, 34.551851 ] } },
{ "type": "Feature", "properties": { "内容": "大和園くうる【居宅介護支援】奈良県香芝市今泉841番地2", "url": "https://www.kaigokensaku.mhlw.go.jp/29/index.php?action_kouhyou_detail_004_kani=true&JigyosyoCd=2971000050-00&ServiceCd=430&Type=search", "url2": "http://www.yamatoen.or.jp/yamato/index.html" }, "geometry": { "type": "Point", "coordinates": [ 135.698303200000026, 34.5573569 ] } },
{ "type": "Feature", "properties": { "内容": "特別養護老人ホーム　大和園白鳳【居宅介護支援】奈良県香芝市尼寺５９４－２", "url": "https://www.kaigokensaku.mhlw.go.jp/29/index.php?action_kouhyou_detail_004_kani=true&JigyosyoCd=2971000043-00&ServiceCd=430&Type=search", "url2": "http://www.yamatoen.or.jp/" }, "geometry": { "type": "Point", "coordinates": [ 135.687076100000013, 34.5707495 ] } },
{ "type": "Feature", "properties": { "内容": "居宅介護支援事業所ぬくもり【居宅介護支援】奈良県香芝市下田西２－７－６１", "url": "https://www.kaigokensaku.mhlw.go.jp/29/index.php?action_kouhyou_detail_004_kani=true&JigyosyoCd=2971001702-00&ServiceCd=430&Type=search", "url2": "https://nukumori-group.jp/index.html" }, "geometry": { "type": "Point", "coordinates": [ 135.7032552, 34.5435755 ] } },
{ "type": "Feature", "properties": { "内容": "よいしょケアプランセンター【居宅介護支援】良福寺263－1", "url": "https://www.kaigokensaku.mhlw.go.jp/29/index.php?action_kouhyou_detail_004_kani=true&JigyosyoCd=2971000753-00&ServiceCd=430&Type=search", "url2": null }, "geometry": { "type": "Point", "coordinates": [ 135.70990311498872, 34.529101168420191 ] } },
{ "type": "Feature", "properties": { "内容": "有限会社ライフステーション【居宅介護支援】奈良県香芝市旭ヶ丘1-31-1", "url": "https://www.kaigokensaku.mhlw.go.jp/29/index.php?action_kouhyou_detail_004_kani=true&JigyosyoCd=2971000183-00&ServiceCd=430&Type=search", "url2": "http://www.life-station.co.jp" }, "geometry": { "type": "Point", "coordinates": [ 135.699778674868753, 34.555439228983822 ] } },
{ "type": "Feature", "properties": { "内容": "藤井会香芝ケアプランセンター【居宅介護支援】奈良県香芝市穴虫54-1ﾌﾚｸﾞﾛｰ二上1階", "url": "https://www.kaigokensaku.mhlw.go.jp/29/index.php?action_kouhyou_detail_004_kani=true&JigyosyoCd=2971001793-00&ServiceCd=430&Type=search", "url2": "https://www.houmonkango-kashiba.fujiikai.jp/" }, "geometry": { "type": "Point", "coordinates": [ 135.6880511, 34.5469539 ] } },
{ "type": "Feature", "properties": { "内容": "デイサービスセンター　一休【居宅介護支援】奈良県葛城市北花内429-1", "url": "https://www.kaigokensaku.mhlw.go.jp/29/index.php?action_kouhyou_detail_004_kani=true&JigyosyoCd=2974800118-00&ServiceCd=430&Type=search", "url2": null }, "geometry": { "type": "Point", "coordinates": [ 135.7330624, 34.4858776 ] } },
{ "type": "Feature", "properties": { "内容": "居宅介護支援事業所なかと【居宅介護支援】奈良県葛城市中戸253－1", "url": "https://www.kaigokensaku.mhlw.go.jp/29/index.php?action_kouhyou_detail_004_kani=true&JigyosyoCd=2974800605-00&ServiceCd=430&Type=search", "url2": null }, "geometry": { "type": "Point", "coordinates": [ 135.710661399999907, 34.4941319 ] } },
{ "type": "Feature", "properties": { "内容": "ケアマネジメントsoins【居宅介護支援】奈良県葛城市平岡437-2", "url": "https://www.kaigokensaku.mhlw.go.jp/29/index.php?action_kouhyou_detail_004_kani=true&JigyosyoCd=2974800266-00&ServiceCd=430&Type=search", "url2": null }, "geometry": { "type": "Point", "coordinates": [ 135.70971469999995, 34.4797417 ] } },
{ "type": "Feature", "properties": { "内容": "居宅介護支援事業所　ライフサポート【居宅介護支援】奈良県葛城市新町１９４番地４", "url": "https://www.kaigokensaku.mhlw.go.jp/29/index.php?action_kouhyou_detail_004_kani=true&JigyosyoCd=2974800316-00&ServiceCd=430&Type=search", "url2": "合資会社ライフサポート" }, "geometry": { "type": "Point", "coordinates": [ 135.738354277232929, 34.47949829905378 ] } },
{ "type": "Feature", "properties": { "内容": "株式会社ケアサポートおもいやり【居宅介護支援】脇田309番地1", "url": "https://www.kaigokensaku.mhlw.go.jp/29/index.php?action_kouhyou_detail_004_kani=true&JigyosyoCd=2974800290-00&ServiceCd=430&Type=search", "url2": "https://www.care-support.omoiyari.com" }, "geometry": { "type": "Point", "coordinates": [ 135.723594, 34.471736 ] } },
{ "type": "Feature", "properties": { "内容": "医療法人博愛会　介護老人保健施設かつらぎ【居宅介護支援】奈良県葛城市林堂360-1", "url": "https://www.kaigokensaku.mhlw.go.jp/29/index.php?action_kouhyou_detail_004_kani=true&JigyosyoCd=2954880007-00&ServiceCd=430&Type=search", "url2": "https://hakuaikai-k.or.jp/" }, "geometry": { "type": "Point", "coordinates": [ 135.718986, 34.4812306 ] } },
{ "type": "Feature", "properties": { "内容": "いろはケアプランセンター【居宅介護支援】奈良県葛城市北花内616-1医療法人友愛会　かつらぎクリニック", "url": "https://www.kaigokensaku.mhlw.go.jp/29/index.php?action_kouhyou_detail_004_kani=true&JigyosyoCd=2974800563-00&ServiceCd=430&Type=search", "url2": null }, "geometry": { "type": "Point", "coordinates": [ 135.730945900000052, 34.488182800000011 ] } },
{ "type": "Feature", "properties": { "内容": "ケアプランセンター笛吹【居宅介護支援】奈良県葛城市笛吹546-1", "url": "https://www.kaigokensaku.mhlw.go.jp/29/index.php?action_kouhyou_detail_004_kani=true&JigyosyoCd=2974800753-00&ServiceCd=430&Type=search", "url2": null }, "geometry": { "type": "Point", "coordinates": [ 135.7128104, 34.4709263 ] } },
{ "type": "Feature", "properties": { "内容": "ケアプラン花と星【居宅介護支援】奈良県葛城市北花内304-21エスペランサA101", "url": "https://www.kaigokensaku.mhlw.go.jp/29/index.php?action_kouhyou_detail_004_kani=true&JigyosyoCd=2974800779-00&ServiceCd=430&Type=search", "url2": null }, "geometry": { "type": "Point", "coordinates": [ 135.726015815344226, 34.485141999774555 ] } },
{ "type": "Feature", "properties": { "内容": "合同会社かのん【居宅介護支援】八川136-3成幸ハイツ102号", "url": "https://www.kaigokensaku.mhlw.go.jp/29/index.php?action_kouhyou_detail_004_kani=true&JigyosyoCd=2974800746-00&ServiceCd=430&Type=search", "url2": null }, "geometry": { "type": "Point", "coordinates": [ 135.7182843, 34.5089043 ] } },
{ "type": "Feature", "properties": { "内容": "ケアプランそら【居宅介護支援】奈良県葛城市太田562", "url": "https://www.kaigokensaku.mhlw.go.jp/29/index.php?action_kouhyou_detail_004_kani=true&JigyosyoCd=2974800704-00&ServiceCd=430&Type=search", "url2": null }, "geometry": { "type": "Point", "coordinates": [ 135.704735042327826, 34.497530483131897 ] } },
{ "type": "Feature", "properties": { "内容": "社会福祉法人葛城市社会福祉協議会【居宅介護支援】奈良県葛城市染野７８９番地1", "url": "https://www.kaigokensaku.mhlw.go.jp/29/index.php?action_kouhyou_detail_004_kani=true&JigyosyoCd=2974800019-00&ServiceCd=430&Type=search", "url2": "http://katsuragi-shakyo.jp/" }, "geometry": { "type": "Point", "coordinates": [ 135.693840300000033, 34.5203672 ] } },
{ "type": "Feature", "properties": { "内容": "特別養護老人ホームウォームヴィラ新庄園【居宅介護支援】奈良県葛城市平岡528番地", "url": "https://www.kaigokensaku.mhlw.go.jp/29/index.php?action_kouhyou_detail_004_kani=true&JigyosyoCd=2972900019-00&ServiceCd=430&Type=search", "url2": "http://www.geocities.jp/shinjyouen/" }, "geometry": { "type": "Point", "coordinates": [ 135.705511260157778, 34.473372577487986 ] } },
{ "type": "Feature", "properties": { "内容": "ケアプランセンターかつらぎの里【居宅介護支援】奈良県葛城市平岡441-1", "url": "https://www.kaigokensaku.mhlw.go.jp/29/index.php?action_kouhyou_detail_004_kani=true&JigyosyoCd=2974800662-00&ServiceCd=430&Type=search", "url2": null }, "geometry": { "type": "Point", "coordinates": [ 135.709935800000011, 34.4800806 ] } },
{ "type": "Feature", "properties": { "内容": "有限会社かつらぎケアサービス【居宅介護支援】奈良県葛城市加守515-1", "url": "https://www.kaigokensaku.mhlw.go.jp/29/index.php?action_kouhyou_detail_004_kani=true&JigyosyoCd=2974800027-00&ServiceCd=430&Type=search", "url2": "http://katsuragi-care.com/" }, "geometry": { "type": "Point", "coordinates": [ 135.696528899999976, 34.5321739 ] } },
{ "type": "Feature", "properties": { "内容": "居宅介護支援センター　ﾊｰﾄﾗｲﾌ当麻【居宅介護支援】奈良県葛城市南今市382-1", "url": "https://www.kaigokensaku.mhlw.go.jp/29/index.php?action_kouhyou_detail_004_kani=true&JigyosyoCd=2974800233-00&ServiceCd=430&Type=search", "url2": null }, "geometry": { "type": "Point", "coordinates": [ 135.711613899999946, 34.5020142 ] } },
{ "type": "Feature", "properties": { "内容": "合同会社　ケアプランセンターさくら【居宅介護支援】奈良県宇陀市菟田野区松井175-4", "url": "https://www.kaigokensaku.mhlw.go.jp/29/index.php?action_kouhyou_detail_004_kani=true&JigyosyoCd=2974900462-00&ServiceCd=430&Type=search", "url2": null }, "geometry": { "type": "Point", "coordinates": [ 135.9814053, 34.4687755 ] } },
{ "type": "Feature", "properties": { "内容": "公益社団法人　奈良県看護協会立　宇陀訪問看護ステーション【居宅介護支援】奈良県宇陀市榛原萩原155-4", "url": "https://www.kaigokensaku.mhlw.go.jp/29/index.php?action_kouhyou_detail_004_kani=true&JigyosyoCd=2960690226-00&ServiceCd=430&Type=search", "url2": null }, "geometry": { "type": "Point", "coordinates": [ 135.955871600000023, 34.5284984 ] } },
{ "type": "Feature", "properties": { "内容": "居宅介護支援「シーズ」【居宅介護支援】榛原萩原731番地の1", "url": "https://www.kaigokensaku.mhlw.go.jp/29/index.php?action_kouhyou_detail_004_kani=true&JigyosyoCd=2974900447-00&ServiceCd=430&Type=search", "url2": null }, "geometry": { "type": "Point", "coordinates": [ 135.9627147, 34.5295086 ] } },
{ "type": "Feature", "properties": { "内容": "ケアフィールド　ハーネス【居宅介護支援】宇陀市榛原区下井足1937-203キャビンハイツ　203号", "url": "https://www.kaigokensaku.mhlw.go.jp/29/index.php?action_kouhyou_detail_004_kani=true&JigyosyoCd=2972300178-00&ServiceCd=430&Type=search", "url2": "harness@clock.ocn.ne.jp" }, "geometry": { "type": "Point", "coordinates": [ 135.951068831321663, 34.528628888891035 ] } },
{ "type": "Feature", "properties": { "内容": "居宅介護支援事業所　やまびこ【居宅介護支援】奈良県宇陀市菟田野平井135番地", "url": "https://www.kaigokensaku.mhlw.go.jp/29/index.php?action_kouhyou_detail_004_kani=true&JigyosyoCd=2972200048-00&ServiceCd=430&Type=search", "url2": "http://yamabiko.sub.jp/" }, "geometry": { "type": "Point", "coordinates": [ 135.97850440000002, 34.4895093 ] } },
{ "type": "Feature", "properties": { "内容": "居宅介護支援事業所　ケアホープ【居宅介護支援】奈良県宇陀市榛原福地22-1フジハイツ201フジハイツ201", "url": "https://www.kaigokensaku.mhlw.go.jp/29/index.php?action_kouhyou_detail_004_kani=true&JigyosyoCd=2974900371-00&ServiceCd=430&Type=search", "url2": null }, "geometry": { "type": "Point", "coordinates": [ 135.961827806745845, 34.531738209637503 ] } },
{ "type": "Feature", "properties": { "内容": "居宅介護支援事業所　四つ葉のクローバー【居宅介護支援】奈良県宇陀市菟田野古市場470", "url": "https://www.kaigokensaku.mhlw.go.jp/29/index.php?action_kouhyou_detail_004_kani=true&JigyosyoCd=2974900041-00&ServiceCd=430&Type=search", "url2": "http://www.grandsoul.co.jp/clover/index.html" }, "geometry": { "type": "Point", "coordinates": [ 135.973859793254093, 34.473406232899926 ] } },
{ "type": "Feature", "properties": { "内容": "ニチイケアセンター榛原【居宅介護支援】奈良県宇陀市榛原萩原2448-2モンヴェールウエヤマ1-A", "url": "https://www.kaigokensaku.mhlw.go.jp/29/index.php?action_kouhyou_detail_004_kani=true&JigyosyoCd=2972300046-00&ServiceCd=430&Type=search", "url2": "http://www.nichiigakkan.co.jp" }, "geometry": { "type": "Point", "coordinates": [ 135.957524062565653, 34.530004490075314 ] } },
{ "type": "Feature", "properties": { "内容": "居宅介護支援事業所ひだまり【居宅介護支援】奈良県宇陀市榛原ひのき坂２丁目１番地の１０", "url": "https://www.kaigokensaku.mhlw.go.jp/29/index.php?action_kouhyou_detail_004_kani=true&JigyosyoCd=2974900298-00&ServiceCd=430&Type=search", "url2": null }, "geometry": { "type": "Point", "coordinates": [ 135.961301899999967, 34.5381863 ] } },
{ "type": "Feature", "properties": { "内容": "共にかんがえる相談所　向【居宅介護支援】奈良県宇陀市室生深野969番地", "url": "https://www.kaigokensaku.mhlw.go.jp/29/index.php?action_kouhyou_detail_004_kani=true&JigyosyoCd=2974900512-00&ServiceCd=430&Type=search", "url2": null }, "geometry": { "type": "Point", "coordinates": [ 136.0453325, 34.5936165 ] } },
{ "type": "Feature", "properties": { "内容": "合同会社　豊光【居宅介護支援】奈良県宇陀市菟田野古市場1378-7", "url": "https://www.kaigokensaku.mhlw.go.jp/29/index.php?action_kouhyou_detail_004_kani=true&JigyosyoCd=2974900504-00&ServiceCd=430&Type=search", "url2": "houkou-kaigo.com" }, "geometry": { "type": "Point", "coordinates": [ 135.965414998147622, 34.475863688949715 ] } },
{ "type": "Feature", "properties": { "内容": "大宇陀特別養護老人ホームラガール【居宅介護支援】奈良県宇陀市大宇陀拾生２５０－６", "url": "https://www.kaigokensaku.mhlw.go.jp/29/index.php?action_kouhyou_detail_004_kani=true&JigyosyoCd=2972100024-00&ServiceCd=430&Type=search", "url2": "https://oouda.koudoukai.or.jp/" }, "geometry": { "type": "Point", "coordinates": [ 135.9267549, 34.4716571 ] } },
{ "type": "Feature", "properties": { "内容": "特別養護老人ホーム室生園（室生園居宅介護支援センター）【居宅介護支援】宇陀市室生下田口１２１６番地", "url": "https://www.kaigokensaku.mhlw.go.jp/29/index.php?action_kouhyou_detail_004_kani=true&JigyosyoCd=2972400028-00&ServiceCd=430&Type=search", "url2": "http://www.murouen.jp" }, "geometry": { "type": "Point", "coordinates": [ 136.051681, 34.5251934 ] } },
{ "type": "Feature", "properties": { "内容": "特別養護老人ホーム悠楽園　居宅介護支援センター【居宅介護支援】奈良県宇陀市榛原檜牧５８４番地", "url": "https://www.kaigokensaku.mhlw.go.jp/29/index.php?action_kouhyou_detail_004_kani=true&JigyosyoCd=2972300020-00&ServiceCd=430&Type=search", "url2": "www.yuurakuen.jp" }, "geometry": { "type": "Point", "coordinates": [ 135.964919882803315, 34.516114468719834 ] } },
{ "type": "Feature", "properties": { "内容": "ゆぁほうむ榛原【居宅介護支援】奈良県宇陀市榛原長峯200番地の1", "url": "https://www.kaigokensaku.mhlw.go.jp/29/index.php?action_kouhyou_detail_004_kani=true&JigyosyoCd=2972300012-00&ServiceCd=430&Type=search", "url2": "http://www.e-yourhome.com" }, "geometry": { "type": "Point", "coordinates": [ 135.964204399999971, 34.5414637 ] } },
{ "type": "Feature", "properties": { "内容": "特定非営利活動法人つつじ庵【居宅介護支援】奈良県宇陀市榛原天満台西1丁目3-2", "url": "https://www.kaigokensaku.mhlw.go.jp/29/index.php?action_kouhyou_detail_004_kani=true&JigyosyoCd=2974900033-00&ServiceCd=430&Type=search", "url2": "tutujian@joy.ocn.ne.jp" }, "geometry": { "type": "Point", "coordinates": [ 135.970466543394025, 34.541838581068518 ] } },
{ "type": "Feature", "properties": { "内容": "有限会社うだ介護サービス【居宅介護支援】奈良県宇陀市大宇陀春日330番地6", "url": "https://www.kaigokensaku.mhlw.go.jp/29/index.php?action_kouhyou_detail_004_kani=true&JigyosyoCd=2972100032-00&ServiceCd=430&Type=search", "url2": null }, "geometry": { "type": "Point", "coordinates": [ 135.932277310390674, 34.485380252874904 ] } },
{ "type": "Feature", "properties": { "内容": "有限会社　みかどメディカル【居宅介護支援】奈良県宇陀市榛原福地374-1", "url": "https://www.kaigokensaku.mhlw.go.jp/29/index.php?action_kouhyou_detail_004_kani=true&JigyosyoCd=2972300038-00&ServiceCd=430&Type=search", "url2": "http://www.daycare-yoshii.jp" }, "geometry": { "type": "Point", "coordinates": [ 135.963582299999956, 34.532909199999985 ] } },
{ "type": "Feature", "properties": { "内容": "社会福祉法人　山添村社会福祉協議会【居宅介護支援】奈良県山辺郡山添村大字大西１３９５番地の１", "url": "https://www.kaigokensaku.mhlw.go.jp/29/index.php?action_kouhyou_detail_004_kani=true&JigyosyoCd=2971300021-00&ServiceCd=430&Type=search", "url2": "http://www.yamazoesyakyou.com" }, "geometry": { "type": "Point", "coordinates": [ 136.040299600000026, 34.6847188 ] } },
{ "type": "Feature", "properties": { "内容": "医療法人緑会たなかクリニック訪問部居宅介護支援事業所【居宅介護支援】奈良県生駒郡平群町下垣内124", "url": "https://www.kaigokensaku.mhlw.go.jp/29/index.php?action_kouhyou_detail_004_kani=true&JigyosyoCd=2971400417-00&ServiceCd=430&Type=search", "url2": null }, "geometry": { "type": "Point", "coordinates": [ 135.703153899999961, 34.6269769 ] } },
{ "type": "Feature", "properties": { "内容": "あけぼの会高齢者福祉事業センター【居宅介護支援】奈良県生駒郡平群町福貴１３５４－１１", "url": "https://www.kaigokensaku.mhlw.go.jp/29/index.php?action_kouhyou_detail_004_kani=true&JigyosyoCd=2971400300-00&ServiceCd=430&Type=search", "url2": "http://akebonokai-nara.jp" }, "geometry": { "type": "Point", "coordinates": [ 135.69250790000001, 34.6332095 ] } },
{ "type": "Feature", "properties": { "内容": "介護老人保健施設　悠々の郷【居宅介護支援】奈良県生駒郡平群町上庄1-15-1", "url": "https://www.kaigokensaku.mhlw.go.jp/29/index.php?action_kouhyou_detail_004_kani=true&JigyosyoCd=2951480009-00&ServiceCd=430&Type=search", "url2": "http://www.yawaragikai.jp/yuyu/" }, "geometry": { "type": "Point", "coordinates": [ 135.703495400000094, 34.6410616 ] } },
{ "type": "Feature", "properties": { "内容": "在宅ケアサービス　ゆうき【居宅介護支援】奈良県生駒郡平群町椹原４９５番地", "url": "https://www.kaigokensaku.mhlw.go.jp/29/index.php?action_kouhyou_detail_004_kani=true&JigyosyoCd=2971400409-00&ServiceCd=430&Type=search", "url2": null }, "geometry": { "type": "Point", "coordinates": [ 135.692480199999977, 34.6160611 ] } },
{ "type": "Feature", "properties": { "内容": "かいごの相談　れぷす【居宅介護支援】奈良県生駒郡平群町初香台１－１－１３", "url": "https://www.kaigokensaku.mhlw.go.jp/29/index.php?action_kouhyou_detail_004_kani=true&JigyosyoCd=2971400359-00&ServiceCd=430&Type=search", "url2": null }, "geometry": { "type": "Point", "coordinates": [ 135.700170899999989, 34.6280293 ] } },
{ "type": "Feature", "properties": { "内容": "ケアサポートセンターはやし【居宅介護支援】奈良県生駒郡平群町西宮2-11-14", "url": "https://www.kaigokensaku.mhlw.go.jp/29/index.php?action_kouhyou_detail_004_kani=true&JigyosyoCd=2971400524-00&ServiceCd=430&Type=search", "url2": null }, "geometry": { "type": "Point", "coordinates": [ 135.70558952943037, 34.616726165961765 ] } },
{ "type": "Feature", "properties": { "内容": "居宅介護支援センターくまがし【居宅介護支援】奈良県生駒郡平群町椿井244", "url": "https://www.kaigokensaku.mhlw.go.jp/29/index.php?action_kouhyou_detail_004_kani=true&JigyosyoCd=2971400391-00&ServiceCd=430&Type=search", "url2": "https://shinaikai.net/" }, "geometry": { "type": "Point", "coordinates": [ 135.707658282380407, 34.61672912530976 ] } },
{ "type": "Feature", "properties": { "内容": "社会福祉法人平群町社会福祉協議会【居宅介護支援】奈良県生駒郡平群町西宮2丁目1番6号", "url": "https://www.kaigokensaku.mhlw.go.jp/29/index.php?action_kouhyou_detail_004_kani=true&JigyosyoCd=2971400029-00&ServiceCd=430&Type=search", "url2": "http://www.heguri-shakyo.or.jp/" }, "geometry": { "type": "Point", "coordinates": [ 135.7051983, 34.6200304 ] } },
{ "type": "Feature", "properties": { "内容": "居宅介護支援センターやすらぎ【居宅介護支援】奈良県生駒郡平群町菊美台1-206-1", "url": "https://www.kaigokensaku.mhlw.go.jp/29/index.php?action_kouhyou_detail_004_kani=true&JigyosyoCd=2971400268-00&ServiceCd=430&Type=search", "url2": "kyo.yasuragi@gmail.com" }, "geometry": { "type": "Point", "coordinates": [ 135.707767099999955, 34.644228 ] } },
{ "type": "Feature", "properties": { "内容": "ケアサポート岡山【居宅介護支援】奈良県生駒郡平群町北信貴ヶ丘２丁目１２番１９号", "url": "https://www.kaigokensaku.mhlw.go.jp/29/index.php?action_kouhyou_detail_004_kani=true&JigyosyoCd=2971400318-00&ServiceCd=430&Type=search", "url2": null }, "geometry": { "type": "Point", "coordinates": [ 135.707925899999964, 34.6101898 ] } },
{ "type": "Feature", "properties": { "内容": "メイプル会居宅介護支援事業所【居宅介護支援】奈良県生駒郡三郷町勢野東２丁目4番22号", "url": "https://www.kaigokensaku.mhlw.go.jp/29/index.php?action_kouhyou_detail_004_kani=true&JigyosyoCd=2971500109-00&ServiceCd=430&Type=search", "url2": "http://www.sangocho.com" }, "geometry": { "type": "Point", "coordinates": [ 135.699812899999984, 34.6038125 ] } },
{ "type": "Feature", "properties": { "内容": "医療法人紀川会居宅介護支援事業所【居宅介護支援】奈良県生駒郡三郷町勢野東4-14-1（紀川医院内２階）", "url": "https://www.kaigokensaku.mhlw.go.jp/29/index.php?action_kouhyou_detail_004_kani=true&JigyosyoCd=2971500307-00&ServiceCd=430&Type=search", "url2": null }, "geometry": { "type": "Point", "coordinates": [ 135.703650068791973, 34.605911686469419 ] } },
{ "type": "Feature", "properties": { "内容": "社会医療法人平和会夕陽ヶ丘診療所【居宅介護支援】奈良県生駒郡三郷町夕陽ヶ丘１－４０", "url": "https://www.kaigokensaku.mhlw.go.jp/29/index.php?action_kouhyou_detail_004_kani=true&JigyosyoCd=2910501184-00&ServiceCd=430&Type=search", "url2": null }, "geometry": { "type": "Point", "coordinates": [ 135.7072455, 34.6065319 ] } },
{ "type": "Feature", "properties": { "内容": "あかり介護ステーション【居宅介護支援】奈良県生駒郡三郷町立野南1丁目23番10号M'scourt三郷　106", "url": "https://www.kaigokensaku.mhlw.go.jp/29/index.php?action_kouhyou_detail_004_kani=true&JigyosyoCd=2971500497-00&ServiceCd=430&Type=search", "url2": null }, "geometry": { "type": "Point", "coordinates": [ 135.689114696924236, 34.589909383816192 ] } },
{ "type": "Feature", "properties": { "内容": "居宅介護支援事業所さくらんぼ【居宅介護支援】奈良県生駒郡三郷町立野北２−５−２７", "url": "https://www.kaigokensaku.mhlw.go.jp/29/index.php?action_kouhyou_detail_004_kani=true&JigyosyoCd=2971500646-00&ServiceCd=430&Type=search", "url2": "https://www.sakuranbo-nara.com/plan/" }, "geometry": { "type": "Point", "coordinates": [ 135.6881175, 34.5965381 ] } },
{ "type": "Feature", "properties": { "内容": "地域支援相談センター【居宅介護支援】奈良県生駒郡三郷町勢野東４丁目３番２０号", "url": "https://www.kaigokensaku.mhlw.go.jp/29/index.php?action_kouhyou_detail_004_kani=true&JigyosyoCd=2971500315-00&ServiceCd=430&Type=search", "url2": "http://lifecare-ouji.or.jp/" }, "geometry": { "type": "Point", "coordinates": [ 135.700868300000025, 34.6066817 ] } },
{ "type": "Feature", "properties": { "内容": "ケアプランセンタールピナス三郷【居宅介護支援】奈良県生駒郡三郷町立野南2-3-20メイプルタウンB103", "url": "https://www.kaigokensaku.mhlw.go.jp/29/index.php?action_kouhyou_detail_004_kani=true&JigyosyoCd=2971500778-00&ServiceCd=430&Type=search", "url2": "http://www.rupinasu-inc.co.jp" }, "geometry": { "type": "Point", "coordinates": [ 135.684988033729553, 34.591682087377464 ] } },
{ "type": "Feature", "properties": { "内容": "ケアプランセンター　ここなら【居宅介護支援】奈良県生駒郡三郷町立野南1丁目24-21", "url": "https://www.kaigokensaku.mhlw.go.jp/29/index.php?action_kouhyou_detail_004_kani=true&JigyosyoCd=2971500729-00&ServiceCd=430&Type=search", "url2": null }, "geometry": { "type": "Point", "coordinates": [ 135.688230479762268, 34.589863389596324 ] } },
{ "type": "Feature", "properties": { "内容": "三郷サンサンハウス居宅介護支援事業所【居宅介護支援】奈良県生駒郡三郷町東信貴ヶ丘1-2-27", "url": "https://www.kaigokensaku.mhlw.go.jp/29/index.php?action_kouhyou_detail_004_kani=true&JigyosyoCd=2971500158-00&ServiceCd=430&Type=search", "url2": "http://www.3533house.com/" }, "geometry": { "type": "Point", "coordinates": [ 135.702904200000035, 34.6067012 ] } },
{ "type": "Feature", "properties": { "内容": "有限会社　介護サービスセンターあおぞら【居宅介護支援】奈良県生駒郡三郷町立野北2‐2738‐5", "url": "https://www.kaigokensaku.mhlw.go.jp/29/index.php?action_kouhyou_detail_004_kani=true&JigyosyoCd=2971500117-00&ServiceCd=430&Type=search", "url2": null }, "geometry": { "type": "Point", "coordinates": [ 135.684095, 34.5971686 ] } },
{ "type": "Feature", "properties": { "内容": "社会医療法人健生会夕陽ヶ丘診療所【居宅介護支援】奈良県生駒郡三郷町夕陽ヶ丘１－４０", "url": "https://www.kaigokensaku.mhlw.go.jp/29/index.php?action_kouhyou_detail_004_kani=true&JigyosyoCd=2971500802-00&ServiceCd=430&Type=search", "url2": null }, "geometry": { "type": "Point", "coordinates": [ 135.7073222, 34.6065178 ] } },
{ "type": "Feature", "properties": { "内容": "ケアプランセンターLUPIN【居宅介護支援】奈良県生駒郡三郷町立野南２－３－２０メイプルタウンＢ１０３", "url": "https://www.kaigokensaku.mhlw.go.jp/29/index.php?action_kouhyou_detail_004_kani=true&JigyosyoCd=2971500828-00&ServiceCd=430&Type=search", "url2": "https://www.lupin-inc.co.jp/" }, "geometry": { "type": "Point", "coordinates": [ 135.684976299999988, 34.5916939 ] } },
{ "type": "Feature", "properties": { "内容": "ウェルネス斑鳩ケアサポート【居宅介護支援】奈良県生駒郡斑鳩町服部1丁目2番25号", "url": "https://www.kaigokensaku.mhlw.go.jp/29/index.php?action_kouhyou_detail_004_kani=true&JigyosyoCd=2971600396-00&ServiceCd=430&Type=search", "url2": null }, "geometry": { "type": "Point", "coordinates": [ 135.730863199999931, 34.60243 ] } },
{ "type": "Feature", "properties": { "内容": "居宅介護支援事業所　はなまる【居宅介護支援】奈良県生駒郡斑鳩町龍田西8-3-22", "url": "https://www.kaigokensaku.mhlw.go.jp/29/index.php?action_kouhyou_detail_004_kani=true&JigyosyoCd=2971600263-00&ServiceCd=430&Type=search", "url2": null }, "geometry": { "type": "Point", "coordinates": [ 135.712447800000064, 34.6041017 ] } },
{ "type": "Feature", "properties": { "内容": "居宅介護支援事業所エイドステイション【居宅介護支援】奈良県生駒郡斑鳩町髙安１丁目５番３０号", "url": "https://www.kaigokensaku.mhlw.go.jp/29/index.php?action_kouhyou_detail_004_kani=true&JigyosyoCd=2971600628-00&ServiceCd=430&Type=search", "url2": null }, "geometry": { "type": "Point", "coordinates": [ 135.752524200000011, 34.6139076 ] } },
{ "type": "Feature", "properties": { "内容": "居宅介護支援事業所　あんしん館【居宅介護支援】奈良県生駒郡斑鳩町法隆寺1-7-23", "url": "https://www.kaigokensaku.mhlw.go.jp/29/index.php?action_kouhyou_detail_004_kani=true&JigyosyoCd=2971600438-00&ServiceCd=430&Type=search", "url2": "http://sankei.nara.jp/" }, "geometry": { "type": "Point", "coordinates": [ 135.724480099999937, 34.6073766 ] } },
{ "type": "Feature", "properties": { "内容": "ケアプランセンターひまわり斑鳩【居宅介護支援】奈良県生駒郡斑鳩町興留4-1-35", "url": "https://www.kaigokensaku.mhlw.go.jp/29/index.php?action_kouhyou_detail_004_kani=true&JigyosyoCd=2971600735-00&ServiceCd=430&Type=search", "url2": "http://www.fureai-net.com/" }, "geometry": { "type": "Point", "coordinates": [ 135.7347446, 34.6045584 ] } },
{ "type": "Feature", "properties": { "内容": "ケアプランセンター　りすた～と【居宅介護支援】奈良県生駒郡斑鳩町龍田3丁目5－27", "url": "https://www.kaigokensaku.mhlw.go.jp/29/index.php?action_kouhyou_detail_004_kani=true&JigyosyoCd=2971600701-00&ServiceCd=430&Type=search", "url2": null }, "geometry": { "type": "Point", "coordinates": [ 135.721784, 34.6081812 ] } },
{ "type": "Feature", "properties": { "内容": "株式会社イカリトンボ【居宅介護支援】奈良県生駒郡斑鳩町龍田西４丁目１-４０", "url": "https://www.kaigokensaku.mhlw.go.jp/29/index.php?action_kouhyou_detail_004_kani=true&JigyosyoCd=2971600024-00&ServiceCd=430&Type=search", "url2": "http://www.ikaritombo.jp/" }, "geometry": { "type": "Point", "coordinates": [ 135.7160308, 34.6064182 ] } },
{ "type": "Feature", "properties": { "内容": "株式会社すまいる斑鳩支店【居宅介護支援】奈良県生駒郡斑鳩町法隆寺南1丁目3番15号", "url": "https://www.kaigokensaku.mhlw.go.jp/29/index.php?action_kouhyou_detail_004_kani=true&JigyosyoCd=2971600073-00&ServiceCd=430&Type=search", "url2": "https://care-smile.co.jp" }, "geometry": { "type": "Point", "coordinates": [ 135.736232100000052, 34.608296 ] } },
{ "type": "Feature", "properties": { "内容": "ケアプランセンターCor【居宅介護支援】奈良県生駒郡斑鳩町興留6丁目５番９号岡田ビル202", "url": "https://www.kaigokensaku.mhlw.go.jp/29/index.php?action_kouhyou_detail_004_kani=true&JigyosyoCd=2971600685-00&ServiceCd=430&Type=search", "url2": "https://vilseile.com" }, "geometry": { "type": "Point", "coordinates": [ 135.737287400000014, 34.6027483 ] } },
{ "type": "Feature", "properties": { "内容": "ケアプランセンターうららか【居宅介護支援】奈良県生駒郡斑鳩町興留5丁目2-8パークハイムA-202", "url": "https://www.kaigokensaku.mhlw.go.jp/29/index.php?action_kouhyou_detail_004_kani=true&JigyosyoCd=2971600578-00&ServiceCd=430&Type=search", "url2": "http://hp.kaipoke.biz/gh5/" }, "geometry": { "type": "Point", "coordinates": [ 135.739227, 34.6058903 ] } },
{ "type": "Feature", "properties": { "内容": "ケアプランセンター・ひまわり【居宅介護支援】奈良県生駒郡斑鳩町興留８丁目８番６号", "url": "https://www.kaigokensaku.mhlw.go.jp/29/index.php?action_kouhyou_detail_004_kani=true&JigyosyoCd=2971600669-00&ServiceCd=430&Type=search", "url2": null }, "geometry": { "type": "Point", "coordinates": [ 135.7344323, 34.597635500000017 ] } },
{ "type": "Feature", "properties": { "内容": "在宅介護支援センター第二慈母園【居宅介護支援】奈良県生駒郡斑鳩町法隆寺2091-1", "url": "https://www.kaigokensaku.mhlw.go.jp/29/index.php?action_kouhyou_detail_004_kani=true&JigyosyoCd=2971600040-00&ServiceCd=430&Type=search", "url2": "http://www.shutokukai.or.jp/" }, "geometry": { "type": "Point", "coordinates": [ 135.72975729999996, 34.6140648 ] } },
{ "type": "Feature", "properties": { "内容": "ケアプランセンターほっとプラザ【居宅介護支援】奈良県生駒郡斑鳩町小吉田２－７－１５", "url": "https://www.kaigokensaku.mhlw.go.jp/29/index.php?action_kouhyou_detail_004_kani=true&JigyosyoCd=2971600347-00&ServiceCd=430&Type=search", "url2": "http://saiwa-medicalcare-center.co.jp/" }, "geometry": { "type": "Point", "coordinates": [ 135.727756450926222, 34.602942307057376 ] } },
{ "type": "Feature", "properties": { "内容": "居宅介護支援事業所　どんどこ【居宅介護支援】奈良県生駒郡安堵町東安堵７番地の３０", "url": "https://www.kaigokensaku.mhlw.go.jp/29/index.php?action_kouhyou_detail_004_kani=true&JigyosyoCd=2971700097-00&ServiceCd=430&Type=search", "url2": null }, "geometry": { "type": "Point", "coordinates": [ 135.7601386, 34.6180788 ] } },
{ "type": "Feature", "properties": { "内容": "居宅介護支援事業所　福来ろう【居宅介護支援】奈良県生駒郡安堵町東安堵１－１５", "url": "https://www.kaigokensaku.mhlw.go.jp/29/index.php?action_kouhyou_detail_004_kani=true&JigyosyoCd=2971700253-00&ServiceCd=430&Type=search", "url2": null }, "geometry": { "type": "Point", "coordinates": [ 135.7597805, 34.6190245 ] } },
{ "type": "Feature", "properties": { "内容": "有限会社まこと【居宅介護支援】奈良県生駒郡安堵町大字笠目549番地の１", "url": "https://www.kaigokensaku.mhlw.go.jp/29/index.php?action_kouhyou_detail_004_kani=true&JigyosyoCd=2971700030-00&ServiceCd=430&Type=search", "url2": null }, "geometry": { "type": "Point", "coordinates": [ 135.7428986, 34.6001914 ] } },
{ "type": "Feature", "properties": { "内容": "ケアプランセンター安堵園【居宅介護支援】生駒郡安堵町西安堵570-1", "url": "https://www.kaigokensaku.mhlw.go.jp/29/index.php?action_kouhyou_detail_004_kani=true&JigyosyoCd=2971700162-00&ServiceCd=430&Type=search", "url2": null }, "geometry": { "type": "Point", "coordinates": [ 135.753050600000051, 34.6056769 ] } },
{ "type": "Feature", "properties": { "内容": "介護老人保健施設若草園【居宅介護支援】奈良県生駒郡安堵町岡崎５８番地", "url": "https://www.kaigokensaku.mhlw.go.jp/29/index.php?action_kouhyou_detail_004_kani=true&JigyosyoCd=2950580031-00&ServiceCd=430&Type=search", "url2": "http://www.wakakusaen324.com/" }, "geometry": { "type": "Point", "coordinates": [ 135.763383100000027, 34.6039386 ] } },
{ "type": "Feature", "properties": { "内容": "居宅介護支援事業所げんき【居宅介護支援】奈良県生駒郡安堵町東安堵248-8", "url": "https://www.kaigokensaku.mhlw.go.jp/29/index.php?action_kouhyou_detail_004_kani=true&JigyosyoCd=2971700204-00&ServiceCd=430&Type=search", "url2": "http://www.genki-group.com" }, "geometry": { "type": "Point", "coordinates": [ 135.757700025131186, 34.614055633963034 ] } },
{ "type": "Feature", "properties": { "内容": "ツツミ介護支援事務所【居宅介護支援】奈良県生駒郡安堵町岡崎246－1", "url": "https://www.kaigokensaku.mhlw.go.jp/29/index.php?action_kouhyou_detail_004_kani=true&JigyosyoCd=2971700147-00&ServiceCd=430&Type=search", "url2": null }, "geometry": { "type": "Point", "coordinates": [ 135.762544299999945, 34.6043496 ] } },
{ "type": "Feature", "properties": { "内容": "あくなみ苑居宅介護支援センター【居宅介護支援】奈良県生駒郡安堵町岡崎３３-１老人総合福祉施設あくなみ苑　1階", "url": "https://www.kaigokensaku.mhlw.go.jp/29/index.php?action_kouhyou_detail_004_kani=true&JigyosyoCd=2971700238-00&ServiceCd=430&Type=search", "url2": "ｈｔｔｐ：//ａｋｕｎａｍｉ.ｈｏｚａｎｊｉ-ｗｅｌ.ｏｒｇ/" }, "geometry": { "type": "Point", "coordinates": [ 135.767341, 34.6084329 ] } },
{ "type": "Feature", "properties": { "内容": "社会福祉法人川西町社会福祉協議会【居宅介護支援】奈良県磯城郡川西町吐田94川西町福祉施設ぬくもりの郷", "url": "https://www.kaigokensaku.mhlw.go.jp/29/index.php?action_kouhyou_detail_004_kani=true&JigyosyoCd=2971800012-00&ServiceCd=430&Type=search", "url2": "http://kawanishi-shakyo.or.jp/" }, "geometry": { "type": "Point", "coordinates": [ 135.777439014680454, 34.594268513871249 ] } },
{ "type": "Feature", "properties": { "内容": "居宅介護支援事業所　うちの家【居宅介護支援】奈良県磯城郡三宅町石見５２３－６９", "url": "https://www.kaigokensaku.mhlw.go.jp/29/index.php?action_kouhyou_detail_004_kani=true&JigyosyoCd=2971900044-00&ServiceCd=430&Type=search", "url2": "http://hp.kaipoke.biz/u02/" }, "geometry": { "type": "Point", "coordinates": [ 135.789295700000025, 34.570521 ] } },
{ "type": "Feature", "properties": { "内容": "介護センター菜の花【居宅介護支援】奈良県磯城郡三宅町伴堂８５０", "url": "https://www.kaigokensaku.mhlw.go.jp/29/index.php?action_kouhyou_detail_004_kani=true&JigyosyoCd=2971900069-00&ServiceCd=430&Type=search", "url2": "http://himawarinoie.org/nanohana/" }, "geometry": { "type": "Point", "coordinates": [ 135.770930099999987, 34.5737173 ] } },
{ "type": "Feature", "properties": { "内容": "社会福祉法人三宅町社会福祉協議会【居宅介護支援】奈良県磯城郡三宅町伴堂８４８－１", "url": "https://www.kaigokensaku.mhlw.go.jp/29/index.php?action_kouhyou_detail_004_kani=true&JigyosyoCd=2971900010-00&ServiceCd=430&Type=search", "url2": "http://www016.upp.so-net.ne.jp/miyake_syakyou/" }, "geometry": { "type": "Point", "coordinates": [ 135.770830100000012, 34.5734284 ] } },
{ "type": "Feature", "properties": { "内容": "ケアオフィス　あいえん【居宅介護支援】奈良県磯城郡田原本町大字薬王寺８６－１サンフィットラブリーⅡ　１０１号室", "url": "https://www.kaigokensaku.mhlw.go.jp/29/index.php?action_kouhyou_detail_004_kani=true&JigyosyoCd=2972000828-00&ServiceCd=430&Type=search", "url2": null }, "geometry": { "type": "Point", "coordinates": [ 135.784392944774567, 34.551038336191873 ] } },
{ "type": "Feature", "properties": { "内容": "有限会社　はーとたいむ【居宅介護支援】奈良県磯城郡田原本町八尾６０７－６", "url": "https://www.kaigokensaku.mhlw.go.jp/29/index.php?action_kouhyou_detail_004_kani=true&JigyosyoCd=2972000257-00&ServiceCd=430&Type=search", "url2": null }, "geometry": { "type": "Point", "coordinates": [ 135.7912288, 34.5627997 ] } },
{ "type": "Feature", "properties": { "内容": "ケアプランセンターひより【居宅介護支援】奈良県磯城郡田原本町大字十六面16-1サービス付き高齢者向け住宅ひより内", "url": "https://www.kaigokensaku.mhlw.go.jp/29/index.php?action_kouhyou_detail_004_kani=true&JigyosyoCd=2972000810-00&ServiceCd=430&Type=search", "url2": "yukarinosatoen.com" }, "geometry": { "type": "Point", "coordinates": [ 135.784604400000035, 34.5537978 ] } },
{ "type": "Feature", "properties": { "内容": "ハートプラン合同会社【居宅介護支援】奈良県磯城郡田原本町千代25-8田原本マンション103号", "url": "https://www.kaigokensaku.mhlw.go.jp/29/index.php?action_kouhyou_detail_004_kani=true&JigyosyoCd=2972000885-00&ServiceCd=430&Type=search", "url2": null }, "geometry": { "type": "Point", "coordinates": [ 135.795893400000068, 34.5375622 ] } },
{ "type": "Feature", "properties": { "内容": "介護センターいちご【居宅介護支援】奈良県磯城郡田原本町34-7", "url": "https://www.kaigokensaku.mhlw.go.jp/29/index.php?action_kouhyou_detail_004_kani=true&JigyosyoCd=2972000570-00&ServiceCd=430&Type=search", "url2": "http://ichigo-kaigo.com" }, "geometry": { "type": "Point", "coordinates": [ 135.793459403535536, 34.551239034840435 ] } },
{ "type": "Feature", "properties": { "内容": "ケアプランセンターかいごの窓口【居宅介護支援】磯城郡田原本町八尾６２４－１2階", "url": "https://www.kaigokensaku.mhlw.go.jp/29/index.php?action_kouhyou_detail_004_kani=true&JigyosyoCd=2972000844-00&ServiceCd=430&Type=search", "url2": null }, "geometry": { "type": "Point", "coordinates": [ -85.787080300000014, 33.6350681 ] } },
{ "type": "Feature", "properties": { "内容": "田原本在宅介護支援センター　サンライフ田原本【居宅介護支援】奈良県磯城郡田原本町小阪305-1", "url": "https://www.kaigokensaku.mhlw.go.jp/29/index.php?action_kouhyou_detail_004_kani=true&JigyosyoCd=2972000075-00&ServiceCd=430&Type=search", "url2": "http://www.seiwakai-group.or.jp/sunlife-tawaramoto.html/" }, "geometry": { "type": "Point", "coordinates": [ 135.797061399999961, 34.5605029 ] } },
{ "type": "Feature", "properties": { "内容": "老人保健施設　サンライフ田原本【居宅介護支援】奈良県磯城郡田原本町大字小阪305-1", "url": "https://www.kaigokensaku.mhlw.go.jp/29/index.php?action_kouhyou_detail_004_kani=true&JigyosyoCd=2950780193-00&ServiceCd=430&Type=search", "url2": "http://www.seiwakai-group.or.jp/sunlife-tawaramoto.html/" }, "geometry": { "type": "Point", "coordinates": [ 135.797061399999961, 34.5605029 ] } },
{ "type": "Feature", "properties": { "内容": "ニチイケアセンター田原本【居宅介護支援】奈良県磯城郡田原本町唐古５２８－２エコサイトＣ号", "url": "https://www.kaigokensaku.mhlw.go.jp/29/index.php?action_kouhyou_detail_004_kani=true&JigyosyoCd=2972000349-00&ServiceCd=430&Type=search", "url2": "http://www.nichiigakkan.co.jp" }, "geometry": { "type": "Point", "coordinates": [ 135.798044600000026, 34.5727238 ] } },
{ "type": "Feature", "properties": { "内容": "ケアプランセンターおおたに【居宅介護支援】奈良県磯城郡田原本町宮古4-1ゆめな都３番館105号", "url": "https://www.kaigokensaku.mhlw.go.jp/29/index.php?action_kouhyou_detail_004_kani=true&JigyosyoCd=2972000992-00&ServiceCd=430&Type=search", "url2": null }, "geometry": { "type": "Point", "coordinates": [ 135.77749761497023, 34.559375395984084 ] } },
{ "type": "Feature", "properties": { "内容": "ケアプランセンターひやま【居宅介護支援】奈良県磯城郡田原本町八尾584-5メゾン良202", "url": "https://www.kaigokensaku.mhlw.go.jp/29/index.php?action_kouhyou_detail_004_kani=true&JigyosyoCd=2972000919-00&ServiceCd=430&Type=search", "url2": null }, "geometry": { "type": "Point", "coordinates": [ 135.792629799999986, 34.562007 ] } },
{ "type": "Feature", "properties": { "内容": "ケアプランセンター　あまてる【居宅介護支援】奈良県磯城郡田原本町千代378-1ローズパレス102号", "url": "https://www.kaigokensaku.mhlw.go.jp/29/index.php?action_kouhyou_detail_004_kani=true&JigyosyoCd=2972000984-00&ServiceCd=430&Type=search", "url2": null }, "geometry": { "type": "Point", "coordinates": [ 135.796817654028331, 34.5475963194055 ] } },
{ "type": "Feature", "properties": { "内容": "田原本園在宅介護支援センター【居宅介護支援】奈良県磯城郡田原本町大字味間５２３－１", "url": "https://www.kaigokensaku.mhlw.go.jp/29/index.php?action_kouhyou_detail_004_kani=true&JigyosyoCd=2972000059-00&ServiceCd=430&Type=search", "url2": "http://tawaramotoen.jp" }, "geometry": { "type": "Point", "coordinates": [ 135.816692399999965, 34.5354676 ] } },
{ "type": "Feature", "properties": { "内容": "介護支援事業所たんぽぽ【居宅介護支援】奈良県磯城郡田原本町宮古476-34", "url": "https://www.kaigokensaku.mhlw.go.jp/29/index.php?action_kouhyou_detail_004_kani=true&JigyosyoCd=2972000414-00&ServiceCd=430&Type=search", "url2": "https://www.tanpopo.nara.jp" }, "geometry": { "type": "Point", "coordinates": [ 135.784302156340374, 34.563901598708846 ] } },
{ "type": "Feature", "properties": { "内容": "奈良ヘルスケアシステム株式会社【居宅介護支援】奈良県磯城郡田原本町千代632-1", "url": "https://www.kaigokensaku.mhlw.go.jp/29/index.php?action_kouhyou_detail_004_kani=true&JigyosyoCd=2972000018-00&ServiceCd=430&Type=search", "url2": null }, "geometry": { "type": "Point", "coordinates": [ 135.8035357, 34.5462854 ] } },
{ "type": "Feature", "properties": { "内容": "七色ケアセンター【居宅介護支援】奈良県磯城郡田原本町幸町152-3ソシア田原本302号", "url": "https://www.kaigokensaku.mhlw.go.jp/29/index.php?action_kouhyou_detail_004_kani=true&JigyosyoCd=2972000471-00&ServiceCd=430&Type=search", "url2": null }, "geometry": { "type": "Point", "coordinates": [ 135.788437024467498, 34.552647774685184 ] } },
{ "type": "Feature", "properties": { "内容": "社会福祉法人曽爾村社会福祉協議会居宅介護支援事業所【居宅介護支援】奈良県宇陀郡曽爾村伊賀見23-1", "url": "https://www.kaigokensaku.mhlw.go.jp/29/index.php?action_kouhyou_detail_004_kani=true&JigyosyoCd=2972500017-00&ServiceCd=430&Type=search", "url2": "https://soni-shakyo.org" }, "geometry": { "type": "Point", "coordinates": [ 136.142608900000027, 34.5276616 ] } },
{ "type": "Feature", "properties": { "内容": "社会福祉法人御杖村社会福祉協議会居宅介護支援事業所【居宅介護支援】奈良県宇陀郡御杖村菅野１５８１番地御杖村福祉センター", "url": "https://www.kaigokensaku.mhlw.go.jp/29/index.php?action_kouhyou_detail_004_kani=true&JigyosyoCd=2972600031-00&ServiceCd=430&Type=search", "url2": "http://mitsuesyakyo.org/" }, "geometry": { "type": "Point", "coordinates": [ 136.16766819999998, 34.4877114 ] } },
{ "type": "Feature", "properties": { "内容": "居宅介護支援事業所　萩の里あすか【居宅介護支援】奈良県高市郡高取町松山685番地", "url": "https://www.kaigokensaku.mhlw.go.jp/29/index.php?action_kouhyou_detail_004_kani=true&JigyosyoCd=2972700161-00&ServiceCd=430&Type=search", "url2": "http://www.asuka-hp.or.jp/asuka/index.php" }, "geometry": { "type": "Point", "coordinates": [ 135.792758400000054, 34.4409727 ] } },
{ "type": "Feature", "properties": { "内容": "社会福祉法人高取町社会福祉協議会【居宅介護支援】奈良県高市郡高取町観覚寺1023", "url": "https://www.kaigokensaku.mhlw.go.jp/29/index.php?action_kouhyou_detail_004_kani=true&JigyosyoCd=2972700047-00&ServiceCd=430&Type=search", "url2": "http://www.takatori-shakyo.jp/" }, "geometry": { "type": "Point", "coordinates": [ 135.7905375027633, 34.45017872961526 ] } },
{ "type": "Feature", "properties": { "内容": "居宅介護支援事業所　けあ～ふりぃ【居宅介護支援】奈良県高市郡高取町大字丹生谷1833番地１", "url": "https://www.kaigokensaku.mhlw.go.jp/29/index.php?action_kouhyou_detail_004_kani=true&JigyosyoCd=2972700179-00&ServiceCd=430&Type=search", "url2": null }, "geometry": { "type": "Point", "coordinates": [ 135.770074700199871, 34.437508583365954 ] } },
{ "type": "Feature", "properties": { "内容": "在宅介護支援センター陽明荘【居宅介護支援】高市郡高取町清水谷１４９－５", "url": "https://www.kaigokensaku.mhlw.go.jp/29/index.php?action_kouhyou_detail_004_kani=true&JigyosyoCd=2972700062-00&ServiceCd=430&Type=search", "url2": "http://www.tsubosaka1300.or.jp/shutokukai" }, "geometry": { "type": "Point", "coordinates": [ 135.795424799999978, 34.4421171 ] } },
{ "type": "Feature", "properties": { "内容": "介護センター　ゆいまーる【居宅介護支援】奈良県高市郡高取町大字丹生谷８８３－６", "url": "https://www.kaigokensaku.mhlw.go.jp/29/index.php?action_kouhyou_detail_004_kani=true&JigyosyoCd=2972700153-00&ServiceCd=430&Type=search", "url2": null }, "geometry": { "type": "Point", "coordinates": [ 135.765216799999962, 34.4293294 ] } },
{ "type": "Feature", "properties": { "内容": "有限会社　ほほえみ【居宅介護支援】奈良県高市郡高取町下子島350番地", "url": "https://www.kaigokensaku.mhlw.go.jp/29/index.php?action_kouhyou_detail_004_kani=true&JigyosyoCd=2972700013-00&ServiceCd=430&Type=search", "url2": "http://www.kaigo-hohoemi.com/" }, "geometry": { "type": "Point", "coordinates": [ 135.801499199999967, 34.4429894 ] } },
{ "type": "Feature", "properties": { "内容": "社会福祉法人　明日香村社会福祉協議会【居宅介護支援】奈良県高市郡明日香村大字立部７４５番地", "url": "https://www.kaigokensaku.mhlw.go.jp/29/index.php?action_kouhyou_detail_004_kani=true&JigyosyoCd=2972800029-00&ServiceCd=430&Type=search", "url2": "http://asuka-shakyo.jp" }, "geometry": { "type": "Point", "coordinates": [ 135.814255600000024, 34.4679562 ] } },
{ "type": "Feature", "properties": { "内容": "居宅介護支援事業所　逢糸ケアステーション【居宅介護支援】奈良県高市郡明日香村岡13番地の３", "url": "https://www.kaigokensaku.mhlw.go.jp/29/index.php?action_kouhyou_detail_004_kani=true&JigyosyoCd=2972800144-00&ServiceCd=430&Type=search", "url2": null }, "geometry": { "type": "Point", "coordinates": [ 135.821465955958558, 34.470793321194904 ] } },
{ "type": "Feature", "properties": { "内容": "特別養護老人ホームあまがし苑【居宅介護支援】奈良県高市郡明日香村大字栗原４２１番地２", "url": "https://www.kaigokensaku.mhlw.go.jp/29/index.php?action_kouhyou_detail_004_kani=true&JigyosyoCd=2972800011-00&ServiceCd=430&Type=search", "url2": "http://www.amagashien.com" }, "geometry": { "type": "Point", "coordinates": [ 135.806265100000019, 34.455988 ] } },
{ "type": "Feature", "properties": { "内容": "指定居宅介護支援事業所あすかの里【居宅介護支援】奈良県高市郡明日香村大字越280番地", "url": "https://www.kaigokensaku.mhlw.go.jp/29/index.php?action_kouhyou_detail_004_kani=true&JigyosyoCd=2972800078-00&ServiceCd=430&Type=search", "url2": "http://asukarakuen.jp" }, "geometry": { "type": "Point", "coordinates": [ 135.795154700000012, 34.465667 ] } },
{ "type": "Feature", "properties": { "内容": "ケアプランセンターおてんとさん【居宅介護支援】奈良県高市郡明日香村大字岡６２番地の１", "url": "https://www.kaigokensaku.mhlw.go.jp/29/index.php?action_kouhyou_detail_004_kani=true&JigyosyoCd=2972800169-00&ServiceCd=430&Type=search", "url2": "https://otentsun.mystrikingly.com/" }, "geometry": { "type": "Point", "coordinates": [ 135.821131799999989, 34.4712512 ] } },
{ "type": "Feature", "properties": { "内容": "ケアプランセンター　六花【居宅介護支援】奈良県北葛城郡上牧町大字上牧５３７－１６", "url": "https://www.kaigokensaku.mhlw.go.jp/29/index.php?action_kouhyou_detail_004_kani=true&JigyosyoCd=2973100361-00&ServiceCd=430&Type=search", "url2": "http://rokka-fukushi.jp" }, "geometry": { "type": "Point", "coordinates": [ 135.711412393254051, 34.56181391767705 ] } },
{ "type": "Feature", "properties": { "内容": "エイワン居宅介護支援事業所【居宅介護支援】奈良県北葛城郡上牧町葛城台４丁目３－９", "url": "https://www.kaigokensaku.mhlw.go.jp/29/index.php?action_kouhyou_detail_004_kani=true&JigyosyoCd=2973100205-00&ServiceCd=430&Type=search", "url2": null }, "geometry": { "type": "Point", "coordinates": [ 135.725817099999972, 34.5569938 ] } },
{ "type": "Feature", "properties": { "内容": "介護サービス　華うさぎ【居宅介護支援】奈良県北葛城郡上牧町米山台1-2-17", "url": "https://www.kaigokensaku.mhlw.go.jp/29/index.php?action_kouhyou_detail_004_kani=true&JigyosyoCd=2973100122-00&ServiceCd=430&Type=search", "url2": null }, "geometry": { "type": "Point", "coordinates": [ 135.71455149999997, 34.5607459 ] } },
{ "type": "Feature", "properties": { "内容": "ＡＣケアプラン【居宅介護支援】奈良県北葛城郡上牧町上牧2850-7", "url": "https://www.kaigokensaku.mhlw.go.jp/29/index.php?action_kouhyou_detail_004_kani=true&JigyosyoCd=2973100486-00&ServiceCd=430&Type=search", "url2": null }, "geometry": { "type": "Point", "coordinates": [ 135.724167299999976, 34.5684896 ] } },
{ "type": "Feature", "properties": { "内容": "居宅介護支援事業所フルライフケア上牧【居宅介護支援】奈良県北葛城郡上牧町片岡台２丁目１３－２６芳倉マンション３０４", "url": "https://www.kaigokensaku.mhlw.go.jp/29/index.php?action_kouhyou_detail_004_kani=true&JigyosyoCd=2973100700-00&ServiceCd=430&Type=search", "url2": "http://f-flc.co.jp" }, "geometry": { "type": "Point", "coordinates": [ 135.717276500000025, 34.5795306 ] } },
{ "type": "Feature", "properties": { "内容": "服部すみれ居宅介護支援事業所【居宅介護支援】奈良県北葛城郡上牧町大字上牧字薬師山4244番地", "url": "https://www.kaigokensaku.mhlw.go.jp/29/index.php?action_kouhyou_detail_004_kani=true&JigyosyoCd=2973100783-00&ServiceCd=430&Type=search", "url2": "http://www.hattorin.jp" }, "geometry": { "type": "Point", "coordinates": [ 135.7165737, 34.5577684 ] } },
{ "type": "Feature", "properties": { "内容": "居宅介護支援事業所　かごめ【居宅介護支援】奈良県北葛城郡上牧町上牧2209-1", "url": "https://www.kaigokensaku.mhlw.go.jp/29/index.php?action_kouhyou_detail_004_kani=true&JigyosyoCd=2973100676-00&ServiceCd=430&Type=search", "url2": null }, "geometry": { "type": "Point", "coordinates": [ 135.722767400000038, 34.564344 ] } },
{ "type": "Feature", "properties": { "内容": "郁慈会居宅介護支援事業所【居宅介護支援】奈良県北葛城郡上牧町上牧4244", "url": "https://www.kaigokensaku.mhlw.go.jp/29/index.php?action_kouhyou_detail_004_kani=true&JigyosyoCd=2973100403-00&ServiceCd=430&Type=search", "url2": "https://www.ikujikai.or.jp" }, "geometry": { "type": "Point", "coordinates": [ 135.710079800000017, 34.558421 ] } },
{ "type": "Feature", "properties": { "内容": "社会福祉法人上牧町社会福祉協議会【居宅介護支援】奈良県北葛城郡上牧町上牧３２４５－１上牧町保健福祉センター2階", "url": "https://www.kaigokensaku.mhlw.go.jp/29/index.php?action_kouhyou_detail_004_kani=true&JigyosyoCd=2973100106-00&ServiceCd=430&Type=search", "url2": "https://kamishakyo.web.fc2.com/" }, "geometry": { "type": "Point", "coordinates": [ 135.718145600000071, 34.567709 ] } },
{ "type": "Feature", "properties": { "内容": "こころ上牧　居宅介護支援事業所【居宅介護支援】奈良県北葛城郡上牧町上牧2768-2", "url": "https://www.kaigokensaku.mhlw.go.jp/29/index.php?action_kouhyou_detail_004_kani=true&JigyosyoCd=2973100270-00&ServiceCd=430&Type=search", "url2": "http://www" }, "geometry": { "type": "Point", "coordinates": [ 135.723175699999956, 34.5687785 ] } },
{ "type": "Feature", "properties": { "内容": "介護ステ-ションにこにこ【居宅介護支援】北葛城郡上牧町上牧３８１５", "url": "https://www.kaigokensaku.mhlw.go.jp/29/index.php?action_kouhyou_detail_004_kani=true&JigyosyoCd=2973100148-00&ServiceCd=430&Type=search", "url2": null }, "geometry": { "type": "Point", "coordinates": [ 135.706732800000026, 34.560923400000014 ] } },
{ "type": "Feature", "properties": { "内容": "有限会社　やまびこ【居宅介護支援】奈良県北葛城郡上牧町下牧1-2-25", "url": "https://www.kaigokensaku.mhlw.go.jp/29/index.php?action_kouhyou_detail_004_kani=true&JigyosyoCd=2973100015-00&ServiceCd=430&Type=search", "url2": "http：//www.yamabiko-kanmaki.com" }, "geometry": { "type": "Point", "coordinates": [ 135.722284, 34.5735696 ] } },
{ "type": "Feature", "properties": { "内容": "株式会社介護センター虹【居宅介護支援】畠田４丁目１０－５", "url": "https://www.kaigokensaku.mhlw.go.jp/29/index.php?action_kouhyou_detail_004_kani=true&JigyosyoCd=2973200286-00&ServiceCd=430&Type=search", "url2": null }, "geometry": { "type": "Point", "coordinates": [ 135.703455, 34.5787656 ] } },
{ "type": "Feature", "properties": { "内容": "ピーター居宅介護支援事業所【居宅介護支援】奈良県北葛城郡王寺町久度４－３－１３", "url": "https://www.kaigokensaku.mhlw.go.jp/29/index.php?action_kouhyou_detail_004_kani=true&JigyosyoCd=2973200559-00&ServiceCd=430&Type=search", "url2": "https://kokori.net/" }, "geometry": { "type": "Point", "coordinates": [ 135.6982318, 34.5987761 ] } },
{ "type": "Feature", "properties": { "内容": "王寺町在宅介護支援センター「ハートランドしぎさん」【居宅介護支援】奈良県北葛城郡王寺町王寺2丁目6-1まさごビル2階", "url": "https://www.kaigokensaku.mhlw.go.jp/29/index.php?action_kouhyou_detail_004_kani=true&JigyosyoCd=2973200039-00&ServiceCd=430&Type=search", "url2": "http://www.heartland.or.jp" }, "geometry": { "type": "Point", "coordinates": [ 135.7061433, 34.5965889 ] } },
{ "type": "Feature", "properties": { "内容": "ケアプランセンター双葉【居宅介護支援】奈良県北葛城郡王寺町久度2丁目3-1りーべる王寺西館305-1号", "url": "https://www.kaigokensaku.mhlw.go.jp/29/index.php?action_kouhyou_detail_004_kani=true&JigyosyoCd=2973200526-00&ServiceCd=430&Type=search", "url2": "https://takeda-naika.info/careplan-futaba/" }, "geometry": { "type": "Point", "coordinates": [ 135.7029147, 34.5980716 ] } },
{ "type": "Feature", "properties": { "内容": "ケアプランセンターここから王寺町【居宅介護支援】奈良県北葛城郡王寺町本町4丁目4番19号", "url": "https://www.kaigokensaku.mhlw.go.jp/29/index.php?action_kouhyou_detail_004_kani=true&JigyosyoCd=2973200377-00&ServiceCd=430&Type=search", "url2": "http://www.cocokaragp.com/ojicho/" }, "geometry": { "type": "Point", "coordinates": [ 135.705718499999989, 34.583429 ] } },
{ "type": "Feature", "properties": { "内容": "大和園王寺在宅介護支援センター【居宅介護支援】奈良県北葛城郡王寺町葛下3丁目161-1", "url": "https://www.kaigokensaku.mhlw.go.jp/29/index.php?action_kouhyou_detail_004_kani=true&JigyosyoCd=2973200088-00&ServiceCd=430&Type=search", "url2": "http://www.yamatoen.or.jp/ohji/index.html" }, "geometry": { "type": "Point", "coordinates": [ 135.7083265, 34.5852511 ] } },
{ "type": "Feature", "properties": { "内容": "訪問介護ステーションいちご花【居宅介護支援】奈良県北葛城郡王寺町本町4丁目41番2号", "url": "https://www.kaigokensaku.mhlw.go.jp/29/index.php?action_kouhyou_detail_004_kani=true&JigyosyoCd=2973200054-00&ServiceCd=430&Type=search", "url2": "http://1587.jp/" }, "geometry": { "type": "Point", "coordinates": [ 135.700878530271922, 34.582332139288674 ] } },
{ "type": "Feature", "properties": { "内容": "ケアプランセンター　てるてる【居宅介護支援】奈良県北葛城郡王寺町太子3-1-12", "url": "https://www.kaigokensaku.mhlw.go.jp/29/index.php?action_kouhyou_detail_004_kani=true&JigyosyoCd=2973200237-00&ServiceCd=430&Type=search", "url2": "http://www" }, "geometry": { "type": "Point", "coordinates": [ 135.6918144, 34.5783097 ] } },
{ "type": "Feature", "properties": { "内容": "居宅介護支援事業所　宝夢【居宅介護支援】奈良県北葛城郡広陵町南郷417-4", "url": "https://www.kaigokensaku.mhlw.go.jp/29/index.php?action_kouhyou_detail_004_kani=true&JigyosyoCd=2973300623-00&ServiceCd=430&Type=search", "url2": "info@home0717.jp" }, "geometry": { "type": "Point", "coordinates": [ 135.754642514292243, 34.541599860871855 ] } },
{ "type": "Feature", "properties": { "内容": "奈良県北葛城郡広陵町安部６９９ー１【居宅介護支援】安部６９９番地１", "url": "https://www.kaigokensaku.mhlw.go.jp/29/index.php?action_kouhyou_detail_004_kani=true&JigyosyoCd=2973300326-00&ServiceCd=430&Type=search", "url2": null }, "geometry": { "type": "Point", "coordinates": [ 135.734377799999947, 34.5356991 ] } },
{ "type": "Feature", "properties": { "内容": "ケアプランセンター　はなまる【居宅介護支援】奈良県北葛城郡広陵町弁財天３４８－３", "url": "https://www.kaigokensaku.mhlw.go.jp/29/index.php?action_kouhyou_detail_004_kani=true&JigyosyoCd=2973300557-00&ServiceCd=430&Type=search", "url2": null }, "geometry": { "type": "Point", "coordinates": [ 135.7526353, 34.5640229 ] } },
{ "type": "Feature", "properties": { "内容": "ケアプランセンターあゆむ【居宅介護支援】奈良県北葛城郡広陵町古寺502-4", "url": "https://www.kaigokensaku.mhlw.go.jp/29/index.php?action_kouhyou_detail_004_kani=true&JigyosyoCd=2973300425-00&ServiceCd=430&Type=search", "url2": null }, "geometry": { "type": "Point", "coordinates": [ 135.7514507, 34.54729840000001 ] } },
{ "type": "Feature", "properties": { "内容": "中堀医院【居宅介護支援】奈良県北葛城郡広陵町的場94-1", "url": "https://www.kaigokensaku.mhlw.go.jp/29/index.php?action_kouhyou_detail_004_kani=true&JigyosyoCd=2911501407-00&ServiceCd=430&Type=search", "url2": "http://www.lint.ne.jp/~nakahori/" }, "geometry": { "type": "Point", "coordinates": [ 135.754342400000041, 34.5668481 ] } },
{ "type": "Feature", "properties": { "内容": "居宅介護支援事業所　あかべ【居宅介護支援】奈良県北葛城郡広陵町三吉２６４番地１", "url": "https://www.kaigokensaku.mhlw.go.jp/29/index.php?action_kouhyou_detail_004_kani=true&JigyosyoCd=2973300250-00&ServiceCd=430&Type=search", "url2": "http://www" }, "geometry": { "type": "Point", "coordinates": [ 135.73991060000003, 34.5492725 ] } },
{ "type": "Feature", "properties": { "内容": "居宅介護支援事業所大地【居宅介護支援】奈良県北葛城郡広陵町みささぎ台7-13谷口鍼灸接骨院内", "url": "https://www.kaigokensaku.mhlw.go.jp/29/index.php?action_kouhyou_detail_004_kani=true&JigyosyoCd=2973300367-00&ServiceCd=430&Type=search", "url2": "http://mmm.gaia-2012.co.jp" }, "geometry": { "type": "Point", "coordinates": [ 135.7336482, 34.5339988 ] } },
{ "type": "Feature", "properties": { "内容": "ケアセンターラフター【居宅介護支援】広陵町馬見北８－２－１７", "url": "https://www.kaigokensaku.mhlw.go.jp/29/index.php?action_kouhyou_detail_004_kani=true&JigyosyoCd=2973300664-00&ServiceCd=430&Type=search", "url2": null }, "geometry": { "type": "Point", "coordinates": [ 135.724603661901853, 34.554825751271039 ] } },
{ "type": "Feature", "properties": { "内容": "居宅介護支援事業所　オリーブの木【居宅介護支援】南63-5　マ・メゾン・ヴェール１０１", "url": "https://www.kaigokensaku.mhlw.go.jp/29/index.php?action_kouhyou_detail_004_kani=true&JigyosyoCd=2973300680-00&ServiceCd=430&Type=search", "url2": null }, "geometry": { "type": "Point", "coordinates": [ 135.7498219, 34.5616613 ] } },
{ "type": "Feature", "properties": { "内容": "ケアプランセンターレモン【居宅介護支援】奈良県北葛城郡広陵町馬見北6丁目4－11", "url": "https://www.kaigokensaku.mhlw.go.jp/29/index.php?action_kouhyou_detail_004_kani=true&JigyosyoCd=2973300631-00&ServiceCd=430&Type=search", "url2": null }, "geometry": { "type": "Point", "coordinates": [ 135.7277279, 34.550208 ] } },
{ "type": "Feature", "properties": { "内容": "ケアプランセンターいろは【居宅介護支援】奈良県北葛城郡広陵町馬見南３丁目１１番２１号", "url": "https://www.kaigokensaku.mhlw.go.jp/29/index.php?action_kouhyou_detail_004_kani=true&JigyosyoCd=2973300656-00&ServiceCd=430&Type=search", "url2": "https://iroha-web-3.jimdosite.com/" }, "geometry": { "type": "Point", "coordinates": [ 135.729133900000022, 34.5337228 ] } },
{ "type": "Feature", "properties": { "内容": "ケアプランセンター案山子【居宅介護支援】奈良県北葛城郡広陵町大字三吉1655番地2", "url": "https://www.kaigokensaku.mhlw.go.jp/29/index.php?action_kouhyou_detail_004_kani=true&JigyosyoCd=2973300540-00&ServiceCd=430&Type=search", "url2": null }, "geometry": { "type": "Point", "coordinates": [ 135.739340167729011, 34.547260758827299 ] } },
{ "type": "Feature", "properties": { "内容": "特別養護老人ホーム大和園【居宅介護支援】奈良県北葛城郡広陵町三吉169番地", "url": "https://www.kaigokensaku.mhlw.go.jp/29/index.php?action_kouhyou_detail_004_kani=true&JigyosyoCd=2973300045-00&ServiceCd=430&Type=search", "url2": "http://www.yamatoen.or.jp" }, "geometry": { "type": "Point", "coordinates": [ 135.745607299999961, 34.5574187 ] } },
{ "type": "Feature", "properties": { "内容": "老人介護支援センターおきなの杜【居宅介護支援】奈良県北葛城郡広陵町南郷８４番地１", "url": "https://www.kaigokensaku.mhlw.go.jp/29/index.php?action_kouhyou_detail_004_kani=true&JigyosyoCd=2973300409-00&ServiceCd=430&Type=search", "url2": "https://carehouse.jp" }, "geometry": { "type": "Point", "coordinates": [ 135.754459900000029, 34.53306340000001 ] } },
{ "type": "Feature", "properties": { "内容": "在宅介護センター奈良【居宅介護支援】奈良県北葛城郡広陵町馬見南３丁目１６－１６", "url": "https://www.kaigokensaku.mhlw.go.jp/29/index.php?action_kouhyou_detail_004_kani=true&JigyosyoCd=2973300052-00&ServiceCd=430&Type=search", "url2": null }, "geometry": { "type": "Point", "coordinates": [ 135.727856, 34.5341771 ] } },
{ "type": "Feature", "properties": { "内容": "居宅介護支援事業所　花みずき【居宅介護支援】奈良県北葛城郡河合町広瀬台3-8-14-107", "url": "https://www.kaigokensaku.mhlw.go.jp/29/index.php?action_kouhyou_detail_004_kani=true&JigyosyoCd=2973400233-00&ServiceCd=430&Type=search", "url2": null }, "geometry": { "type": "Point", "coordinates": [ 135.718811599999981, 34.5878372 ] } },
{ "type": "Feature", "properties": { "内容": "ケアプランセンター　きぼう【居宅介護支援】奈良県北葛城郡河合町西穴闇351-1", "url": "https://www.kaigokensaku.mhlw.go.jp/29/index.php?action_kouhyou_detail_004_kani=true&JigyosyoCd=2973400381-00&ServiceCd=430&Type=search", "url2": null }, "geometry": { "type": "Point", "coordinates": [ 135.734016099999963, 34.5845238 ] } },
{ "type": "Feature", "properties": { "内容": "社会福祉法人河合町社会福祉協議会【居宅介護支援】奈良県北葛城郡河合町山坊２４番地３", "url": "https://www.kaigokensaku.mhlw.go.jp/29/index.php?action_kouhyou_detail_004_kani=true&JigyosyoCd=2973400084-00&ServiceCd=430&Type=search", "url2": "http://www.town.kawai.nara.jp/shakaifukushi/index.html" }, "geometry": { "type": "Point", "coordinates": [ 135.735949399999981, 34.5747305 ] } },
{ "type": "Feature", "properties": { "内容": "社会医療法人健生会　河合診療所【居宅介護支援】奈良県北葛城郡河合町穴闇81番1号", "url": "https://www.kaigokensaku.mhlw.go.jp/29/index.php?action_kouhyou_detail_004_kani=true&JigyosyoCd=2911501084-00&ServiceCd=430&Type=search", "url2": "http://www.kenseikai-nara.or.jp/" }, "geometry": { "type": "Point", "coordinates": [ 135.740885, 34.5868846 ] } },
{ "type": "Feature", "properties": { "内容": "訪問介護ステ-ションそらまめ星和台【居宅介護支援】奈良県北葛城郡河合町星和台2-1-17", "url": "https://www.kaigokensaku.mhlw.go.jp/29/index.php?action_kouhyou_detail_004_kani=true&JigyosyoCd=2973400126-00&ServiceCd=430&Type=search", "url2": "http://www.kouseikai-med.com" }, "geometry": { "type": "Point", "coordinates": [ 135.716536899999937, 34.5858679 ] } },
{ "type": "Feature", "properties": { "内容": "ニッセイせいれいケアプランセンター西大和【居宅介護支援】奈良県北葛城郡河合町高塚台1丁目8-1", "url": "https://www.kaigokensaku.mhlw.go.jp/29/index.php?action_kouhyou_detail_004_kani=true&JigyosyoCd=2973400076-00&ServiceCd=430&Type=search", "url2": "http://www.nissay-seirei.org/nara/facilities/careplan/html" }, "geometry": { "type": "Point", "coordinates": [ 135.722038514541651, 34.5797259847416 ] } },
{ "type": "Feature", "properties": { "内容": "K＆Aケアプランセンター【居宅介護支援】奈良県北葛城郡河合町彩りの杜568-220", "url": "https://www.kaigokensaku.mhlw.go.jp/29/index.php?action_kouhyou_detail_004_kani=true&JigyosyoCd=2973400480-00&ServiceCd=430&Type=search", "url2": "k-and-a-enkai.co.jp" }, "geometry": { "type": "Point", "coordinates": [ 135.7290588, 34.5782782 ] } },
{ "type": "Feature", "properties": { "内容": "ケアプランセンター　らいむ【居宅介護支援】奈良県北葛城郡河合町大字大輪田1916-2アーバン西大和6号　103号", "url": "https://www.kaigokensaku.mhlw.go.jp/29/index.php?action_kouhyou_detail_004_kani=true&JigyosyoCd=2973400498-00&ServiceCd=430&Type=search", "url2": null }, "geometry": { "type": "Point", "coordinates": [ 135.722528, 34.5860697 ] } },
{ "type": "Feature", "properties": { "内容": "ケアセンターふぉゆう【居宅介護支援】池部一丁目7番5号", "url": "https://www.kaigokensaku.mhlw.go.jp/29/index.php?action_kouhyou_detail_004_kani=true&JigyosyoCd=2973400472-00&ServiceCd=430&Type=search", "url2": null }, "geometry": { "type": "Point", "coordinates": [ 135.7388204, 34.5797467 ] } },
{ "type": "Feature", "properties": { "内容": "大和の里　居宅介護支援事業所【居宅介護支援】奈良県北葛城郡河合町池部3丁目5番5号", "url": "https://www.kaigokensaku.mhlw.go.jp/29/index.php?action_kouhyou_detail_004_kani=true&JigyosyoCd=2973400308-00&ServiceCd=430&Type=search", "url2": "http://www.yamatonosato.com" }, "geometry": { "type": "Point", "coordinates": [ 135.735921599999983, 34.5776718 ] } },
{ "type": "Feature", "properties": { "内容": "ケアプランセンター　心の里【居宅介護支援】奈良県吉野郡吉野町西谷722", "url": "https://www.kaigokensaku.mhlw.go.jp/29/index.php?action_kouhyou_detail_004_kani=true&JigyosyoCd=2973500222-00&ServiceCd=430&Type=search", "url2": null }, "geometry": { "type": "Point", "coordinates": [ 135.8800688, 34.4130304 ] } },
{ "type": "Feature", "properties": { "内容": "ケアプランとわ【居宅介護支援】奈良県吉野郡吉野町楢井479", "url": "https://www.kaigokensaku.mhlw.go.jp/29/index.php?action_kouhyou_detail_004_kani=true&JigyosyoCd=2973500206-00&ServiceCd=430&Type=search", "url2": null }, "geometry": { "type": "Point", "coordinates": [ 135.8828585, 34.3835114 ] } },
{ "type": "Feature", "properties": { "内容": "吉野たらちね居宅介護支援事業所【居宅介護支援】奈良県吉野郡吉野町大字上市2135", "url": "https://www.kaigokensaku.mhlw.go.jp/29/index.php?action_kouhyou_detail_004_kani=true&JigyosyoCd=2973500131-00&ServiceCd=430&Type=search", "url2": "http://hakkohkai.com/" }, "geometry": { "type": "Point", "coordinates": [ 135.846789440579641, 34.394668990007602 ] } },
{ "type": "Feature", "properties": { "内容": "社会福祉法人　吉野町社会福祉協議会【居宅介護支援】奈良県吉野郡吉野町大字丹治１３０番地の１", "url": "https://www.kaigokensaku.mhlw.go.jp/29/index.php?action_kouhyou_detail_004_kani=true&JigyosyoCd=2973500016-00&ServiceCd=430&Type=search", "url2": "http://web1.kcn.jp/yoshino-shakyo/" }, "geometry": { "type": "Point", "coordinates": [ 135.847272, 34.3897934 ] } },
{ "type": "Feature", "properties": { "内容": "吉野三町村老人福祉施設【居宅介護支援】奈良県吉野郡吉野町楢井605-1", "url": "https://www.kaigokensaku.mhlw.go.jp/29/index.php?action_kouhyou_detail_004_kani=true&JigyosyoCd=2973500230-00&ServiceCd=430&Type=search", "url2": null }, "geometry": { "type": "Point", "coordinates": [ 135.888135899999952, 34.3837253 ] } },
{ "type": "Feature", "properties": { "内容": "居宅介護支援事業所　柳光【居宅介護支援】奈良県吉野郡吉野町柳１３９５番１", "url": "https://www.kaigokensaku.mhlw.go.jp/29/index.php?action_kouhyou_detail_004_kani=true&JigyosyoCd=2973500214-00&ServiceCd=430&Type=search", "url2": "https://www.taiyounomura.org/" }, "geometry": { "type": "Point", "coordinates": [ 135.918512910450772, 34.41770324433044 ] } },
{ "type": "Feature", "properties": { "内容": "(有)はたホームケアサービス【居宅介護支援】奈良県吉野郡吉野町大字楢井４９４番地の１", "url": "https://www.kaigokensaku.mhlw.go.jp/29/index.php?action_kouhyou_detail_004_kani=true&JigyosyoCd=2973500065-00&ServiceCd=430&Type=search", "url2": null }, "geometry": { "type": "Point", "coordinates": [ 135.882494599999973, 34.3841057 ] } },
{ "type": "Feature", "properties": { "内容": "社会福祉法人仁風会ケアプランセンター吉野のあかり【居宅介護支援】吉野郡大淀町比曽107番6", "url": "https://www.kaigokensaku.mhlw.go.jp/29/index.php?action_kouhyou_detail_004_kani=true&JigyosyoCd=2973600394-00&ServiceCd=430&Type=search", "url2": "https://jinpu-kai.jp" }, "geometry": { "type": "Point", "coordinates": [ 135.835739, 34.4021999 ] } },
{ "type": "Feature", "properties": { "内容": "南和病院介護支援センター【居宅介護支援】奈良県吉野郡大淀町大字福神1-181", "url": "https://www.kaigokensaku.mhlw.go.jp/29/index.php?action_kouhyou_detail_004_kani=true&JigyosyoCd=2973600238-00&ServiceCd=430&Type=search", "url2": "http://www.koujin.jp" }, "geometry": { "type": "Point", "coordinates": [ 135.75402200376584, 34.394217879865323 ] } },
{ "type": "Feature", "properties": { "内容": "株式会社ケアテック　ケアテックケアプランセンター吉野【居宅介護支援】奈良県吉野郡大淀町北野７８－１０", "url": "https://www.kaigokensaku.mhlw.go.jp/29/index.php?action_kouhyou_detail_004_kani=true&JigyosyoCd=2973600436-00&ServiceCd=430&Type=search", "url2": null }, "geometry": { "type": "Point", "coordinates": [ 135.8235874, 34.4008663 ] } },
{ "type": "Feature", "properties": { "内容": "ケアプランセンターみなみやまと【居宅介護支援】奈良県吉野郡大淀町土田507番地の469", "url": "https://www.kaigokensaku.mhlw.go.jp/29/index.php?action_kouhyou_detail_004_kani=true&JigyosyoCd=2973600428-00&ServiceCd=430&Type=search", "url2": null }, "geometry": { "type": "Point", "coordinates": [ 135.8010641, 34.3992413 ] } },
{ "type": "Feature", "properties": { "内容": "居宅介護支援事業所ふくしま【居宅介護支援】奈良県吉野郡大淀町大字北野14番地6", "url": "https://www.kaigokensaku.mhlw.go.jp/29/index.php?action_kouhyou_detail_004_kani=true&JigyosyoCd=2973600329-00&ServiceCd=430&Type=search", "url2": null }, "geometry": { "type": "Point", "coordinates": [ 135.82046514044066, 34.395486476999118 ] } },
{ "type": "Feature", "properties": { "内容": "美吉野園居宅介護支援センター【居宅介護支援】奈良県吉野郡大淀町下渕887の2番地桜ヶ丘コーポ", "url": "https://www.kaigokensaku.mhlw.go.jp/29/index.php?action_kouhyou_detail_004_kani=true&JigyosyoCd=2973600360-00&ServiceCd=430&Type=search", "url2": "http://www.miyoshinoen.jp/" }, "geometry": { "type": "Point", "coordinates": [ 135.788368799999944, 34.383565 ] } },
{ "type": "Feature", "properties": { "内容": "社会福祉法人大淀町社会福祉協議会【居宅介護支援】奈良県吉野郡大淀町下渕１２２３", "url": "https://www.kaigokensaku.mhlw.go.jp/29/index.php?action_kouhyou_detail_004_kani=true&JigyosyoCd=2973600014-00&ServiceCd=430&Type=search", "url2": "http://www.oyodo-syakyo.jp" }, "geometry": { "type": "Point", "coordinates": [ 135.787524299999973, 34.388299718130256 ] } },
{ "type": "Feature", "properties": { "内容": "居宅介護支援事業所けあぽーとはる風【居宅介護支援】奈良県吉野郡下市町阿知賀６２１番地の1", "url": "https://www.kaigokensaku.mhlw.go.jp/29/index.php?action_kouhyou_detail_004_kani=true&JigyosyoCd=2973700053-00&ServiceCd=430&Type=search", "url2": null }, "geometry": { "type": "Point", "coordinates": [ 135.793826529499825, 34.371735059660807 ] } },
{ "type": "Feature", "properties": { "内容": "ケプランセンター彩の里【居宅介護支援】奈良県吉野郡下市町阿知賀1122-1", "url": "https://www.kaigokensaku.mhlw.go.jp/29/index.php?action_kouhyou_detail_004_kani=true&JigyosyoCd=2973700210-00&ServiceCd=430&Type=search", "url2": "info@irodorinosato.com" }, "geometry": { "type": "Point", "coordinates": [ 135.79488779999997, 34.3802182 ] } },
{ "type": "Feature", "properties": { "内容": "居宅介護支援事業所　ふくにし【居宅介護支援】奈良県吉野郡下市町大字新住１５５－１", "url": "https://www.kaigokensaku.mhlw.go.jp/29/index.php?action_kouhyou_detail_004_kani=true&JigyosyoCd=2973700038-00&ServiceCd=430&Type=search", "url2": null }, "geometry": { "type": "Point", "coordinates": [ 135.782394299999964, 34.3806124 ] } },
{ "type": "Feature", "properties": { "内容": "居宅介護支援センターユートピアセグラ【居宅介護支援】奈良県吉野郡下市町阿知賀135", "url": "https://www.kaigokensaku.mhlw.go.jp/29/index.php?action_kouhyou_detail_004_kani=true&JigyosyoCd=2973700194-00&ServiceCd=430&Type=search", "url2": "https://www.ans.co.jp/n/utopia/segura_index.html" }, "geometry": { "type": "Point", "coordinates": [ 135.7914843, 34.3757777 ] } },
{ "type": "Feature", "properties": { "内容": "社会福祉法人　下市町社会福祉協議会【居宅介護支援】奈良県吉野郡下市町善城140-1", "url": "https://www.kaigokensaku.mhlw.go.jp/29/index.php?action_kouhyou_detail_004_kani=true&JigyosyoCd=2973700103-00&ServiceCd=430&Type=search", "url2": null }, "geometry": { "type": "Point", "coordinates": [ 135.793555776057502, 34.359870973005044 ] } },
{ "type": "Feature", "properties": { "内容": "社会福祉法人黒滝村社会福祉協議会【居宅介護支援】奈良県吉野郡黒滝村大字寺戸１８７番地の２", "url": "https://www.kaigokensaku.mhlw.go.jp/29/index.php?action_kouhyou_detail_004_kani=true&JigyosyoCd=2973800010-00&ServiceCd=430&Type=search", "url2": "http://kurotakisyakyo.com/" }, "geometry": { "type": "Point", "coordinates": [ 135.850106200000027, 34.3108234 ] } },
{ "type": "Feature", "properties": { "内容": "ケアサポートまえひら【居宅介護支援】奈良県吉野郡天川村川合306", "url": "https://www.kaigokensaku.mhlw.go.jp/29/index.php?action_kouhyou_detail_004_kani=true&JigyosyoCd=2974000040-00&ServiceCd=430&Type=search", "url2": "https://konokichinokimochi.com/" }, "geometry": { "type": "Point", "coordinates": [ 135.855075306082171, 34.244407737558319 ] } },
{ "type": "Feature", "properties": { "内容": "野迫川村居宅介護支援事業所【居宅介護支援】奈良県吉野郡野迫川村北股84", "url": "https://www.kaigokensaku.mhlw.go.jp/29/index.php?action_kouhyou_detail_004_kani=true&JigyosyoCd=2974100014-00&ServiceCd=430&Type=search", "url2": null }, "geometry": { "type": "Point", "coordinates": [ 135.6573501, 34.2090338 ] } },
{ "type": "Feature", "properties": { "内容": "十津川村社会福祉協議会居宅介護支援事業所【居宅介護支援】奈良県吉野郡十津川村大字風屋573番地十津川村北部老人憩の家", "url": "https://www.kaigokensaku.mhlw.go.jp/29/index.php?action_kouhyou_detail_004_kani=true&JigyosyoCd=2974300119-00&ServiceCd=430&Type=search", "url2": "https://www.shakyo.or.jp/hp/1278/" }, "geometry": { "type": "Point", "coordinates": [ 135.781276231205737, 34.043258069301899 ] } },
{ "type": "Feature", "properties": { "内容": "社会福祉法人下北山村社会福祉協議会【居宅介護支援】奈良県吉野郡下北山村大字浦向３７１番地", "url": "https://www.kaigokensaku.mhlw.go.jp/29/index.php?action_kouhyou_detail_004_kani=true&JigyosyoCd=2974400018-00&ServiceCd=430&Type=search", "url2": null }, "geometry": { "type": "Point", "coordinates": [ 135.95661640000003, 34.0006632 ] } },
{ "type": "Feature", "properties": { "内容": "社会福祉法人上北山村社会福祉協議会【居宅介護支援】奈良県吉野郡上北山村大字河合３８１番地", "url": "https://www.kaigokensaku.mhlw.go.jp/29/index.php?action_kouhyou_detail_004_kani=true&JigyosyoCd=2974500015-00&ServiceCd=430&Type=search", "url2": null }, "geometry": { "type": "Point", "coordinates": [ 136.002068799999961, 34.1325913 ] } },
{ "type": "Feature", "properties": { "内容": "社会福祉法人川上村社会福祉協議会【居宅介護支援】奈良県吉野郡川上村大字迫1374番地の2", "url": "https://www.kaigokensaku.mhlw.go.jp/29/index.php?action_kouhyou_detail_004_kani=true&JigyosyoCd=2974600013-00&ServiceCd=430&Type=search", "url2": null }, "geometry": { "type": "Point", "coordinates": [ 135.9584357, 34.3337274 ] } },
{ "type": "Feature", "properties": { "内容": "妙代ケアセンター【居宅介護支援】奈良県吉野郡東吉野村鷲家90・91番地の1", "url": "https://www.kaigokensaku.mhlw.go.jp/29/index.php?action_kouhyou_detail_004_kani=true&JigyosyoCd=2974700128-00&ServiceCd=430&Type=search", "url2": null }, "geometry": { "type": "Point", "coordinates": [ 135.98941149999996, 34.4234638 ] } },
{ "type": "Feature", "properties": { "内容": "あいの家居宅介護支援事業所【居宅介護支援】奈良県吉野郡東吉野村大字木津１５３番地", "url": "https://www.kaigokensaku.mhlw.go.jp/29/index.php?action_kouhyou_detail_004_kani=true&JigyosyoCd=2974700086-00&ServiceCd=430&Type=search", "url2": null }, "geometry": { "type": "Point", "coordinates": [ 136.03496610000002, 34.4242266 ] } },
{ "type": "Feature", "properties": { "内容": "ケアプランセンター中部【居宅介護支援】奈良県吉野郡東吉野村木津川288", "url": "https://www.kaigokensaku.mhlw.go.jp/29/index.php?action_kouhyou_detail_004_kani=true&JigyosyoCd=2974700060-00&ServiceCd=430&Type=search", "url2": null }, "geometry": { "type": "Point", "coordinates": [ 135.993952900000068, 34.3997973 ] } },
{ "type": "Feature", "properties": { "内容": "ケアサポート　ますい【居宅介護支援】奈良県吉野郡東吉野村大字小川315番地", "url": "https://www.kaigokensaku.mhlw.go.jp/29/index.php?action_kouhyou_detail_004_kani=true&JigyosyoCd=2974700045-00&ServiceCd=430&Type=search", "url2": null }, "geometry": { "type": "Point", "coordinates": [ 135.969012099999986, 34.4048321 ] } }
]
}
