{
"type": "FeatureCollection",
"name": "geo_29_訪問介護",
"crs": { "type": "name", "properties": { "name": "urn:ogc:def:crs:OGC:1.3:CRS84" } },
"features": [
{ "type": "Feature", "properties": { "内容": "ケアステーション　和【訪問介護】奈良県奈良市左京１丁目８番７号", "url": "https://www.kaigokensaku.mhlw.go.jp/29/index.php?action_kouhyou_detail_004_kani=true&JigyosyoCd=2960190458-00&ServiceCd=110&Type=search", "url2": null }, "geometry": { "type": "Point", "coordinates": [ 135.800483200000031, 34.7097702 ] } },
{ "type": "Feature", "properties": { "内容": "あすならハイツあやめ池　訪問介護【訪問介護】奈良県奈良市あやめ池南2丁目2-16", "url": "https://www.kaigokensaku.mhlw.go.jp/29/index.php?action_kouhyou_detail_004_kani=true&JigyosyoCd=2970106304-00&ServiceCd=110&Type=search", "url2": "http://www/asunaraenn.com" }, "geometry": { "type": "Point", "coordinates": [ 135.76196189999996, 34.6972541 ] } },
{ "type": "Feature", "properties": { "内容": "訪問介護　Step【訪問介護】奈良県奈良市南京終町７丁目５７１番地３", "url": "https://www.kaigokensaku.mhlw.go.jp/29/index.php?action_kouhyou_detail_004_kani=true&JigyosyoCd=2970106106-00&ServiceCd=110&Type=search", "url2": null }, "geometry": { "type": "Point", "coordinates": [ 135.827790300000061, 34.6660505 ] } },
{ "type": "Feature", "properties": { "内容": "ケア・サポートゆい【訪問介護】奈良市中山町1259", "url": "https://www.kaigokensaku.mhlw.go.jp/29/index.php?action_kouhyou_detail_004_kani=true&JigyosyoCd=2970104168-00&ServiceCd=110&Type=search", "url2": null }, "geometry": { "type": "Point", "coordinates": [ 135.7683611, 34.7104501 ] } },
{ "type": "Feature", "properties": { "内容": "ホームヘルプステーションなかがわ【訪問介護】奈良県奈良市奈良阪町167番地", "url": "https://www.kaigokensaku.mhlw.go.jp/29/index.php?action_kouhyou_detail_004_kani=true&JigyosyoCd=2970106262-00&ServiceCd=110&Type=search", "url2": "http://frei-stadt.com" }, "geometry": { "type": "Point", "coordinates": [ 135.829480600000011, 34.7089873 ] } },
{ "type": "Feature", "properties": { "内容": "株式会社　らくだ福祉会【訪問介護】奈良県奈良市大安寺一丁目2番17号ロイヤルコートＨＡＬ102号", "url": "https://www.kaigokensaku.mhlw.go.jp/29/index.php?action_kouhyou_detail_004_kani=true&JigyosyoCd=2970106718-00&ServiceCd=110&Type=search", "url2": null }, "geometry": { "type": "Point", "coordinates": [ 135.818124828380633, 34.669911028955219 ] } },
{ "type": "Feature", "properties": { "内容": "訪問介護いろは【訪問介護】南京終町４丁目337-1", "url": "https://www.kaigokensaku.mhlw.go.jp/29/index.php?action_kouhyou_detail_004_kani=true&JigyosyoCd=2970106973-00&ServiceCd=110&Type=search", "url2": "http://ameblo.jp/zuiou-63/" }, "geometry": { "type": "Point", "coordinates": [ 135.824702966517634, 34.668201140295302 ] } },
{ "type": "Feature", "properties": { "内容": "介護センター　すみれ【訪問介護】奈良市東九条町５３８", "url": "https://www.kaigokensaku.mhlw.go.jp/29/index.php?action_kouhyou_detail_004_kani=true&JigyosyoCd=2970104754-00&ServiceCd=110&Type=search", "url2": null }, "geometry": { "type": "Point", "coordinates": [ 135.812075, 34.6585011 ] } },
{ "type": "Feature", "properties": { "内容": "ケアステーションこどの【訪問介護】奈良県奈良市東九条町185シャンポール山添105", "url": "https://www.kaigokensaku.mhlw.go.jp/29/index.php?action_kouhyou_detail_004_kani=true&JigyosyoCd=2970106080-00&ServiceCd=110&Type=search", "url2": null }, "geometry": { "type": "Point", "coordinates": [ 135.8176856, 34.6555988 ] } },
{ "type": "Feature", "properties": { "内容": "訪問介護事業所ＳＨＡＲＡ【訪問介護】奈良市東九条町1115番地の16", "url": "https://www.kaigokensaku.mhlw.go.jp/29/index.php?action_kouhyou_detail_004_kani=true&JigyosyoCd=2970105322-00&ServiceCd=110&Type=search", "url2": null }, "geometry": { "type": "Point", "coordinates": [ 135.816746800000033, 34.6643089 ] } },
{ "type": "Feature", "properties": { "内容": "居宅介護サービスてくてく【訪問介護】大宮町7丁目2－23三和佐保川ビル202", "url": "https://www.kaigokensaku.mhlw.go.jp/29/index.php?action_kouhyou_detail_004_kani=true&JigyosyoCd=2970108078-00&ServiceCd=110&Type=search", "url2": "npopalpal.115115@gmail.com" }, "geometry": { "type": "Point", "coordinates": [ 135.806230899999946, 34.685745700000034 ] } },
{ "type": "Feature", "properties": { "内容": "株式会社花花【訪問介護】奈良県奈良市中山町４３番地", "url": "https://www.kaigokensaku.mhlw.go.jp/29/index.php?action_kouhyou_detail_004_kani=true&JigyosyoCd=2970107344-00&ServiceCd=110&Type=search", "url2": null }, "geometry": { "type": "Point", "coordinates": [ 135.7701154, 34.7095192 ] } },
{ "type": "Feature", "properties": { "内容": "アーク・ケア・サポート富雄【訪問介護】奈良市帝塚山5丁目7番14号", "url": "https://www.kaigokensaku.mhlw.go.jp/29/index.php?action_kouhyou_detail_004_kani=true&JigyosyoCd=2970107898-00&ServiceCd=110&Type=search", "url2": "http://hp.kaipoke.biz/cp9/access.html" }, "geometry": { "type": "Point", "coordinates": [ 135.7265065, 34.684707 ] } },
{ "type": "Feature", "properties": { "内容": "てんきになあれ。【訪問介護】奈良県奈良市紀寺町684メゾン紀寺4号", "url": "https://www.kaigokensaku.mhlw.go.jp/29/index.php?action_kouhyou_detail_004_kani=true&JigyosyoCd=2970107286-00&ServiceCd=110&Type=search", "url2": null }, "geometry": { "type": "Point", "coordinates": [ 135.834025699999984, 34.6729499 ] } },
{ "type": "Feature", "properties": { "内容": "ナイスハート「桜」【訪問介護】奈良市中山町1324-1", "url": "https://www.kaigokensaku.mhlw.go.jp/29/index.php?action_kouhyou_detail_004_kani=true&JigyosyoCd=2970108383-00&ServiceCd=110&Type=search", "url2": "http://www.nicecare-support.com/" }, "geometry": { "type": "Point", "coordinates": [ 135.769269, 34.711472 ] } },
{ "type": "Feature", "properties": { "内容": "ヘルパーステーション奈良桃寿園【訪問介護】奈良市芝辻町４丁目１２－４", "url": "https://www.kaigokensaku.mhlw.go.jp/29/index.php?action_kouhyou_detail_004_kani=true&JigyosyoCd=2970105298-00&ServiceCd=110&Type=search", "url2": "http://www.choseikai.or.jp" }, "geometry": { "type": "Point", "coordinates": [ 135.8087415, 34.6860063 ] } },
{ "type": "Feature", "properties": { "内容": "アースサポート奈良【訪問介護】奈良県奈良市内侍原町46番地の1", "url": "https://www.kaigokensaku.mhlw.go.jp/29/index.php?action_kouhyou_detail_004_kani=true&JigyosyoCd=2970104184-00&ServiceCd=110&Type=search", "url2": "http://www.earthsupport.co.jp" }, "geometry": { "type": "Point", "coordinates": [ 135.82623430000001, 34.6866008 ] } },
{ "type": "Feature", "properties": { "内容": "ばくのゆめ【訪問介護】奈良県奈良市法華寺町82の2", "url": "https://www.kaigokensaku.mhlw.go.jp/29/index.php?action_kouhyou_detail_004_kani=true&JigyosyoCd=2970106155-00&ServiceCd=110&Type=search", "url2": "http://bakunoyume.com/" }, "geometry": { "type": "Point", "coordinates": [ 135.809840260118875, 34.688450275386018 ] } },
{ "type": "Feature", "properties": { "内容": "介護支援センター鹿野園【訪問介護】奈良市古市町2139番地の14", "url": "https://www.kaigokensaku.mhlw.go.jp/29/index.php?action_kouhyou_detail_004_kani=true&JigyosyoCd=2970104143-00&ServiceCd=110&Type=search", "url2": null }, "geometry": { "type": "Point", "coordinates": [ 135.841911200000027, 34.6600294 ] } },
{ "type": "Feature", "properties": { "内容": "訪問介護　福助【訪問介護】奈良県奈良市南京終町８９－４", "url": "https://www.kaigokensaku.mhlw.go.jp/29/index.php?action_kouhyou_detail_004_kani=true&JigyosyoCd=2970108284-00&ServiceCd=110&Type=search", "url2": null }, "geometry": { "type": "Point", "coordinates": [ 135.824414100000013, 34.6682146 ] } },
{ "type": "Feature", "properties": { "内容": "株式会社ミルク【訪問介護】四条大路2-2-34四条大路ハイツA101", "url": "https://www.kaigokensaku.mhlw.go.jp/29/index.php?action_kouhyou_detail_004_kani=true&JigyosyoCd=2970105702-00&ServiceCd=110&Type=search", "url2": null }, "geometry": { "type": "Point", "coordinates": [ 135.799325434457387, 34.678978337037286 ] } },
{ "type": "Feature", "properties": { "内容": "ヘルパーステーションほほえみ【訪問介護】奈良県奈良市南紀寺町2-341-4", "url": "https://www.kaigokensaku.mhlw.go.jp/29/index.php?action_kouhyou_detail_004_kani=true&JigyosyoCd=2970108177-00&ServiceCd=110&Type=search", "url2": null }, "geometry": { "type": "Point", "coordinates": [ 135.835991971827752, 34.668973287239069 ] } },
{ "type": "Feature", "properties": { "内容": "新高和介護サービス【訪問介護】奈良県奈良市高天市町４９番地池田ビル３階", "url": "https://www.kaigokensaku.mhlw.go.jp/29/index.php?action_kouhyou_detail_004_kani=true&JigyosyoCd=2970106296-00&ServiceCd=110&Type=search", "url2": null }, "geometry": { "type": "Point", "coordinates": [ 135.825198399999977, 34.6854259 ] } },
{ "type": "Feature", "properties": { "内容": "訪問介護　さくら【訪問介護】奈良県奈良市大安寺３丁目９－１２マンション楠１０１", "url": "https://www.kaigokensaku.mhlw.go.jp/29/index.php?action_kouhyou_detail_004_kani=true&JigyosyoCd=2970104093-00&ServiceCd=110&Type=search", "url2": null }, "geometry": { "type": "Point", "coordinates": [ 135.80985290000001, 34.6714969 ] } },
{ "type": "Feature", "properties": { "内容": "合同会社ほほえみ【訪問介護】奈良県奈良市杉ヶ町35-2中田ビル201", "url": "https://www.kaigokensaku.mhlw.go.jp/29/index.php?action_kouhyou_detail_004_kani=true&JigyosyoCd=2970108581-00&ServiceCd=110&Type=search", "url2": null }, "geometry": { "type": "Point", "coordinates": [ 135.8208639, 34.678662 ] } },
{ "type": "Feature", "properties": { "内容": "一般社団法人福祉美容協会ポレ・ポレ訪問介【訪問介護】西木辻町134番地4", "url": "https://www.kaigokensaku.mhlw.go.jp/29/index.php?action_kouhyou_detail_004_kani=true&JigyosyoCd=2970108748-00&ServiceCd=110&Type=search", "url2": null }, "geometry": { "type": "Point", "coordinates": [ 135.8250629, 34.6728506 ] } },
{ "type": "Feature", "properties": { "内容": "訪問介護ステーション佐保の里【訪問介護】佐保台2丁目902-377", "url": "https://www.kaigokensaku.mhlw.go.jp/29/index.php?action_kouhyou_detail_004_kani=true&JigyosyoCd=2970107971-00&ServiceCd=110&Type=search", "url2": "http://www.lifeartcommunity.com" }, "geometry": { "type": "Point", "coordinates": [ 135.815313, 34.708087300000017 ] } },
{ "type": "Feature", "properties": { "内容": "てまり【訪問介護】奈良県奈良市西木辻町１２１番地の２朝日プラザ奈良プレシオ２０１号", "url": "https://www.kaigokensaku.mhlw.go.jp/29/index.php?action_kouhyou_detail_004_kani=true&JigyosyoCd=2970106403-00&ServiceCd=110&Type=search", "url2": null }, "geometry": { "type": "Point", "coordinates": [ 135.8268382, 34.673656 ] } },
{ "type": "Feature", "properties": { "内容": "陽気【訪問介護】奈良県奈良市芝辻町3丁目5-6", "url": "https://www.kaigokensaku.mhlw.go.jp/29/index.php?action_kouhyou_detail_004_kani=true&JigyosyoCd=2970108565-00&ServiceCd=110&Type=search", "url2": null }, "geometry": { "type": "Point", "coordinates": [ 135.816451199999989, 34.6873396 ] } },
{ "type": "Feature", "properties": { "内容": "介護支援センター　どんぐり【訪問介護】奈良県奈良市神殿町２９２－２", "url": "https://www.kaigokensaku.mhlw.go.jp/29/index.php?action_kouhyou_detail_004_kani=true&JigyosyoCd=2970106940-00&ServiceCd=110&Type=search", "url2": null }, "geometry": { "type": "Point", "coordinates": [ 135.8202632, 34.6631173 ] } },
{ "type": "Feature", "properties": { "内容": "訪問介護ステーションナービス奈良あやめ池【訪問介護】あやめ池北一丁目３２番１０－１", "url": "https://www.kaigokensaku.mhlw.go.jp/29/index.php?action_kouhyou_detail_004_kani=true&JigyosyoCd=2970105603-00&ServiceCd=110&Type=search", "url2": "http.//www.kjl.co.jp" }, "geometry": { "type": "Point", "coordinates": [ 135.761123, 34.7015619 ] } },
{ "type": "Feature", "properties": { "内容": "訪問介護　春【訪問介護】奈良県奈良市南紀寺町３丁目３０７－４", "url": "https://www.kaigokensaku.mhlw.go.jp/29/index.php?action_kouhyou_detail_004_kani=true&JigyosyoCd=2970104960-00&ServiceCd=110&Type=search", "url2": null }, "geometry": { "type": "Point", "coordinates": [ 135.812033199999973, 34.6758019 ] } },
{ "type": "Feature", "properties": { "内容": "介護老人保健施設ももたろう【訪問介護】奈良県奈良市都祁友田町515-1", "url": "https://www.kaigokensaku.mhlw.go.jp/29/index.php?action_kouhyou_detail_004_kani=true&JigyosyoCd=2951180146-00&ServiceCd=110&Type=search", "url2": "https://kaigo-momotaro.jp/" }, "geometry": { "type": "Point", "coordinates": [ 135.953131190671826, 34.600481780031323 ] } },
{ "type": "Feature", "properties": { "内容": "ヘルパーステーションフリーダム21【訪問介護】奈良県奈良市般若寺町２８５番地の２", "url": "https://www.kaigokensaku.mhlw.go.jp/29/index.php?action_kouhyou_detail_004_kani=true&JigyosyoCd=2970102204-00&ServiceCd=110&Type=search", "url2": "https://freedom21.jp/" }, "geometry": { "type": "Point", "coordinates": [ 135.837100725777645, 34.69923416372351 ] } },
{ "type": "Feature", "properties": { "内容": "ケアサポート貴都【訪問介護】奈良県奈良市青山四丁目３番地の２", "url": "https://www.kaigokensaku.mhlw.go.jp/29/index.php?action_kouhyou_detail_004_kani=true&JigyosyoCd=2970190183-00&ServiceCd=110&Type=search", "url2": null }, "geometry": { "type": "Point", "coordinates": [ 135.837681604893532, 34.707060056089752 ] } },
{ "type": "Feature", "properties": { "内容": "優倭ホームケアサービス【訪問介護】奈良県奈良市平松2丁目22番32号プロシード101号室", "url": "https://www.kaigokensaku.mhlw.go.jp/29/index.php?action_kouhyou_detail_004_kani=true&JigyosyoCd=2970107153-00&ServiceCd=110&Type=search", "url2": null }, "geometry": { "type": "Point", "coordinates": [ 135.7774554, 34.6766376 ] } },
{ "type": "Feature", "properties": { "内容": "有限会社　テンダー・ハート【訪問介護】奈良県奈良市大宮町2丁目5-9パル若草102", "url": "https://www.kaigokensaku.mhlw.go.jp/29/index.php?action_kouhyou_detail_004_kani=true&JigyosyoCd=2970101909-00&ServiceCd=110&Type=search", "url2": "https://tenderheart-hc.co.jp/" }, "geometry": { "type": "Point", "coordinates": [ 135.816165599999977, 34.6837272 ] } },
{ "type": "Feature", "properties": { "内容": "訪問介護ステーションりーべ【訪問介護】奈良県奈良市北之庄町736-1奈良事務機ビル本館１階", "url": "https://www.kaigokensaku.mhlw.go.jp/29/index.php?action_kouhyou_detail_004_kani=true&JigyosyoCd=2970105470-00&ServiceCd=110&Type=search", "url2": null }, "geometry": { "type": "Point", "coordinates": [ 135.820104799999967, 34.6543573 ] } },
{ "type": "Feature", "properties": { "内容": "ヘルパーステーション　アンジェロ【訪問介護】奈良県奈良市帝塚山二丁目21番21号", "url": "https://www.kaigokensaku.mhlw.go.jp/29/index.php?action_kouhyou_detail_004_kani=true&JigyosyoCd=2970107096-00&ServiceCd=110&Type=search", "url2": "https://asukakai.or.jp" }, "geometry": { "type": "Point", "coordinates": [ 135.730900799999972, 34.6854855 ] } },
{ "type": "Feature", "properties": { "内容": "サンケア【訪問介護】学園大和町1-1433－３", "url": "https://www.kaigokensaku.mhlw.go.jp/29/index.php?action_kouhyou_detail_004_kani=true&JigyosyoCd=2970104002-00&ServiceCd=110&Type=search", "url2": "http://www.suncare-group.com" }, "geometry": { "type": "Point", "coordinates": [ 135.74848756108247, 34.690129235719233 ] } },
{ "type": "Feature", "properties": { "内容": "スーパー・コートＪＲ奈良駅前訪問介護事業所【訪問介護】奈良市大宮町１丁目３－３２", "url": "https://www.kaigokensaku.mhlw.go.jp/29/index.php?action_kouhyou_detail_004_kani=true&JigyosyoCd=2970104481-00&ServiceCd=110&Type=search", "url2": "http://www.supercourt.jp" }, "geometry": { "type": "Point", "coordinates": [ 135.818474706082156, 34.682486560959994 ] } },
{ "type": "Feature", "properties": { "内容": "ライフサポート貴ヶ丘【訪問介護】三碓3丁目12番17号ライフサポート貴ヶ丘1Ｆ", "url": "https://www.kaigokensaku.mhlw.go.jp/29/index.php?action_kouhyou_detail_004_kani=true&JigyosyoCd=2970103087-00&ServiceCd=110&Type=search", "url2": null }, "geometry": { "type": "Point", "coordinates": [ 135.741063700000041, 34.6878299 ] } },
{ "type": "Feature", "properties": { "内容": "福祉相談サービスセンター・アメニティーライフ・アシスト【訪問介護】西木辻町91-4ヤングビル3Ｆ", "url": "https://www.kaigokensaku.mhlw.go.jp/29/index.php?action_kouhyou_detail_004_kani=true&JigyosyoCd=2970104630-00&ServiceCd=110&Type=search", "url2": "http://amenitylife-assist.org" }, "geometry": { "type": "Point", "coordinates": [ 135.822462800000039, 34.6742605 ] } },
{ "type": "Feature", "properties": { "内容": "訪問介護ステーション　イエローラヴィット【訪問介護】大森町24-1メゾンアンテルテ　奈良512", "url": "https://www.kaigokensaku.mhlw.go.jp/29/index.php?action_kouhyou_detail_004_kani=true&JigyosyoCd=2970190365-00&ServiceCd=110&Type=search", "url2": null }, "geometry": { "type": "Point", "coordinates": [ 135.82028, 34.67619 ] } },
{ "type": "Feature", "properties": { "内容": "平城園ホームヘルプステーション【訪問介護】奈良市秋篠町１５６７番地", "url": "https://www.kaigokensaku.mhlw.go.jp/29/index.php?action_kouhyou_detail_004_kani=true&JigyosyoCd=2970101073-00&ServiceCd=110&Type=search", "url2": "http://fukujukai.or.jp/heijyo/" }, "geometry": { "type": "Point", "coordinates": [ 135.7789239, 34.7121751 ] } },
{ "type": "Feature", "properties": { "内容": "ほっとハート【訪問介護】奈良市七条町100番地の4", "url": "https://www.kaigokensaku.mhlw.go.jp/29/index.php?action_kouhyou_detail_004_kani=true&JigyosyoCd=2970101537-00&ServiceCd=110&Type=search", "url2": null }, "geometry": { "type": "Point", "coordinates": [ 135.789136552253723, 34.664263690747539 ] } },
{ "type": "Feature", "properties": { "内容": "有限会社サポートさくら【訪問介護】あやめ池南5丁目1-34", "url": "https://www.kaigokensaku.mhlw.go.jp/29/index.php?action_kouhyou_detail_004_kani=true&JigyosyoCd=2970108300-00&ServiceCd=110&Type=search", "url2": null }, "geometry": { "type": "Point", "coordinates": [ 135.7650013, 34.693996 ] } },
{ "type": "Feature", "properties": { "内容": "岡谷会ホームヘルプステーション【訪問介護】奈良市西木辻町200番地岡谷会本館３階", "url": "https://www.kaigokensaku.mhlw.go.jp/29/index.php?action_kouhyou_detail_004_kani=true&JigyosyoCd=2970100067-00&ServiceCd=110&Type=search", "url2": "http://www.okatani.or.jp/zaitaku/" }, "geometry": { "type": "Point", "coordinates": [ 135.825034800000026, 34.6740856 ] } },
{ "type": "Feature", "properties": { "内容": "介護相談センター福丸【訪問介護】奈良市朱雀6丁目１－１４コンフォート朱雀Ⅱ３－Ａ", "url": "https://www.kaigokensaku.mhlw.go.jp/29/index.php?action_kouhyou_detail_004_kani=true&JigyosyoCd=2970105793-00&ServiceCd=110&Type=search", "url2": null }, "geometry": { "type": "Point", "coordinates": [ 135.797780500000044, 34.7132198 ] } },
{ "type": "Feature", "properties": { "内容": "訪問介護ステーションほのぼの【訪問介護】奈良市東九条町125‐1", "url": "https://www.kaigokensaku.mhlw.go.jp/29/index.php?action_kouhyou_detail_004_kani=true&JigyosyoCd=2970103582-00&ServiceCd=110&Type=search", "url2": "http://honobono-st.net/" }, "geometry": { "type": "Point", "coordinates": [ 135.815394199999986, 34.6552432 ] } },
{ "type": "Feature", "properties": { "内容": "とみお診療所ホームヘルプステーション【訪問介護】奈良県奈良市富雄元町2-7-25　ＳＳＫビル202号室", "url": "https://www.kaigokensaku.mhlw.go.jp/29/index.php?action_kouhyou_detail_004_kani=true&JigyosyoCd=2970100927-00&ServiceCd=110&Type=search", "url2": "http://care-net.biz/29/heiwahelp/index.php" }, "geometry": { "type": "Point", "coordinates": [ 135.735245601049741, 34.69113470042543 ] } },
{ "type": "Feature", "properties": { "内容": "やぐら訪問介護【訪問介護】佐保台西町31番1号マキシム平城山202号", "url": "https://www.kaigokensaku.mhlw.go.jp/29/index.php?action_kouhyou_detail_004_kani=true&JigyosyoCd=2970107427-00&ServiceCd=110&Type=search", "url2": "http://hp.kaipoke.biz/avf/" }, "geometry": { "type": "Point", "coordinates": [ 135.807201909342609, 34.707979881322899 ] } },
{ "type": "Feature", "properties": { "内容": "訪問介護事業所はるひ【訪問介護】奈良県奈良市二名2丁目2492-7", "url": "https://www.kaigokensaku.mhlw.go.jp/29/index.php?action_kouhyou_detail_004_kani=true&JigyosyoCd=2970190092-00&ServiceCd=110&Type=search", "url2": "https://kasugaen-haruhi.net/" }, "geometry": { "type": "Point", "coordinates": [ 135.735637373704236, 34.702456513370166 ] } },
{ "type": "Feature", "properties": { "内容": "介護ステーションやまと【訪問介護】奈良県奈良市富雄川西2-23-15", "url": "https://www.kaigokensaku.mhlw.go.jp/29/index.php?action_kouhyou_detail_004_kani=true&JigyosyoCd=2970190266-00&ServiceCd=110&Type=search", "url2": null }, "geometry": { "type": "Point", "coordinates": [ 135.7277748, 34.694363 ] } },
{ "type": "Feature", "properties": { "内容": "ほうもんかいごらのっくならさんじょう【訪問介護】奈良県奈良市三条町６０６-９９３０３号室", "url": "https://www.kaigokensaku.mhlw.go.jp/29/index.php?action_kouhyou_detail_004_kani=true&JigyosyoCd=2970190738-00&ServiceCd=110&Type=search", "url2": null }, "geometry": { "type": "Point", "coordinates": [ 135.8211957, 34.679626 ] } },
{ "type": "Feature", "properties": { "内容": "吉田病院ホームヘルプステーション【訪問介護】奈良市西大寺赤田町1-7-1", "url": "https://www.kaigokensaku.mhlw.go.jp/29/index.php?action_kouhyou_detail_004_kani=true&JigyosyoCd=2970101321-00&ServiceCd=110&Type=search", "url2": null }, "geometry": { "type": "Point", "coordinates": [ 135.771827700000017, 34.699443 ] } },
{ "type": "Feature", "properties": { "内容": "エンジェルハート【訪問介護】奈良県奈良市七条１丁目36-45103", "url": "https://www.kaigokensaku.mhlw.go.jp/29/index.php?action_kouhyou_detail_004_kani=true&JigyosyoCd=2970105314-00&ServiceCd=110&Type=search", "url2": null }, "geometry": { "type": "Point", "coordinates": [ 135.78285022825321, 34.662486851938176 ] } },
{ "type": "Feature", "properties": { "内容": "まーめいどヘルパーセンター【訪問介護】奈良県奈良市神殿町６４５－１", "url": "https://www.kaigokensaku.mhlw.go.jp/29/index.php?action_kouhyou_detail_004_kani=true&JigyosyoCd=2970107534-00&ServiceCd=110&Type=search", "url2": "http://tanikake.com/mermaid/" }, "geometry": { "type": "Point", "coordinates": [ 135.819032398461758, 34.657645097544084 ] } },
{ "type": "Feature", "properties": { "内容": "訪問介護事業所ネクスト【訪問介護】奈良県奈良市柏木町５８－６－Ａ２０１", "url": "https://www.kaigokensaku.mhlw.go.jp/29/index.php?action_kouhyou_detail_004_kani=true&JigyosyoCd=2970190621-00&ServiceCd=110&Type=search", "url2": null }, "geometry": { "type": "Point", "coordinates": [ 135.797190300000011, 34.6743631 ] } },
{ "type": "Feature", "properties": { "内容": "訪問介護事業所虹【訪問介護】法華寺町74番地の5", "url": "https://www.kaigokensaku.mhlw.go.jp/29/index.php?action_kouhyou_detail_004_kani=true&JigyosyoCd=2970108318-00&ServiceCd=110&Type=search", "url2": "https://houmonkaigo.jp" }, "geometry": { "type": "Point", "coordinates": [ 135.8094289, 34.6884974 ] } },
{ "type": "Feature", "properties": { "内容": "株式会社まごころ福祉　訪問介護事業所【訪問介護】奈良市中山町西4丁目535-526", "url": "https://www.kaigokensaku.mhlw.go.jp/29/index.php?action_kouhyou_detail_004_kani=true&JigyosyoCd=2970100109-00&ServiceCd=110&Type=search", "url2": "http://www.magokoro.co.jp/" }, "geometry": { "type": "Point", "coordinates": [ 135.75889810000001, 34.7092833 ] } },
{ "type": "Feature", "properties": { "内容": "自立生活センター・サポート２４【訪問介護】奈良県奈良市法蓮町１０２７－１若草ハイツ１Ｆ", "url": "https://www.kaigokensaku.mhlw.go.jp/29/index.php?action_kouhyou_detail_004_kani=true&JigyosyoCd=2970105488-00&ServiceCd=110&Type=search", "url2": "建設中" }, "geometry": { "type": "Point", "coordinates": [ 135.82440295092627, 34.689815895645154 ] } },
{ "type": "Feature", "properties": { "内容": "訪問介護ステーション　オネスティ【訪問介護】奈良市南京終町2丁目1201-17", "url": "https://www.kaigokensaku.mhlw.go.jp/29/index.php?action_kouhyou_detail_004_kani=true&JigyosyoCd=2970102261-00&ServiceCd=110&Type=search", "url2": null }, "geometry": { "type": "Point", "coordinates": [ 135.81900966167774, 34.669166897360491 ] } },
{ "type": "Feature", "properties": { "内容": "奈良在宅ホスピス支援センターひばり【訪問介護】奈良市三碓6-9-22", "url": "https://www.kaigokensaku.mhlw.go.jp/29/index.php?action_kouhyou_detail_004_kani=true&JigyosyoCd=2970103368-00&ServiceCd=110&Type=search", "url2": "http://hibari-support.jp/" }, "geometry": { "type": "Point", "coordinates": [ 135.737747399999989, 34.6824804 ] } },
{ "type": "Feature", "properties": { "内容": "IKI-IKIケアステーション【訪問介護】奈良県奈良市七条東町4-21ヨシケイ奈良営業所２階", "url": "https://www.kaigokensaku.mhlw.go.jp/29/index.php?action_kouhyou_detail_004_kani=true&JigyosyoCd=2970190845-00&ServiceCd=110&Type=search", "url2": null }, "geometry": { "type": "Point", "coordinates": [ 135.788163, 34.662087 ] } },
{ "type": "Feature", "properties": { "内容": "ヘルパーステーションＬＵＰＩＮ宝来【訪問介護】奈良県奈良市宝来4丁目9番30号", "url": "https://www.kaigokensaku.mhlw.go.jp/29/index.php?action_kouhyou_detail_004_kani=true&JigyosyoCd=2970190936-00&ServiceCd=110&Type=search", "url2": "https://www.lupin-inc.co.jp/" }, "geometry": { "type": "Point", "coordinates": [ 135.77250426679538, 34.680952154040604 ] } },
{ "type": "Feature", "properties": { "内容": "NPO法人ライフケア王寺　奈良事務所【訪問介護】奈良県奈良市五条畑1丁目29番5号", "url": "https://www.kaigokensaku.mhlw.go.jp/29/index.php?action_kouhyou_detail_004_kani=true&JigyosyoCd=2970108367-00&ServiceCd=110&Type=search", "url2": "http://lifecare-ouji.or.jp/" }, "geometry": { "type": "Point", "coordinates": [ 135.7673064, 34.6760488 ] } },
{ "type": "Feature", "properties": { "内容": "Care-Supportohana【訪問介護】奈良県奈良市小倉町１２３１番地の２", "url": "https://www.kaigokensaku.mhlw.go.jp/29/index.php?action_kouhyou_detail_004_kani=true&JigyosyoCd=2970190233-00&ServiceCd=110&Type=search", "url2": null }, "geometry": { "type": "Point", "coordinates": [ 135.991414099999986, 34.6251292 ] } },
{ "type": "Feature", "properties": { "内容": "SOMPOケア　三条桧町　訪問介護【訪問介護】奈良市三条桧町２２－１２そんぽの家Ｓ三条桧町", "url": "https://www.kaigokensaku.mhlw.go.jp/29/index.php?action_kouhyou_detail_004_kani=true&JigyosyoCd=2970104325-00&ServiceCd=110&Type=search", "url2": "https://www.sompocare.com/" }, "geometry": { "type": "Point", "coordinates": [ 135.811111, 34.6775517 ] } },
{ "type": "Feature", "properties": { "内容": "けいはんなヘルパーステーション【訪問介護】奈良市二名三丁目952-1", "url": "https://www.kaigokensaku.mhlw.go.jp/29/index.php?action_kouhyou_detail_004_kani=true&JigyosyoCd=2970101263-00&ServiceCd=110&Type=search", "url2": "https://careterrace.co.jp" }, "geometry": { "type": "Point", "coordinates": [ 135.73228389999997, 34.7051558 ] } },
{ "type": "Feature", "properties": { "内容": "かぐや姫【訪問介護】奈良市鳥見町２丁目１９番地の２", "url": "https://www.kaigokensaku.mhlw.go.jp/29/index.php?action_kouhyou_detail_004_kani=true&JigyosyoCd=2970102899-00&ServiceCd=110&Type=search", "url2": "https://teikuai.grupo.jp" }, "geometry": { "type": "Point", "coordinates": [ 135.725606800000037, 34.6898961 ] } },
{ "type": "Feature", "properties": { "内容": "スマイルメイク【訪問介護】奈良県奈良市柏木町５１９番19アイメール柏木", "url": "https://www.kaigokensaku.mhlw.go.jp/29/index.php?action_kouhyou_detail_004_kani=true&JigyosyoCd=2970104523-00&ServiceCd=110&Type=search", "url2": null }, "geometry": { "type": "Point", "coordinates": [ 135.79906219999998, 34.6722968 ] } },
{ "type": "Feature", "properties": { "内容": "ホームケアー株式会社奈良ヘルパーステーション【訪問介護】奈良市川久保町6-1ホームケアー奈良", "url": "https://www.kaigokensaku.mhlw.go.jp/29/index.php?action_kouhyou_detail_004_kani=true&JigyosyoCd=2970100265-00&ServiceCd=110&Type=search", "url2": "https://www.homecare.co.jp" }, "geometry": { "type": "Point", "coordinates": [ 135.833244198539518, 34.688763881577671 ] } },
{ "type": "Feature", "properties": { "内容": "メビウスまほろば訪問介護事業所【訪問介護】奈良県奈良市六条西四丁目６番２０号", "url": "https://www.kaigokensaku.mhlw.go.jp/29/index.php?action_kouhyou_detail_004_kani=true&JigyosyoCd=2970107930-00&ServiceCd=110&Type=search", "url2": "https://www.nishinokyo.or.jp/kaigo/mahoroba/" }, "geometry": { "type": "Point", "coordinates": [ 135.77102895826647, 34.665145253281281 ] } },
{ "type": "Feature", "properties": { "内容": "エリシオン介護ステーション奈良【訪問介護】奈良県奈良市石木町８００", "url": "https://www.kaigokensaku.mhlw.go.jp/29/index.php?action_kouhyou_detail_004_kani=true&JigyosyoCd=2970106577-00&ServiceCd=110&Type=search", "url2": null }, "geometry": { "type": "Point", "coordinates": [ 135.757750081675681, 34.664955173096175 ] } },
{ "type": "Feature", "properties": { "内容": "訪問介護ステーションなら八条【訪問介護】八条五丁目４３７－１０", "url": "https://www.kaigokensaku.mhlw.go.jp/29/index.php?action_kouhyou_detail_004_kani=true&JigyosyoCd=2970104879-00&ServiceCd=110&Type=search", "url2": "http;//www.houzankai.jp" }, "geometry": { "type": "Point", "coordinates": [ 135.799123399999985, 34.6664891 ] } },
{ "type": "Feature", "properties": { "内容": "アップル学園前ヘルパーステーション【訪問介護】奈良市中登美ヶ丘四丁目３番", "url": "https://www.kaigokensaku.mhlw.go.jp/29/index.php?action_kouhyou_detail_004_kani=true&JigyosyoCd=2970102154-00&ServiceCd=110&Type=search", "url2": "http://www.apple-g.or.jp" }, "geometry": { "type": "Point", "coordinates": [ 135.744669210450724, 34.721735792527149 ] } },
{ "type": "Feature", "properties": { "内容": "沢井病院ヘルパーステーション【訪問介護】奈良市法蓮町602-1", "url": "https://www.kaigokensaku.mhlw.go.jp/29/index.php?action_kouhyou_detail_004_kani=true&JigyosyoCd=2970101081-00&ServiceCd=110&Type=search", "url2": "http://sawai.or.jp/" }, "geometry": { "type": "Point", "coordinates": [ 135.81490180000003, 34.6939303 ] } },
{ "type": "Feature", "properties": { "内容": "寧楽１０１０【訪問介護】奈良県奈良市中山町1511-1天寿の里106", "url": "https://www.kaigokensaku.mhlw.go.jp/29/index.php?action_kouhyou_detail_004_kani=true&JigyosyoCd=2970108193-00&ServiceCd=110&Type=search", "url2": "https://www.kyoei-gr.co.jp/" }, "geometry": { "type": "Point", "coordinates": [ 135.772776828241717, 34.711949268517436 ] } },
{ "type": "Feature", "properties": { "内容": "訪問介護事業所紫陽花【訪問介護】奈良県奈良市杏町546-1ワンルーフ10-101号", "url": "https://www.kaigokensaku.mhlw.go.jp/29/index.php?action_kouhyou_detail_004_kani=true&JigyosyoCd=2970108151-00&ServiceCd=110&Type=search", "url2": null }, "geometry": { "type": "Point", "coordinates": [ 135.807772800000066, 34.6605455 ] } },
{ "type": "Feature", "properties": { "内容": "アウルケアサービス【訪問介護】奈良県奈良市南永井町６４番地の４", "url": "https://www.kaigokensaku.mhlw.go.jp/29/index.php?action_kouhyou_detail_004_kani=true&JigyosyoCd=2970190258-00&ServiceCd=110&Type=search", "url2": null }, "geometry": { "type": "Point", "coordinates": [ 135.81958, 34.6508901 ] } },
{ "type": "Feature", "properties": { "内容": "訪問介護　福助【訪問介護】奈良県奈良市南京終町1丁目89－4", "url": "https://www.kaigokensaku.mhlw.go.jp/29/index.php?action_kouhyou_detail_004_kani=true&JigyosyoCd=2970190795-00&ServiceCd=110&Type=search", "url2": null }, "geometry": { "type": "Point", "coordinates": [ 135.8222472, 34.6721019 ] } },
{ "type": "Feature", "properties": { "内容": "ヘルパー・め組【訪問介護】奈良県奈良市般若寺町167-4レインボーマンション般若寺103号", "url": "https://www.kaigokensaku.mhlw.go.jp/29/index.php?action_kouhyou_detail_004_kani=true&JigyosyoCd=2970108011-00&ServiceCd=110&Type=search", "url2": null }, "geometry": { "type": "Point", "coordinates": [ 135.835384465738002, 34.699579297629995 ] } },
{ "type": "Feature", "properties": { "内容": "ほうもんかいごらのっく【訪問介護】奈良市西大寺赤田町2-1-3エミエール西大寺101号", "url": "https://www.kaigokensaku.mhlw.go.jp/29/index.php?action_kouhyou_detail_004_kani=true&JigyosyoCd=2970190654-00&ServiceCd=110&Type=search", "url2": null }, "geometry": { "type": "Point", "coordinates": [ 135.76826, 34.698024 ] } },
{ "type": "Feature", "properties": { "内容": "はぁ～と奈良ヘルパーステーション【訪問介護】大森町299-6", "url": "https://www.kaigokensaku.mhlw.go.jp/29/index.php?action_kouhyou_detail_004_kani=true&JigyosyoCd=2970105652-00&ServiceCd=110&Type=search", "url2": "http://heart-toka.com/" }, "geometry": { "type": "Point", "coordinates": [ 135.824644625513088, 34.677727632277715 ] } },
{ "type": "Feature", "properties": { "内容": "訪問介護事業所アクア【訪問介護】奈良県奈良市左京1－14－3B102", "url": "https://www.kaigokensaku.mhlw.go.jp/29/index.php?action_kouhyou_detail_004_kani=true&JigyosyoCd=2970108854-00&ServiceCd=110&Type=search", "url2": "http://hp.kaipoke.biz/F90/http://hp.kaipoke.biz/f90/" }, "geometry": { "type": "Point", "coordinates": [ 135.800784599999986, 34.7116515 ] } },
{ "type": "Feature", "properties": { "内容": "アクティブライフ中町倶楽部【訪問介護】奈良県奈良市大倭町１－３５エスティームライフ学園前内", "url": "https://www.kaigokensaku.mhlw.go.jp/29/index.php?action_kouhyou_detail_004_kani=true&JigyosyoCd=2970100695-00&ServiceCd=110&Type=search", "url2": "https://www.activelife.co.jp" }, "geometry": { "type": "Point", "coordinates": [ 135.756782551439187, 34.681844826610764 ] } },
{ "type": "Feature", "properties": { "内容": "ヘルパーステーションあすか【訪問介護】奈良市西九条町2-4-10ウエルズ21西九条102", "url": "https://www.kaigokensaku.mhlw.go.jp/29/index.php?action_kouhyou_detail_004_kani=true&JigyosyoCd=2970107518-00&ServiceCd=110&Type=search", "url2": null }, "geometry": { "type": "Point", "coordinates": [ 135.808389, 34.6555403 ] } },
{ "type": "Feature", "properties": { "内容": "ヘルパーステーション太陽【訪問介護】奈良市高天市町22番地の1", "url": "https://www.kaigokensaku.mhlw.go.jp/29/index.php?action_kouhyou_detail_004_kani=true&JigyosyoCd=2970101404-00&ServiceCd=110&Type=search", "url2": "http://www5.kcn.ne.jp/~ace-101/" }, "geometry": { "type": "Point", "coordinates": [ 135.825609635581941, 34.685708701060008 ] } },
{ "type": "Feature", "properties": { "内容": "カームヘルパーステーション【訪問介護】奈良市菅原東1-9-7", "url": "https://www.kaigokensaku.mhlw.go.jp/29/index.php?action_kouhyou_detail_004_kani=true&JigyosyoCd=2970103954-00&ServiceCd=110&Type=search", "url2": "http://nara-calm.com" }, "geometry": { "type": "Point", "coordinates": [ 135.780030099999976, 34.6852783 ] } },
{ "type": "Feature", "properties": { "内容": "カームネススマイル【訪問介護】奈良市押熊町３９５番１梅守マンション", "url": "https://www.kaigokensaku.mhlw.go.jp/29/index.php?action_kouhyou_detail_004_kani=true&JigyosyoCd=2970104085-00&ServiceCd=110&Type=search", "url2": "http://www.calmness-smile.com" }, "geometry": { "type": "Point", "coordinates": [ 135.771797, 34.7154097 ] } },
{ "type": "Feature", "properties": { "内容": "クオーレ介護サービス【訪問介護】古市町1773番地の1", "url": "https://www.kaigokensaku.mhlw.go.jp/29/index.php?action_kouhyou_detail_004_kani=true&JigyosyoCd=2970107799-00&ServiceCd=110&Type=search", "url2": null }, "geometry": { "type": "Point", "coordinates": [ 135.840441899999973, 34.6612431 ] } },
{ "type": "Feature", "properties": { "内容": "ソワン訪問介護センター【訪問介護】奈良県奈良市鶴舞西町2-17ヴィラ学園前1階102号室", "url": "https://www.kaigokensaku.mhlw.go.jp/29/index.php?action_kouhyou_detail_004_kani=true&JigyosyoCd=2970107575-00&ServiceCd=110&Type=search", "url2": "httpw://www.mis0.com/gaiyou.html" }, "geometry": { "type": "Point", "coordinates": [ 135.748374517835003, 34.703829597461223 ] } },
{ "type": "Feature", "properties": { "内容": "ケア２１奈良新大宮【訪問介護】奈良県奈良市大宮町六丁目2-14艸香駅前ビル201号室", "url": "https://www.kaigokensaku.mhlw.go.jp/29/index.php?action_kouhyou_detail_004_kani=true&JigyosyoCd=2970190175-00&ServiceCd=110&Type=search", "url2": null }, "geometry": { "type": "Point", "coordinates": [ 135.810171, 34.6847752 ] } },
{ "type": "Feature", "properties": { "内容": "ケア21富雄【訪問介護】奈良県奈良市富雄元町２丁目6番-48ライオンズプラザ富雄210-1", "url": "https://www.kaigokensaku.mhlw.go.jp/29/index.php?action_kouhyou_detail_004_kani=true&JigyosyoCd=2970108888-00&ServiceCd=110&Type=search", "url2": null }, "geometry": { "type": "Point", "coordinates": [ 135.7357276, 34.6925215 ] } },
{ "type": "Feature", "properties": { "内容": "訪問介護ココピタスマイル【訪問介護】奈良県奈良市学園朝日元町1-1898-5", "url": "https://www.kaigokensaku.mhlw.go.jp/29/index.php?action_kouhyou_detail_004_kani=true&JigyosyoCd=2970108037-00&ServiceCd=110&Type=search", "url2": null }, "geometry": { "type": "Point", "coordinates": [ 135.755743400000028, 34.7039037 ] } },
{ "type": "Feature", "properties": { "内容": "介護クラーク奈良【訪問介護】大森町148番", "url": "https://www.kaigokensaku.mhlw.go.jp/29/index.php?action_kouhyou_detail_004_kani=true&JigyosyoCd=2970190522-00&ServiceCd=110&Type=search", "url2": "https://cuc-hospice.com/rehope/hospice/786/" }, "geometry": { "type": "Point", "coordinates": [ 140.1485181, 35.5792978 ] } },
{ "type": "Feature", "properties": { "内容": "スーパー・コートあやめ池訪問介護事業所【訪問介護】奈良県奈良市あやめ池南1丁目3-20", "url": "https://www.kaigokensaku.mhlw.go.jp/29/index.php?action_kouhyou_detail_004_kani=true&JigyosyoCd=2970105678-00&ServiceCd=110&Type=search", "url2": null }, "geometry": { "type": "Point", "coordinates": [ 135.76090202003968, 34.696488945380096 ] } },
{ "type": "Feature", "properties": { "内容": "スーパー・コートプレミアム奈良・学園前訪問介護事業所【訪問介護】奈良県奈良市学園南三丁目15-35ルミエール101号室", "url": "https://www.kaigokensaku.mhlw.go.jp/29/index.php?action_kouhyou_detail_004_kani=true&JigyosyoCd=2970190001-00&ServiceCd=110&Type=search", "url2": null }, "geometry": { "type": "Point", "coordinates": [ 135.749530335688092, 34.695342043836433 ] } },
{ "type": "Feature", "properties": { "内容": "アクア奈良訪問介護【訪問介護】奈良県奈良市佐保台西町67番地", "url": "https://www.kaigokensaku.mhlw.go.jp/29/index.php?action_kouhyou_detail_004_kani=true&JigyosyoCd=2970190779-00&ServiceCd=110&Type=search", "url2": null }, "geometry": { "type": "Point", "coordinates": [ 135.8084091, 34.7091187 ] } },
{ "type": "Feature", "properties": { "内容": "株式会社スリーピース【訪問介護】奈良県奈良市神功5-3-3ルルデハイツⅡ-103", "url": "https://www.kaigokensaku.mhlw.go.jp/29/index.php?action_kouhyou_detail_004_kani=true&JigyosyoCd=2970190787-00&ServiceCd=110&Type=search", "url2": null }, "geometry": { "type": "Point", "coordinates": [ 135.772092500000014, 34.7213834 ] } },
{ "type": "Feature", "properties": { "内容": "チャームヘルパーステーション奈良学園前【訪問介護】奈良県奈良市鶴舞東町1番36号", "url": "https://www.kaigokensaku.mhlw.go.jp/29/index.php?action_kouhyou_detail_004_kani=true&JigyosyoCd=2970108649-00&ServiceCd=110&Type=search", "url2": "https://www.charmcc.jp/home/charmsuite_naragakuenmae/" }, "geometry": { "type": "Point", "coordinates": [ 135.750806899999986, 34.7025601 ] } },
{ "type": "Feature", "properties": { "内容": "ツクイ奈良【訪問介護】奈良県奈良市川之上突抜町10番1号", "url": "https://www.kaigokensaku.mhlw.go.jp/29/index.php?action_kouhyou_detail_004_kani=true&JigyosyoCd=2970108433-00&ServiceCd=110&Type=search", "url2": "https://www.tsukui.net" }, "geometry": { "type": "Point", "coordinates": [ 135.832053195106482, 34.673936746853975 ] } },
{ "type": "Feature", "properties": { "内容": "ケアステーション奈良【訪問介護】奈良県奈良市左京３－１１－８", "url": "https://www.kaigokensaku.mhlw.go.jp/29/index.php?action_kouhyou_detail_004_kani=true&JigyosyoCd=2970104358-00&ServiceCd=110&Type=search", "url2": "http://care-station.jp/" }, "geometry": { "type": "Point", "coordinates": [ 135.804421499999989, 34.7166778 ] } },
{ "type": "Feature", "properties": { "内容": "ニチイケアセンター学園前【訪問介護】奈良市学園北一丁目16-4学園前パークヴィラ302号室", "url": "https://www.kaigokensaku.mhlw.go.jp/29/index.php?action_kouhyou_detail_004_kani=true&JigyosyoCd=2970108268-00&ServiceCd=110&Type=search", "url2": "http://www.nichiigakkan.co.jp" }, "geometry": { "type": "Point", "coordinates": [ 135.749305400000026, 34.7003875 ] } },
{ "type": "Feature", "properties": { "内容": "ニチイケアセンター奈良【訪問介護】奈良市三条栄町10-5", "url": "https://www.kaigokensaku.mhlw.go.jp/29/index.php?action_kouhyou_detail_004_kani=true&JigyosyoCd=2970100869-00&ServiceCd=110&Type=search", "url2": "http://www.nichiigakkan,co.jp" }, "geometry": { "type": "Point", "coordinates": [ 135.810777065797083, 34.6797655891978 ] } },
{ "type": "Feature", "properties": { "内容": "ニチイケアセンターおしくま【訪問介護】奈良県奈良市神功4丁目1-8", "url": "https://www.kaigokensaku.mhlw.go.jp/29/index.php?action_kouhyou_detail_004_kani=true&JigyosyoCd=2970108250-00&ServiceCd=110&Type=search", "url2": "https://www.nichiigakkan.co.jp" }, "geometry": { "type": "Point", "coordinates": [ 135.775222399999961, 34.718823 ] } },
{ "type": "Feature", "properties": { "内容": "ニチイケアセンター大和西大寺【訪問介護】奈良県奈良市菅原東一丁目23番22号", "url": "https://www.kaigokensaku.mhlw.go.jp/29/index.php?action_kouhyou_detail_004_kani=true&JigyosyoCd=2970100489-00&ServiceCd=110&Type=search", "url2": "http://www.nichiigakkann.co.jp" }, "geometry": { "type": "Point", "coordinates": [ 135.7813688, 34.6862671 ] } },
{ "type": "Feature", "properties": { "内容": "ニチイケアセンター新大宮【訪問介護】奈良県奈良市大宮町6丁目7-7ＭＣ新大宮ビル１０５号室", "url": "https://www.kaigokensaku.mhlw.go.jp/29/index.php?action_kouhyou_detail_004_kani=true&JigyosyoCd=2970108276-00&ServiceCd=110&Type=search", "url2": "https://www.nichiigakkan.co.jp/" }, "geometry": { "type": "Point", "coordinates": [ 135.809072700629059, 34.685479897117368 ] } },
{ "type": "Feature", "properties": { "内容": "ニチイケアセンター東九条【訪問介護】奈良市東九条町754-4", "url": "https://www.kaigokensaku.mhlw.go.jp/29/index.php?action_kouhyou_detail_004_kani=true&JigyosyoCd=2970104812-00&ServiceCd=110&Type=search", "url2": "http://www.nichiigakkan.co.jp" }, "geometry": { "type": "Point", "coordinates": [ 135.8191855, 34.6625868 ] } },
{ "type": "Feature", "properties": { "内容": "ニチイケアセンターほうれん【訪問介護】奈良市法蓮町1088-1ら・ほうれん1階", "url": "https://www.kaigokensaku.mhlw.go.jp/29/index.php?action_kouhyou_detail_004_kani=true&JigyosyoCd=2970102758-00&ServiceCd=110&Type=search", "url2": "http://www.nichiigakkan,co.jp" }, "geometry": { "type": "Point", "coordinates": [ 135.8257509, 34.6900559 ] } },
{ "type": "Feature", "properties": { "内容": "ハッピーガーデンヘルパーステーション【訪問介護】奈良市六条2丁目3番12号", "url": "https://www.kaigokensaku.mhlw.go.jp/29/index.php?action_kouhyou_detail_004_kani=true&JigyosyoCd=2970105447-00&ServiceCd=110&Type=search", "url2": "http://www.happy-service.co.jp/" }, "geometry": { "type": "Point", "coordinates": [ 135.775046875146472, 34.66668410773498 ] } },
{ "type": "Feature", "properties": { "内容": "ぽれぽれ秋篠【訪問介護】奈良市秋篠三和町1-1-21", "url": "https://www.kaigokensaku.mhlw.go.jp/29/index.php?action_kouhyou_detail_004_kani=true&JigyosyoCd=2970103384-00&ServiceCd=110&Type=search", "url2": "http://www.porepore.co.jp" }, "geometry": { "type": "Point", "coordinates": [ 135.777913200000057, 34.7006514 ] } },
{ "type": "Feature", "properties": { "内容": "ぽれぽれ登美ヶ丘【訪問介護】奈良市登美ヶ丘2-2-15", "url": "https://www.kaigokensaku.mhlw.go.jp/29/index.php?action_kouhyou_detail_004_kani=true&JigyosyoCd=2970102576-00&ServiceCd=110&Type=search", "url2": "info@porepore.co.jp" }, "geometry": { "type": "Point", "coordinates": [ 135.7500904, 34.712074600000022 ] } },
{ "type": "Feature", "properties": { "内容": "訪問介護事業所フルライフケア奈良【訪問介護】奈良県奈良市東九条町675-6", "url": "https://www.kaigokensaku.mhlw.go.jp/29/index.php?action_kouhyou_detail_004_kani=true&JigyosyoCd=2970190274-00&ServiceCd=110&Type=search", "url2": "http://f-flc.co.jp" }, "geometry": { "type": "Point", "coordinates": [ 135.8163788, 34.6597933 ] } },
{ "type": "Feature", "properties": { "内容": "ベストライフ奈良訪問介護事業所【訪問介護】奈良県奈良市大森町97-1", "url": "https://www.kaigokensaku.mhlw.go.jp/29/index.php?action_kouhyou_detail_004_kani=true&JigyosyoCd=2970190191-00&ServiceCd=110&Type=search", "url2": null }, "geometry": { "type": "Point", "coordinates": [ 135.815431400000023, 34.6750256 ] } },
{ "type": "Feature", "properties": { "内容": "グランダあやめ池ケアステーション【訪問介護】奈良県奈良市あやめ池南７丁目５５５番５４号", "url": "https://www.kaigokensaku.mhlw.go.jp/29/index.php?action_kouhyou_detail_004_kani=true&JigyosyoCd=2970102410-00&ServiceCd=110&Type=search", "url2": "http://www.benesse-style-care.co.jp" }, "geometry": { "type": "Point", "coordinates": [ 135.762739600000032, 34.6902911 ] } },
{ "type": "Feature", "properties": { "内容": "グランダ学園前ケアステーション【訪問介護】奈良県奈良市学園大和町5-748-1グランダ学園前ケアステーション", "url": "https://www.kaigokensaku.mhlw.go.jp/29/index.php?action_kouhyou_detail_004_kani=true&JigyosyoCd=2970108243-00&ServiceCd=110&Type=search", "url2": "http://www.benesse-style-care.co.jp" }, "geometry": { "type": "Point", "coordinates": [ 135.741707, 34.6894153 ] } },
{ "type": "Feature", "properties": { "内容": "株式会社まほろばケアセンター【訪問介護】奈良市西ノ京町18-3", "url": "https://www.kaigokensaku.mhlw.go.jp/29/index.php?action_kouhyou_detail_004_kani=true&JigyosyoCd=2970100299-00&ServiceCd=110&Type=search", "url2": "http://www.mahoroba-care.jp" }, "geometry": { "type": "Point", "coordinates": [ 135.793704834969418, 34.669790340791515 ] } },
{ "type": "Feature", "properties": { "内容": "善幸苑神殿訪問介護【訪問介護】奈良県奈良市神殿町532-1", "url": "https://www.kaigokensaku.mhlw.go.jp/29/index.php?action_kouhyou_detail_004_kani=true&JigyosyoCd=2970108615-00&ServiceCd=110&Type=search", "url2": null }, "geometry": { "type": "Point", "coordinates": [ 135.8220413, 34.6604409 ] } },
{ "type": "Feature", "properties": { "内容": "株式会社ライフエール奈良店【訪問介護】奈良市西大寺南町１7－13", "url": "https://www.kaigokensaku.mhlw.go.jp/29/index.php?action_kouhyou_detail_004_kani=true&JigyosyoCd=2970100331-00&ServiceCd=110&Type=search", "url2": null }, "geometry": { "type": "Point", "coordinates": [ 135.781363199999987, 34.6895612 ] } },
{ "type": "Feature", "properties": { "内容": "ハッピースタッフ奈良学園前【訪問介護】学園朝日町8番8号はっぴーらいふ奈良学園前", "url": "https://www.kaigokensaku.mhlw.go.jp/29/index.php?action_kouhyou_detail_004_kani=true&JigyosyoCd=2970108292-00&ServiceCd=110&Type=search", "url2": "http://www.lifecare-vision.co.jp/" }, "geometry": { "type": "Point", "coordinates": [ 135.7537274, 34.7022515 ] } },
{ "type": "Feature", "properties": { "内容": "ハッピースタッフ奈良新大宮【訪問介護】奈良県奈良市大宮町6-6-1アルファコート204号室", "url": "https://www.kaigokensaku.mhlw.go.jp/29/index.php?action_kouhyou_detail_004_kani=true&JigyosyoCd=2970106288-00&ServiceCd=110&Type=search", "url2": null }, "geometry": { "type": "Point", "coordinates": [ 135.808708199999955, 34.6852786 ] } },
{ "type": "Feature", "properties": { "内容": "リールヘルパーステーション学園前【訪問介護】奈良県奈良市学園朝日町4-4", "url": "https://www.kaigokensaku.mhlw.go.jp/29/index.php?action_kouhyou_detail_004_kani=true&JigyosyoCd=2970190100-00&ServiceCd=110&Type=search", "url2": "https://rirestage.co.jp" }, "geometry": { "type": "Point", "coordinates": [ 135.752248299999962, 34.7010405 ] } },
{ "type": "Feature", "properties": { "内容": "リールヘルパーステーション都祁【訪問介護】奈良県奈良市都祁白石町1178", "url": "https://www.kaigokensaku.mhlw.go.jp/29/index.php?action_kouhyou_detail_004_kani=true&JigyosyoCd=2970108359-00&ServiceCd=110&Type=search", "url2": "https://www.rirestage.co.jp/" }, "geometry": { "type": "Point", "coordinates": [ 135.958719033724037, 34.605393524852119 ] } },
{ "type": "Feature", "properties": { "内容": "リールヘルパーステーション奈良【訪問介護】宝来4-4-12", "url": "https://www.kaigokensaku.mhlw.go.jp/29/index.php?action_kouhyou_detail_004_kani=true&JigyosyoCd=2970107047-00&ServiceCd=110&Type=search", "url2": "https://www.rirestage.co.jp" }, "geometry": { "type": "Point", "coordinates": [ 135.773933116849093, 34.68300214019564 ] } },
{ "type": "Feature", "properties": { "内容": "株式会社　三条メディック【訪問介護】奈良市大宮町４－２４１－１", "url": "https://www.kaigokensaku.mhlw.go.jp/29/index.php?action_kouhyou_detail_004_kani=true&JigyosyoCd=2970103194-00&ServiceCd=110&Type=search", "url2": "http://seisho.squares.net" }, "geometry": { "type": "Point", "coordinates": [ 135.811149699999987, 34.6826539 ] } },
{ "type": "Feature", "properties": { "内容": "ケアサポートなずな【訪問介護】奈良県奈良市大安寺三丁目３番１５号コーポ大安寺Ⅱ１０５", "url": "https://www.kaigokensaku.mhlw.go.jp/29/index.php?action_kouhyou_detail_004_kani=true&JigyosyoCd=2970107476-00&ServiceCd=110&Type=search", "url2": null }, "geometry": { "type": "Point", "coordinates": [ 135.811073977573528, 34.671126801632255 ] } },
{ "type": "Feature", "properties": { "内容": "訪問介護ハートランド奈良【訪問介護】奈良県奈良市恋の窪1丁目18番18号", "url": "https://www.kaigokensaku.mhlw.go.jp/29/index.php?action_kouhyou_detail_004_kani=true&JigyosyoCd=2970107393-00&ServiceCd=110&Type=search", "url2": "http://kawasho-hl.jp/" }, "geometry": { "type": "Point", "coordinates": [ 135.808624292065332, 34.675880223219622 ] } },
{ "type": "Feature", "properties": { "内容": "ばくのゆめ【訪問介護】奈良県奈良市法華寺町82-2", "url": "https://www.kaigokensaku.mhlw.go.jp/29/index.php?action_kouhyou_detail_004_kani=true&JigyosyoCd=2970108805-00&ServiceCd=110&Type=search", "url2": "bakunoyume.com" }, "geometry": { "type": "Point", "coordinates": [ 135.809797344774637, 34.688443658976034 ] } },
{ "type": "Feature", "properties": { "内容": "ホームケア土屋奈良【訪問介護】奈良県奈良市三条添川町1-5サンフェアリー703号", "url": "https://www.kaigokensaku.mhlw.go.jp/29/index.php?action_kouhyou_detail_004_kani=true&JigyosyoCd=2970108466-00&ServiceCd=110&Type=search", "url2": "https://www.tcy.co.jp" }, "geometry": { "type": "Point", "coordinates": [ 135.81377470000001, 34.6816811 ] } },
{ "type": "Feature", "properties": { "内容": "八重桜訪問介護ステーションぷらす【訪問介護】奈良県奈良市法蓮町410-2-202", "url": "https://www.kaigokensaku.mhlw.go.jp/29/index.php?action_kouhyou_detail_004_kani=true&JigyosyoCd=2970108094-00&ServiceCd=110&Type=search", "url2": "https://www.yaezakura.co.jp/" }, "geometry": { "type": "Point", "coordinates": [ 135.8157252, 34.6912081 ] } },
{ "type": "Feature", "properties": { "内容": "優花訪問介護ステーション【訪問介護】奈良市敷島町２-543-25", "url": "https://www.kaigokensaku.mhlw.go.jp/29/index.php?action_kouhyou_detail_004_kani=true&JigyosyoCd=2970103897-00&ServiceCd=110&Type=search", "url2": "http://youka-nara.com/" }, "geometry": { "type": "Point", "coordinates": [ 135.766542118105008, 34.701818864246569 ] } },
{ "type": "Feature", "properties": { "内容": "在宅介護　輪【訪問介護】奈良県奈良市恋の窪一丁目８番１６－２号", "url": "https://www.kaigokensaku.mhlw.go.jp/29/index.php?action_kouhyou_detail_004_kani=true&JigyosyoCd=2970103822-00&ServiceCd=110&Type=search", "url2": "http://www" }, "geometry": { "type": "Point", "coordinates": [ 135.811324900000045, 34.6772101 ] } },
{ "type": "Feature", "properties": { "内容": "訪問介護おっはー【訪問介護】奈良市南京終町７丁目５６４－４", "url": "https://www.kaigokensaku.mhlw.go.jp/29/index.php?action_kouhyou_detail_004_kani=true&JigyosyoCd=2970107336-00&ServiceCd=110&Type=search", "url2": "http://wakisaka.org" }, "geometry": { "type": "Point", "coordinates": [ 135.827377913221255, 34.665786463458808 ] } },
{ "type": "Feature", "properties": { "内容": "近鉄スマイルあやめ池ケアセンター【訪問介護】奈良県奈良市あやめ池北2丁目4番17号", "url": "https://www.kaigokensaku.mhlw.go.jp/29/index.php?action_kouhyou_detail_004_kani=true&JigyosyoCd=2970101123-00&ServiceCd=110&Type=search", "url2": "http://www.k-smile.com" }, "geometry": { "type": "Point", "coordinates": [ 135.762684, 34.7025396 ] } },
{ "type": "Feature", "properties": { "内容": "るりいろケア【訪問介護】奈良県奈良市北永井町344-18　2F", "url": "https://www.kaigokensaku.mhlw.go.jp/29/index.php?action_kouhyou_detail_004_kani=true&JigyosyoCd=2970190514-00&ServiceCd=110&Type=search", "url2": null }, "geometry": { "type": "Point", "coordinates": [ 135.8218004, 34.6549785 ] } },
{ "type": "Feature", "properties": { "内容": "訪問介護ステーションゆたか【訪問介護】奈良県奈良市油阪町1-8フレアコート奈良203", "url": "https://www.kaigokensaku.mhlw.go.jp/29/index.php?action_kouhyou_detail_004_kani=true&JigyosyoCd=2970108128-00&ServiceCd=110&Type=search", "url2": "http://hp.kaipoke.biz/e72/" }, "geometry": { "type": "Point", "coordinates": [ 135.821239399999968, 34.6838653 ] } },
{ "type": "Feature", "properties": { "内容": "訪問介護あゆみ【訪問介護】奈良県奈良市平松一丁目31番24号", "url": "https://www.kaigokensaku.mhlw.go.jp/29/index.php?action_kouhyou_detail_004_kani=true&JigyosyoCd=2970106981-00&ServiceCd=110&Type=search", "url2": "http://www.ayumi1007.com/" }, "geometry": { "type": "Point", "coordinates": [ 135.775127212925042, 34.680271033712259 ] } },
{ "type": "Feature", "properties": { "内容": "訪問介護ももか【訪問介護】奈良県奈良市南紀寺町二丁目167番5号", "url": "https://www.kaigokensaku.mhlw.go.jp/29/index.php?action_kouhyou_detail_004_kani=true&JigyosyoCd=2970190712-00&ServiceCd=110&Type=search", "url2": "https://suzuran-momoka.com/" }, "geometry": { "type": "Point", "coordinates": [ 135.8359766, 34.6677027 ] } },
{ "type": "Feature", "properties": { "内容": "介護支援センター春日【訪問介護】奈良県奈良市古市町2139番地の14", "url": "https://www.kaigokensaku.mhlw.go.jp/29/index.php?action_kouhyou_detail_004_kani=true&JigyosyoCd=2970108821-00&ServiceCd=110&Type=search", "url2": null }, "geometry": { "type": "Point", "coordinates": [ 135.8419352, 34.660012 ] } },
{ "type": "Feature", "properties": { "内容": "訪問介護ニコ【訪問介護】奈良市法華寺町１２１０番地ＴＭビル２０８号室", "url": "https://www.kaigokensaku.mhlw.go.jp/29/index.php?action_kouhyou_detail_004_kani=true&JigyosyoCd=2970190118-00&ServiceCd=110&Type=search", "url2": null }, "geometry": { "type": "Point", "coordinates": [ 135.806390099999987, 34.6934855 ] } },
{ "type": "Feature", "properties": { "内容": "合同会社ひより【訪問介護】奈良県奈良市北永井町367-1アンビエンテ103号", "url": "https://www.kaigokensaku.mhlw.go.jp/29/index.php?action_kouhyou_detail_004_kani=true&JigyosyoCd=2970107617-00&ServiceCd=110&Type=search", "url2": null }, "geometry": { "type": "Point", "coordinates": [ 135.820987408098858, 34.654679197939032 ] } },
{ "type": "Feature", "properties": { "内容": "つるのおんがえし【訪問介護】西大寺新町1丁目7番10号", "url": "https://www.kaigokensaku.mhlw.go.jp/29/index.php?action_kouhyou_detail_004_kani=true&JigyosyoCd=2970190530-00&ServiceCd=110&Type=search", "url2": "https://www.tsuruno-ongaeshi.co.jp" }, "geometry": { "type": "Point", "coordinates": [ 135.782902400000012, 34.6980388 ] } },
{ "type": "Feature", "properties": { "内容": "ケアサポート　ゆとり【訪問介護】朱雀３丁目５−４ー２F", "url": "https://www.kaigokensaku.mhlw.go.jp/29/index.php?action_kouhyou_detail_004_kani=true&JigyosyoCd=2970108235-00&ServiceCd=110&Type=search", "url2": "https://www.yutori-nara.com/" }, "geometry": { "type": "Point", "coordinates": [ 135.79309480148325, 34.721527492913062 ] } },
{ "type": "Feature", "properties": { "内容": "訪問介護ステーション一福【訪問介護】奈良市富雄北三丁目9番15号", "url": "https://www.kaigokensaku.mhlw.go.jp/29/index.php?action_kouhyou_detail_004_kani=true&JigyosyoCd=2970106932-00&ServiceCd=110&Type=search", "url2": "http://fuku-chan.wixsite.com/ippuku" }, "geometry": { "type": "Point", "coordinates": [ 135.735883599999966, 34.6999841 ] } },
{ "type": "Feature", "properties": { "内容": "あいりすケアステーション【訪問介護】奈良県奈良市富雄元町1-20-6大和マンション301号", "url": "https://www.kaigokensaku.mhlw.go.jp/29/index.php?action_kouhyou_detail_004_kani=true&JigyosyoCd=2970107906-00&ServiceCd=110&Type=search", "url2": null }, "geometry": { "type": "Point", "coordinates": [ 135.737872399999986, 34.6933098 ] } },
{ "type": "Feature", "properties": { "内容": "合同会社訪問介護ステーション碧【訪問介護】奈良市南紀寺町御５丁目77-12", "url": "https://www.kaigokensaku.mhlw.go.jp/29/index.php?action_kouhyou_detail_004_kani=true&JigyosyoCd=2970108540-00&ServiceCd=110&Type=search", "url2": null }, "geometry": { "type": "Point", "coordinates": [ 135.835100390818013, 34.666582954765566 ] } },
{ "type": "Feature", "properties": { "内容": "ケアステーションみかん【訪問介護】奈良県奈良市藺生町１８１３番地２６", "url": "https://www.kaigokensaku.mhlw.go.jp/29/index.php?action_kouhyou_detail_004_kani=true&JigyosyoCd=2970190423-00&ServiceCd=110&Type=search", "url2": "https://care-mikan.com/" }, "geometry": { "type": "Point", "coordinates": [ 135.9399885, 34.5950284 ] } },
{ "type": "Feature", "properties": { "内容": "ぽれぽれケアセンター青山【訪問介護】奈良県奈良市青山4丁目3-3", "url": "https://www.kaigokensaku.mhlw.go.jp/29/index.php?action_kouhyou_detail_004_kani=true&JigyosyoCd=2970190464-00&ServiceCd=110&Type=search", "url2": "https://www.porepore.co.jp/" }, "geometry": { "type": "Point", "coordinates": [ 135.8378304, 34.7067316 ] } },
{ "type": "Feature", "properties": { "内容": "サンタ・マリア【訪問介護】奈良市朱雀４丁目３番地１０", "url": "https://www.kaigokensaku.mhlw.go.jp/29/index.php?action_kouhyou_detail_004_kani=true&JigyosyoCd=2970100414-00&ServiceCd=110&Type=search", "url2": "http://www.yozefu-home.or.jp/" }, "geometry": { "type": "Point", "coordinates": [ 135.798941300000024, 34.721077200000011 ] } },
{ "type": "Feature", "properties": { "内容": "サンライフ明日香ヘルパーステーション【訪問介護】奈良市紀寺町556-1", "url": "https://www.kaigokensaku.mhlw.go.jp/29/index.php?action_kouhyou_detail_004_kani=true&JigyosyoCd=2970103681-00&ServiceCd=110&Type=search", "url2": "http://www.seiwakai-group.or.jp/" }, "geometry": { "type": "Point", "coordinates": [ 135.834511799999973, 34.6715334 ] } },
{ "type": "Feature", "properties": { "内容": "サンライフ西大寺ヘルパーステーション【訪問介護】奈良県奈良市西大寺南町1-28", "url": "https://www.kaigokensaku.mhlw.go.jp/29/index.php?action_kouhyou_detail_004_kani=true&JigyosyoCd=2970106908-00&ServiceCd=110&Type=search", "url2": "http://www.seiwakai-group.or.jp/" }, "geometry": { "type": "Point", "coordinates": [ 135.781717117860381, 34.693921622950803 ] } },
{ "type": "Feature", "properties": { "内容": "たんぽぽ生活支援センター【訪問介護】奈良県奈良市六条西３－２５－４", "url": "https://www.kaigokensaku.mhlw.go.jp/29/index.php?action_kouhyou_detail_004_kani=true&JigyosyoCd=2970190555-00&ServiceCd=110&Type=search", "url2": "http://tanpoponoye.org/" }, "geometry": { "type": "Point", "coordinates": [ 135.76632140000001, 34.6672386 ] } },
{ "type": "Feature", "properties": { "内容": "訪問介護ステーションらくじ苑【訪問介護】奈良市南京終町19-1在宅介護相談センターらくじ苑", "url": "https://www.kaigokensaku.mhlw.go.jp/29/index.php?action_kouhyou_detail_004_kani=true&JigyosyoCd=2970103640-00&ServiceCd=110&Type=search", "url2": "http://www.s-rakuji.com/" }, "geometry": { "type": "Point", "coordinates": [ 135.827075796916688, 34.6710967798737 ] } },
{ "type": "Feature", "properties": { "内容": "あすならホーム　富雄【訪問介護】奈良市鳥見町３丁目１１－１", "url": "https://www.kaigokensaku.mhlw.go.jp/29/index.php?action_kouhyou_detail_004_kani=true&JigyosyoCd=2970104713-00&ServiceCd=110&Type=search", "url2": "http://www.asunaraen.com" }, "geometry": { "type": "Point", "coordinates": [ 135.724943, 34.6939735 ] } },
{ "type": "Feature", "properties": { "内容": "特別養護老人ホーム長曽根寮　訪問介護事業所【訪問介護】奈良県奈良市大倭町４番１号", "url": "https://www.kaigokensaku.mhlw.go.jp/29/index.php?action_kouhyou_detail_004_kani=true&JigyosyoCd=2970100232-00&ServiceCd=110&Type=search", "url2": "http://www.asukaen.net/" }, "geometry": { "type": "Point", "coordinates": [ 135.758187200000066, 34.680781 ] } },
{ "type": "Feature", "properties": { "内容": "社会福祉法人奈良市社会福祉協議会奈良事業所【訪問介護】奈良市藺生町１９２２－８", "url": "https://www.kaigokensaku.mhlw.go.jp/29/index.php?action_kouhyou_detail_004_kani=true&JigyosyoCd=2970100711-00&ServiceCd=110&Type=search", "url2": "http://www.narashi-shakyo.com" }, "geometry": { "type": "Point", "coordinates": [ 135.942395210417402, 34.591810247545325 ] } },
{ "type": "Feature", "properties": { "内容": "ぐっど・たいむ【訪問介護】奈良県奈良市杉ケ町２７番地１西本ビル２階", "url": "https://www.kaigokensaku.mhlw.go.jp/29/index.php?action_kouhyou_detail_004_kani=true&JigyosyoCd=2970107161-00&ServiceCd=110&Type=search", "url2": "http://narayuinokai.or.jp/" }, "geometry": { "type": "Point", "coordinates": [ 135.820571699224217, 34.677541243525866 ] } },
{ "type": "Feature", "properties": { "内容": "ならやま園ホームヘルプステーション【訪問介護】奈良市山陵町1085特別養護老人ホームならやま園", "url": "https://www.kaigokensaku.mhlw.go.jp/29/index.php?action_kouhyou_detail_004_kani=true&JigyosyoCd=2970101065-00&ServiceCd=110&Type=search", "url2": "http://fukujukai.or.jp" }, "geometry": { "type": "Point", "coordinates": [ 135.781954199999973, 34.7116197 ] } },
{ "type": "Feature", "properties": { "内容": "アイ訪問介護ステーション【訪問介護】奈良県奈良市朱雀５丁目１６番地の１５", "url": "https://www.kaigokensaku.mhlw.go.jp/29/index.php?action_kouhyou_detail_004_kani=true&JigyosyoCd=2970102493-00&ServiceCd=110&Type=search", "url2": null }, "geometry": { "type": "Point", "coordinates": [ 135.80188279999993, 34.7184942 ] } },
{ "type": "Feature", "properties": { "内容": "有限会社あんしん【訪問介護】奈良市中山町1251-1", "url": "https://www.kaigokensaku.mhlw.go.jp/29/index.php?action_kouhyou_detail_004_kani=true&JigyosyoCd=2970100224-00&ServiceCd=110&Type=search", "url2": "http://www.anshingakuenmae.jp" }, "geometry": { "type": "Point", "coordinates": [ 135.766943099999907, 34.710968 ] } },
{ "type": "Feature", "properties": { "内容": "訪問介護ステーション　ラシク【訪問介護】奈良県奈良市古市町494-1", "url": "https://www.kaigokensaku.mhlw.go.jp/29/index.php?action_kouhyou_detail_004_kani=true&JigyosyoCd=2970190456-00&ServiceCd=110&Type=search", "url2": "ad3827.wixsite.com" }, "geometry": { "type": "Point", "coordinates": [ 135.8378346, 34.6550476 ] } },
{ "type": "Feature", "properties": { "内容": "訪問介護ステーションつばさ【訪問介護】奈良市奈良阪町２７５０－２", "url": "https://www.kaigokensaku.mhlw.go.jp/29/index.php?action_kouhyou_detail_004_kani=true&JigyosyoCd=2970102220-00&ServiceCd=110&Type=search", "url2": null }, "geometry": { "type": "Point", "coordinates": [ 135.816462499999943, 34.7018433 ] } },
{ "type": "Feature", "properties": { "内容": "有限会社ふぁみりーえいど【訪問介護】奈良県奈良市五条西1丁目29-17", "url": "https://www.kaigokensaku.mhlw.go.jp/29/index.php?action_kouhyou_detail_004_kani=true&JigyosyoCd=2970101644-00&ServiceCd=110&Type=search", "url2": "https://family-aid.wixsite.com/nara" }, "geometry": { "type": "Point", "coordinates": [ 135.76856206640926, 34.674527176637341 ] } },
{ "type": "Feature", "properties": { "内容": "訪問介護ステーションならまち【訪問介護】奈良市六条1丁目1番12号サンライズ西の京202", "url": "https://www.kaigokensaku.mhlw.go.jp/29/index.php?action_kouhyou_detail_004_kani=true&JigyosyoCd=2970102535-00&ServiceCd=110&Type=search", "url2": "https://naramach.wixsite.com/my-site" }, "geometry": { "type": "Point", "coordinates": [ 135.782287384655746, 34.66874710860295 ] } },
{ "type": "Feature", "properties": { "内容": "ライフサポート奈良【訪問介護】奈良市南京終3丁目397－2", "url": "https://www.kaigokensaku.mhlw.go.jp/29/index.php?action_kouhyou_detail_004_kani=true&JigyosyoCd=2970100547-00&ServiceCd=110&Type=search", "url2": null }, "geometry": { "type": "Point", "coordinates": [ 135.823851699999977, 34.6672308 ] } },
{ "type": "Feature", "properties": { "内容": "有限会社　安心ライフ【訪問介護】奈良市秋篠早月町9秋篠サンパレス3-102,103", "url": "https://www.kaigokensaku.mhlw.go.jp/29/index.php?action_kouhyou_detail_004_kani=true&JigyosyoCd=2970101370-00&ServiceCd=110&Type=search", "url2": null }, "geometry": { "type": "Point", "coordinates": [ 135.78364833265897, 34.700092226403598 ] } },
{ "type": "Feature", "properties": { "内容": "ヘルパーステーションチーム【訪問介護】奈良市三碓６丁目10－26エクセター帝塚山203号", "url": "https://www.kaigokensaku.mhlw.go.jp/29/index.php?action_kouhyou_detail_004_kani=true&JigyosyoCd=2970102717-00&ServiceCd=110&Type=search", "url2": null }, "geometry": { "type": "Point", "coordinates": [ 135.737496800000031, 34.6832348 ] } },
{ "type": "Feature", "properties": { "内容": "有限会社奈良ケアサービス【訪問介護】奈良県奈良市本子守町１１久保ビル２Ｆ", "url": "https://www.kaigokensaku.mhlw.go.jp/29/index.php?action_kouhyou_detail_004_kani=true&JigyosyoCd=2970100364-00&ServiceCd=110&Type=search", "url2": null }, "geometry": { "type": "Point", "coordinates": [ 135.825904, 34.681001400000014 ] } },
{ "type": "Feature", "properties": { "内容": "ケアステーション寧々【訪問介護】奈良市青山8丁目268", "url": "https://www.kaigokensaku.mhlw.go.jp/29/index.php?action_kouhyou_detail_004_kani=true&JigyosyoCd=2970190357-00&ServiceCd=110&Type=search", "url2": null }, "geometry": { "type": "Point", "coordinates": [ 135.846311899999989, 34.7072632 ] } },
{ "type": "Feature", "properties": { "内容": "訪問介護友舞【訪問介護】奈良市左京4丁目3-5", "url": "https://www.kaigokensaku.mhlw.go.jp/29/index.php?action_kouhyou_detail_004_kani=true&JigyosyoCd=2970101271-00&ServiceCd=110&Type=search", "url2": "https://yuumai.co.jp/" }, "geometry": { "type": "Point", "coordinates": [ 135.804828648264902, 34.717073638262448 ] } },
{ "type": "Feature", "properties": { "内容": "ヘルパーステーションにじいろ奈良【訪問介護】奈良県奈良市南京終町3-400-6", "url": "https://www.kaigokensaku.mhlw.go.jp/29/index.php?action_kouhyou_detail_004_kani=true&JigyosyoCd=2970191124-00&ServiceCd=110&Type=search", "url2": "https://www.ykt-innovation.com" }, "geometry": { "type": "Point", "coordinates": [ 135.8233969, 34.6675631 ] } },
{ "type": "Feature", "properties": { "内容": "ケアステーションリンクⅡ【訪問介護】肘塚町177‐1　201号南都ハイツ", "url": "https://www.kaigokensaku.mhlw.go.jp/29/index.php?action_kouhyou_detail_004_kani=true&JigyosyoCd=2970191090-00&ServiceCd=110&Type=search", "url2": "https://engagement-hinata.com/company/" }, "geometry": { "type": "Point", "coordinates": [ 135.8313013, 34.6706311 ] } },
{ "type": "Feature", "properties": { "内容": "ケアエール一笑【訪問介護】奈良県奈良市佐保台西町２０５光ハイツ２０３号室", "url": "https://www.kaigokensaku.mhlw.go.jp/29/index.php?action_kouhyou_detail_004_kani=true&JigyosyoCd=2970191181-00&ServiceCd=110&Type=search", "url2": "https://www.egaono-me.com" }, "geometry": { "type": "Point", "coordinates": [ 135.8129906, 34.7148007 ] } },
{ "type": "Feature", "properties": { "内容": "吉田病院ホームヘルプステーション【訪問介護】奈良市西大寺赤田町1-7-1", "url": "https://www.kaigokensaku.mhlw.go.jp/29/index.php?action_kouhyou_detail_004_kani=true&JigyosyoCd=2970191058-00&ServiceCd=110&Type=search", "url2": "http://kenseikai-nara.or.jp/" }, "geometry": { "type": "Point", "coordinates": [ 135.7719434, 34.6993957 ] } },
{ "type": "Feature", "properties": { "内容": "岡谷会ホームヘルプステーション【訪問介護】奈良県奈良市西木辻町200岡谷会本館3階", "url": "https://www.kaigokensaku.mhlw.go.jp/29/index.php?action_kouhyou_detail_004_kani=true&JigyosyoCd=2970191074-00&ServiceCd=110&Type=search", "url2": "http://www.kenseikai-nara.jp/" }, "geometry": { "type": "Point", "coordinates": [ 135.825566700000024, 34.6743815 ] } },
{ "type": "Feature", "properties": { "内容": "とみお診療所ホームヘルプステーション【訪問介護】奈良県奈良市富雄元町2-7-25SSKビル202号室", "url": "https://www.kaigokensaku.mhlw.go.jp/29/index.php?action_kouhyou_detail_004_kani=true&JigyosyoCd=2970191066-00&ServiceCd=110&Type=search", "url2": null }, "geometry": { "type": "Point", "coordinates": [ 135.73518390000001, 34.6911834 ] } },
{ "type": "Feature", "properties": { "内容": "訪問介護事業所はるひ【訪問介護】奈良県奈良市二名二丁目2492-7", "url": "https://www.kaigokensaku.mhlw.go.jp/29/index.php?action_kouhyou_detail_004_kani=true&JigyosyoCd=2970191140-00&ServiceCd=110&Type=search", "url2": "https://kasugaen-haruhi.net/" }, "geometry": { "type": "Point", "coordinates": [ 135.735722279762257, 34.702421220390995 ] } },
{ "type": "Feature", "properties": { "内容": "ロイヤルハート支援センター【訪問介護】奈良県奈良市四条大路1丁目24番9号", "url": "https://www.kaigokensaku.mhlw.go.jp/29/index.php?action_kouhyou_detail_004_kani=true&JigyosyoCd=2970102279-00&ServiceCd=110&Type=search", "url2": "royalheart.jp" }, "geometry": { "type": "Point", "coordinates": [ 135.804842499999978, 34.677649400000014 ] } },
{ "type": "Feature", "properties": { "内容": "訪問介護心音【訪問介護】東木辻町47-1ディアコート奈良208", "url": "https://www.kaigokensaku.mhlw.go.jp/29/index.php?action_kouhyou_detail_004_kani=true&JigyosyoCd=2970191231-00&ServiceCd=110&Type=search", "url2": null }, "geometry": { "type": "Point", "coordinates": [ 135.8281773, 34.6745453 ] } },
{ "type": "Feature", "properties": { "内容": "ヘルパーステーション左京【訪問介護】奈良県奈良市左京４－７－３", "url": "https://www.kaigokensaku.mhlw.go.jp/29/index.php?action_kouhyou_detail_004_kani=true&JigyosyoCd=2970106452-00&ServiceCd=110&Type=search", "url2": "http://www.iidasc.com" }, "geometry": { "type": "Point", "coordinates": [ 135.8045492, 34.718597 ] } },
{ "type": "Feature", "properties": { "内容": "訪問介護ステーションせせらぎ【訪問介護】奈良県奈良市五条西１丁目17-8西山ハイツ102号", "url": "https://www.kaigokensaku.mhlw.go.jp/29/index.php?action_kouhyou_detail_004_kani=true&JigyosyoCd=2970108813-00&ServiceCd=110&Type=search", "url2": null }, "geometry": { "type": "Point", "coordinates": [ 135.770593, 34.673338 ] } },
{ "type": "Feature", "properties": { "内容": "訪問ステーションみつばち【訪問介護】奈良市中山町1290-4", "url": "https://www.kaigokensaku.mhlw.go.jp/29/index.php?action_kouhyou_detail_004_kani=true&JigyosyoCd=2970108474-00&ServiceCd=110&Type=search", "url2": "https://mitubachi-2020.com" }, "geometry": { "type": "Point", "coordinates": [ 135.7698709, 34.712535400000043 ] } },
{ "type": "Feature", "properties": { "内容": "ハッピースタッフ奈良登美ヶ丘【訪問介護】南登美ヶ丘10-1", "url": "https://www.kaigokensaku.mhlw.go.jp/29/index.php?action_kouhyou_detail_004_kani=true&JigyosyoCd=2970191314-00&ServiceCd=110&Type=search", "url2": null }, "geometry": { "type": "Point", "coordinates": [ 135.7463032, 34.7044864 ] } },
{ "type": "Feature", "properties": { "内容": "訪問介護凜【訪問介護】奈良県奈良市神殿町472番地", "url": "https://www.kaigokensaku.mhlw.go.jp/29/index.php?action_kouhyou_detail_004_kani=true&JigyosyoCd=2970191322-00&ServiceCd=110&Type=search", "url2": "https://www.tunagariomiyari.com" }, "geometry": { "type": "Point", "coordinates": [ 135.8220413, 34.6604409 ] } },
{ "type": "Feature", "properties": { "内容": "ヘルパーステーション　マイライフ【訪問介護】奈良県奈良市二名三丁目１０５３番地１", "url": "https://www.kaigokensaku.mhlw.go.jp/29/index.php?action_kouhyou_detail_004_kani=true&JigyosyoCd=2970102212-00&ServiceCd=110&Type=search", "url2": "https://www.naraen.or.jp" }, "geometry": { "type": "Point", "coordinates": [ 135.730709573287982, 34.707536636880128 ] } },
{ "type": "Feature", "properties": { "内容": "ヘルパーステーション　はあと【訪問介護】奈良県大和高田市材木町2-5", "url": "https://www.kaigokensaku.mhlw.go.jp/29/index.php?action_kouhyou_detail_004_kani=true&JigyosyoCd=2970201493-00&ServiceCd=110&Type=search", "url2": "http://www.rehabili-heaart.com/" }, "geometry": { "type": "Point", "coordinates": [ 135.752841376921026, 34.516191069016273 ] } },
{ "type": "Feature", "properties": { "内容": "アポロ【訪問介護】奈良県大和高田市東三倉堂町１０－２シティハイム三倉堂２０５", "url": "https://www.kaigokensaku.mhlw.go.jp/29/index.php?action_kouhyou_detail_004_kani=true&JigyosyoCd=2970201717-00&ServiceCd=110&Type=search", "url2": null }, "geometry": { "type": "Point", "coordinates": [ 135.748200700000012, 34.5061253 ] } },
{ "type": "Feature", "properties": { "内容": "セレナ訪問介護センター【訪問介護】奈良県大和高田市片塩町8-41-4", "url": "https://www.kaigokensaku.mhlw.go.jp/29/index.php?action_kouhyou_detail_004_kani=true&JigyosyoCd=2970201477-00&ServiceCd=110&Type=search", "url2": null }, "geometry": { "type": "Point", "coordinates": [ 135.7448954, 34.508245 ] } },
{ "type": "Feature", "properties": { "内容": "有限会社介護サービス輝【訪問介護】奈良県大和高田市曙町6-6", "url": "https://www.kaigokensaku.mhlw.go.jp/29/index.php?action_kouhyou_detail_004_kani=true&JigyosyoCd=2970200610-00&ServiceCd=110&Type=search", "url2": null }, "geometry": { "type": "Point", "coordinates": [ 135.755804300000023, 34.5115639 ] } },
{ "type": "Feature", "properties": { "内容": "社会福祉法人甘樫会　あまがし苑高田【訪問介護】奈良県大和高田市神楽3丁目11番13号", "url": "https://www.kaigokensaku.mhlw.go.jp/29/index.php?action_kouhyou_detail_004_kani=true&JigyosyoCd=2970201550-00&ServiceCd=110&Type=search", "url2": "http://amagashi-t.com" }, "geometry": { "type": "Point", "coordinates": [ 135.7453116, 34.5240057 ] } },
{ "type": "Feature", "properties": { "内容": "介護のみき　大和高田店【訪問介護】大和高田市三和町17-30", "url": "https://www.kaigokensaku.mhlw.go.jp/29/index.php?action_kouhyou_detail_004_kani=true&JigyosyoCd=2970200313-00&ServiceCd=110&Type=search", "url2": "http://www.jcare.co.jp/kaigo/" }, "geometry": { "type": "Point", "coordinates": [ 135.749552, 34.5130774 ] } },
{ "type": "Feature", "properties": { "内容": "訪問介護ステーション　ベストケアーズ【訪問介護】大字根成柿４１９番地６", "url": "https://www.kaigokensaku.mhlw.go.jp/29/index.php?action_kouhyou_detail_004_kani=true&JigyosyoCd=2970201543-00&ServiceCd=110&Type=search", "url2": null }, "geometry": { "type": "Point", "coordinates": [ 135.7650549, 34.488386 ] } },
{ "type": "Feature", "properties": { "内容": "訪問介護ステーションえみ【訪問介護】片塩町１３－１２", "url": "https://www.kaigokensaku.mhlw.go.jp/29/index.php?action_kouhyou_detail_004_kani=true&JigyosyoCd=2970201733-00&ServiceCd=110&Type=search", "url2": null }, "geometry": { "type": "Point", "coordinates": [ 135.7434184, 34.5073577 ] } },
{ "type": "Feature", "properties": { "内容": "株式会社　あおぞら【訪問介護】奈良県大和高田市旭南町８番地１１号（ライトハウス102号）ライトハウス102号", "url": "https://www.kaigokensaku.mhlw.go.jp/29/index.php?action_kouhyou_detail_004_kani=true&JigyosyoCd=2970200974-00&ServiceCd=110&Type=search", "url2": null }, "geometry": { "type": "Point", "coordinates": [ 135.747952199999986, 34.5083725 ] } },
{ "type": "Feature", "properties": { "内容": "さくらグレイスケア大和高田【訪問介護】中三倉1-6-8ヌーベル上島B棟201号室", "url": "https://www.kaigokensaku.mhlw.go.jp/29/index.php?action_kouhyou_detail_004_kani=true&JigyosyoCd=2970201816-00&ServiceCd=110&Type=search", "url2": null }, "geometry": { "type": "Point", "coordinates": [ 135.74336, 34.5155 ] } },
{ "type": "Feature", "properties": { "内容": "ニチイケアセンター大和高田【訪問介護】奈良県大和高田市礒野東1-10上田ビル第1　3階", "url": "https://www.kaigokensaku.mhlw.go.jp/29/index.php?action_kouhyou_detail_004_kani=true&JigyosyoCd=2970200081-00&ServiceCd=110&Type=search", "url2": "http://www/nichiigakkann.co.jp" }, "geometry": { "type": "Point", "coordinates": [ 135.741791599999942, 34.5086167 ] } },
{ "type": "Feature", "properties": { "内容": "ヘルパーステーションしおり【訪問介護】奈良県大和高田市市場766-21", "url": "https://www.kaigokensaku.mhlw.go.jp/29/index.php?action_kouhyou_detail_004_kani=true&JigyosyoCd=2970201584-00&ServiceCd=110&Type=search", "url2": null }, "geometry": { "type": "Point", "coordinates": [ 135.746811783467138, 34.517348342007018 ] } },
{ "type": "Feature", "properties": { "内容": "ケアステーション　まりん【訪問介護】大和高田市曽大根1-13-14", "url": "https://www.kaigokensaku.mhlw.go.jp/29/index.php?action_kouhyou_detail_004_kani=true&JigyosyoCd=2970201279-00&ServiceCd=110&Type=search", "url2": null }, "geometry": { "type": "Point", "coordinates": [ 135.737008899999978, 34.498304 ] } },
{ "type": "Feature", "properties": { "内容": "ヘルパーステーションはな【訪問介護】大和高田市市場774-1", "url": "https://www.kaigokensaku.mhlw.go.jp/29/index.php?action_kouhyou_detail_004_kani=true&JigyosyoCd=2970200784-00&ServiceCd=110&Type=search", "url2": "http://naracare-haru.com/" }, "geometry": { "type": "Point", "coordinates": [ 135.73458028335881, 34.513414376153165 ] } },
{ "type": "Feature", "properties": { "内容": "訪問介護ステーションあぜみち【訪問介護】奈良県大和高田市池尻313-1", "url": "https://www.kaigokensaku.mhlw.go.jp/29/index.php?action_kouhyou_detail_004_kani=true&JigyosyoCd=2970200768-00&ServiceCd=110&Type=search", "url2": "http://www" }, "geometry": { "type": "Point", "coordinates": [ 135.7474188, 34.5269531 ] } },
{ "type": "Feature", "properties": { "内容": "いきいきLIFE【訪問介護】奈良県大和高田市曽大根1丁目10番1号", "url": "https://www.kaigokensaku.mhlw.go.jp/29/index.php?action_kouhyou_detail_004_kani=true&JigyosyoCd=2970201675-00&ServiceCd=110&Type=search", "url2": null }, "geometry": { "type": "Point", "coordinates": [ 135.737681900000013, 34.4983969 ] } },
{ "type": "Feature", "properties": { "内容": "ケアサポート　咲【訪問介護】奈良県大和高田市大東町7-5エクセランス大和高田605号", "url": "https://www.kaigokensaku.mhlw.go.jp/29/index.php?action_kouhyou_detail_004_kani=true&JigyosyoCd=2970201568-00&ServiceCd=110&Type=search", "url2": null }, "geometry": { "type": "Point", "coordinates": [ 135.7497909, 34.5187655 ] } },
{ "type": "Feature", "properties": { "内容": "ヘルパーステーションあすなろ【訪問介護】奈良県大和高田市奥田92-22", "url": "https://www.kaigokensaku.mhlw.go.jp/29/index.php?action_kouhyou_detail_004_kani=true&JigyosyoCd=2970200685-00&ServiceCd=110&Type=search", "url2": "http://www" }, "geometry": { "type": "Point", "coordinates": [ 135.747738900000058, 34.4864586 ] } },
{ "type": "Feature", "properties": { "内容": "訪問介護サービス　有限会社あんしん【訪問介護】奈良県大和高田市日之出町4番14号", "url": "https://www.kaigokensaku.mhlw.go.jp/29/index.php?action_kouhyou_detail_004_kani=true&JigyosyoCd=2970200628-00&ServiceCd=110&Type=search", "url2": "ansin1165@gmail.com" }, "geometry": { "type": "Point", "coordinates": [ 135.7501992, 34.5200819 ] } },
{ "type": "Feature", "properties": { "内容": "有限会社　ソフト【訪問介護】奈良県大和高田市曙町14番2-7号", "url": "https://www.kaigokensaku.mhlw.go.jp/29/index.php?action_kouhyou_detail_004_kani=true&JigyosyoCd=2970200339-00&ServiceCd=110&Type=search", "url2": null }, "geometry": { "type": "Point", "coordinates": [ 135.755603476582337, 34.514467020842929 ] } },
{ "type": "Feature", "properties": { "内容": "訪問介護らぶ【訪問介護】礒野４９０番地４", "url": "https://www.kaigokensaku.mhlw.go.jp/29/index.php?action_kouhyou_detail_004_kani=true&JigyosyoCd=2970201501-00&ServiceCd=110&Type=search", "url2": null }, "geometry": { "type": "Point", "coordinates": [ 135.735578300000043, 34.5045754 ] } },
{ "type": "Feature", "properties": { "内容": "訪問介護うたたね【訪問介護】奈良県大和高田市野口390-6番地", "url": "https://www.kaigokensaku.mhlw.go.jp/29/index.php?action_kouhyou_detail_004_kani=true&JigyosyoCd=2970200461-00&ServiceCd=110&Type=search", "url2": null }, "geometry": { "type": "Point", "coordinates": [ 135.7174377, 34.5255141 ] } },
{ "type": "Feature", "properties": { "内容": "有限会社　ミオの家【訪問介護】奈良県大和高田市東中８２番地", "url": "https://www.kaigokensaku.mhlw.go.jp/29/index.php?action_kouhyou_detail_004_kani=true&JigyosyoCd=2970200271-00&ServiceCd=110&Type=search", "url2": "http://mionoie.co.jp" }, "geometry": { "type": "Point", "coordinates": [ 135.733764599999972, 34.5025729 ] } },
{ "type": "Feature", "properties": { "内容": "ヘルパーステーションみらい日記【訪問介護】奈良県大和高田市大字田井117番地15", "url": "https://www.kaigokensaku.mhlw.go.jp/29/index.php?action_kouhyou_detail_004_kani=true&JigyosyoCd=2970200297-00&ServiceCd=110&Type=search", "url2": null }, "geometry": { "type": "Point", "coordinates": [ 135.755291757485992, 34.499441274816114 ] } },
{ "type": "Feature", "properties": { "内容": "訪問介護サービス光陽【訪問介護】奈良県大和高田市今里360-4", "url": "https://www.kaigokensaku.mhlw.go.jp/29/index.php?action_kouhyou_detail_004_kani=true&JigyosyoCd=2970200586-00&ServiceCd=110&Type=search", "url2": "http://kaigo-kouyou.co.jp" }, "geometry": { "type": "Point", "coordinates": [ 135.758691900000031, 34.510498300000044 ] } },
{ "type": "Feature", "properties": { "内容": "ケアステーション　ワンライフ【訪問介護】奈良県大和高田市大中南町3-54", "url": "https://www.kaigokensaku.mhlw.go.jp/29/index.php?action_kouhyou_detail_004_kani=true&JigyosyoCd=2970201865-00&ServiceCd=110&Type=search", "url2": null }, "geometry": { "type": "Point", "coordinates": [ 135.7384553, 34.5118675 ] } },
{ "type": "Feature", "properties": { "内容": "たんぽぽ訪問介護ステーション【訪問介護】奈良県大和高田市神楽3-1-20サンプラザ神楽332号", "url": "https://www.kaigokensaku.mhlw.go.jp/29/index.php?action_kouhyou_detail_004_kani=true&JigyosyoCd=2970201683-00&ServiceCd=110&Type=search", "url2": null }, "geometry": { "type": "Point", "coordinates": [ 135.7420305, 34.5230389 ] } },
{ "type": "Feature", "properties": { "内容": "ヘルパーステーション・ギブアンドテイク【訪問介護】奈良県大和郡山市城町1799－11", "url": "https://www.kaigokensaku.mhlw.go.jp/29/index.php?action_kouhyou_detail_004_kani=true&JigyosyoCd=2970300378-00&ServiceCd=110&Type=search", "url2": null }, "geometry": { "type": "Point", "coordinates": [ 135.756257399999981, 34.6519505 ] } },
{ "type": "Feature", "properties": { "内容": "森のくまさん【訪問介護】奈良県大和郡山市筒井町376－17", "url": "https://www.kaigokensaku.mhlw.go.jp/29/index.php?action_kouhyou_detail_004_kani=true&JigyosyoCd=2970301525-00&ServiceCd=110&Type=search", "url2": null }, "geometry": { "type": "Point", "coordinates": [ 135.7756898, 34.624226 ] } },
{ "type": "Feature", "properties": { "内容": "特定非営利活動法人わかくさもえぎ【訪問介護】奈良県大和郡山市九条町295番地の1", "url": "https://www.kaigokensaku.mhlw.go.jp/29/index.php?action_kouhyou_detail_004_kani=true&JigyosyoCd=2970301749-00&ServiceCd=110&Type=search", "url2": "www.wakakusamoegi.com/" }, "geometry": { "type": "Point", "coordinates": [ 135.783751038098131, 34.659262174971339 ] } },
{ "type": "Feature", "properties": { "内容": "ケアステーションひいらぎ【訪問介護】小泉町1604番地1-104", "url": "https://www.kaigokensaku.mhlw.go.jp/29/index.php?action_kouhyou_detail_004_kani=true&JigyosyoCd=2970301889-00&ServiceCd=110&Type=search", "url2": null }, "geometry": { "type": "Point", "coordinates": [ 135.7574582, 34.6305205 ] } },
{ "type": "Feature", "properties": { "内容": "であい訪問介護事業所【訪問介護】奈良県大和郡山市筒井町894-1寺西ハイツ5", "url": "https://www.kaigokensaku.mhlw.go.jp/29/index.php?action_kouhyou_detail_004_kani=true&JigyosyoCd=2970301855-00&ServiceCd=110&Type=search", "url2": "http://hp.kaipoke.biz/ewf/164338/base_0003.html" }, "geometry": { "type": "Point", "coordinates": [ 135.7846677, 34.6195416 ] } },
{ "type": "Feature", "properties": { "内容": "介護.障がい福祉の事業所　LiANGE【訪問介護】奈良県大和郡山市矢田山町7番地18", "url": "https://www.kaigokensaku.mhlw.go.jp/29/index.php?action_kouhyou_detail_004_kani=true&JigyosyoCd=2970302028-00&ServiceCd=110&Type=search", "url2": null }, "geometry": { "type": "Point", "coordinates": [ 135.747230800000011, 34.644191 ] } },
{ "type": "Feature", "properties": { "内容": "有限会社えがお【訪問介護】奈良県大和郡山市柳町２３５番地", "url": "https://www.kaigokensaku.mhlw.go.jp/29/index.php?action_kouhyou_detail_004_kani=true&JigyosyoCd=2970300295-00&ServiceCd=110&Type=search", "url2": null }, "geometry": { "type": "Point", "coordinates": [ 135.781580500000018, 34.6427021 ] } },
{ "type": "Feature", "properties": { "内容": "岡谷会　ホームヘルプステーション郡山【訪問介護】大和郡山市新町305-92", "url": "https://www.kaigokensaku.mhlw.go.jp/29/index.php?action_kouhyou_detail_004_kani=true&JigyosyoCd=2970300212-00&ServiceCd=110&Type=search", "url2": "http://www.okatani.or.jp/katagiri/homehelp/index.html" }, "geometry": { "type": "Point", "coordinates": [ 135.756824234393321, 34.640490134949808 ] } },
{ "type": "Feature", "properties": { "内容": "ケアセンターにっけん大和郡山【訪問介護】小林町西三丁目１番地の１１フォーユー大和郡山内", "url": "https://www.kaigokensaku.mhlw.go.jp/29/index.php?action_kouhyou_detail_004_kani=true&JigyosyoCd=2970301236-00&ServiceCd=110&Type=search", "url2": null }, "geometry": { "type": "Point", "coordinates": [ 135.766555179901161, 34.619484019198111 ] } },
{ "type": "Feature", "properties": { "内容": "ヘルパーサポート　笑ん満【訪問介護】奈良県大和郡山市池沢町139-1-102ダイワ第2マンション102号", "url": "https://www.kaigokensaku.mhlw.go.jp/29/index.php?action_kouhyou_detail_004_kani=true&JigyosyoCd=2970301590-00&ServiceCd=110&Type=search", "url2": "http://nara.enman-care.com" }, "geometry": { "type": "Point", "coordinates": [ 135.778548199999932, 34.6137829 ] } },
{ "type": "Feature", "properties": { "内容": "訪問介護ステーションあかり【訪問介護】奈良県大和郡山市田中町758番地", "url": "https://www.kaigokensaku.mhlw.go.jp/29/index.php?action_kouhyou_detail_004_kani=true&JigyosyoCd=2970301459-00&ServiceCd=110&Type=search", "url2": "http://imura-clinic.jp/" }, "geometry": { "type": "Point", "coordinates": [ 135.7700982, 34.637507799999952 ] } },
{ "type": "Feature", "properties": { "内容": "訪問介護Ai【訪問介護】奈良県大和郡山市小泉町505-1", "url": "https://www.kaigokensaku.mhlw.go.jp/29/index.php?action_kouhyou_detail_004_kani=true&JigyosyoCd=2970301467-00&ServiceCd=110&Type=search", "url2": null }, "geometry": { "type": "Point", "coordinates": [ 135.7630791, 34.6225389 ] } },
{ "type": "Feature", "properties": { "内容": "ホームヘルプステーション　さくらんぼ【訪問介護】奈良県大和郡山市柳2-23-10", "url": "https://www.kaigokensaku.mhlw.go.jp/29/index.php?action_kouhyou_detail_004_kani=true&JigyosyoCd=2970301012-00&ServiceCd=110&Type=search", "url2": "http://www.moe.or.jp/" }, "geometry": { "type": "Point", "coordinates": [ 135.782947, 34.6475462 ] } },
{ "type": "Feature", "properties": { "内容": "ケアステーションバンビ【訪問介護】奈良県大和郡山市小泉町１５１７－７", "url": "https://www.kaigokensaku.mhlw.go.jp/29/index.php?action_kouhyou_detail_004_kani=true&JigyosyoCd=2970300592-00&ServiceCd=110&Type=search", "url2": null }, "geometry": { "type": "Point", "coordinates": [ 135.7592622, 34.6255516 ] } },
{ "type": "Feature", "properties": { "内容": "ホームヘルプえのき【訪問介護】奈良県大和郡山市代官町2番39-1号", "url": "https://www.kaigokensaku.mhlw.go.jp/29/index.php?action_kouhyou_detail_004_kani=true&JigyosyoCd=2970301772-00&ServiceCd=110&Type=search", "url2": "https://enoki0901.com" }, "geometry": { "type": "Point", "coordinates": [ 135.780977521426394, 34.657525113292571 ] } },
{ "type": "Feature", "properties": { "内容": "訪問介護事業所こまやか【訪問介護】北郡山町311番地6", "url": "https://www.kaigokensaku.mhlw.go.jp/29/index.php?action_kouhyou_detail_004_kani=true&JigyosyoCd=2970301426-00&ServiceCd=110&Type=search", "url2": "http://www.touwakai.or.jp" }, "geometry": { "type": "Point", "coordinates": [ 135.783128300306799, 34.65385963643876 ] } },
{ "type": "Feature", "properties": { "内容": "介護のみき　大和小泉駅前店【訪問介護】奈良県大和郡山市小泉町東２丁目３－７よしのビル１Ｆ", "url": "https://www.kaigokensaku.mhlw.go.jp/29/index.php?action_kouhyou_detail_004_kani=true&JigyosyoCd=2970301152-00&ServiceCd=110&Type=search", "url2": "http://www.jcare.co.jp/kaigo/" }, "geometry": { "type": "Point", "coordinates": [ 135.764527, 34.6215231 ] } },
{ "type": "Feature", "properties": { "内容": "ケアサポートなのはな【訪問介護】奈良県大和郡山市馬司町144-11善紀ハイツ202号室", "url": "https://www.kaigokensaku.mhlw.go.jp/29/index.php?action_kouhyou_detail_004_kani=true&JigyosyoCd=2970301798-00&ServiceCd=110&Type=search", "url2": "http://houshinenterprisehp.jimdofree.com/" }, "geometry": { "type": "Point", "coordinates": [ 135.7811123, 34.6137466 ] } },
{ "type": "Feature", "properties": { "内容": "ヘルパーステーション　たいむ【訪問介護】奈良県大和郡山市小泉町2733－2", "url": "https://www.kaigokensaku.mhlw.go.jp/29/index.php?action_kouhyou_detail_004_kani=true&JigyosyoCd=2970301640-00&ServiceCd=110&Type=search", "url2": "http://thymethyme.jp/" }, "geometry": { "type": "Point", "coordinates": [ 135.7488919, 34.6258749 ] } },
{ "type": "Feature", "properties": { "内容": "訪問介護ステーションあずみ【訪問介護】奈良県大和郡山市小泉町2996-41", "url": "https://www.kaigokensaku.mhlw.go.jp/29/index.php?action_kouhyou_detail_004_kani=true&JigyosyoCd=2970301863-00&ServiceCd=110&Type=search", "url2": "https://azumi-olive.com/" }, "geometry": { "type": "Point", "coordinates": [ 135.753745900000013, 34.6336014 ] } },
{ "type": "Feature", "properties": { "内容": "ケア21大和郡山【訪問介護】大和郡山市柳二丁目6　三村テナント1号室", "url": "https://www.kaigokensaku.mhlw.go.jp/29/index.php?action_kouhyou_detail_004_kani=true&JigyosyoCd=2970301996-00&ServiceCd=110&Type=search", "url2": "care21.co.jp" }, "geometry": { "type": "Point", "coordinates": [ 135.7834604, 34.6474534 ] } },
{ "type": "Feature", "properties": { "内容": "訪問介護事業部　おたすけマン【訪問介護】奈良県大和郡山市小南町488番地195", "url": "https://www.kaigokensaku.mhlw.go.jp/29/index.php?action_kouhyou_detail_004_kani=true&JigyosyoCd=2970301103-00&ServiceCd=110&Type=search", "url2": "http://naraotasuke.co.jp" }, "geometry": { "type": "Point", "coordinates": [ 135.773676099999989, 34.6362186 ] } },
{ "type": "Feature", "properties": { "内容": "ニチイケアセンター大和郡山【訪問介護】奈良県大和郡山市北郡山町246番地大和本社ビル105号室", "url": "https://www.kaigokensaku.mhlw.go.jp/29/index.php?action_kouhyou_detail_004_kani=true&JigyosyoCd=2970301764-00&ServiceCd=110&Type=search", "url2": "https://www.nichiigakkan.co.jp" }, "geometry": { "type": "Point", "coordinates": [ 135.782350795700808, 34.650464036335023 ] } },
{ "type": "Feature", "properties": { "内容": "いろは介護ステーション【訪問介護】奈良県大和郡山市北郡山町１２９－１ラシーヌ小川１０７", "url": "https://www.kaigokensaku.mhlw.go.jp/29/index.php?action_kouhyou_detail_004_kani=true&JigyosyoCd=2970301434-00&ServiceCd=110&Type=search", "url2": null }, "geometry": { "type": "Point", "coordinates": [ 135.785491200000024, 34.6544817 ] } },
{ "type": "Feature", "properties": { "内容": "ヘルパーステーションみやび【訪問介護】奈良県奈良県大和郡山市矢田町4842ヴィラナリー大和郡山3－408", "url": "https://www.kaigokensaku.mhlw.go.jp/29/index.php?action_kouhyou_detail_004_kani=true&JigyosyoCd=2970301962-00&ServiceCd=110&Type=search", "url2": "http://hp.kaipoke.biz/zn9/" }, "geometry": { "type": "Point", "coordinates": [ 135.7542364, 34.6460202 ] } },
{ "type": "Feature", "properties": { "内容": "縁海【訪問介護】奈良県大和郡山市今国府町750番地本多マンション203号室", "url": "https://www.kaigokensaku.mhlw.go.jp/29/index.php?action_kouhyou_detail_004_kani=true&JigyosyoCd=2970301954-00&ServiceCd=110&Type=search", "url2": "k-and-a-enkai.co.jp" }, "geometry": { "type": "Point", "coordinates": [ 135.768986500000011, 34.6157383 ] } },
{ "type": "Feature", "properties": { "内容": "在宅生活支援センターテルミー【訪問介護】奈良県大和郡山市北郡山町２４６番地大和本社ビル別館３０４号", "url": "https://www.kaigokensaku.mhlw.go.jp/29/index.php?action_kouhyou_detail_004_kani=true&JigyosyoCd=2970301558-00&ServiceCd=110&Type=search", "url2": null }, "geometry": { "type": "Point", "coordinates": [ 135.78252759999998, 34.650668099999976 ] } },
{ "type": "Feature", "properties": { "内容": "あすなら苑【訪問介護】奈良県大和郡山市宮堂町160-7", "url": "https://www.kaigokensaku.mhlw.go.jp/29/index.php?action_kouhyou_detail_004_kani=true&JigyosyoCd=2970300121-00&ServiceCd=110&Type=search", "url2": "https://asunaraen.or.jp" }, "geometry": { "type": "Point", "coordinates": [ 135.786481099999946, 34.6019069 ] } },
{ "type": "Feature", "properties": { "内容": "大和園りおん【訪問介護】筒井町883-3大和園りおん", "url": "https://www.kaigokensaku.mhlw.go.jp/29/index.php?action_kouhyou_detail_004_kani=true&JigyosyoCd=2970301731-00&ServiceCd=110&Type=search", "url2": "http://www.yamatoen.or.jp" }, "geometry": { "type": "Point", "coordinates": [ 135.783816579762288, 34.619113934355966 ] } },
{ "type": "Feature", "properties": { "内容": "特別養護老人ホーム大和園平和【訪問介護】奈良県大和郡山市美濃庄町236-1", "url": "https://www.kaigokensaku.mhlw.go.jp/29/index.php?action_kouhyou_detail_004_kani=true&JigyosyoCd=2970300089-00&ServiceCd=110&Type=search", "url2": "http://www.yamatoen.or.jp/" }, "geometry": { "type": "Point", "coordinates": [ 135.806342200000017, 34.6393253 ] } },
{ "type": "Feature", "properties": { "内容": "大和園こおりやま【訪問介護】奈良県大和郡山市北郡山町205-3", "url": "https://www.kaigokensaku.mhlw.go.jp/29/index.php?action_kouhyou_detail_004_kani=true&JigyosyoCd=2970301806-00&ServiceCd=110&Type=search", "url2": "http://www.yamatoen.or.jp/" }, "geometry": { "type": "Point", "coordinates": [ 135.783059970814321, 34.653174730991857 ] } },
{ "type": "Feature", "properties": { "内容": "矢田の郷【訪問介護】奈良県大和郡山市新町991番地", "url": "https://www.kaigokensaku.mhlw.go.jp/29/index.php?action_kouhyou_detail_004_kani=true&JigyosyoCd=2970300626-00&ServiceCd=110&Type=search", "url2": "http://www.hukushiin.com" }, "geometry": { "type": "Point", "coordinates": [ 135.738303970500169, 34.63517870988963 ] } },
{ "type": "Feature", "properties": { "内容": "介護支援センターひまわり【訪問介護】奈良県大和郡山市小泉町3393番地29", "url": "https://www.kaigokensaku.mhlw.go.jp/29/index.php?action_kouhyou_detail_004_kani=true&JigyosyoCd=2970301376-00&ServiceCd=110&Type=search", "url2": null }, "geometry": { "type": "Point", "coordinates": [ 135.756714647221315, 34.634072459798801 ] } },
{ "type": "Feature", "properties": { "内容": "みぎわ訪問介護【訪問介護】九条町1064-9アクティブコーワ301号", "url": "https://www.kaigokensaku.mhlw.go.jp/29/index.php?action_kouhyou_detail_004_kani=true&JigyosyoCd=2970301665-00&ServiceCd=110&Type=search", "url2": null }, "geometry": { "type": "Point", "coordinates": [ 135.770369193039642, 34.656475919780625 ] } },
{ "type": "Feature", "properties": { "内容": "訪問介護事業所　あっぱれ【訪問介護】大和郡山市小泉町１６１４－２－２０６", "url": "https://www.kaigokensaku.mhlw.go.jp/29/index.php?action_kouhyou_detail_004_kani=true&JigyosyoCd=2970300527-00&ServiceCd=110&Type=search", "url2": "https://www.care-appare.com/" }, "geometry": { "type": "Point", "coordinates": [ 135.756999599999972, 34.6308025 ] } },
{ "type": "Feature", "properties": { "内容": "訪問介護サービスひよこ【訪問介護】奈良県大和郡山市小泉町１６０２－１　レンタルスペース小泉1階", "url": "https://www.kaigokensaku.mhlw.go.jp/29/index.php?action_kouhyou_detail_004_kani=true&JigyosyoCd=2970300386-00&ServiceCd=110&Type=search", "url2": "http://www.hiyoko-kaigo.com/" }, "geometry": { "type": "Point", "coordinates": [ 135.757124100000027, 34.6301642 ] } },
{ "type": "Feature", "properties": { "内容": "マイホーム訪問介護事業所【訪問介護】大和郡山市馬司町227-1", "url": "https://www.kaigokensaku.mhlw.go.jp/29/index.php?action_kouhyou_detail_004_kani=true&JigyosyoCd=2970300246-00&ServiceCd=110&Type=search", "url2": "http://care-net.biz/29/my-home" }, "geometry": { "type": "Point", "coordinates": [ 135.783185312511506, 34.61144364858216 ] } },
{ "type": "Feature", "properties": { "内容": "介護センターえん【訪問介護】筒井町２７８番地の２", "url": "https://www.kaigokensaku.mhlw.go.jp/29/index.php?action_kouhyou_detail_004_kani=true&JigyosyoCd=2970301137-00&ServiceCd=110&Type=search", "url2": null }, "geometry": { "type": "Point", "coordinates": [ 135.779897600000027, 34.6265399 ] } },
{ "type": "Feature", "properties": { "内容": "有限会社　奈良ライフサポート【訪問介護】奈良県大和郡山市発志院町１８５番地１", "url": "https://www.kaigokensaku.mhlw.go.jp/29/index.php?action_kouhyou_detail_004_kani=true&JigyosyoCd=2970300188-00&ServiceCd=110&Type=search", "url2": "http://lsupport.co.jp/" }, "geometry": { "type": "Point", "coordinates": [ 135.8031287, 34.6279015 ] } },
{ "type": "Feature", "properties": { "内容": "訪問介護事業所フルライフケア大和郡山【訪問介護】奈良県大和郡山市魚町36-1ジーメゾン大和郡山ラシード102", "url": "https://www.kaigokensaku.mhlw.go.jp/29/index.php?action_kouhyou_detail_004_kani=true&JigyosyoCd=2970302119-00&ServiceCd=110&Type=search", "url2": null }, "geometry": { "type": "Point", "coordinates": [ 135.7864413, 34.651966 ] } },
{ "type": "Feature", "properties": { "内容": "岡谷会ホームヘルプステーション郡山【訪問介護】奈良県大和郡山市新町305-92", "url": "https://www.kaigokensaku.mhlw.go.jp/29/index.php?action_kouhyou_detail_004_kani=true&JigyosyoCd=2970302085-00&ServiceCd=110&Type=search", "url2": "https://www.okatani.or.jp/katagiri/homehelp/index.html" }, "geometry": { "type": "Point", "coordinates": [ 135.7566656, 34.6404648 ] } },
{ "type": "Feature", "properties": { "内容": "アルキの笑【訪問介護】奈良県大和郡山市満願寺町５３３番地２４", "url": "https://www.kaigokensaku.mhlw.go.jp/29/index.php?action_kouhyou_detail_004_kani=true&JigyosyoCd=2970302127-00&ServiceCd=110&Type=search", "url2": null }, "geometry": { "type": "Point", "coordinates": [ 135.7602248, 34.6387132 ] } },
{ "type": "Feature", "properties": { "内容": "ケアステーションenisia【訪問介護】奈良県大和郡山市北郡山町525-5", "url": "https://www.kaigokensaku.mhlw.go.jp/29/index.php?action_kouhyou_detail_004_kani=true&JigyosyoCd=2970301913-00&ServiceCd=110&Type=search", "url2": null }, "geometry": { "type": "Point", "coordinates": [ 135.777483600000011, 34.6570118 ] } },
{ "type": "Feature", "properties": { "内容": "ヘルパーステーションやまと【訪問介護】奈良県大和郡山市筒井町463番地1ふぁみーゆ筒井13号", "url": "https://www.kaigokensaku.mhlw.go.jp/29/index.php?action_kouhyou_detail_004_kani=true&JigyosyoCd=2970301830-00&ServiceCd=110&Type=search", "url2": null }, "geometry": { "type": "Point", "coordinates": [ 135.7805746, 34.6218285 ] } },
{ "type": "Feature", "properties": { "内容": "訪問介護　恵愛【訪問介護】奈良県天理市二階堂上ノ庄町216-8", "url": "https://www.kaigokensaku.mhlw.go.jp/29/index.php?action_kouhyou_detail_004_kani=true&JigyosyoCd=2970401580-00&ServiceCd=110&Type=search", "url2": null }, "geometry": { "type": "Point", "coordinates": [ 135.800943082209017, 34.599598494017769 ] } },
{ "type": "Feature", "properties": { "内容": "株式会社ルータス【訪問介護】奈良県天理市三島町154-22F南号室", "url": "https://www.kaigokensaku.mhlw.go.jp/29/index.php?action_kouhyou_detail_004_kani=true&JigyosyoCd=2970401655-00&ServiceCd=110&Type=search", "url2": null }, "geometry": { "type": "Point", "coordinates": [ 135.8378313, 34.6027731 ] } },
{ "type": "Feature", "properties": { "内容": "訪問介護おむすび【訪問介護】奈良県天理市三島町425-1", "url": "https://www.kaigokensaku.mhlw.go.jp/29/index.php?action_kouhyou_detail_004_kani=true&JigyosyoCd=2970401143-00&ServiceCd=110&Type=search", "url2": null }, "geometry": { "type": "Point", "coordinates": [ 135.841239099999939, 34.6003828 ] } },
{ "type": "Feature", "properties": { "内容": "ヘルパーステーション天理【訪問介護】奈良県天理市櫟本町2761-2", "url": "https://www.kaigokensaku.mhlw.go.jp/29/index.php?action_kouhyou_detail_004_kani=true&JigyosyoCd=2970401200-00&ServiceCd=110&Type=search", "url2": null }, "geometry": { "type": "Point", "coordinates": [ 135.840669700000035, 34.6231973 ] } },
{ "type": "Feature", "properties": { "内容": "訪問介護　ファミリア【訪問介護】奈良県天理市福知堂町273-3", "url": "https://www.kaigokensaku.mhlw.go.jp/29/index.php?action_kouhyou_detail_004_kani=true&JigyosyoCd=2970401002-00&ServiceCd=110&Type=search", "url2": null }, "geometry": { "type": "Point", "coordinates": [ 135.823963723644198, 34.572312411912606 ] } },
{ "type": "Feature", "properties": { "内容": "訪問介護センター　田部の家【訪問介護】天理市田部町524番地", "url": "https://www.kaigokensaku.mhlw.go.jp/29/index.php?action_kouhyou_detail_004_kani=true&JigyosyoCd=2970400962-00&ServiceCd=110&Type=search", "url2": "https://kamuchikara.or.jp/" }, "geometry": { "type": "Point", "coordinates": [ 135.832326, 34.6030517 ] } },
{ "type": "Feature", "properties": { "内容": "ヘルパーセンターみやぎ【訪問介護】天理市三昧田町107-1", "url": "https://www.kaigokensaku.mhlw.go.jp/29/index.php?action_kouhyou_detail_004_kani=true&JigyosyoCd=2970400079-00&ServiceCd=110&Type=search", "url2": "http://www.miyagikai.or.jp/" }, "geometry": { "type": "Point", "coordinates": [ 135.838855914749956, 34.583602830349605 ] } },
{ "type": "Feature", "properties": { "内容": "ニチイケアセンター天理【訪問介護】奈良県天理市川原城町303-2Cortese天理　201号", "url": "https://www.kaigokensaku.mhlw.go.jp/29/index.php?action_kouhyou_detail_004_kani=true&JigyosyoCd=2970400186-00&ServiceCd=110&Type=search", "url2": "http://www.nichiigakkan.co.jp" }, "geometry": { "type": "Point", "coordinates": [ 135.835200799999939, 34.600743700000031 ] } },
{ "type": "Feature", "properties": { "内容": "株式会社ライフエール天理店【訪問介護】天理市中之庄町４８３番地", "url": "https://www.kaigokensaku.mhlw.go.jp/29/index.php?action_kouhyou_detail_004_kani=true&JigyosyoCd=2970400087-00&ServiceCd=110&Type=search", "url2": "https://www.fureai-net.com/" }, "geometry": { "type": "Point", "coordinates": [ 135.844175124507814, 34.63737769545817 ] } },
{ "type": "Feature", "properties": { "内容": "介護みつ葉【訪問介護】奈良県天理市石上町453-5", "url": "https://www.kaigokensaku.mhlw.go.jp/29/index.php?action_kouhyou_detail_004_kani=true&JigyosyoCd=2970400293-00&ServiceCd=110&Type=search", "url2": null }, "geometry": { "type": "Point", "coordinates": [ 135.832684299999954, 34.6142534 ] } },
{ "type": "Feature", "properties": { "内容": "ヘルパーステーション　幸福【訪問介護】奈良県天理市富堂町２１９－６", "url": "https://www.kaigokensaku.mhlw.go.jp/29/index.php?action_kouhyou_detail_004_kani=true&JigyosyoCd=2970400418-00&ServiceCd=110&Type=search", "url2": null }, "geometry": { "type": "Point", "coordinates": [ 135.817155500000013, 34.5949995 ] } },
{ "type": "Feature", "properties": { "内容": "でじたるわーくす【訪問介護】奈良県天理市川原城町272-5", "url": "https://www.kaigokensaku.mhlw.go.jp/29/index.php?action_kouhyou_detail_004_kani=true&JigyosyoCd=2970401747-00&ServiceCd=110&Type=search", "url2": null }, "geometry": { "type": "Point", "coordinates": [ 135.8342571, 34.60022 ] } },
{ "type": "Feature", "properties": { "内容": "訪問介護サービスあい【訪問介護】天理市二階堂上ノ庄町368-2メゾンキタオ106", "url": "https://www.kaigokensaku.mhlw.go.jp/29/index.php?action_kouhyou_detail_004_kani=true&JigyosyoCd=2970400913-00&ServiceCd=110&Type=search", "url2": null }, "geometry": { "type": "Point", "coordinates": [ 135.795709249073752, 34.598675359988114 ] } },
{ "type": "Feature", "properties": { "内容": "訪問介護サービスセンターふわら【訪問介護】奈良県天理市嘉幡町２２８番地の1", "url": "https://www.kaigokensaku.mhlw.go.jp/29/index.php?action_kouhyou_detail_004_kani=true&JigyosyoCd=2970401390-00&ServiceCd=110&Type=search", "url2": null }, "geometry": { "type": "Point", "coordinates": [ 135.798197119990505, 34.586723754675738 ] } },
{ "type": "Feature", "properties": { "内容": "よし乃訪問介護センター【訪問介護】奈良県天理市櫟本町３０８９－２", "url": "https://www.kaigokensaku.mhlw.go.jp/29/index.php?action_kouhyou_detail_004_kani=true&JigyosyoCd=2970400863-00&ServiceCd=110&Type=search", "url2": null }, "geometry": { "type": "Point", "coordinates": [ 135.829565099999968, 34.6170975 ] } },
{ "type": "Feature", "properties": { "内容": "訪問介護ステーションおやの里【訪問介護】奈良県天理市川原城町３６６－２", "url": "https://www.kaigokensaku.mhlw.go.jp/29/index.php?action_kouhyou_detail_004_kani=true&JigyosyoCd=2970401572-00&ServiceCd=110&Type=search", "url2": "https://oyanosato.co.jp/home-visitcare/" }, "geometry": { "type": "Point", "coordinates": [ 135.8357047, 34.5974181 ] } },
{ "type": "Feature", "properties": { "内容": "訪問介護福丸【訪問介護】奈良県天理市田井庄町７１５住宅型有料老人ホーム福丸Ⅱ内", "url": "https://www.kaigokensaku.mhlw.go.jp/29/index.php?action_kouhyou_detail_004_kani=true&JigyosyoCd=2970401465-00&ServiceCd=110&Type=search", "url2": null }, "geometry": { "type": "Point", "coordinates": [ 135.8257117, 34.5995635 ] } },
{ "type": "Feature", "properties": { "内容": "株式会社歩・AYUMU【訪問介護】富堂町213番地4", "url": "https://www.kaigokensaku.mhlw.go.jp/29/index.php?action_kouhyou_detail_004_kani=true&JigyosyoCd=2970401713-00&ServiceCd=110&Type=search", "url2": null }, "geometry": { "type": "Point", "coordinates": [ 135.8184614, 34.5956369 ] } },
{ "type": "Feature", "properties": { "内容": "訪問介護はなまる【訪問介護】奈良県天理市田井庄町295-1薮内マンション401", "url": "https://www.kaigokensaku.mhlw.go.jp/29/index.php?action_kouhyou_detail_004_kani=true&JigyosyoCd=2970401614-00&ServiceCd=110&Type=search", "url2": null }, "geometry": { "type": "Point", "coordinates": [ 135.8206495, 34.5975287 ] } },
{ "type": "Feature", "properties": { "内容": "訪問介護ステーション帆帆【訪問介護】富堂町300番57天理メディカルイースト", "url": "https://www.kaigokensaku.mhlw.go.jp/29/index.php?action_kouhyou_detail_004_kani=true&JigyosyoCd=2970401697-00&ServiceCd=110&Type=search", "url2": "https://www.tenri-medicaleast.jp/" }, "geometry": { "type": "Point", "coordinates": [ 135.8180044, 34.5977496 ] } },
{ "type": "Feature", "properties": { "内容": "有限会社あいネットヘルパーステーションゆうゆう【訪問介護】奈良県天理市東井戸堂町372-1", "url": "https://www.kaigokensaku.mhlw.go.jp/29/index.php?action_kouhyou_detail_004_kani=true&JigyosyoCd=2970400830-00&ServiceCd=110&Type=search", "url2": "http://www.ainetgroup.net" }, "geometry": { "type": "Point", "coordinates": [ 135.823075479762309, 34.59114251655302 ] } },
{ "type": "Feature", "properties": { "内容": "有限会社　あかり介護サービス【訪問介護】奈良県天理市遠田町45-70", "url": "https://www.kaigokensaku.mhlw.go.jp/29/index.php?action_kouhyou_detail_004_kani=true&JigyosyoCd=2970400624-00&ServiceCd=110&Type=search", "url2": null }, "geometry": { "type": "Point", "coordinates": [ 135.82499450748449, 34.5591997532199 ] } },
{ "type": "Feature", "properties": { "内容": "ヘルパーステーションゆめの樹【訪問介護】天理市櫟本町２２５３－１　Ｂ１０１", "url": "https://www.kaigokensaku.mhlw.go.jp/29/index.php?action_kouhyou_detail_004_kani=true&JigyosyoCd=2970400590-00&ServiceCd=110&Type=search", "url2": null }, "geometry": { "type": "Point", "coordinates": [ 135.8323593, 34.6213667 ] } },
{ "type": "Feature", "properties": { "内容": "ケアサポート夢【訪問介護】奈良県天理市西長柄町453-2", "url": "https://www.kaigokensaku.mhlw.go.jp/29/index.php?action_kouhyou_detail_004_kani=true&JigyosyoCd=2970401457-00&ServiceCd=110&Type=search", "url2": "https://www.yume-gp.com/" }, "geometry": { "type": "Point", "coordinates": [ 135.821795035582028, 34.572429282887235 ] } },
{ "type": "Feature", "properties": { "内容": "訪問介護　一休天理【訪問介護】奈良県天理市川原城町773楠本ビル301", "url": "https://www.kaigokensaku.mhlw.go.jp/29/index.php?action_kouhyou_detail_004_kani=true&JigyosyoCd=2970401788-00&ServiceCd=110&Type=search", "url2": null }, "geometry": { "type": "Point", "coordinates": [ 135.833053299999989, 34.6008034 ] } },
{ "type": "Feature", "properties": { "内容": "ケアセンター心【訪問介護】奈良県天理市櫟本町3210-4", "url": "https://www.kaigokensaku.mhlw.go.jp/29/index.php?action_kouhyou_detail_004_kani=true&JigyosyoCd=2970400384-00&ServiceCd=110&Type=search", "url2": null }, "geometry": { "type": "Point", "coordinates": [ 135.832459299999982, 34.6183086 ] } },
{ "type": "Feature", "properties": { "内容": "介護センターピース【訪問介護】奈良県橿原市山之坊町431番地10", "url": "https://www.kaigokensaku.mhlw.go.jp/29/index.php?action_kouhyou_detail_004_kani=true&JigyosyoCd=2970501777-00&ServiceCd=110&Type=search", "url2": null }, "geometry": { "type": "Point", "coordinates": [ 135.811074100000042, 34.5156004 ] } },
{ "type": "Feature", "properties": { "内容": "あかひめ【訪問介護】奈良県橿原市土橋町１３４－６", "url": "https://www.kaigokensaku.mhlw.go.jp/29/index.php?action_kouhyou_detail_004_kani=true&JigyosyoCd=2970502312-00&ServiceCd=110&Type=search", "url2": null }, "geometry": { "type": "Point", "coordinates": [ 135.774244299999964, 34.52464 ] } },
{ "type": "Feature", "properties": { "内容": "ケアセンターいぶき【訪問介護】奈良県橿原市中曽司町178-3吉田ビル２階", "url": "https://www.kaigokensaku.mhlw.go.jp/29/index.php?action_kouhyou_detail_004_kani=true&JigyosyoCd=2970501470-00&ServiceCd=110&Type=search", "url2": null }, "geometry": { "type": "Point", "coordinates": [ 135.771926200000053, 34.5211924 ] } },
{ "type": "Feature", "properties": { "内容": "コミュニティ　ケア　橿原【訪問介護】奈良県橿原市久米町814番地", "url": "https://www.kaigokensaku.mhlw.go.jp/29/index.php?action_kouhyou_detail_004_kani=true&JigyosyoCd=2970500464-00&ServiceCd=110&Type=search", "url2": null }, "geometry": { "type": "Point", "coordinates": [ 135.794056899999987, 34.4856646 ] } },
{ "type": "Feature", "properties": { "内容": "ケント介護サービス橿原【訪問介護】奈良県橿原市法花寺町54-1", "url": "https://www.kaigokensaku.mhlw.go.jp/29/index.php?action_kouhyou_detail_004_kani=true&JigyosyoCd=2970502528-00&ServiceCd=110&Type=search", "url2": null }, "geometry": { "type": "Point", "coordinates": [ 135.812342503600689, 34.508907930235367 ] } },
{ "type": "Feature", "properties": { "内容": "めぐみ【訪問介護】法花寺町１８－４", "url": "https://www.kaigokensaku.mhlw.go.jp/29/index.php?action_kouhyou_detail_004_kani=true&JigyosyoCd=2970501496-00&ServiceCd=110&Type=search", "url2": null }, "geometry": { "type": "Point", "coordinates": [ 135.814149, 34.507146 ] } },
{ "type": "Feature", "properties": { "内容": "孫の手訪問介護センター【訪問介護】奈良県橿原市中曾司町81-2", "url": "https://www.kaigokensaku.mhlw.go.jp/29/index.php?action_kouhyou_detail_004_kani=true&JigyosyoCd=2970502320-00&ServiceCd=110&Type=search", "url2": null }, "geometry": { "type": "Point", "coordinates": [ 135.7715785, 34.5244844 ] } },
{ "type": "Feature", "properties": { "内容": "ニチイケアセンター橿原【訪問介護】奈良県橿原市曽我町723-4", "url": "https://www.kaigokensaku.mhlw.go.jp/29/index.php?action_kouhyou_detail_004_kani=true&JigyosyoCd=2970500266-00&ServiceCd=110&Type=search", "url2": "www.nichiigakkan.co.jp" }, "geometry": { "type": "Point", "coordinates": [ 135.779366100000061, 34.5150914 ] } },
{ "type": "Feature", "properties": { "内容": "かるこケア【訪問介護】奈良県橿原市西池尻町109-1101メープルハウス", "url": "https://www.kaigokensaku.mhlw.go.jp/29/index.php?action_kouhyou_detail_004_kani=true&JigyosyoCd=2970501173-00&ServiceCd=110&Type=search", "url2": null }, "geometry": { "type": "Point", "coordinates": [ 135.777219599999967, 34.4855561 ] } },
{ "type": "Feature", "properties": { "内容": "在宅介護センターさくら【訪問介護】橿原市中曽司町６２－１", "url": "https://www.kaigokensaku.mhlw.go.jp/29/index.php?action_kouhyou_detail_004_kani=true&JigyosyoCd=2970500829-00&ServiceCd=110&Type=search", "url2": null }, "geometry": { "type": "Point", "coordinates": [ 135.7707226, 34.5251651 ] } },
{ "type": "Feature", "properties": { "内容": "フリー【訪問介護】奈良県橿原市葛本町１５３番地の２－３階", "url": "https://www.kaigokensaku.mhlw.go.jp/29/index.php?action_kouhyou_detail_004_kani=true&JigyosyoCd=2970502742-00&ServiceCd=110&Type=search", "url2": null }, "geometry": { "type": "Point", "coordinates": [ 135.8004295, 34.5269988 ] } },
{ "type": "Feature", "properties": { "内容": "あんだんてケアセンター【訪問介護】奈良県橿原市菖蒲町２丁目13-20", "url": "https://www.kaigokensaku.mhlw.go.jp/29/index.php?action_kouhyou_detail_004_kani=true&JigyosyoCd=2970502353-00&ServiceCd=110&Type=search", "url2": null }, "geometry": { "type": "Point", "coordinates": [ 135.8020659, 34.4796139 ] } },
{ "type": "Feature", "properties": { "内容": "ヘルパーステーションカインドハート橿原【訪問介護】奈良県橿原市中町200-128", "url": "https://www.kaigokensaku.mhlw.go.jp/29/index.php?action_kouhyou_detail_004_kani=true&JigyosyoCd=2970502023-00&ServiceCd=110&Type=search", "url2": "http://www.ps-plus.co.jp" }, "geometry": { "type": "Point", "coordinates": [ 135.809399, 34.5268629 ] } },
{ "type": "Feature", "properties": { "内容": "訪問介護ステーション　うらら【訪問介護】奈良県橿原市光陽町100-13", "url": "https://www.kaigokensaku.mhlw.go.jp/29/index.php?action_kouhyou_detail_004_kani=true&JigyosyoCd=2970502197-00&ServiceCd=110&Type=search", "url2": "https://nishiikai.com/" }, "geometry": { "type": "Point", "coordinates": [ 135.76609712680181, 34.48668296075143 ] } },
{ "type": "Feature", "properties": { "内容": "ヘルパーステーションぺちか【訪問介護】奈良県橿原市内膳町2丁目1番30号", "url": "https://www.kaigokensaku.mhlw.go.jp/29/index.php?action_kouhyou_detail_004_kani=true&JigyosyoCd=2970502288-00&ServiceCd=110&Type=search", "url2": null }, "geometry": { "type": "Point", "coordinates": [ 135.790569857672153, 34.510631705279927 ] } },
{ "type": "Feature", "properties": { "内容": "こはる介護サービス【訪問介護】奈良県橿原市石原田町221-3依岡ビル２階　南西", "url": "https://www.kaigokensaku.mhlw.go.jp/29/index.php?action_kouhyou_detail_004_kani=true&JigyosyoCd=2970502676-00&ServiceCd=110&Type=search", "url2": null }, "geometry": { "type": "Point", "coordinates": [ 135.814456400000012, 34.513277400000014 ] } },
{ "type": "Feature", "properties": { "内容": "ケアセンターともに【訪問介護】石川町185番地", "url": "https://www.kaigokensaku.mhlw.go.jp/29/index.php?action_kouhyou_detail_004_kani=true&JigyosyoCd=2970501926-00&ServiceCd=110&Type=search", "url2": "http;//www.kagirohi-tomoni.co.jp" }, "geometry": { "type": "Point", "coordinates": [ 135.803640806512476, 34.483195199113368 ] } },
{ "type": "Feature", "properties": { "内容": "ケアサポートめばえ【訪問介護】奈良県橿原市川西町338番地の1", "url": "https://www.kaigokensaku.mhlw.go.jp/29/index.php?action_kouhyou_detail_004_kani=true&JigyosyoCd=2970501835-00&ServiceCd=110&Type=search", "url2": null }, "geometry": { "type": "Point", "coordinates": [ 140.045859399999983, 38.0044319 ] } },
{ "type": "Feature", "properties": { "内容": "ケアステーション秋桜【訪問介護】奈良県橿原市葛本町486-1", "url": "https://www.kaigokensaku.mhlw.go.jp/29/index.php?action_kouhyou_detail_004_kani=true&JigyosyoCd=2970501546-00&ServiceCd=110&Type=search", "url2": null }, "geometry": { "type": "Point", "coordinates": [ 135.800623475433895, 34.523746186890584 ] } },
{ "type": "Feature", "properties": { "内容": "訪問介護ステーション　はなみず木【訪問介護】橿原市醍醐町131-1", "url": "https://www.kaigokensaku.mhlw.go.jp/29/index.php?action_kouhyou_detail_004_kani=true&JigyosyoCd=2970501223-00&ServiceCd=110&Type=search", "url2": null }, "geometry": { "type": "Point", "coordinates": [ 135.800177510034246, 34.507542027524025 ] } },
{ "type": "Feature", "properties": { "内容": "ヘルパーステーションかしわて姫【訪問介護】奈良県橿原市膳夫町４７７−２０", "url": "https://www.kaigokensaku.mhlw.go.jp/29/index.php?action_kouhyou_detail_004_kani=true&JigyosyoCd=2970502551-00&ServiceCd=110&Type=search", "url2": "https://sanzan-y.com/" }, "geometry": { "type": "Point", "coordinates": [ 135.8224265, 34.5085487 ] } },
{ "type": "Feature", "properties": { "内容": "訪問介護ステーション　うぉ～むは～と【訪問介護】奈良県橿原市畝傍町44サンウィンディアC-202", "url": "https://www.kaigokensaku.mhlw.go.jp/29/index.php?action_kouhyou_detail_004_kani=true&JigyosyoCd=2970501785-00&ServiceCd=110&Type=search", "url2": null }, "geometry": { "type": "Point", "coordinates": [ 135.788835400000011, 34.4890229 ] } },
{ "type": "Feature", "properties": { "内容": "（株）トゥモロー【訪問介護】奈良県橿原市城殿町467コーポ白鳥106", "url": "https://www.kaigokensaku.mhlw.go.jp/29/index.php?action_kouhyou_detail_004_kani=true&JigyosyoCd=2970502338-00&ServiceCd=110&Type=search", "url2": "https://www,tomorrow-kaigo,com/about,php" }, "geometry": { "type": "Point", "coordinates": [ 135.799104199999988, 34.4898131 ] } },
{ "type": "Feature", "properties": { "内容": "株式会社ニチイ学館　ニチイケアセンターしらかし【訪問介護】奈良県橿原市白橿町2丁目13-18亀喜ビル1階A号室", "url": "https://www.kaigokensaku.mhlw.go.jp/29/index.php?action_kouhyou_detail_004_kani=true&JigyosyoCd=2970502445-00&ServiceCd=110&Type=search", "url2": null }, "geometry": { "type": "Point", "coordinates": [ 135.792132700000025, 34.47518860000001 ] } },
{ "type": "Feature", "properties": { "内容": "ニチイケアセンター八木【訪問介護】奈良県橿原市八木町1丁目5-30ダイショウビル３Ｆ", "url": "https://www.kaigokensaku.mhlw.go.jp/29/index.php?action_kouhyou_detail_004_kani=true&JigyosyoCd=2970500126-00&ServiceCd=110&Type=search", "url2": "http://www.nichiigakkan.co.jp" }, "geometry": { "type": "Point", "coordinates": [ 135.793434199999979, 34.5098783 ] } },
{ "type": "Feature", "properties": { "内容": "ぽれぽれ橿原在宅支援相談センター【訪問介護】橿原市白橿町２丁目29－8", "url": "https://www.kaigokensaku.mhlw.go.jp/29/index.php?action_kouhyou_detail_004_kani=true&JigyosyoCd=2970501801-00&ServiceCd=110&Type=search", "url2": "http://www.porepore.co.jp/" }, "geometry": { "type": "Point", "coordinates": [ 135.790438876721169, 34.475320578133505 ] } },
{ "type": "Feature", "properties": { "内容": "ケアクラフト弥生【訪問介護】奈良県橿原市上品寺町１９３番地の１", "url": "https://www.kaigokensaku.mhlw.go.jp/29/index.php?action_kouhyou_detail_004_kani=true&JigyosyoCd=2970500506-00&ServiceCd=110&Type=search", "url2": null }, "geometry": { "type": "Point", "coordinates": [ 135.792370310559164, 34.518976113705683 ] } },
{ "type": "Feature", "properties": { "内容": "株式会社ヨシダ訪問介護センター【訪問介護】橿原市西新堂町100-2　(株)ヨシダ内", "url": "https://www.kaigokensaku.mhlw.go.jp/29/index.php?action_kouhyou_detail_004_kani=true&JigyosyoCd=2970500803-00&ServiceCd=110&Type=search", "url2": null }, "geometry": { "type": "Point", "coordinates": [ 135.793509099999937, 34.5289899 ] } },
{ "type": "Feature", "properties": { "内容": "ゆうけいの里ケアサービス【訪問介護】奈良県橿原市新賀町87番地１サービス付き高齢者向け住宅　ゆうけいの里", "url": "https://www.kaigokensaku.mhlw.go.jp/29/index.php?action_kouhyou_detail_004_kani=true&JigyosyoCd=2970502395-00&ServiceCd=110&Type=search", "url2": "http://www.yuukeinosato.com" }, "geometry": { "type": "Point", "coordinates": [ 135.80178849625625, 34.518749180470351 ] } },
{ "type": "Feature", "properties": { "内容": "ケアセンターにっけん【訪問介護】奈良県橿原市曽我町912-1", "url": "https://www.kaigokensaku.mhlw.go.jp/29/index.php?action_kouhyou_detail_004_kani=true&JigyosyoCd=2970501710-00&ServiceCd=110&Type=search", "url2": null }, "geometry": { "type": "Point", "coordinates": [ 135.776193321426348, 34.519519957552831 ] } },
{ "type": "Feature", "properties": { "内容": "ヘルパーステーションますが【訪問介護】奈良県橿原市曽我町788-1", "url": "https://www.kaigokensaku.mhlw.go.jp/29/index.php?action_kouhyou_detail_004_kani=true&JigyosyoCd=2970502460-00&ServiceCd=110&Type=search", "url2": null }, "geometry": { "type": "Point", "coordinates": [ 135.7781426, 34.5196019 ] } },
{ "type": "Feature", "properties": { "内容": "訪問介護　くるみ【訪問介護】橿原市南八木町１－４－１", "url": "https://www.kaigokensaku.mhlw.go.jp/29/index.php?action_kouhyou_detail_004_kani=true&JigyosyoCd=2970501355-00&ServiceCd=110&Type=search", "url2": null }, "geometry": { "type": "Point", "coordinates": [ 135.7908817, 34.50768690000001 ] } },
{ "type": "Feature", "properties": { "内容": "ケアセンターこころ【訪問介護】奈良県橿原市慈明寺町370番地", "url": "https://www.kaigokensaku.mhlw.go.jp/29/index.php?action_kouhyou_detail_004_kani=true&JigyosyoCd=2970501520-00&ServiceCd=110&Type=search", "url2": null }, "geometry": { "type": "Point", "coordinates": [ 135.777197279109288, 34.496009093796609 ] } },
{ "type": "Feature", "properties": { "内容": "橿原園【訪問介護】奈良県橿原市見瀬町２６５番地", "url": "https://www.kaigokensaku.mhlw.go.jp/29/index.php?action_kouhyou_detail_004_kani=true&JigyosyoCd=2970500019-00&ServiceCd=110&Type=search", "url2": "http://www.kashiharaen.or.jp" }, "geometry": { "type": "Point", "coordinates": [ 135.791340699999978, 34.4795014 ] } },
{ "type": "Feature", "properties": { "内容": "社会福祉法人橿原市社会福祉協議会指定居宅介護事業所【訪問介護】奈良県橿原市畝傍町9番地の1橿原市保健センター南館3階", "url": "https://www.kaigokensaku.mhlw.go.jp/29/index.php?action_kouhyou_detail_004_kani=true&JigyosyoCd=2970500050-00&ServiceCd=110&Type=search", "url2": "https://kashi-syakyou.or.jp/" }, "geometry": { "type": "Point", "coordinates": [ 135.793929877909818, 34.492569377971087 ] } },
{ "type": "Feature", "properties": { "内容": "介護センター　とらいあんぐる【訪問介護】橿原市北八木町１丁目６－２０", "url": "https://www.kaigokensaku.mhlw.go.jp/29/index.php?action_kouhyou_detail_004_kani=true&JigyosyoCd=2970500431-00&ServiceCd=110&Type=search", "url2": null }, "geometry": { "type": "Point", "coordinates": [ 135.793864699999972, 34.5127391 ] } },
{ "type": "Feature", "properties": { "内容": "ホームヘルパーステーション絆【訪問介護】奈良県橿原市中曽司町２６９－２７", "url": "https://www.kaigokensaku.mhlw.go.jp/29/index.php?action_kouhyou_detail_004_kani=true&JigyosyoCd=2970500696-00&ServiceCd=110&Type=search", "url2": null }, "geometry": { "type": "Point", "coordinates": [ 135.767358800000011, 34.521182 ] } },
{ "type": "Feature", "properties": { "内容": "さかえケアタクシー【訪問介護】奈良県橿原市兵部町７－１７奥野ビル3F", "url": "https://www.kaigokensaku.mhlw.go.jp/29/index.php?action_kouhyou_detail_004_kani=true&JigyosyoCd=2970500530-00&ServiceCd=110&Type=search", "url2": null }, "geometry": { "type": "Point", "coordinates": [ 135.791903224370202, 34.504804671448994 ] } },
{ "type": "Feature", "properties": { "内容": "橿原ケアセンター　ユースフル21【訪問介護】奈良県橿原市今井町3丁目12-16", "url": "https://www.kaigokensaku.mhlw.go.jp/29/index.php?action_kouhyou_detail_004_kani=true&JigyosyoCd=2970500191-00&ServiceCd=110&Type=search", "url2": "http://useful21.co.jp" }, "geometry": { "type": "Point", "coordinates": [ 135.781729700000028, 34.50424 ] } },
{ "type": "Feature", "properties": { "内容": "有限会社川西ウイング【訪問介護】奈良県橿原市中曽司町３８４－１１", "url": "https://www.kaigokensaku.mhlw.go.jp/29/index.php?action_kouhyou_detail_004_kani=true&JigyosyoCd=2970500316-00&ServiceCd=110&Type=search", "url2": "https://aaaika70.wixsite.com/my-site-3" }, "geometry": { "type": "Point", "coordinates": [ 135.766283899999962, 34.5226568 ] } },
{ "type": "Feature", "properties": { "内容": "訪問介護ステーションよりごこち【訪問介護】奈良県橿原市川西町925-8", "url": "https://www.kaigokensaku.mhlw.go.jp/29/index.php?action_kouhyou_detail_004_kani=true&JigyosyoCd=2970502775-00&ServiceCd=110&Type=search", "url2": null }, "geometry": { "type": "Point", "coordinates": [ 135.7738396, 34.4846403 ] } },
{ "type": "Feature", "properties": { "内容": "フィロソフィア訪問介護ステーション【訪問介護】葛本町808番地1", "url": "https://www.kaigokensaku.mhlw.go.jp/29/index.php?action_kouhyou_detail_004_kani=true&JigyosyoCd=2970502825-00&ServiceCd=110&Type=search", "url2": "https：//Pd⁻residence.co.jp" }, "geometry": { "type": "Point", "coordinates": [ 135.8036937, 34.5204552 ] } },
{ "type": "Feature", "properties": { "内容": "介護センター　ベージュハウス【訪問介護】奈良県橿原市中曽司町197番地の13", "url": "https://www.kaigokensaku.mhlw.go.jp/29/index.php?action_kouhyou_detail_004_kani=true&JigyosyoCd=2970502833-00&ServiceCd=110&Type=search", "url2": null }, "geometry": { "type": "Point", "coordinates": [ 135.771337, 34.5205875 ] } },
{ "type": "Feature", "properties": { "内容": "すまいる奈良訪問介護サービス【訪問介護】奈良県橿原市西池尻町242-1スカイコート晶201", "url": "https://www.kaigokensaku.mhlw.go.jp/29/index.php?action_kouhyou_detail_004_kani=true&JigyosyoCd=2970502841-00&ServiceCd=110&Type=search", "url2": "http://smile-nara.jp/" }, "geometry": { "type": "Point", "coordinates": [ 135.7810681, 34.484085 ] } },
{ "type": "Feature", "properties": { "内容": "万葉介護サービスセンター【訪問介護】吉備151", "url": "https://www.kaigokensaku.mhlw.go.jp/29/index.php?action_kouhyou_detail_004_kani=true&JigyosyoCd=2970600207-00&ServiceCd=110&Type=search", "url2": "http://www.manyou-kaigo.co.jp" }, "geometry": { "type": "Point", "coordinates": [ 135.826550782060281, 34.507324466206875 ] } },
{ "type": "Feature", "properties": { "内容": "有限会社　タカダ【訪問介護】奈良県桜井市東新堂220", "url": "https://www.kaigokensaku.mhlw.go.jp/29/index.php?action_kouhyou_detail_004_kani=true&JigyosyoCd=2970600330-00&ServiceCd=110&Type=search", "url2": "https://takadasaku.wixsite.com/kaigotaxi-takada" }, "geometry": { "type": "Point", "coordinates": [ 135.832827599999973, 34.5191336 ] } },
{ "type": "Feature", "properties": { "内容": "キイロイキ【訪問介護】吉備449", "url": "https://www.kaigokensaku.mhlw.go.jp/29/index.php?action_kouhyou_detail_004_kani=true&JigyosyoCd=2970601346-00&ServiceCd=110&Type=search", "url2": null }, "geometry": { "type": "Point", "coordinates": [ 135.832342, 34.507704 ] } },
{ "type": "Feature", "properties": { "内容": "訪問介護ステーションひかり【訪問介護】奈良県桜井市大字笠94番地", "url": "https://www.kaigokensaku.mhlw.go.jp/29/index.php?action_kouhyou_detail_004_kani=true&JigyosyoCd=2970601379-00&ServiceCd=110&Type=search", "url2": "https://hikari-houmonkaigo.jimdosite.com/" }, "geometry": { "type": "Point", "coordinates": [ 135.904460199999988, 34.5697211 ] } },
{ "type": "Feature", "properties": { "内容": "訪問介護支援事業所ヘルパーステーションことり【訪問介護】奈良県桜井市初瀬2425-1", "url": "https://www.kaigokensaku.mhlw.go.jp/29/index.php?action_kouhyou_detail_004_kani=true&JigyosyoCd=2970601239-00&ServiceCd=110&Type=search", "url2": null }, "geometry": { "type": "Point", "coordinates": [ 135.9033561, 34.528336300000021 ] } },
{ "type": "Feature", "properties": { "内容": "ヘルパーステーションみわ【訪問介護】奈良県桜井市大字三輪496番地1", "url": "https://www.kaigokensaku.mhlw.go.jp/29/index.php?action_kouhyou_detail_004_kani=true&JigyosyoCd=2970600199-00&ServiceCd=110&Type=search", "url2": "http://www.i-isinkai.com/" }, "geometry": { "type": "Point", "coordinates": [ 135.8471098, 34.5259578 ] } },
{ "type": "Feature", "properties": { "内容": "介護のみき　桜井店【訪問介護】奈良県桜井市粟殿14-1サンワハイツ1F", "url": "https://www.kaigokensaku.mhlw.go.jp/29/index.php?action_kouhyou_detail_004_kani=true&JigyosyoCd=2970600769-00&ServiceCd=110&Type=search", "url2": "http://jcare.co.jp/kaigo/" }, "geometry": { "type": "Point", "coordinates": [ 135.848157, 34.5154952 ] } },
{ "type": "Feature", "properties": { "内容": "ケアセンターコスモス【訪問介護】奈良県桜井市粟殿15-12リマコーポ115", "url": "https://www.kaigokensaku.mhlw.go.jp/29/index.php?action_kouhyou_detail_004_kani=true&JigyosyoCd=2970601338-00&ServiceCd=110&Type=search", "url2": null }, "geometry": { "type": "Point", "coordinates": [ 135.848258499999986, 34.5157656 ] } },
{ "type": "Feature", "properties": { "内容": "はぴねす訪問介護【訪問介護】奈良県桜井市朝倉台西７丁目１６０番地の５９", "url": "https://www.kaigokensaku.mhlw.go.jp/29/index.php?action_kouhyou_detail_004_kani=true&JigyosyoCd=2970601361-00&ServiceCd=110&Type=search", "url2": null }, "geometry": { "type": "Point", "coordinates": [ 135.8720606, 34.5123876 ] } },
{ "type": "Feature", "properties": { "内容": "生活に寄り添うYURAGI【訪問介護】奈良県桜井市河西775エンプレス南2F", "url": "https://www.kaigokensaku.mhlw.go.jp/29/index.php?action_kouhyou_detail_004_kani=true&JigyosyoCd=2970601148-00&ServiceCd=110&Type=search", "url2": "https://ookinigroup.com/" }, "geometry": { "type": "Point", "coordinates": [ 135.8473017, 34.5004331 ] } },
{ "type": "Feature", "properties": { "内容": "ニチイケアセンター桜井【訪問介護】桜井市粟殿１０２７－１", "url": "https://www.kaigokensaku.mhlw.go.jp/29/index.php?action_kouhyou_detail_004_kani=true&JigyosyoCd=2970600116-00&ServiceCd=110&Type=search", "url2": "http://www.nichiigakkan.co.jp" }, "geometry": { "type": "Point", "coordinates": [ 135.8456711, 34.5183615 ] } },
{ "type": "Feature", "properties": { "内容": "訪問介護ポポらす【訪問介護】奈良県桜井市戒重290-6ノースアベニューA棟102", "url": "https://www.kaigokensaku.mhlw.go.jp/29/index.php?action_kouhyou_detail_004_kani=true&JigyosyoCd=2970601395-00&ServiceCd=110&Type=search", "url2": "https://popo-lus.com" }, "geometry": { "type": "Point", "coordinates": [ 135.835021367222652, 34.514590981330166 ] } },
{ "type": "Feature", "properties": { "内容": "株式会社まるはし【訪問介護】奈良県桜井市大字吉備646-14", "url": "https://www.kaigokensaku.mhlw.go.jp/29/index.php?action_kouhyou_detail_004_kani=true&JigyosyoCd=2970600991-00&ServiceCd=110&Type=search", "url2": null }, "geometry": { "type": "Point", "coordinates": [ 135.8292864, 34.5094098 ] } },
{ "type": "Feature", "properties": { "内容": "訪問介護ステーションきょうせい【訪問介護】奈良県桜井市大福700", "url": "https://www.kaigokensaku.mhlw.go.jp/29/index.php?action_kouhyou_detail_004_kani=true&JigyosyoCd=2970601247-00&ServiceCd=110&Type=search", "url2": null }, "geometry": { "type": "Point", "coordinates": [ 135.829725, 34.51782 ] } },
{ "type": "Feature", "properties": { "内容": "磐余ヘルパーステーション【訪問介護】奈良県桜井市桜井276番地", "url": "https://www.kaigokensaku.mhlw.go.jp/29/index.php?action_kouhyou_detail_004_kani=true&JigyosyoCd=2970600231-00&ServiceCd=110&Type=search", "url2": null }, "geometry": { "type": "Point", "coordinates": [ 135.8473821, 34.5110874 ] } },
{ "type": "Feature", "properties": { "内容": "株式会社　太陽【訪問介護】奈良県桜井市上之庄383-1", "url": "https://www.kaigokensaku.mhlw.go.jp/29/index.php?action_kouhyou_detail_004_kani=true&JigyosyoCd=2970600215-00&ServiceCd=110&Type=search", "url2": "http://taiyo-nara.co.jp/" }, "geometry": { "type": "Point", "coordinates": [ 135.837963934748814, 34.521025809478211 ] } },
{ "type": "Feature", "properties": { "内容": "訪問介護　暖【訪問介護】奈良県桜井市大字上之庄525番地ショワジール202号室", "url": "https://www.kaigokensaku.mhlw.go.jp/29/index.php?action_kouhyou_detail_004_kani=true&JigyosyoCd=2970600678-00&ServiceCd=110&Type=search", "url2": null }, "geometry": { "type": "Point", "coordinates": [ 135.838481827728884, 34.520062203599963 ] } },
{ "type": "Feature", "properties": { "内容": "ケアセンターカインド蕾【訪問介護】奈良県桜井市大字池之内997番地", "url": "https://www.kaigokensaku.mhlw.go.jp/29/index.php?action_kouhyou_detail_004_kani=true&JigyosyoCd=2970601254-00&ServiceCd=110&Type=search", "url2": "https://raiku-kaigo.com/" }, "geometry": { "type": "Point", "coordinates": [ 135.831747663481167, 34.498609707462016 ] } },
{ "type": "Feature", "properties": { "内容": "訪問介護ステーションケアチョイス【訪問介護】奈良県桜井市外山1692ピースハウス外山Ⅱ101", "url": "https://www.kaigokensaku.mhlw.go.jp/29/index.php?action_kouhyou_detail_004_kani=true&JigyosyoCd=2970601312-00&ServiceCd=110&Type=search", "url2": null }, "geometry": { "type": "Point", "coordinates": [ 135.8616704, 34.5140405 ] } },
{ "type": "Feature", "properties": { "内容": "社会福祉法人桜井市社会福祉協議会ヘルパーステーション「れいんぼー」【訪問介護】奈良県桜井市桜井535-1桜井市社会福祉協議会分館", "url": "https://www.kaigokensaku.mhlw.go.jp/29/index.php?action_kouhyou_detail_004_kani=true&JigyosyoCd=2970600132-00&ServiceCd=110&Type=search", "url2": "http://www.sakuraisyakyo.jp/" }, "geometry": { "type": "Point", "coordinates": [ 135.851718133065788, 34.508577679497783 ] } },
{ "type": "Feature", "properties": { "内容": "在宅介護サービスセンターマザーズ【訪問介護】奈良県桜井市大福２４２－１", "url": "https://www.kaigokensaku.mhlw.go.jp/29/index.php?action_kouhyou_detail_004_kani=true&JigyosyoCd=2970600157-00&ServiceCd=110&Type=search", "url2": null }, "geometry": { "type": "Point", "coordinates": [ 135.828633599999989, 34.5123233 ] } },
{ "type": "Feature", "properties": { "内容": "有限会社ヘルパーステーションいぶき【訪問介護】奈良県桜井市大字大泉814番地の３", "url": "https://www.kaigokensaku.mhlw.go.jp/29/index.php?action_kouhyou_detail_004_kani=true&JigyosyoCd=2970600355-00&ServiceCd=110&Type=search", "url2": null }, "geometry": { "type": "Point", "coordinates": [ 135.828341499999965, 34.5338708 ] } },
{ "type": "Feature", "properties": { "内容": "ライフケアことぶき【訪問介護】奈良県桜井市粟原６２－３", "url": "https://www.kaigokensaku.mhlw.go.jp/29/index.php?action_kouhyou_detail_004_kani=true&JigyosyoCd=2970600595-00&ServiceCd=110&Type=search", "url2": null }, "geometry": { "type": "Point", "coordinates": [ 135.877966199999946, 34.5018607 ] } },
{ "type": "Feature", "properties": { "内容": "訪問介護事業所ぱすてる【訪問介護】奈良県五條市中之町1119番地", "url": "https://www.kaigokensaku.mhlw.go.jp/29/index.php?action_kouhyou_detail_004_kani=true&JigyosyoCd=2970700767-00&ServiceCd=110&Type=search", "url2": null }, "geometry": { "type": "Point", "coordinates": [ 135.6739974, 34.367137 ] } },
{ "type": "Feature", "properties": { "内容": "特定非営利活動法人五條市視覚障害者福祉協会【訪問介護】須惠２丁目1-10", "url": "https://www.kaigokensaku.mhlw.go.jp/29/index.php?action_kouhyou_detail_004_kani=true&JigyosyoCd=2970700247-00&ServiceCd=110&Type=search", "url2": null }, "geometry": { "type": "Point", "coordinates": [ 135.6965682, 34.3545413 ] } },
{ "type": "Feature", "properties": { "内容": "ヘルパーステーション翔【訪問介護】奈良県五條市岡町2284-1", "url": "https://www.kaigokensaku.mhlw.go.jp/29/index.php?action_kouhyou_detail_004_kani=true&JigyosyoCd=2970700643-00&ServiceCd=110&Type=search", "url2": null }, "geometry": { "type": "Point", "coordinates": [ 135.6927019, 34.3668812 ] } },
{ "type": "Feature", "properties": { "内容": "株式会社ワ-スリビング【訪問介護】奈良県五條市住川町331－1", "url": "https://www.kaigokensaku.mhlw.go.jp/29/index.php?action_kouhyou_detail_004_kani=true&JigyosyoCd=2970700080-00&ServiceCd=110&Type=search", "url2": null }, "geometry": { "type": "Point", "coordinates": [ 135.7166856, 34.378331 ] } },
{ "type": "Feature", "properties": { "内容": "社会福祉法人祥水園【訪問介護】奈良県五條市野原西3丁目3番41号", "url": "https://www.kaigokensaku.mhlw.go.jp/29/index.php?action_kouhyou_detail_004_kani=true&JigyosyoCd=2970700049-00&ServiceCd=110&Type=search", "url2": "http://www.shousuien.com/" }, "geometry": { "type": "Point", "coordinates": [ 135.702526043671924, 34.345996862681325 ] } },
{ "type": "Feature", "properties": { "内容": "ホームヘルパー五條石山【訪問介護】奈良県五條市五條２丁目８番２号", "url": "https://www.kaigokensaku.mhlw.go.jp/29/index.php?action_kouhyou_detail_004_kani=true&JigyosyoCd=2970700726-00&ServiceCd=110&Type=search", "url2": null }, "geometry": { "type": "Point", "coordinates": [ 135.6977875, 34.350203 ] } },
{ "type": "Feature", "properties": { "内容": "ライフサポートさくら【訪問介護】奈良県五條市田園五丁目17番地の15", "url": "https://www.kaigokensaku.mhlw.go.jp/29/index.php?action_kouhyou_detail_004_kani=true&JigyosyoCd=2970700312-00&ServiceCd=110&Type=search", "url2": null }, "geometry": { "type": "Point", "coordinates": [ 135.677486199999947, 34.3710943 ] } },
{ "type": "Feature", "properties": { "内容": "ケアステーションかがやき【訪問介護】奈良県五條市霊安寺町1661番地2", "url": "https://www.kaigokensaku.mhlw.go.jp/29/index.php?action_kouhyou_detail_004_kani=true&JigyosyoCd=2970700544-00&ServiceCd=110&Type=search", "url2": null }, "geometry": { "type": "Point", "coordinates": [ 135.704481399999963, 34.3371825 ] } },
{ "type": "Feature", "properties": { "内容": "花うさぎ福祉サービス【訪問介護】奈良県五條市二見7丁目5-44　101号", "url": "https://www.kaigokensaku.mhlw.go.jp/29/index.php?action_kouhyou_detail_004_kani=true&JigyosyoCd=2970700437-00&ServiceCd=110&Type=search", "url2": null }, "geometry": { "type": "Point", "coordinates": [ 135.679708500000061, 34.344367 ] } },
{ "type": "Feature", "properties": { "内容": "五條二見交通株式会社コスモス【訪問介護】奈良県五條市住川町1163-2", "url": "https://www.kaigokensaku.mhlw.go.jp/29/index.php?action_kouhyou_detail_004_kani=true&JigyosyoCd=2970700171-00&ServiceCd=110&Type=search", "url2": "http://www.gojo-futami.co.jp/care.html" }, "geometry": { "type": "Point", "coordinates": [ 135.724367635477591, 34.387671033521542 ] } },
{ "type": "Feature", "properties": { "内容": "社会福祉法人　五條市社会福祉協議会【訪問介護】奈良県五條市新町３丁目３番２号", "url": "https://www.kaigokensaku.mhlw.go.jp/29/index.php?action_kouhyou_detail_004_kani=true&JigyosyoCd=2970700023-00&ServiceCd=110&Type=search", "url2": "http://www.shakyo.or.jp/hp/1250/" }, "geometry": { "type": "Point", "coordinates": [ 135.690166, 34.3506777 ] } },
{ "type": "Feature", "properties": { "内容": "友語苑ヘルパーステーションコスモス【訪問介護】奈良県五條市住川町1426番地友語苑", "url": "https://www.kaigokensaku.mhlw.go.jp/29/index.php?action_kouhyou_detail_004_kani=true&JigyosyoCd=2970700155-00&ServiceCd=110&Type=search", "url2": "http://www.sanju.or.jp" }, "geometry": { "type": "Point", "coordinates": [ 135.723939625131266, 34.387382497356569 ] } },
{ "type": "Feature", "properties": { "内容": "福寿ケアサービス【訪問介護】奈良県五條市三在町３９２－１", "url": "https://www.kaigokensaku.mhlw.go.jp/29/index.php?action_kouhyou_detail_004_kani=true&JigyosyoCd=2970700254-00&ServiceCd=110&Type=search", "url2": null }, "geometry": { "type": "Point", "coordinates": [ 135.715735900000027, 34.3691929 ] } },
{ "type": "Feature", "properties": { "内容": "訪問介護ステーション　縁　西吉野【訪問介護】奈良県五條市西吉野町城戸430", "url": "https://www.kaigokensaku.mhlw.go.jp/29/index.php?action_kouhyou_detail_004_kani=true&JigyosyoCd=2970700783-00&ServiceCd=110&Type=search", "url2": "https://m-ask.jp" }, "geometry": { "type": "Point", "coordinates": [ 135.7521911, 34.2867328 ] } },
{ "type": "Feature", "properties": { "内容": "一般社団法人　訪問介護センター　ひまわり【訪問介護】奈良県御所市大字元町79-3", "url": "https://www.kaigokensaku.mhlw.go.jp/29/index.php?action_kouhyou_detail_004_kani=true&JigyosyoCd=2970800583-00&ServiceCd=110&Type=search", "url2": null }, "geometry": { "type": "Point", "coordinates": [ 135.732951700000058, 34.4718349 ] } },
{ "type": "Feature", "properties": { "内容": "しあわせ【訪問介護】奈良県御所市大字櫛羅１５３番地", "url": "https://www.kaigokensaku.mhlw.go.jp/29/index.php?action_kouhyou_detail_004_kani=true&JigyosyoCd=2970800229-00&ServiceCd=110&Type=search", "url2": null }, "geometry": { "type": "Point", "coordinates": [ 135.722336300000052, 34.4639716 ] } },
{ "type": "Feature", "properties": { "内容": "さくら介護サービス【訪問介護】奈良県御所市茅原１７２－３９", "url": "https://www.kaigokensaku.mhlw.go.jp/29/index.php?action_kouhyou_detail_004_kani=true&JigyosyoCd=2970800468-00&ServiceCd=110&Type=search", "url2": null }, "geometry": { "type": "Point", "coordinates": [ 135.747589599999969, 34.4633613 ] } },
{ "type": "Feature", "properties": { "内容": "希望の友訪問介護センター【訪問介護】奈良県御所市東寺田43-5番地", "url": "https://www.kaigokensaku.mhlw.go.jp/29/index.php?action_kouhyou_detail_004_kani=true&JigyosyoCd=2970800476-00&ServiceCd=110&Type=search", "url2": null }, "geometry": { "type": "Point", "coordinates": [ 135.758700412749391, 34.46161560738971 ] } },
{ "type": "Feature", "properties": { "内容": "秋津ホームヘルパーステーション【訪問介護】奈良県御所市池之内１０６４番地", "url": "https://www.kaigokensaku.mhlw.go.jp/29/index.php?action_kouhyou_detail_004_kani=true&JigyosyoCd=2970800054-00&ServiceCd=110&Type=search", "url2": "http://www.kounoikekai.com/" }, "geometry": { "type": "Point", "coordinates": [ 135.75054684774625, 34.451107107592101 ] } },
{ "type": "Feature", "properties": { "内容": "ヘルパーステーションもみじ【訪問介護】奈良県御所市三室697－1", "url": "https://www.kaigokensaku.mhlw.go.jp/29/index.php?action_kouhyou_detail_004_kani=true&JigyosyoCd=2970800609-00&ServiceCd=110&Type=search", "url2": null }, "geometry": { "type": "Point", "coordinates": [ 135.728477600000019, 34.4574115 ] } },
{ "type": "Feature", "properties": { "内容": "コミュニティーケアセンター　ぽかぽか【訪問介護】奈良県御所市大広町１８０谷川ビル1階", "url": "https://www.kaigokensaku.mhlw.go.jp/29/index.php?action_kouhyou_detail_004_kani=true&JigyosyoCd=2970800450-00&ServiceCd=110&Type=search", "url2": "http://www.strawhat-inc.co.jp" }, "geometry": { "type": "Point", "coordinates": [ 135.731601655186552, 34.464443335356847 ] } },
{ "type": "Feature", "properties": { "内容": "陽訪問介護【訪問介護】奈良県御所市柳田町479-5", "url": "https://www.kaigokensaku.mhlw.go.jp/29/index.php?action_kouhyou_detail_004_kani=true&JigyosyoCd=2970800708-00&ServiceCd=110&Type=search", "url2": null }, "geometry": { "type": "Point", "coordinates": [ 135.732205099999987, 34.461666 ] } },
{ "type": "Feature", "properties": { "内容": "社会福祉法人　御所市社会福祉協議会【訪問介護】奈良県御所市７６０番地の３", "url": "https://www.kaigokensaku.mhlw.go.jp/29/index.php?action_kouhyou_detail_004_kani=true&JigyosyoCd=2970800211-00&ServiceCd=110&Type=search", "url2": "www.shakyo.or.jp/hp/1251/" }, "geometry": { "type": "Point", "coordinates": [ 135.740901600000029, 34.4603838 ] } },
{ "type": "Feature", "properties": { "内容": "テンダーヒル御所わかば館【訪問介護】奈良県御所市３６４－１", "url": "https://www.kaigokensaku.mhlw.go.jp/29/index.php?action_kouhyou_detail_004_kani=true&JigyosyoCd=2970800351-00&ServiceCd=110&Type=search", "url2": "http://www.tender.or.jp" }, "geometry": { "type": "Point", "coordinates": [ 135.736237699999947, 34.4657357 ] } },
{ "type": "Feature", "properties": { "内容": "有限会社ふたば介護センター【訪問介護】奈良県御所市三室５８９", "url": "https://www.kaigokensaku.mhlw.go.jp/29/index.php?action_kouhyou_detail_004_kani=true&JigyosyoCd=2970800179-00&ServiceCd=110&Type=search", "url2": null }, "geometry": { "type": "Point", "coordinates": [ 135.729447100000044, 34.4524426 ] } },
{ "type": "Feature", "properties": { "内容": "ケアセンター歩【訪問介護】奈良県御所市大字元町３７４番地の２", "url": "https://www.kaigokensaku.mhlw.go.jp/29/index.php?action_kouhyou_detail_004_kani=true&JigyosyoCd=2970800187-00&ServiceCd=110&Type=search", "url2": null }, "geometry": { "type": "Point", "coordinates": [ 135.731074199999966, 34.469524 ] } },
{ "type": "Feature", "properties": { "内容": "陽なたぼっこ【訪問介護】御所市大字楢原４９６番地の１", "url": "https://www.kaigokensaku.mhlw.go.jp/29/index.php?action_kouhyou_detail_004_kani=true&JigyosyoCd=2970800195-00&ServiceCd=110&Type=search", "url2": null }, "geometry": { "type": "Point", "coordinates": [ 135.722397699999988, 34.4532562 ] } },
{ "type": "Feature", "properties": { "内容": "宅老サロン　椀の家【訪問介護】生駒市あすか野南1-2-2", "url": "https://www.kaigokensaku.mhlw.go.jp/29/index.php?action_kouhyou_detail_004_kani=true&JigyosyoCd=2970900110-00&ServiceCd=110&Type=search", "url2": "http://care-net.biz/29/wannoie/kj04.php" }, "geometry": { "type": "Point", "coordinates": [ 135.720162499999986, 34.7123996 ] } },
{ "type": "Feature", "properties": { "内容": "シニアライフ絆【訪問介護】西松ヶ丘11-8サービス付き高齢者向け住宅　KIZUNA西松ヶ丘", "url": "https://www.kaigokensaku.mhlw.go.jp/29/index.php?action_kouhyou_detail_004_kani=true&JigyosyoCd=2970901613-00&ServiceCd=110&Type=search", "url2": null }, "geometry": { "type": "Point", "coordinates": [ 135.696209397324452, 34.699669471713143 ] } },
{ "type": "Feature", "properties": { "内容": "かいごサポートあさひ【訪問介護】山崎町12-22桜ハウス206号", "url": "https://www.kaigokensaku.mhlw.go.jp/29/index.php?action_kouhyou_detail_004_kani=true&JigyosyoCd=2970901662-00&ServiceCd=110&Type=search", "url2": null }, "geometry": { "type": "Point", "coordinates": [ 135.7039806, 34.6900988 ] } },
{ "type": "Feature", "properties": { "内容": "訪問介護ハートランド生駒【訪問介護】奈良県生駒市中菜畑２丁目１１４２番地の１", "url": "https://www.kaigokensaku.mhlw.go.jp/29/index.php?action_kouhyou_detail_004_kani=true&JigyosyoCd=2970901563-00&ServiceCd=110&Type=search", "url2": "http://kawasho-hl.jp/" }, "geometry": { "type": "Point", "coordinates": [ 135.706575781089782, 34.682268284562234 ] } },
{ "type": "Feature", "properties": { "内容": "オープル生駒ケアステーション【訪問介護】奈良県生駒市門前町2-8大和マンション405", "url": "https://www.kaigokensaku.mhlw.go.jp/29/index.php?action_kouhyou_detail_004_kani=true&JigyosyoCd=2970901456-00&ServiceCd=110&Type=search", "url2": null }, "geometry": { "type": "Point", "coordinates": [ 135.698544730860817, 34.69104303306009 ] } },
{ "type": "Feature", "properties": { "内容": "クラウド介護サービス奈良【訪問介護】奈良県生駒市壱分町３２８番地１リーガルシニア生駒", "url": "https://www.kaigokensaku.mhlw.go.jp/29/index.php?action_kouhyou_detail_004_kani=true&JigyosyoCd=2970901217-00&ServiceCd=110&Type=search", "url2": null }, "geometry": { "type": "Point", "coordinates": [ 135.713717508489907, 34.669790036487214 ] } },
{ "type": "Feature", "properties": { "内容": "訪問介護事業所けあさぽ【訪問介護】奈良県生駒市中菜畑一丁目1190番地1", "url": "https://www.kaigokensaku.mhlw.go.jp/29/index.php?action_kouhyou_detail_004_kani=true&JigyosyoCd=2970902058-00&ServiceCd=110&Type=search", "url2": null }, "geometry": { "type": "Point", "coordinates": [ 135.706195234847854, 34.684185206929634 ] } },
{ "type": "Feature", "properties": { "内容": "けいはんなヘルパーステーション東生駒【訪問介護】奈良県生駒市東菜畑2丁目732番地サービス付き高齢者向け住宅トゥインクルプラス東生駒", "url": "https://www.kaigokensaku.mhlw.go.jp/29/index.php?action_kouhyou_detail_004_kani=true&JigyosyoCd=2970901787-00&ServiceCd=110&Type=search", "url2": "https://careterrace.co.jp" }, "geometry": { "type": "Point", "coordinates": [ 135.7100637, 34.6824724 ] } },
{ "type": "Feature", "properties": { "内容": "ライフケア生駒有限会社【訪問介護】奈良県生駒市東山町211-18", "url": "https://www.kaigokensaku.mhlw.go.jp/29/index.php?action_kouhyou_detail_004_kani=true&JigyosyoCd=2970900482-00&ServiceCd=110&Type=search", "url2": "http://lifecare-ikoma.co.jp/houmon" }, "geometry": { "type": "Point", "coordinates": [ 135.706252899999981, 34.6746641 ] } },
{ "type": "Feature", "properties": { "内容": "医療法人社団　松下会　訪問介護ステーション　エリクシール【訪問介護】奈良県生駒市上町４１３７", "url": "https://www.kaigokensaku.mhlw.go.jp/29/index.php?action_kouhyou_detail_004_kani=true&JigyosyoCd=2970901597-00&ServiceCd=110&Type=search", "url2": "http://www.allpines.jp" }, "geometry": { "type": "Point", "coordinates": [ 135.721255831985445, 34.724059157796525 ] } },
{ "type": "Feature", "properties": { "内容": "医療法人和幸会　阪奈中央訪問介護ステーション【訪問介護】生駒市俵口町413番地", "url": "https://www.kaigokensaku.mhlw.go.jp/29/index.php?action_kouhyou_detail_004_kani=true&JigyosyoCd=2970900748-00&ServiceCd=110&Type=search", "url2": "https://www.wakoucai.or.jp" }, "geometry": { "type": "Point", "coordinates": [ 135.697297391770974, 34.707839725443051 ] } },
{ "type": "Feature", "properties": { "内容": "アーク・ケア・サポート【訪問介護】俵口町694-1", "url": "https://www.kaigokensaku.mhlw.go.jp/29/index.php?action_kouhyou_detail_004_kani=true&JigyosyoCd=2970901928-00&ServiceCd=110&Type=search", "url2": "https://www.arc-care.jp/" }, "geometry": { "type": "Point", "coordinates": [ 135.6962241, 34.7071356 ] } },
{ "type": "Feature", "properties": { "内容": "ヘルパーステーションにじいろ【訪問介護】奈良県生駒市東松ケ丘５番２２号生駒第一ビル1F", "url": "https://www.kaigokensaku.mhlw.go.jp/29/index.php?action_kouhyou_detail_004_kani=true&JigyosyoCd=2970901910-00&ServiceCd=110&Type=search", "url2": "https://www.ykt-innovation.com" }, "geometry": { "type": "Point", "coordinates": [ 135.697133900000011, 34.7001657 ] } },
{ "type": "Feature", "properties": { "内容": "愛友ケアヘルパーステーション【訪問介護】奈良県生駒市辻町373－1", "url": "https://www.kaigokensaku.mhlw.go.jp/29/index.php?action_kouhyou_detail_004_kani=true&JigyosyoCd=2970900052-00&ServiceCd=110&Type=search", "url2": "http://www.iyou-care.net/" }, "geometry": { "type": "Point", "coordinates": [ 135.707510700000057, 34.7039281 ] } },
{ "type": "Feature", "properties": { "内容": "ケアサポート　サンドリームあきおか【訪問介護】奈良県生駒市南田原町１２５５番地５", "url": "https://www.kaigokensaku.mhlw.go.jp/29/index.php?action_kouhyou_detail_004_kani=true&JigyosyoCd=2970901415-00&ServiceCd=110&Type=search", "url2": "https://atcompany.jp/sundreamakioka/" }, "geometry": { "type": "Point", "coordinates": [ 135.700905499999976, 34.715743499999981 ] } },
{ "type": "Feature", "properties": { "内容": "ハーモニー・ヘルパーステーション【訪問介護】生駒市東新町４－２０石丸ビル２Ｆ", "url": "https://www.kaigokensaku.mhlw.go.jp/29/index.php?action_kouhyou_detail_004_kani=true&JigyosyoCd=2970900581-00&ServiceCd=110&Type=search", "url2": "http://www.nihon-unicare.com" }, "geometry": { "type": "Point", "coordinates": [ 135.702541800000063, 34.6927542 ] } },
{ "type": "Feature", "properties": { "内容": "ニーズサポートJ【訪問介護】奈良県生駒市辻町644番地1東有紀マンション105", "url": "https://www.kaigokensaku.mhlw.go.jp/29/index.php?action_kouhyou_detail_004_kani=true&JigyosyoCd=2970901936-00&ServiceCd=110&Type=search", "url2": "http://www.goudougaisyaj.com/" }, "geometry": { "type": "Point", "coordinates": [ 135.7116939, 34.6941472 ] } },
{ "type": "Feature", "properties": { "内容": "ケアサポート　タイム【訪問介護】奈良県生駒市東生駒２丁目207-377　LaMesaⅡ　203号室", "url": "https://www.kaigokensaku.mhlw.go.jp/29/index.php?action_kouhyou_detail_004_kani=true&JigyosyoCd=2970901803-00&ServiceCd=110&Type=search", "url2": null }, "geometry": { "type": "Point", "coordinates": [ 135.715567054158981, 34.685081188422416 ] } },
{ "type": "Feature", "properties": { "内容": "ゆうケアプランセンター【訪問介護】奈良県生駒市上町1392番地", "url": "https://www.kaigokensaku.mhlw.go.jp/29/index.php?action_kouhyou_detail_004_kani=true&JigyosyoCd=2970901860-00&ServiceCd=110&Type=search", "url2": null }, "geometry": { "type": "Point", "coordinates": [ 135.7221485, 34.7165349 ] } },
{ "type": "Feature", "properties": { "内容": "あけびの家【訪問介護】奈良県生駒市中菜畑1丁目4－5", "url": "https://www.kaigokensaku.mhlw.go.jp/29/index.php?action_kouhyou_detail_004_kani=true&JigyosyoCd=2970901878-00&ServiceCd=110&Type=search", "url2": "akebi.website" }, "geometry": { "type": "Point", "coordinates": [ 135.708011, 34.6868804 ] } },
{ "type": "Feature", "properties": { "内容": "社会福祉法人生駒市社会福祉協議会【訪問介護】奈良県生駒市北新町３番１号", "url": "https://www.kaigokensaku.mhlw.go.jp/29/index.php?action_kouhyou_detail_004_kani=true&JigyosyoCd=2970900037-00&ServiceCd=110&Type=search", "url2": "https://ikomashakyo.or.jp/" }, "geometry": { "type": "Point", "coordinates": [ 135.694311800000037, 34.6929569 ] } },
{ "type": "Feature", "properties": { "内容": "特別養護老人ホーム　フォレストホーム【訪問介護】奈良県生駒市北田原町2429-4", "url": "https://www.kaigokensaku.mhlw.go.jp/29/index.php?action_kouhyou_detail_004_kani=true&JigyosyoCd=2970900029-00&ServiceCd=110&Type=search", "url2": "http://www.cyomeisou.or.jp" }, "geometry": { "type": "Point", "coordinates": [ 135.710779399999979, 34.7328586 ] } },
{ "type": "Feature", "properties": { "内容": "はあとぽーと延寿【訪問介護】奈良県生駒市小瀬町１１００", "url": "https://www.kaigokensaku.mhlw.go.jp/29/index.php?action_kouhyou_detail_004_kani=true&JigyosyoCd=2970900268-00&ServiceCd=110&Type=search", "url2": "http://www.enju.net" }, "geometry": { "type": "Point", "coordinates": [ 135.723153251264421, 34.664578337240364 ] } },
{ "type": "Feature", "properties": { "内容": "はあとぽーと梅寿荘【訪問介護】奈良県生駒市西旭ヶ丘12－3総合支援センター　あずさ", "url": "https://www.kaigokensaku.mhlw.go.jp/29/index.php?action_kouhyou_detail_004_kani=true&JigyosyoCd=2970900136-00&ServiceCd=110&Type=search", "url2": "http://hozanji-wel.org" }, "geometry": { "type": "Point", "coordinates": [ 135.699433799999952, 34.688321199999976 ] } },
{ "type": "Feature", "properties": { "内容": "コージーステーション生駒【訪問介護】奈良県生駒市東菜畑2丁目973-13コージーガーデン生駒", "url": "https://www.kaigokensaku.mhlw.go.jp/29/index.php?action_kouhyou_detail_004_kani=true&JigyosyoCd=2970901621-00&ServiceCd=110&Type=search", "url2": "http://s-az.jp/" }, "geometry": { "type": "Point", "coordinates": [ 135.708122099999969, 34.6794498 ] } },
{ "type": "Feature", "properties": { "内容": "そよかぜ【訪問介護】奈良県生駒市鹿畑町1826-9", "url": "https://www.kaigokensaku.mhlw.go.jp/29/index.php?action_kouhyou_detail_004_kani=true&JigyosyoCd=2970900920-00&ServiceCd=110&Type=search", "url2": null }, "geometry": { "type": "Point", "coordinates": [ 135.741829673680058, 34.738230812011793 ] } },
{ "type": "Feature", "properties": { "内容": "三草二木訪問介護サポートセンター【訪問介護】奈良県香芝市関屋1233-2", "url": "https://www.kaigokensaku.mhlw.go.jp/29/index.php?action_kouhyou_detail_004_kani=true&JigyosyoCd=2971001090-00&ServiceCd=110&Type=search", "url2": null }, "geometry": { "type": "Point", "coordinates": [ 135.67571380000004, 34.5530159 ] } },
{ "type": "Feature", "properties": { "内容": "ハローサン【訪問介護】香芝市白鳳台２－２３－１３", "url": "https://www.kaigokensaku.mhlw.go.jp/29/index.php?action_kouhyou_detail_004_kani=true&JigyosyoCd=2971000407-00&ServiceCd=110&Type=search", "url2": null }, "geometry": { "type": "Point", "coordinates": [ 135.69322, 34.5703191 ] } },
{ "type": "Feature", "properties": { "内容": "合同会社　シフト　訪問介護笑奏【訪問介護】奈良県香芝市尼寺２丁目55-1", "url": "https://www.kaigokensaku.mhlw.go.jp/29/index.php?action_kouhyou_detail_004_kani=true&JigyosyoCd=2971001124-00&ServiceCd=110&Type=search", "url2": "http://www.infogoudougaishashift.info/" }, "geometry": { "type": "Point", "coordinates": [ 135.701560800000038, 34.5742439 ] } },
{ "type": "Feature", "properties": { "内容": "株式会社　介護和愛【訪問介護】奈良県香芝市穴虫1352-2", "url": "https://www.kaigokensaku.mhlw.go.jp/29/index.php?action_kouhyou_detail_004_kani=true&JigyosyoCd=2971000837-00&ServiceCd=110&Type=search", "url2": "waai.jp" }, "geometry": { "type": "Point", "coordinates": [ 135.684494699999988, 34.5424315 ] } },
{ "type": "Feature", "properties": { "内容": "訪問介護ものがたり【訪問介護】奈良県香芝市鎌田358-3ヴィラオリエンタルC202", "url": "https://www.kaigokensaku.mhlw.go.jp/29/index.php?action_kouhyou_detail_004_kani=true&JigyosyoCd=2971001405-00&ServiceCd=110&Type=search", "url2": "https://www.narbre.com/houmonkaigo" }, "geometry": { "type": "Point", "coordinates": [ 135.7076961, 34.5235029 ] } },
{ "type": "Feature", "properties": { "内容": "ヘルパーステーション　みのり【訪問介護】奈良県香芝市i磯壁二丁目１１１９オアシスＡ棟１０３号", "url": "https://www.kaigokensaku.mhlw.go.jp/29/index.php?action_kouhyou_detail_004_kani=true&JigyosyoCd=2971000985-00&ServiceCd=110&Type=search", "url2": null }, "geometry": { "type": "Point", "coordinates": [ 135.700465069172651, 34.535605995659424 ] } },
{ "type": "Feature", "properties": { "内容": "１０１０寧楽【訪問介護】奈良県香芝市瓦口2193番地ハルディンデヒラソレス102", "url": "https://www.kaigokensaku.mhlw.go.jp/29/index.php?action_kouhyou_detail_004_kani=true&JigyosyoCd=2971001454-00&ServiceCd=110&Type=search", "url2": null }, "geometry": { "type": "Point", "coordinates": [ 135.716308195224542, 34.536498531327339 ] } },
{ "type": "Feature", "properties": { "内容": "けいはんなヘルパーステーション香芝【訪問介護】奈良県香芝市瓦口43-1", "url": "https://www.kaigokensaku.mhlw.go.jp/29/index.php?action_kouhyou_detail_004_kani=true&JigyosyoCd=2971001595-00&ServiceCd=110&Type=search", "url2": "https://careterrace.co.jp/" }, "geometry": { "type": "Point", "coordinates": [ 135.719808699999987, 34.5352549 ] } },
{ "type": "Feature", "properties": { "内容": "訪問介護ステーション　スイフトケア【訪問介護】奈良県香芝市下田西4-187-1シティロイヤル近鉄下田駅前303号室", "url": "https://www.kaigokensaku.mhlw.go.jp/29/index.php?action_kouhyou_detail_004_kani=true&JigyosyoCd=2971001587-00&ServiceCd=110&Type=search", "url2": "https://kashiba-swiftcare.com/" }, "geometry": { "type": "Point", "coordinates": [ 135.7038186, 34.540821 ] } },
{ "type": "Feature", "properties": { "内容": "ケアセンターアンごいどう【訪問介護】奈良県香芝市五位堂3丁目598-1プラスハート五位堂", "url": "https://www.kaigokensaku.mhlw.go.jp/29/index.php?action_kouhyou_detail_004_kani=true&JigyosyoCd=2971001165-00&ServiceCd=110&Type=search", "url2": null }, "geometry": { "type": "Point", "coordinates": [ 135.71685395518648, 34.534256323443095 ] } },
{ "type": "Feature", "properties": { "内容": "まほろば訪問介護センター【訪問介護】奈良県香芝市上中116-1サービス付き高齢者向け住宅　まほろば", "url": "https://www.kaigokensaku.mhlw.go.jp/29/index.php?action_kouhyou_detail_004_kani=true&JigyosyoCd=2971001017-00&ServiceCd=110&Type=search", "url2": "http://www.mahoroba.jp.net" }, "geometry": { "type": "Point", "coordinates": [ 135.699707430796849, 34.561158973568183 ] } },
{ "type": "Feature", "properties": { "内容": "メディカルコートヘルパーステーション【訪問介護】奈良県香芝市穴虫165番地1", "url": "https://www.kaigokensaku.mhlw.go.jp/29/index.php?action_kouhyou_detail_004_kani=true&JigyosyoCd=2971001264-00&ServiceCd=110&Type=search", "url2": "info@mc-kashiba.com" }, "geometry": { "type": "Point", "coordinates": [ 135.686145849290511, 34.551215599108197 ] } },
{ "type": "Feature", "properties": { "内容": "パーム今泉【訪問介護】奈良県香芝市今泉826番地2パーム今泉新館", "url": "https://www.kaigokensaku.mhlw.go.jp/29/index.php?action_kouhyou_detail_004_kani=true&JigyosyoCd=2971001066-00&ServiceCd=110&Type=search", "url2": null }, "geometry": { "type": "Point", "coordinates": [ 135.6974394, 34.5578707 ] } },
{ "type": "Feature", "properties": { "内容": "介護サービスえん【訪問介護】奈良県香芝市鎌田362-1", "url": "https://www.kaigokensaku.mhlw.go.jp/29/index.php?action_kouhyou_detail_004_kani=true&JigyosyoCd=2971001660-00&ServiceCd=110&Type=search", "url2": "https://entruthheart.wixsite.com/en-site" }, "geometry": { "type": "Point", "coordinates": [ 135.703649926686239, 34.532037921743843 ] } },
{ "type": "Feature", "properties": { "内容": "訪問介護四季【訪問介護】奈良県香芝市畑3-829ライフインサンヨー二上203", "url": "https://www.kaigokensaku.mhlw.go.jp/29/index.php?action_kouhyou_detail_004_kani=true&JigyosyoCd=2971001629-00&ServiceCd=110&Type=search", "url2": null }, "geometry": { "type": "Point", "coordinates": [ 135.691554599999989, 34.5395866 ] } },
{ "type": "Feature", "properties": { "内容": "訪問介護　幸千【訪問介護】逢坂2-651-1グランコート香芝　101号", "url": "https://www.kaigokensaku.mhlw.go.jp/29/index.php?action_kouhyou_detail_004_kani=true&JigyosyoCd=2971001397-00&ServiceCd=110&Type=search", "url2": null }, "geometry": { "type": "Point", "coordinates": [ 135.6912342, 34.5438586 ] } },
{ "type": "Feature", "properties": { "内容": "特別養護老人ホーム大和園白鳳【訪問介護】奈良県香芝市尼寺５９４－２", "url": "https://www.kaigokensaku.mhlw.go.jp/29/index.php?action_kouhyou_detail_004_kani=true&JigyosyoCd=2971000043-00&ServiceCd=110&Type=search", "url2": "http://www.yamatoen.or.jp/" }, "geometry": { "type": "Point", "coordinates": [ 135.687076100000013, 34.5707495 ] } },
{ "type": "Feature", "properties": { "内容": "さら紗ヘルパーステーション【訪問介護】奈良県香芝市五位堂4丁目407-1", "url": "https://www.kaigokensaku.mhlw.go.jp/29/index.php?action_kouhyou_detail_004_kani=true&JigyosyoCd=2971001512-00&ServiceCd=110&Type=search", "url2": "jidenkai.com" }, "geometry": { "type": "Point", "coordinates": [ 135.7181127, 34.5320417 ] } },
{ "type": "Feature", "properties": { "内容": "特定非営利活動法人　奈良コアラ【訪問介護】奈良県香芝市関屋北５‐２‐４１", "url": "https://www.kaigokensaku.mhlw.go.jp/29/index.php?action_kouhyou_detail_004_kani=true&JigyosyoCd=2971000647-00&ServiceCd=110&Type=search", "url2": null }, "geometry": { "type": "Point", "coordinates": [ 135.667386599999986, 34.5575072 ] } },
{ "type": "Feature", "properties": { "内容": "訪問介護　優【訪問介護】奈良県香芝市今泉８２６番地３", "url": "https://www.kaigokensaku.mhlw.go.jp/29/index.php?action_kouhyou_detail_004_kani=true&JigyosyoCd=2971001074-00&ServiceCd=110&Type=search", "url2": null }, "geometry": { "type": "Point", "coordinates": [ 135.697420463645898, 34.557840474777095 ] } },
{ "type": "Feature", "properties": { "内容": "介護ステーションだるま【訪問介護】奈良県香芝市下田西2丁目5-18", "url": "https://www.kaigokensaku.mhlw.go.jp/29/index.php?action_kouhyou_detail_004_kani=true&JigyosyoCd=2971001801-00&ServiceCd=110&Type=search", "url2": null }, "geometry": { "type": "Point", "coordinates": [ 135.699174699999986, 34.5442625 ] } },
{ "type": "Feature", "properties": { "内容": "ヘルパーステーションココ【訪問介護】奈良県香芝市下田東五丁目619番地6", "url": "https://www.kaigokensaku.mhlw.go.jp/29/index.php?action_kouhyou_detail_004_kani=true&JigyosyoCd=2971001496-00&ServiceCd=110&Type=search", "url2": null }, "geometry": { "type": "Point", "coordinates": [ 135.708676700000041, 34.5473533 ] } },
{ "type": "Feature", "properties": { "内容": "訪問介護ステーション心【訪問介護】奈良県葛城市東室１１３－１６", "url": "https://www.kaigokensaku.mhlw.go.jp/29/index.php?action_kouhyou_detail_004_kani=true&JigyosyoCd=2974800282-00&ServiceCd=110&Type=search", "url2": null }, "geometry": { "type": "Point", "coordinates": [ 135.731209400000012, 34.4978067 ] } },
{ "type": "Feature", "properties": { "内容": "訪問介護ステーション　ソワン【訪問介護】奈良県葛城市平岡437番地2", "url": "https://www.kaigokensaku.mhlw.go.jp/29/index.php?action_kouhyou_detail_004_kani=true&JigyosyoCd=2974800274-00&ServiceCd=110&Type=search", "url2": null }, "geometry": { "type": "Point", "coordinates": [ 135.709759100000042, 34.4797805 ] } },
{ "type": "Feature", "properties": { "内容": "ハートライフ当麻【訪問介護】奈良県葛城市南今市382-1", "url": "https://www.kaigokensaku.mhlw.go.jp/29/index.php?action_kouhyou_detail_004_kani=true&JigyosyoCd=2974800100-00&ServiceCd=110&Type=search", "url2": null }, "geometry": { "type": "Point", "coordinates": [ 135.711613899999946, 34.5020142 ] } },
{ "type": "Feature", "properties": { "内容": "ケアステーション風未来【訪問介護】北花内256番地14", "url": "https://www.kaigokensaku.mhlw.go.jp/29/index.php?action_kouhyou_detail_004_kani=true&JigyosyoCd=2974800654-00&ServiceCd=110&Type=search", "url2": null }, "geometry": { "type": "Point", "coordinates": [ 135.734268, 34.4853534 ] } },
{ "type": "Feature", "properties": { "内容": "有限会社かつらぎケアサービス【訪問介護】奈良県葛城市加守515-1", "url": "https://www.kaigokensaku.mhlw.go.jp/29/index.php?action_kouhyou_detail_004_kani=true&JigyosyoCd=2974800027-00&ServiceCd=110&Type=search", "url2": "http://katsuragi-care.com/" }, "geometry": { "type": "Point", "coordinates": [ 135.696528899999947, 34.5321739 ] } },
{ "type": "Feature", "properties": { "内容": "ヘルパーステーションまいろ【訪問介護】奈良県葛城市木戸84-11", "url": "https://www.kaigokensaku.mhlw.go.jp/29/index.php?action_kouhyou_detail_004_kani=true&JigyosyoCd=2974800795-00&ServiceCd=110&Type=search", "url2": null }, "geometry": { "type": "Point", "coordinates": [ 135.711376699999988, 34.5130098 ] } },
{ "type": "Feature", "properties": { "内容": "千代がみ【訪問介護】奈良県葛城市忍海３９６番地１", "url": "https://www.kaigokensaku.mhlw.go.jp/29/index.php?action_kouhyou_detail_004_kani=true&JigyosyoCd=2974800522-00&ServiceCd=110&Type=search", "url2": null }, "geometry": { "type": "Point", "coordinates": [ 135.732845371441613, 34.475450398899966 ] } },
{ "type": "Feature", "properties": { "内容": "ニチイケアセンター新庄【訪問介護】奈良県葛城市北花内286-4", "url": "https://www.kaigokensaku.mhlw.go.jp/29/index.php?action_kouhyou_detail_004_kani=true&JigyosyoCd=2972900035-00&ServiceCd=110&Type=search", "url2": "http://www.nichiigakkan.co.jp" }, "geometry": { "type": "Point", "coordinates": [ 135.729787699999946, 34.4846832 ] } },
{ "type": "Feature", "properties": { "内容": "介護サービス　和楽【訪問介護】葛城市梅室391-1", "url": "https://www.kaigokensaku.mhlw.go.jp/29/index.php?action_kouhyou_detail_004_kani=true&JigyosyoCd=2974800381-00&ServiceCd=110&Type=search", "url2": null }, "geometry": { "type": "Point", "coordinates": [ 135.7035664, 34.470932 ] } },
{ "type": "Feature", "properties": { "内容": "訪問介護事業所　あい【訪問介護】葛城市新町194-4", "url": "https://www.kaigokensaku.mhlw.go.jp/29/index.php?action_kouhyou_detail_004_kani=true&JigyosyoCd=2974800332-00&ServiceCd=110&Type=search", "url2": null }, "geometry": { "type": "Point", "coordinates": [ 135.738342357265651, 34.479490140434514 ] } },
{ "type": "Feature", "properties": { "内容": "訪問介護ベストケア大和【訪問介護】奈良県葛城市北花内611-15", "url": "https://www.kaigokensaku.mhlw.go.jp/29/index.php?action_kouhyou_detail_004_kani=true&JigyosyoCd=2974800639-00&ServiceCd=110&Type=search", "url2": null }, "geometry": { "type": "Point", "coordinates": [ 135.7296867, 34.4882962 ] } },
{ "type": "Feature", "properties": { "内容": "社会福祉法人葛城市社会福祉協議会【訪問介護】奈良県葛城市染野７８９番地1", "url": "https://www.kaigokensaku.mhlw.go.jp/29/index.php?action_kouhyou_detail_004_kani=true&JigyosyoCd=2974800019-00&ServiceCd=110&Type=search", "url2": "http://katsuragi-shakyo.jp/" }, "geometry": { "type": "Point", "coordinates": [ 135.693840300000033, 34.5203672 ] } },
{ "type": "Feature", "properties": { "内容": "こはる介護サービス【訪問介護】奈良県宇陀市榛原萩原２６４番１", "url": "https://www.kaigokensaku.mhlw.go.jp/29/index.php?action_kouhyou_detail_004_kani=true&JigyosyoCd=2974900413-00&ServiceCd=110&Type=search", "url2": "http://confiance.link" }, "geometry": { "type": "Point", "coordinates": [ 135.957196599999946, 34.524804500000016 ] } },
{ "type": "Feature", "properties": { "内容": "つばさ訪問介護事業所【訪問介護】奈良県宇陀市榛原天満台西4-12-1", "url": "https://www.kaigokensaku.mhlw.go.jp/29/index.php?action_kouhyou_detail_004_kani=true&JigyosyoCd=2974900488-00&ServiceCd=110&Type=search", "url2": "http://www.miaigle.com/" }, "geometry": { "type": "Point", "coordinates": [ 135.9690948, 34.5465845 ] } },
{ "type": "Feature", "properties": { "内容": "訪問介護事業所　笑【訪問介護】榛原額井241-6", "url": "https://www.kaigokensaku.mhlw.go.jp/29/index.php?action_kouhyou_detail_004_kani=true&JigyosyoCd=2974900496-00&ServiceCd=110&Type=search", "url2": "https://sites.google.com/view/harukichi" }, "geometry": { "type": "Point", "coordinates": [ 135.971525500000013, 34.5470697 ] } },
{ "type": "Feature", "properties": { "内容": "介護支援センター　エイコー宇陀【訪問介護】奈良県宇陀市榛原高萩台79-2", "url": "https://www.kaigokensaku.mhlw.go.jp/29/index.php?action_kouhyou_detail_004_kani=true&JigyosyoCd=2974900124-00&ServiceCd=110&Type=search", "url2": null }, "geometry": { "type": "Point", "coordinates": [ 135.953996800000027, 34.5299787 ] } },
{ "type": "Feature", "properties": { "内容": "エリシオン介護ステーション【訪問介護】菟田野古市場1380-1", "url": "https://www.kaigokensaku.mhlw.go.jp/29/index.php?action_kouhyou_detail_004_kani=true&JigyosyoCd=2974900520-00&ServiceCd=110&Type=search", "url2": "https://elysion.jp/facility05" }, "geometry": { "type": "Point", "coordinates": [ 135.9658647, 34.4757111 ] } },
{ "type": "Feature", "properties": { "内容": "タカラインサービス【訪問介護】奈良県宇陀市榛原福地284番地", "url": "https://www.kaigokensaku.mhlw.go.jp/29/index.php?action_kouhyou_detail_004_kani=true&JigyosyoCd=2974900322-00&ServiceCd=110&Type=search", "url2": "takarainservice@gmail.com" }, "geometry": { "type": "Point", "coordinates": [ 135.9673904, 34.534948 ] } },
{ "type": "Feature", "properties": { "内容": "ニチイケアセンター榛原【訪問介護】奈良県宇陀市榛原萩原2448-2モンヴェールウエヤマ1-A", "url": "https://www.kaigokensaku.mhlw.go.jp/29/index.php?action_kouhyou_detail_004_kani=true&JigyosyoCd=2972300046-00&ServiceCd=110&Type=search", "url2": "http://www.nichiigakkan.co.jp" }, "geometry": { "type": "Point", "coordinates": [ 135.95759916441807, 34.530004490075285 ] } },
{ "type": "Feature", "properties": { "内容": "大宇陀特別養護老人ホームラガール【訪問介護】奈良県宇陀市大宇陀拾生２５０－６", "url": "https://www.kaigokensaku.mhlw.go.jp/29/index.php?action_kouhyou_detail_004_kani=true&JigyosyoCd=2972100024-00&ServiceCd=110&Type=search", "url2": "https://oouda.koudoukai.or.jp/" }, "geometry": { "type": "Point", "coordinates": [ 135.9267549, 34.4716571 ] } },
{ "type": "Feature", "properties": { "内容": "特定非営利活動法人つつじ庵【訪問介護】奈良県宇陀市榛原天満台西1丁目3-2", "url": "https://www.kaigokensaku.mhlw.go.jp/29/index.php?action_kouhyou_detail_004_kani=true&JigyosyoCd=2974900033-00&ServiceCd=110&Type=search", "url2": null }, "geometry": { "type": "Point", "coordinates": [ 135.970490470252116, 34.541848078961443 ] } },
{ "type": "Feature", "properties": { "内容": "有限会社うだ介護サービス【訪問介護】奈良県宇陀市大宇陀春日330番地6", "url": "https://www.kaigokensaku.mhlw.go.jp/29/index.php?action_kouhyou_detail_004_kani=true&JigyosyoCd=2972100032-00&ServiceCd=110&Type=search", "url2": null }, "geometry": { "type": "Point", "coordinates": [ 135.932226655939957, 34.48536203760014 ] } },
{ "type": "Feature", "properties": { "内容": "社会福祉法人　山添村社会福祉協議会【訪問介護】奈良県山辺郡山添村大字大西１３９５番地の１", "url": "https://www.kaigokensaku.mhlw.go.jp/29/index.php?action_kouhyou_detail_004_kani=true&JigyosyoCd=2971300021-00&ServiceCd=110&Type=search", "url2": "http://www.yamazoesyakyou.com" }, "geometry": { "type": "Point", "coordinates": [ 136.040299600000026, 34.6847188 ] } },
{ "type": "Feature", "properties": { "内容": "訪問介護ステーション　悠々【訪問介護】上庄1-15-1介護老人保健施設　悠々の郷", "url": "https://www.kaigokensaku.mhlw.go.jp/29/index.php?action_kouhyou_detail_004_kani=true&JigyosyoCd=2971400540-00&ServiceCd=110&Type=search", "url2": "https://www.yawaragikai.jp/" }, "geometry": { "type": "Point", "coordinates": [ 130.7905777, 32.8955787 ] } },
{ "type": "Feature", "properties": { "内容": "ケアサービス　絆【訪問介護】奈良県生駒郡平群町西宮２丁目５番１８号竜田川ハイツ201号", "url": "https://www.kaigokensaku.mhlw.go.jp/29/index.php?action_kouhyou_detail_004_kani=true&JigyosyoCd=2971400557-00&ServiceCd=110&Type=search", "url2": null }, "geometry": { "type": "Point", "coordinates": [ 135.7053852, 34.617099099999983 ] } },
{ "type": "Feature", "properties": { "内容": "社会福祉法人　平群町社会福祉協議会【訪問介護】奈良県生駒郡平群町西宮2-1-6", "url": "https://www.kaigokensaku.mhlw.go.jp/29/index.php?action_kouhyou_detail_004_kani=true&JigyosyoCd=2971400029-00&ServiceCd=110&Type=search", "url2": "http://www.heguri-shakyo.or.jp/" }, "geometry": { "type": "Point", "coordinates": [ 135.7051983, 34.6200304 ] } },
{ "type": "Feature", "properties": { "内容": "訪問介護サービスやすらぎ【訪問介護】生駒郡平群町菊美台1丁目２０６－１", "url": "https://www.kaigokensaku.mhlw.go.jp/29/index.php?action_kouhyou_detail_004_kani=true&JigyosyoCd=2971400292-00&ServiceCd=110&Type=search", "url2": "npo.s.y.h@gmail.com" }, "geometry": { "type": "Point", "coordinates": [ 135.708469838761857, 34.645618176228616 ] } },
{ "type": "Feature", "properties": { "内容": "訪問介護ステーションあい【訪問介護】奈良県生駒郡三郷町立野南2-14-7三室山コープタウン7-102", "url": "https://www.kaigokensaku.mhlw.go.jp/29/index.php?action_kouhyou_detail_004_kani=true&JigyosyoCd=2971500539-00&ServiceCd=110&Type=search", "url2": null }, "geometry": { "type": "Point", "coordinates": [ 135.684056400000031, 34.5900917 ] } },
{ "type": "Feature", "properties": { "内容": "朋訪問介護ステーション三郷【訪問介護】奈良県生駒郡三郷町立野南1丁目10-21", "url": "https://www.kaigokensaku.mhlw.go.jp/29/index.php?action_kouhyou_detail_004_kani=true&JigyosyoCd=2971500752-00&ServiceCd=110&Type=search", "url2": "http://medical-tromo.com" }, "geometry": { "type": "Point", "coordinates": [ 135.6890591, 34.5934575 ] } },
{ "type": "Feature", "properties": { "内容": "夕陽ヶ丘診療所ホームヘルプステーション【訪問介護】奈良県生駒郡三郷町夕陽ヶ丘１－４０", "url": "https://www.kaigokensaku.mhlw.go.jp/29/index.php?action_kouhyou_detail_004_kani=true&JigyosyoCd=2971500075-00&ServiceCd=110&Type=search", "url2": null }, "geometry": { "type": "Point", "coordinates": [ 135.7072455, 34.6065319 ] } },
{ "type": "Feature", "properties": { "内容": "訪問介護事業所　ビオスの丘三郷【訪問介護】奈良県生駒郡三郷町信貴南畑1-7-26特別養護老人ホーム　ビオスの丘三郷", "url": "https://www.kaigokensaku.mhlw.go.jp/29/index.php?action_kouhyou_detail_004_kani=true&JigyosyoCd=2971500703-00&ServiceCd=110&Type=search", "url2": "http://www.jinpu-kai.jp" }, "geometry": { "type": "Point", "coordinates": [ 135.656316299999986, 34.6049236 ] } },
{ "type": "Feature", "properties": { "内容": "NPO法人ライフケア王寺【訪問介護】奈良県生駒郡三郷町勢野東４丁目３番２０号", "url": "https://www.kaigokensaku.mhlw.go.jp/29/index.php?action_kouhyou_detail_004_kani=true&JigyosyoCd=2971500273-00&ServiceCd=110&Type=search", "url2": "http://lifecare-ouji.or.jp/" }, "geometry": { "type": "Point", "coordinates": [ 135.700868300000025, 34.6066817 ] } },
{ "type": "Feature", "properties": { "内容": "あゆみ介護ステーション【訪問介護】奈良県生駒郡三郷町立野北２丁目２５－２３", "url": "https://www.kaigokensaku.mhlw.go.jp/29/index.php?action_kouhyou_detail_004_kani=true&JigyosyoCd=2971500216-00&ServiceCd=110&Type=search", "url2": "http://www.grandhill.jp" }, "geometry": { "type": "Point", "coordinates": [ 135.686164400000052, 34.5948772 ] } },
{ "type": "Feature", "properties": { "内容": "ヘルパーステーション　ルピナス勢野【訪問介護】奈良県生駒郡三郷町勢野北4丁目5-10", "url": "https://www.kaigokensaku.mhlw.go.jp/29/index.php?action_kouhyou_detail_004_kani=true&JigyosyoCd=2971500653-00&ServiceCd=110&Type=search", "url2": "http:www.rupinasu-inc.co.jp/" }, "geometry": { "type": "Point", "coordinates": [ 135.686158200000023, 34.6071069 ] } },
{ "type": "Feature", "properties": { "内容": "あかり介護ステーション【訪問介護】奈良県生駒郡三郷町立野南1丁目23番10号M'scourt三郷106", "url": "https://www.kaigokensaku.mhlw.go.jp/29/index.php?action_kouhyou_detail_004_kani=true&JigyosyoCd=2971500497-00&ServiceCd=110&Type=search", "url2": null }, "geometry": { "type": "Point", "coordinates": [ 135.689105309192684, 34.589906071678143 ] } },
{ "type": "Feature", "properties": { "内容": "三郷サンサンハウスヘルパーステーション【訪問介護】奈良県生駒郡三郷町東信貴ヶ丘1-2-27", "url": "https://www.kaigokensaku.mhlw.go.jp/29/index.php?action_kouhyou_detail_004_kani=true&JigyosyoCd=2971500141-00&ServiceCd=110&Type=search", "url2": "http://www.3533house.com/" }, "geometry": { "type": "Point", "coordinates": [ 135.702904200000035, 34.6067012 ] } },
{ "type": "Feature", "properties": { "内容": "ヘルパーステーションＬＵＰＩＮ三郷【訪問介護】奈良県生駒郡三郷町立野南２－３－２０メイプルタウンB１０５", "url": "https://www.kaigokensaku.mhlw.go.jp/29/index.php?action_kouhyou_detail_004_kani=true&JigyosyoCd=2971500059-00&ServiceCd=110&Type=search", "url2": "https://www.lupin-inc.co.jp/" }, "geometry": { "type": "Point", "coordinates": [ 135.684968408598593, 34.591706235405816 ] } },
{ "type": "Feature", "properties": { "内容": "有限会社　介護サービスセンターあおぞら【訪問介護】奈良県生駒郡三郷町立野北2‐2738‐5", "url": "https://www.kaigokensaku.mhlw.go.jp/29/index.php?action_kouhyou_detail_004_kani=true&JigyosyoCd=2971500117-00&ServiceCd=110&Type=search", "url2": null }, "geometry": { "type": "Point", "coordinates": [ 135.684095, 34.5971686 ] } },
{ "type": "Feature", "properties": { "内容": "夕陽ケ丘診療所ホームヘルプステーション【訪問介護】奈良県生駒郡三郷町夕陽ヶ丘1-40", "url": "https://www.kaigokensaku.mhlw.go.jp/29/index.php?action_kouhyou_detail_004_kani=true&JigyosyoCd=2971500794-00&ServiceCd=110&Type=search", "url2": null }, "geometry": { "type": "Point", "coordinates": [ 135.7073222, 34.6065178 ] } },
{ "type": "Feature", "properties": { "内容": "いかるが訪問介護センター【訪問介護】奈良県生駒郡斑鳩町服部1丁目2番25号", "url": "https://www.kaigokensaku.mhlw.go.jp/29/index.php?action_kouhyou_detail_004_kani=true&JigyosyoCd=2971600289-00&ServiceCd=110&Type=search", "url2": null }, "geometry": { "type": "Point", "coordinates": [ 135.730863199999931, 34.60243 ] } },
{ "type": "Feature", "properties": { "内容": "訪問介護　りすた～と【訪問介護】奈良県生駒郡斑鳩町龍田3-5-27", "url": "https://www.kaigokensaku.mhlw.go.jp/29/index.php?action_kouhyou_detail_004_kani=true&JigyosyoCd=2971600651-00&ServiceCd=110&Type=search", "url2": null }, "geometry": { "type": "Point", "coordinates": [ 135.721901808932898, 34.608182113255964 ] } },
{ "type": "Feature", "properties": { "内容": "いりょうほうじんけんわかい　へるぱーすてーしょん　ひまわりいかるが【訪問介護】奈良県生駒君斑鳩町興留4丁目1-35", "url": "https://www.kaigokensaku.mhlw.go.jp/29/index.php?action_kouhyou_detail_004_kani=true&JigyosyoCd=2971600743-00&ServiceCd=110&Type=search", "url2": "http://www.fureai-net.com/" }, "geometry": { "type": "Point", "coordinates": [ 135.7347446, 34.6045584 ] } },
{ "type": "Feature", "properties": { "内容": "ヘルパーステーションほわいと【訪問介護】奈良県生駒郡斑鳩町興留1丁目3番14号", "url": "https://www.kaigokensaku.mhlw.go.jp/29/index.php?action_kouhyou_detail_004_kani=true&JigyosyoCd=2971600768-00&ServiceCd=110&Type=search", "url2": "https://more-k.com" }, "geometry": { "type": "Point", "coordinates": [ 135.737486499999989, 34.6073248 ] } },
{ "type": "Feature", "properties": { "内容": "訪問介護事業所第二慈母園【訪問介護】奈良県生駒郡斑鳩町法隆寺2091-1", "url": "https://www.kaigokensaku.mhlw.go.jp/29/index.php?action_kouhyou_detail_004_kani=true&JigyosyoCd=2971600099-00&ServiceCd=110&Type=search", "url2": "http://www.shutokukai.or.jp/" }, "geometry": { "type": "Point", "coordinates": [ 135.72975729999996, 34.6140648 ] } },
{ "type": "Feature", "properties": { "内容": "訪問介護ステーション　ほっとプラザ【訪問介護】奈良県生駒郡斑鳩町小吉田2丁目7-15", "url": "https://www.kaigokensaku.mhlw.go.jp/29/index.php?action_kouhyou_detail_004_kani=true&JigyosyoCd=2971600354-00&ServiceCd=110&Type=search", "url2": "http://seiwa-medicalcare-center.co.jp" }, "geometry": { "type": "Point", "coordinates": [ 135.727718900000013, 34.6029688 ] } },
{ "type": "Feature", "properties": { "内容": "NPO法人ケアメイトたつた【訪問介護】奈良県生駒郡斑鳩町龍田西４－５－１９", "url": "https://www.kaigokensaku.mhlw.go.jp/29/index.php?action_kouhyou_detail_004_kani=true&JigyosyoCd=2971600461-00&ServiceCd=110&Type=search", "url2": "http://carematetatsuta.jp/" }, "geometry": { "type": "Point", "coordinates": [ 135.716286936912525, 34.604218674936902 ] } },
{ "type": "Feature", "properties": { "内容": "介護サービスセンター　まこと【訪問介護】奈良県生駒郡安堵町大字笠目５４９番地の１", "url": "https://www.kaigokensaku.mhlw.go.jp/29/index.php?action_kouhyou_detail_004_kani=true&JigyosyoCd=2971700030-00&ServiceCd=110&Type=search", "url2": "https://job-gear.jp/makoto/index.htm" }, "geometry": { "type": "Point", "coordinates": [ 135.7428986, 34.6001914 ] } },
{ "type": "Feature", "properties": { "内容": "真生会【訪問介護】奈良県磯城郡川西町吐田８６１－５", "url": "https://www.kaigokensaku.mhlw.go.jp/29/index.php?action_kouhyou_detail_004_kani=true&JigyosyoCd=2971800095-00&ServiceCd=110&Type=search", "url2": null }, "geometry": { "type": "Point", "coordinates": [ 135.767735025131316, 34.596428530797738 ] } },
{ "type": "Feature", "properties": { "内容": "社会福祉法人川西町社会福祉協議会【訪問介護】奈良県磯城郡川西町吐田　94番地川西町福祉施設ぬくもりの郷", "url": "https://www.kaigokensaku.mhlw.go.jp/29/index.php?action_kouhyou_detail_004_kani=true&JigyosyoCd=2971800012-00&ServiceCd=110&Type=search", "url2": "kawanishi-shakyo.or.jp" }, "geometry": { "type": "Point", "coordinates": [ 135.777712599999973, 34.5940433 ] } },
{ "type": "Feature", "properties": { "内容": "ケアオフィスあいえん【訪問介護】奈良県磯城郡田原本町大字薬王寺８６－１サンフィットラブリーⅡ１０１号室", "url": "https://www.kaigokensaku.mhlw.go.jp/29/index.php?action_kouhyou_detail_004_kani=true&JigyosyoCd=2972000828-00&ServiceCd=110&Type=search", "url2": null }, "geometry": { "type": "Point", "coordinates": [ 135.78439361532682, 34.551065608921931 ] } },
{ "type": "Feature", "properties": { "内容": "有限会社あかね介護サービス【訪問介護】磯城郡田原本町大字薬王寺１５－８", "url": "https://www.kaigokensaku.mhlw.go.jp/29/index.php?action_kouhyou_detail_004_kani=true&JigyosyoCd=2972000430-00&ServiceCd=110&Type=search", "url2": null }, "geometry": { "type": "Point", "coordinates": [ 135.7838822, 34.5539367 ] } },
{ "type": "Feature", "properties": { "内容": "介護センターいちご【訪問介護】奈良県磯城郡田原本町大門東34-7", "url": "https://www.kaigokensaku.mhlw.go.jp/29/index.php?action_kouhyou_detail_004_kani=true&JigyosyoCd=2972000570-00&ServiceCd=110&Type=search", "url2": "http://ichigo-kaigo.com" }, "geometry": { "type": "Point", "coordinates": [ 135.793465764742706, 34.551169638207817 ] } },
{ "type": "Feature", "properties": { "内容": "田原本在宅介護支援センター　サンライフ田原本【訪問介護】磯城郡田原本町小阪305-1", "url": "https://www.kaigokensaku.mhlw.go.jp/29/index.php?action_kouhyou_detail_004_kani=true&JigyosyoCd=2972000075-00&ServiceCd=110&Type=search", "url2": "http://www.seiwakai-group.or.jp/sunlife-tawaramoto.html/" }, "geometry": { "type": "Point", "coordinates": [ 135.797061399999961, 34.5605029 ] } },
{ "type": "Feature", "properties": { "内容": "ケアサポート　はみんぐばあど【訪問介護】奈良県磯城郡田原本町1101グリーンコーポ小林302", "url": "https://www.kaigokensaku.mhlw.go.jp/29/index.php?action_kouhyou_detail_004_kani=true&JigyosyoCd=2972001016-00&ServiceCd=110&Type=search", "url2": null }, "geometry": { "type": "Point", "coordinates": [ 135.7950037, 34.5566607 ] } },
{ "type": "Feature", "properties": { "内容": "奈良ヘルスケアシステム株式会社【訪問介護】奈良県磯城郡田原本町千代632-1", "url": "https://www.kaigokensaku.mhlw.go.jp/29/index.php?action_kouhyou_detail_004_kani=true&JigyosyoCd=2972000018-00&ServiceCd=110&Type=search", "url2": null }, "geometry": { "type": "Point", "coordinates": [ 135.8035357, 34.5462854 ] } },
{ "type": "Feature", "properties": { "内容": "訪問介護ケアデザイン【訪問介護】奈良県磯城郡田原本町198-7マンションキタヤ102号", "url": "https://www.kaigokensaku.mhlw.go.jp/29/index.php?action_kouhyou_detail_004_kani=true&JigyosyoCd=2972000943-00&ServiceCd=110&Type=search", "url2": null }, "geometry": { "type": "Point", "coordinates": [ 135.8178708, 34.5428288 ] } },
{ "type": "Feature", "properties": { "内容": "ことはケアサービス【訪問介護】奈良県磯城郡田原本町大字大安寺127-1", "url": "https://www.kaigokensaku.mhlw.go.jp/29/index.php?action_kouhyou_detail_004_kani=true&JigyosyoCd=2972000802-00&ServiceCd=110&Type=search", "url2": "http://rapport.nara.jp" }, "geometry": { "type": "Point", "coordinates": [ 135.806249721148561, 34.553676503622739 ] } },
{ "type": "Feature", "properties": { "内容": "ケイズケア【訪問介護】奈良県磯城郡田原本町千代３８０－６北林第２ビル３Ｆ", "url": "https://www.kaigokensaku.mhlw.go.jp/29/index.php?action_kouhyou_detail_004_kani=true&JigyosyoCd=2972000547-00&ServiceCd=110&Type=search", "url2": null }, "geometry": { "type": "Point", "coordinates": [ 135.797773900000038, 34.5483029 ] } },
{ "type": "Feature", "properties": { "内容": "ニチイケアセンター田原本【訪問介護】奈良県磯城郡田原本町唐古528-2エコサイトＣ号２階", "url": "https://www.kaigokensaku.mhlw.go.jp/29/index.php?action_kouhyou_detail_004_kani=true&JigyosyoCd=2972000349-00&ServiceCd=110&Type=search", "url2": "http://www.nichiigakkan.co.jp" }, "geometry": { "type": "Point", "coordinates": [ 135.798044600000026, 34.5727238 ] } },
{ "type": "Feature", "properties": { "内容": "ケアサービスひより【訪問介護】奈良県磯城郡田原本町十六面１６－１", "url": "https://www.kaigokensaku.mhlw.go.jp/29/index.php?action_kouhyou_detail_004_kani=true&JigyosyoCd=2972000778-00&ServiceCd=110&Type=search", "url2": "https://yukarinosatoen.com/" }, "geometry": { "type": "Point", "coordinates": [ 135.78462527340244, 34.553858787146041 ] } },
{ "type": "Feature", "properties": { "内容": "介護支援事業所たんぽぽ【訪問介護】奈良県磯城郡田原本町宮古４７６－３４", "url": "https://www.kaigokensaku.mhlw.go.jp/29/index.php?action_kouhyou_detail_004_kani=true&JigyosyoCd=2972000414-00&ServiceCd=110&Type=search", "url2": "https://www.tanpopo.nara.jp" }, "geometry": { "type": "Point", "coordinates": [ 135.784182798039211, 34.563689555307562 ] } },
{ "type": "Feature", "properties": { "内容": "訪問介護センターレインズ【訪問介護】奈良県磯城郡田原本町薬王寺58番地ボナール2000-403号", "url": "https://www.kaigokensaku.mhlw.go.jp/29/index.php?action_kouhyou_detail_004_kani=true&JigyosyoCd=2972000976-00&ServiceCd=110&Type=search", "url2": "https://www.kurumu-906.com/" }, "geometry": { "type": "Point", "coordinates": [ 135.783003076751982, 34.552902757380743 ] } },
{ "type": "Feature", "properties": { "内容": "社会福祉法人曽爾村社会福祉協議会【訪問介護】奈良県宇陀郡曽爾村伊賀見２３－１", "url": "https://www.kaigokensaku.mhlw.go.jp/29/index.php?action_kouhyou_detail_004_kani=true&JigyosyoCd=2982500023-00&ServiceCd=110&Type=search", "url2": null }, "geometry": { "type": "Point", "coordinates": [ 136.142608900000027, 34.5276616 ] } },
{ "type": "Feature", "properties": { "内容": "(有)ケアーセンターフォーユー【訪問介護】宇陀郡御杖村土屋原144", "url": "https://www.kaigokensaku.mhlw.go.jp/29/index.php?action_kouhyou_detail_004_kani=true&JigyosyoCd=2972600049-00&ServiceCd=110&Type=search", "url2": null }, "geometry": { "type": "Point", "coordinates": [ 136.123289099999965, 34.4867802 ] } },
{ "type": "Feature", "properties": { "内容": "ヘルパーステーションみつえ秀華苑【訪問介護】奈良県宇陀郡御杖村大字神末５８０番地", "url": "https://www.kaigokensaku.mhlw.go.jp/29/index.php?action_kouhyou_detail_004_kani=true&JigyosyoCd=2972600056-00&ServiceCd=110&Type=search", "url2": "http://www.seikoukai-fukushi.or.jｐ" }, "geometry": { "type": "Point", "coordinates": [ 136.193259600000033, 34.498697 ] } },
{ "type": "Feature", "properties": { "内容": "介護センターゆいまーる【訪問介護】奈良県高市郡高取町丹生谷８８３－６番地", "url": "https://www.kaigokensaku.mhlw.go.jp/29/index.php?action_kouhyou_detail_004_kani=true&JigyosyoCd=2972700153-00&ServiceCd=110&Type=search", "url2": "yuimaru-nara@kcn.jp" }, "geometry": { "type": "Point", "coordinates": [ 135.765225099999952, 34.429334900000015 ] } },
{ "type": "Feature", "properties": { "内容": "社会福祉法人高取町社会福祉協議会【訪問介護】奈良県高市郡高取町観覚寺1023リベルテホール", "url": "https://www.kaigokensaku.mhlw.go.jp/29/index.php?action_kouhyou_detail_004_kani=true&JigyosyoCd=2972700047-00&ServiceCd=110&Type=search", "url2": "http://www.takatori-shakyo.jp/" }, "geometry": { "type": "Point", "coordinates": [ 135.790580418107538, 34.450174306017217 ] } },
{ "type": "Feature", "properties": { "内容": "有限会社　ほほえみ【訪問介護】奈良県高市郡高取町下子島350番地", "url": "https://www.kaigokensaku.mhlw.go.jp/29/index.php?action_kouhyou_detail_004_kani=true&JigyosyoCd=2972700013-00&ServiceCd=110&Type=search", "url2": "http://www.kaigo-hohoemi.com/" }, "geometry": { "type": "Point", "coordinates": [ 135.801499199999967, 34.4429894 ] } },
{ "type": "Feature", "properties": { "内容": "ホームヘルパーステーションあすかの里【訪問介護】奈良県高市郡明日香村大字越280番地特別養護老人ホームあすかの里", "url": "https://www.kaigokensaku.mhlw.go.jp/29/index.php?action_kouhyou_detail_004_kani=true&JigyosyoCd=2972800177-00&ServiceCd=110&Type=search", "url2": "https://asukarakuen.jp" }, "geometry": { "type": "Point", "coordinates": [ 135.7950961, 34.4656072 ] } },
{ "type": "Feature", "properties": { "内容": "ケアヴィレッジおてんとさん【訪問介護】奈良県高市郡明日香村岡62-1", "url": "https://www.kaigokensaku.mhlw.go.jp/29/index.php?action_kouhyou_detail_004_kani=true&JigyosyoCd=2972800151-00&ServiceCd=110&Type=search", "url2": "http://hp.kaipoke.biz/try/" }, "geometry": { "type": "Point", "coordinates": [ 135.821131799999989, 34.4712512 ] } },
{ "type": "Feature", "properties": { "内容": "慈立合同会社【訪問介護】奈良県北葛城郡上牧町米山台２－４－４", "url": "https://www.kaigokensaku.mhlw.go.jp/29/index.php?action_kouhyou_detail_004_kani=true&JigyosyoCd=2971500711-00&ServiceCd=110&Type=search", "url2": null }, "geometry": { "type": "Point", "coordinates": [ 135.7124124, 34.5593416 ] } },
{ "type": "Feature", "properties": { "内容": "ケアセンターぶどうの森【訪問介護】奈良県北葛城郡上牧町大字上牧3439番地21", "url": "https://www.kaigokensaku.mhlw.go.jp/29/index.php?action_kouhyou_detail_004_kani=true&JigyosyoCd=2973100643-00&ServiceCd=110&Type=search", "url2": "https://nishiyamato.wixsite.com/budounomor" }, "geometry": { "type": "Point", "coordinates": [ 135.714784428836083, 34.566999692256509 ] } },
{ "type": "Feature", "properties": { "内容": "株式会社六花　福祉事業部　六花訪問介護ステーション【訪問介護】奈良県北葛城郡上牧町大字上牧537-10", "url": "https://www.kaigokensaku.mhlw.go.jp/29/index.php?action_kouhyou_detail_004_kani=true&JigyosyoCd=2973100411-00&ServiceCd=110&Type=search", "url2": "http://www.kawachi.zaq.np.jp/rokka/index.html" }, "geometry": { "type": "Point", "coordinates": [ 135.711396299999961, 34.56180950000001 ] } },
{ "type": "Feature", "properties": { "内容": "服部すみれ訪問介護ステーション【訪問介護】奈良県北葛城郡上牧町大字上牧字薬師山4244番地", "url": "https://www.kaigokensaku.mhlw.go.jp/29/index.php?action_kouhyou_detail_004_kani=true&JigyosyoCd=2973100775-00&ServiceCd=110&Type=search", "url2": "http://www.hattorin.jp" }, "geometry": { "type": "Point", "coordinates": [ 135.7165737, 34.5577684 ] } },
{ "type": "Feature", "properties": { "内容": "介護のみき　西大和ケアセンター【訪問介護】奈良県北葛城郡上牧町桜ヶ丘3丁目35-11", "url": "https://www.kaigokensaku.mhlw.go.jp/29/index.php?action_kouhyou_detail_004_kani=true&JigyosyoCd=2973100254-00&ServiceCd=110&Type=search", "url2": "http://www.jcare.co.jp/" }, "geometry": { "type": "Point", "coordinates": [ 135.72144789999993, 34.5756082 ] } },
{ "type": "Feature", "properties": { "内容": "だんだん指定訪問介護事業所【訪問介護】奈良県北葛城郡上牧町服部台4丁目7-36", "url": "https://www.kaigokensaku.mhlw.go.jp/29/index.php?action_kouhyou_detail_004_kani=true&JigyosyoCd=2973100718-00&ServiceCd=110&Type=search", "url2": null }, "geometry": { "type": "Point", "coordinates": [ 135.7120678, 34.5698036 ] } },
{ "type": "Feature", "properties": { "内容": "訪問介護事業所　フルライフケア上牧【訪問介護】片岡台２丁目１３－２６芳倉マンション３０４", "url": "https://www.kaigokensaku.mhlw.go.jp/29/index.php?action_kouhyou_detail_004_kani=true&JigyosyoCd=2973100692-00&ServiceCd=110&Type=search", "url2": null }, "geometry": { "type": "Point", "coordinates": [ 135.7172765, 34.5795306 ] } },
{ "type": "Feature", "properties": { "内容": "訪問介護かごめ【訪問介護】奈良県北葛城郡上牧町上牧2209-1", "url": "https://www.kaigokensaku.mhlw.go.jp/29/index.php?action_kouhyou_detail_004_kani=true&JigyosyoCd=2973100734-00&ServiceCd=110&Type=search", "url2": null }, "geometry": { "type": "Point", "coordinates": [ 135.722748599999989, 34.5643506 ] } },
{ "type": "Feature", "properties": { "内容": "社会福祉法人上牧町社会福祉協議会【訪問介護】奈良県北葛城郡上牧町上牧３２４５－１上牧町保健福祉センター　2階", "url": "https://www.kaigokensaku.mhlw.go.jp/29/index.php?action_kouhyou_detail_004_kani=true&JigyosyoCd=2973100106-00&ServiceCd=110&Type=search", "url2": "https://kamishakyo.web.fc2.com/" }, "geometry": { "type": "Point", "coordinates": [ 135.718145600000071, 34.567709 ] } },
{ "type": "Feature", "properties": { "内容": "介護ステーションにこにこ【訪問介護】奈良県北葛城郡上牧町上牧３８１５", "url": "https://www.kaigokensaku.mhlw.go.jp/29/index.php?action_kouhyou_detail_004_kani=true&JigyosyoCd=2973100148-00&ServiceCd=110&Type=search", "url2": null }, "geometry": { "type": "Point", "coordinates": [ 135.706732800000026, 34.5609234 ] } },
{ "type": "Feature", "properties": { "内容": "有限会社やまびこ【訪問介護】奈良県北葛城郡上牧町下牧1-2-25", "url": "https://www.kaigokensaku.mhlw.go.jp/29/index.php?action_kouhyou_detail_004_kani=true&JigyosyoCd=2973100015-00&ServiceCd=110&Type=search", "url2": "http：//www.yamabiko-kanmaki.com" }, "geometry": { "type": "Point", "coordinates": [ 135.722284, 34.5735696 ] } },
{ "type": "Feature", "properties": { "内容": "株式会社介護センター虹【訪問介護】奈良県北葛城郡王寺町王寺２－７－７ディアレスト王寺1号室", "url": "https://www.kaigokensaku.mhlw.go.jp/29/index.php?action_kouhyou_detail_004_kani=true&JigyosyoCd=2973200286-00&ServiceCd=110&Type=search", "url2": null }, "geometry": { "type": "Point", "coordinates": [ 135.705377131304147, 34.59588498783733 ] } },
{ "type": "Feature", "properties": { "内容": "介護ピーター【訪問介護】奈良県北葛城郡王寺町久度4丁目3-13", "url": "https://www.kaigokensaku.mhlw.go.jp/29/index.php?action_kouhyou_detail_004_kani=true&JigyosyoCd=2973200468-00&ServiceCd=110&Type=search", "url2": "https://www.kokori.net/" }, "geometry": { "type": "Point", "coordinates": [ 135.698211006745851, 34.598767947140303 ] } },
{ "type": "Feature", "properties": { "内容": "訪問介護本舗　王寺【訪問介護】奈良県北葛城郡王寺町本町2-30-4-205アルバトロス", "url": "https://www.kaigokensaku.mhlw.go.jp/29/index.php?action_kouhyou_detail_004_kani=true&JigyosyoCd=2973200542-00&ServiceCd=110&Type=search", "url2": "https://dayservicehonpo.jp/houmonoji/" }, "geometry": { "type": "Point", "coordinates": [ 135.7063642, 34.586198 ] } },
{ "type": "Feature", "properties": { "内容": "ニチイケアセンター奈良王寺【訪問介護】奈良県北葛城郡王寺町本町4-44-19", "url": "https://www.kaigokensaku.mhlw.go.jp/29/index.php?action_kouhyou_detail_004_kani=true&JigyosyoCd=2973200351-00&ServiceCd=110&Type=search", "url2": "www.nichiigakkann.co.jp" }, "geometry": { "type": "Point", "coordinates": [ 135.702927100000011, 34.5819152 ] } },
{ "type": "Feature", "properties": { "内容": "訪問介護ステーションいちご花【訪問介護】奈良県北葛城郡王寺町本町４丁目４１－２", "url": "https://www.kaigokensaku.mhlw.go.jp/29/index.php?action_kouhyou_detail_004_kani=true&JigyosyoCd=2973200054-00&ServiceCd=110&Type=search", "url2": null }, "geometry": { "type": "Point", "coordinates": [ 135.700867801435862, 34.582332139287963 ] } },
{ "type": "Feature", "properties": { "内容": "介護センターてるてる【訪問介護】奈良県北葛城郡王寺町太子3-1-12", "url": "https://www.kaigokensaku.mhlw.go.jp/29/index.php?action_kouhyou_detail_004_kani=true&JigyosyoCd=2973200120-00&ServiceCd=110&Type=search", "url2": null }, "geometry": { "type": "Point", "coordinates": [ 135.6918144, 34.5783097 ] } },
{ "type": "Feature", "properties": { "内容": "有限会社　いっしょに【訪問介護】奈良県北葛城郡広陵町みささぎ台8-17ﾊﾟｰｸヒルズ小原202", "url": "https://www.kaigokensaku.mhlw.go.jp/29/index.php?action_kouhyou_detail_004_kani=true&JigyosyoCd=2973300201-00&ServiceCd=110&Type=search", "url2": null }, "geometry": { "type": "Point", "coordinates": [ 135.7329363, 34.5331161 ] } },
{ "type": "Feature", "properties": { "内容": "訪問介護　あまのがわ【訪問介護】奈良県北葛城郡広陵町疋相120-4グリーンヒルズⅠ-103号", "url": "https://www.kaigokensaku.mhlw.go.jp/29/index.php?action_kouhyou_detail_004_kani=true&JigyosyoCd=2973300516-00&ServiceCd=110&Type=search", "url2": null }, "geometry": { "type": "Point", "coordinates": [ 135.738744099999963, 34.5424927 ] } },
{ "type": "Feature", "properties": { "内容": "ヘルパーステーション末朔【訪問介護】奈良県北葛城郡広陵町百済765-3", "url": "https://www.kaigokensaku.mhlw.go.jp/29/index.php?action_kouhyou_detail_004_kani=true&JigyosyoCd=2973300706-00&ServiceCd=110&Type=search", "url2": null }, "geometry": { "type": "Point", "coordinates": [ 135.7638931055059, 34.538554740723498 ] } },
{ "type": "Feature", "properties": { "内容": "ケアサポートはな【訪問介護】奈良県北葛城郡広陵町馬見北９丁目1-20ﾛｲﾔﾙﾊｲﾂB棟201号室", "url": "https://www.kaigokensaku.mhlw.go.jp/29/index.php?action_kouhyou_detail_004_kani=true&JigyosyoCd=2973300714-00&ServiceCd=110&Type=search", "url2": null }, "geometry": { "type": "Point", "coordinates": [ 135.7221624, 34.5509903 ] } },
{ "type": "Feature", "properties": { "内容": "ケアセンターあゆむ【訪問介護】奈良県北葛城郡広陵町古寺502-4", "url": "https://www.kaigokensaku.mhlw.go.jp/29/index.php?action_kouhyou_detail_004_kani=true&JigyosyoCd=2973300508-00&ServiceCd=110&Type=search", "url2": null }, "geometry": { "type": "Point", "coordinates": [ 135.751452978699149, 34.547282151325582 ] } },
{ "type": "Feature", "properties": { "内容": "ミキ訪問介護ステーション【訪問介護】奈良県北葛城郡広陵町三吉２９２", "url": "https://www.kaigokensaku.mhlw.go.jp/29/index.php?action_kouhyou_detail_004_kani=true&JigyosyoCd=2973300193-00&ServiceCd=110&Type=search", "url2": null }, "geometry": { "type": "Point", "coordinates": [ 135.73998830000005, 34.5516472 ] } },
{ "type": "Feature", "properties": { "内容": "日和（ひより）ホットサポート【訪問介護】三吉264番地1-2Ｆ", "url": "https://www.kaigokensaku.mhlw.go.jp/29/index.php?action_kouhyou_detail_004_kani=true&JigyosyoCd=2973300375-00&ServiceCd=110&Type=search", "url2": null }, "geometry": { "type": "Point", "coordinates": [ 135.73991060000003, 34.5492725 ] } },
{ "type": "Feature", "properties": { "内容": "訪問介護ステーションかつらぎ【訪問介護】奈良県北葛城郡広陵町中73番地", "url": "https://www.kaigokensaku.mhlw.go.jp/29/index.php?action_kouhyou_detail_004_kani=true&JigyosyoCd=2973300086-00&ServiceCd=110&Type=search", "url2": null }, "geometry": { "type": "Point", "coordinates": [ 135.7483876, 34.5564772 ] } },
{ "type": "Feature", "properties": { "内容": "ニチイケアセンター広陵【訪問介護】北葛城郡広陵町大字笠343-1", "url": "https://www.kaigokensaku.mhlw.go.jp/29/index.php?action_kouhyou_detail_004_kani=true&JigyosyoCd=2973300391-00&ServiceCd=110&Type=search", "url2": "www.nichiigakkan.co.jp/" }, "geometry": { "type": "Point", "coordinates": [ 135.746974, 34.5498335 ] } },
{ "type": "Feature", "properties": { "内容": "特別養護老人ホーム大和園【訪問介護】奈良県北葛城郡広陵町三吉１６９番地", "url": "https://www.kaigokensaku.mhlw.go.jp/29/index.php?action_kouhyou_detail_004_kani=true&JigyosyoCd=2973300045-00&ServiceCd=110&Type=search", "url2": "http:www.yamatoen.or.jp" }, "geometry": { "type": "Point", "coordinates": [ 135.745607299999961, 34.5574187 ] } },
{ "type": "Feature", "properties": { "内容": "訪問介護ステーション　おきなの杜【訪問介護】奈良県北葛城郡広陵町大字南郷８４番地１", "url": "https://www.kaigokensaku.mhlw.go.jp/29/index.php?action_kouhyou_detail_004_kani=true&JigyosyoCd=2973300383-00&ServiceCd=110&Type=search", "url2": "https/://carehouse.jp/" }, "geometry": { "type": "Point", "coordinates": [ 135.754463923313551, 34.533170013210679 ] } },
{ "type": "Feature", "properties": { "内容": "ケアセンター　千の恵【訪問介護】奈良県北葛城郡広陵町三吉元赤部1792番2", "url": "https://www.kaigokensaku.mhlw.go.jp/29/index.php?action_kouhyou_detail_004_kani=true&JigyosyoCd=2973300748-00&ServiceCd=110&Type=search", "url2": null }, "geometry": { "type": "Point", "coordinates": [ 135.7398317, 34.5491538 ] } },
{ "type": "Feature", "properties": { "内容": "在宅介護センター奈良【訪問介護】奈良県北葛城郡広陵町馬見南３丁目１６－１６", "url": "https://www.kaigokensaku.mhlw.go.jp/29/index.php?action_kouhyou_detail_004_kani=true&JigyosyoCd=2973300052-00&ServiceCd=110&Type=search", "url2": null }, "geometry": { "type": "Point", "coordinates": [ 135.727856, 34.5341771 ] } },
{ "type": "Feature", "properties": { "内容": "有限会社よろずや【訪問介護】奈良県北葛城郡広陵町古寺375", "url": "https://www.kaigokensaku.mhlw.go.jp/29/index.php?action_kouhyou_detail_004_kani=true&JigyosyoCd=2973300573-00&ServiceCd=110&Type=search", "url2": null }, "geometry": { "type": "Point", "coordinates": [ 135.751450699999964, 34.5520078 ] } },
{ "type": "Feature", "properties": { "内容": "有限会社笑み【訪問介護】奈良県北葛城郡広陵町安部699番地１", "url": "https://www.kaigokensaku.mhlw.go.jp/29/index.php?action_kouhyou_detail_004_kani=true&JigyosyoCd=2973300102-00&ServiceCd=110&Type=search", "url2": null }, "geometry": { "type": "Point", "coordinates": [ 135.734377799999947, 34.5356991 ] } },
{ "type": "Feature", "properties": { "内容": "ＷｉｌｌＢａｓｅホームサポート【訪問介護】三吉2-2ビレット・ルネ107", "url": "https://www.kaigokensaku.mhlw.go.jp/29/index.php?action_kouhyou_detail_004_kani=true&JigyosyoCd=2973300797-00&ServiceCd=110&Type=search", "url2": "https://www.will20211026.com" }, "geometry": { "type": "Point", "coordinates": [ 135.7363, 34.552666 ] } },
{ "type": "Feature", "properties": { "内容": "ケアーセンタートーク【訪問介護】奈良県北葛城郡河合町星和台2丁目5番7号", "url": "https://www.kaigokensaku.mhlw.go.jp/29/index.php?action_kouhyou_detail_004_kani=true&JigyosyoCd=2973400142-00&ServiceCd=110&Type=search", "url2": null }, "geometry": { "type": "Point", "coordinates": [ 135.716500900000028, 34.5836154 ] } },
{ "type": "Feature", "properties": { "内容": "在宅介護センター奈良河合事務所【訪問介護】奈良県北葛城郡河合町高塚台２丁目８番地１", "url": "https://www.kaigokensaku.mhlw.go.jp/29/index.php?action_kouhyou_detail_004_kani=true&JigyosyoCd=2973400050-00&ServiceCd=110&Type=search", "url2": null }, "geometry": { "type": "Point", "coordinates": [ 135.729369200000065, 34.58465990000002 ] } },
{ "type": "Feature", "properties": { "内容": "訪問介護ステーションそらまめ星和台【訪問介護】奈良県北葛城郡河合町星和台２－１－17", "url": "https://www.kaigokensaku.mhlw.go.jp/29/index.php?action_kouhyou_detail_004_kani=true&JigyosyoCd=2973400126-00&ServiceCd=110&Type=search", "url2": "http://www.kouseikai-med.com" }, "geometry": { "type": "Point", "coordinates": [ 135.716536899999937, 34.585938562350414 ] } },
{ "type": "Feature", "properties": { "内容": "クレシェンドホームヘルパーステーション【訪問介護】奈良県北葛城郡河合町星和台１丁目１０－１１", "url": "https://www.kaigokensaku.mhlw.go.jp/29/index.php?action_kouhyou_detail_004_kani=true&JigyosyoCd=2973400274-00&ServiceCd=110&Type=search", "url2": null }, "geometry": { "type": "Point", "coordinates": [ 135.714639799999986, 34.5869344 ] } },
{ "type": "Feature", "properties": { "内容": "ニッセイせいれい在宅介護サービスセンターベル西大和店【訪問介護】奈良県北葛城郡河合町高塚台1-8-1", "url": "https://www.kaigokensaku.mhlw.go.jp/29/index.php?action_kouhyou_detail_004_kani=true&JigyosyoCd=2973400027-00&ServiceCd=110&Type=search", "url2": "http://www.nissay-seirei.org/" }, "geometry": { "type": "Point", "coordinates": [ 135.723186500000054, 34.579624400000014 ] } },
{ "type": "Feature", "properties": { "内容": "河合診療所ホームヘルパーステーション【訪問介護】奈良県北葛城郡河合町穴闇81番1号", "url": "https://www.kaigokensaku.mhlw.go.jp/29/index.php?action_kouhyou_detail_004_kani=true&JigyosyoCd=2973400068-00&ServiceCd=110&Type=search", "url2": "http://www.kenseikai-nara.or.jp/" }, "geometry": { "type": "Point", "coordinates": [ 135.740885, 34.5868846 ] } },
{ "type": "Feature", "properties": { "内容": "訪問介護センター　きぼう【訪問介護】奈良県北葛城郡河合町西穴闇351番地1", "url": "https://www.kaigokensaku.mhlw.go.jp/29/index.php?action_kouhyou_detail_004_kani=true&JigyosyoCd=2973400209-00&ServiceCd=110&Type=search", "url2": null }, "geometry": { "type": "Point", "coordinates": [ 135.734016099999963, 34.5845238 ] } },
{ "type": "Feature", "properties": { "内容": "よしの介護ネットまんてん【訪問介護】奈良県吉野郡吉野町丹治１９０－２", "url": "https://www.kaigokensaku.mhlw.go.jp/29/index.php?action_kouhyou_detail_004_kani=true&JigyosyoCd=2973500099-00&ServiceCd=110&Type=search", "url2": "yoshino-manten.com" }, "geometry": { "type": "Point", "coordinates": [ 135.849447373016346, 34.389490212338714 ] } },
{ "type": "Feature", "properties": { "内容": "社会福祉法人　吉野町社会福祉協議会【訪問介護】奈良県吉野郡吉野町大字丹治１３０番地の１健やか一番館４階", "url": "https://www.kaigokensaku.mhlw.go.jp/29/index.php?action_kouhyou_detail_004_kani=true&JigyosyoCd=2973500016-00&ServiceCd=110&Type=search", "url2": "http://yoshino-shakyo.jimdo.com" }, "geometry": { "type": "Point", "coordinates": [ 135.847272, 34.3897934 ] } },
{ "type": "Feature", "properties": { "内容": "訪問介護ステーション柳光【訪問介護】奈良県吉野郡吉野町大字柳1395番1", "url": "https://www.kaigokensaku.mhlw.go.jp/29/index.php?action_kouhyou_detail_004_kani=true&JigyosyoCd=2973500248-00&ServiceCd=110&Type=search", "url2": "https://www.taiyounomura.org/ryuko/" }, "geometry": { "type": "Point", "coordinates": [ 135.918495900000011, 34.4177448 ] } },
{ "type": "Feature", "properties": { "内容": "有限会社　えみ福祉企画【訪問介護】奈良県吉野郡吉野町立野　２２２－１", "url": "https://www.kaigokensaku.mhlw.go.jp/29/index.php?action_kouhyou_detail_004_kani=true&JigyosyoCd=2973500073-00&ServiceCd=110&Type=search", "url2": null }, "geometry": { "type": "Point", "coordinates": [ 135.865317499999946, 34.3959709 ] } },
{ "type": "Feature", "properties": { "内容": "社会福祉法人綜合施設美吉野園【訪問介護】奈良県吉野郡大淀町下渕629番地", "url": "https://www.kaigokensaku.mhlw.go.jp/29/index.php?action_kouhyou_detail_004_kani=true&JigyosyoCd=2973600378-00&ServiceCd=110&Type=search", "url2": "http://www.miyoshinoen.jp" }, "geometry": { "type": "Point", "coordinates": [ 135.7805998, 34.3888172 ] } },
{ "type": "Feature", "properties": { "内容": "レディバード【訪問介護】奈良県吉野郡大淀町桧垣本2445-127", "url": "https://www.kaigokensaku.mhlw.go.jp/29/index.php?action_kouhyou_detail_004_kani=true&JigyosyoCd=2973600287-00&ServiceCd=110&Type=search", "url2": null }, "geometry": { "type": "Point", "coordinates": [ 135.7820596, 34.3965536 ] } },
{ "type": "Feature", "properties": { "内容": "さん訪問介護【訪問介護】奈良県吉野郡大淀町大字土田507番地の６９", "url": "https://www.kaigokensaku.mhlw.go.jp/29/index.php?action_kouhyou_detail_004_kani=true&JigyosyoCd=2973600410-00&ServiceCd=110&Type=search", "url2": null }, "geometry": { "type": "Point", "coordinates": [ 135.802304, 34.3959592 ] } },
{ "type": "Feature", "properties": { "内容": "美吉野園訪問介護ステーション【訪問介護】奈良県吉野郡大淀町下渕887-2桜ヶ丘コーポ1階", "url": "https://www.kaigokensaku.mhlw.go.jp/29/index.php?action_kouhyou_detail_004_kani=true&JigyosyoCd=2973600170-00&ServiceCd=110&Type=search", "url2": "http//www.miyoshinoen.jp" }, "geometry": { "type": "Point", "coordinates": [ 135.788368799999944, 34.383565 ] } },
{ "type": "Feature", "properties": { "内容": "社会福祉法人　大淀町社会福祉協議会【訪問介護】奈良県吉野郡大淀町下渕１２２３", "url": "https://www.kaigokensaku.mhlw.go.jp/29/index.php?action_kouhyou_detail_004_kani=true&JigyosyoCd=2973600014-00&ServiceCd=110&Type=search", "url2": "http://www.oyodo-syakyo.jp" }, "geometry": { "type": "Point", "coordinates": [ 135.787545757672092, 34.388312998747438 ] } },
{ "type": "Feature", "properties": { "内容": "有限会社　ライフケア【訪問介護】奈良県吉野郡大淀町土田３６番地", "url": "https://www.kaigokensaku.mhlw.go.jp/29/index.php?action_kouhyou_detail_004_kani=true&JigyosyoCd=2973600071-00&ServiceCd=110&Type=search", "url2": "lifecare@kcn.jp" }, "geometry": { "type": "Point", "coordinates": [ 135.801364799999988, 34.3863594 ] } },
{ "type": "Feature", "properties": { "内容": "大淀訪問介護センター【訪問介護】吉野郡大淀町大字下渕149番地3", "url": "https://www.kaigokensaku.mhlw.go.jp/29/index.php?action_kouhyou_detail_004_kani=true&JigyosyoCd=2973600212-00&ServiceCd=110&Type=search", "url2": "http://ooyodotaxi.wixsite.com/ooyodo2049" }, "geometry": { "type": "Point", "coordinates": [ 135.788526794564888, 34.382418704960294 ] } },
{ "type": "Feature", "properties": { "内容": "ケアサポートわが家【訪問介護】奈良県吉野郡大淀町大字桧垣本１０１０番地の１５３", "url": "https://www.kaigokensaku.mhlw.go.jp/29/index.php?action_kouhyou_detail_004_kani=true&JigyosyoCd=2973600469-00&ServiceCd=110&Type=search", "url2": null }, "geometry": { "type": "Point", "coordinates": [ 135.7897209, 34.3964798 ] } },
{ "type": "Feature", "properties": { "内容": "訪問介護事業所　ぼたん【訪問介護】奈良県吉野郡下市町大字新住１５５－１", "url": "https://www.kaigokensaku.mhlw.go.jp/29/index.php?action_kouhyou_detail_004_kani=true&JigyosyoCd=2973700061-00&ServiceCd=110&Type=search", "url2": "https://ichiro-creation.com/fukunishi/index.html" }, "geometry": { "type": "Point", "coordinates": [ 135.782394299999964, 34.3806124 ] } },
{ "type": "Feature", "properties": { "内容": "訪問介護センター　ユートピアセグラ【訪問介護】阿知賀135", "url": "https://www.kaigokensaku.mhlw.go.jp/29/index.php?action_kouhyou_detail_004_kani=true&JigyosyoCd=2973700186-00&ServiceCd=110&Type=search", "url2": "https://www.ans.co.jp/n/utopia/segura_index.html" }, "geometry": { "type": "Point", "coordinates": [ 135.791461625005894, 34.375765555289142 ] } },
{ "type": "Feature", "properties": { "内容": "社会福祉法人　下市町社会福祉協議会【訪問介護】奈良県吉野郡下市町善城140-1", "url": "https://www.kaigokensaku.mhlw.go.jp/29/index.php?action_kouhyou_detail_004_kani=true&JigyosyoCd=2973700103-00&ServiceCd=110&Type=search", "url2": null }, "geometry": { "type": "Point", "coordinates": [ 135.79365770000004, 34.3599064 ] } },
{ "type": "Feature", "properties": { "内容": "訪問介護やまゆり【訪問介護】奈良県吉野郡黒滝村御吉野83番地", "url": "https://www.kaigokensaku.mhlw.go.jp/29/index.php?action_kouhyou_detail_004_kani=true&JigyosyoCd=2973800036-00&ServiceCd=110&Type=search", "url2": null }, "geometry": { "type": "Point", "coordinates": [ 135.834110099999975, 34.3115923 ] } },
{ "type": "Feature", "properties": { "内容": "社会福祉法人黒滝村社会福祉協議会【訪問介護】奈良県吉野郡黒滝村大字寺戸１８７番地の２", "url": "https://www.kaigokensaku.mhlw.go.jp/29/index.php?action_kouhyou_detail_004_kani=true&JigyosyoCd=2973800010-00&ServiceCd=110&Type=search", "url2": "http://kurotakisyakyo.com/" }, "geometry": { "type": "Point", "coordinates": [ 135.850106200000027, 34.3108234 ] } },
{ "type": "Feature", "properties": { "内容": "訪問介護なごみケア天川【訪問介護】奈良県吉野郡天川村中谷176", "url": "https://www.kaigokensaku.mhlw.go.jp/29/index.php?action_kouhyou_detail_004_kani=true&JigyosyoCd=2974000057-00&ServiceCd=110&Type=search", "url2": null }, "geometry": { "type": "Point", "coordinates": [ 135.844587100000012, 34.2445575 ] } },
{ "type": "Feature", "properties": { "内容": "ヘルパーステーション太陽十津川【訪問介護】奈良県吉野郡十津川村折立364番地の1", "url": "https://www.kaigokensaku.mhlw.go.jp/29/index.php?action_kouhyou_detail_004_kani=true&JigyosyoCd=2974300069-00&ServiceCd=110&Type=search", "url2": "http://www5.kcn.ne.jp/~ace-101/" }, "geometry": { "type": "Point", "coordinates": [ 135.8041839, 33.9491117 ] } },
{ "type": "Feature", "properties": { "内容": "社会福祉法人十津川村社会福祉協議会【訪問介護】奈良県吉野郡十津川村大字風屋573番地", "url": "https://www.kaigokensaku.mhlw.go.jp/29/index.php?action_kouhyou_detail_004_kani=true&JigyosyoCd=2974300028-00&ServiceCd=110&Type=search", "url2": "http://www.shakyo.or.jp/hp/1278/" }, "geometry": { "type": "Point", "coordinates": [ 135.781325442276568, 34.043284641557115 ] } },
{ "type": "Feature", "properties": { "内容": "社会福祉法人下北山村社会福祉協議会【訪問介護】奈良県吉野郡下北山村大字浦向３７１番地", "url": "https://www.kaigokensaku.mhlw.go.jp/29/index.php?action_kouhyou_detail_004_kani=true&JigyosyoCd=2974400018-00&ServiceCd=110&Type=search", "url2": null }, "geometry": { "type": "Point", "coordinates": [ 135.95661640000003, 34.0006632 ] } },
{ "type": "Feature", "properties": { "内容": "社会福祉法人下北山村社会福祉協議会【訪問介護】奈良県吉野郡下北山村大字浦向３７１番地", "url": "https://www.kaigokensaku.mhlw.go.jp/29/index.php?action_kouhyou_detail_004_kani=true&JigyosyoCd=2984400024-00&ServiceCd=110&Type=search", "url2": null }, "geometry": { "type": "Point", "coordinates": [ 135.9568433, 34.000501499999984 ] } },
{ "type": "Feature", "properties": { "内容": "社会福祉法人　上北山村社会福祉協議会【訪問介護】奈良県吉野郡上北山村大字河合３８１番地", "url": "https://www.kaigokensaku.mhlw.go.jp/29/index.php?action_kouhyou_detail_004_kani=true&JigyosyoCd=2984500021-00&ServiceCd=110&Type=search", "url2": null }, "geometry": { "type": "Point", "coordinates": [ 136.0022026, 34.1319652 ] } },
{ "type": "Feature", "properties": { "内容": "訪問介護オアシス【訪問介護】吉野郡川上村東川610", "url": "https://www.kaigokensaku.mhlw.go.jp/29/index.php?action_kouhyou_detail_004_kani=true&JigyosyoCd=2974600021-00&ServiceCd=110&Type=search", "url2": null }, "geometry": { "type": "Point", "coordinates": [ 135.939450599999986, 34.3691286 ] } },
{ "type": "Feature", "properties": { "内容": "社会福祉法人川上村社会福祉協議会【訪問介護】奈良県吉野郡川上村大字迫1374番地の2", "url": "https://www.kaigokensaku.mhlw.go.jp/29/index.php?action_kouhyou_detail_004_kani=true&JigyosyoCd=2974600013-00&ServiceCd=110&Type=search", "url2": null }, "geometry": { "type": "Point", "coordinates": [ 135.9584357, 34.3337274 ] } }
]
}
