{
  "type": "FeatureCollection",
  "features": [
    {
      "type": "Feature",
      "geometry": {
        "type": "Point",
        "coordinates": [
          135.8218389,
          34.6917024
        ]
      },
      "properties": {
        "内容": "バス停: 佐保小学校 (Saho Elementary School) (Nara Kotsu Bus Lines Co., Ltd.)",
        "name": "佐保小学校 (Saho Elementary School)",
        "operator": "Nara Kotsu Bus Lines Co., Ltd.",
        "ref": "",
        "url": "",
        "url2": ""
      }
    },
    {
      "type": "Feature",
      "geometry": {
        "type": "Point",
        "coordinates": [
          135.8282829,
          34.6844452
        ]
      },
      "properties": {
        "内容": "バス停: 近鉄奈良駅21 (奈良交通)",
        "name": "近鉄奈良駅21",
        "operator": "奈良交通",
        "ref": "21",
        "url": "",
        "url2": ""
      }
    },
    {
      "type": "Feature",
      "geometry": {
        "type": "Point",
        "coordinates": [
          135.7508943,
          34.6974734
        ]
      },
      "properties": {
        "内容": "バス停: 学園前駅 (北) (Nara Kotsu Bus Lines Co., Ltd.)",
        "name": "学園前駅 (北)",
        "operator": "Nara Kotsu Bus Lines Co., Ltd.",
        "ref": "8",
        "url": "",
        "url2": ""
      }
    },
    {
      "type": "Feature",
      "geometry": {
        "type": "Point",
        "coordinates": [
          135.7507938,
          34.6968642
        ]
      },
      "properties": {
        "内容": "バス停: 学園前駅 (南) (Nara Kotsu Bus Lines Co., Ltd.)",
        "name": "学園前駅 (南)",
        "operator": "Nara Kotsu Bus Lines Co., Ltd.",
        "ref": "1",
        "url": "",
        "url2": ""
      }
    },
    {
      "type": "Feature",
      "geometry": {
        "type": "Point",
        "coordinates": [
          135.8205291,
          34.6811313
        ]
      },
      "properties": {
        "内容": "バス停: JR奈良駅 11,12 (Nara Kotsu Bus Lines Co., Ltd.)",
        "name": "JR奈良駅 11,12",
        "operator": "Nara Kotsu Bus Lines Co., Ltd.",
        "ref": "11;12",
        "url": "",
        "url2": ""
      }
    },
    {
      "type": "Feature",
      "geometry": {
        "type": "Point",
        "coordinates": [
          135.9322609,
          34.4761802
        ]
      },
      "properties": {
        "内容": "バス停: 大宇陀(ouda)",
        "name": "大宇陀(ouda)",
        "operator": "事業者不明",
        "ref": "",
        "url": "",
        "url2": ""
      }
    },
    {
      "type": "Feature",
      "geometry": {
        "type": "Point",
        "coordinates": [
          135.9546646,
          34.5298948
        ]
      },
      "properties": {
        "内容": "バス停: 榛原駅",
        "name": "榛原駅",
        "operator": "事業者不明",
        "ref": "",
        "url": "",
        "url2": ""
      }
    },
    {
      "type": "Feature",
      "geometry": {
        "type": "Point",
        "coordinates": [
          135.890799,
          34.5026526
        ]
      },
      "properties": {
        "内容": "バス停: 女寄峠",
        "name": "女寄峠",
        "operator": "事業者不明",
        "ref": "",
        "url": "",
        "url2": ""
      }
    },
    {
      "type": "Feature",
      "geometry": {
        "type": "Point",
        "coordinates": [
          135.9389707,
          34.521694
        ]
      },
      "properties": {
        "内容": "バス停: 奈良交通 榛原営業所",
        "name": "奈良交通 榛原営業所",
        "operator": "事業者不明",
        "ref": "",
        "url": "",
        "url2": ""
      }
    },
    {
      "type": "Feature",
      "geometry": {
        "type": "Point",
        "coordinates": [
          135.8281914,
          34.6998834
        ]
      },
      "properties": {
        "内容": "バス停: ドリームランド (Dream Land) (Nara Kotsu Bus Lines Co., Ltd.)",
        "name": "ドリームランド (Dream Land)",
        "operator": "Nara Kotsu Bus Lines Co., Ltd.",
        "ref": "",
        "url": "",
        "url2": ""
      }
    },
    {
      "type": "Feature",
      "geometry": {
        "type": "Point",
        "coordinates": [
          135.7019481,
          34.5755738
        ]
      },
      "properties": {
        "内容": "バス停: 畠田八丁目 (王寺駅方面)",
        "name": "畠田八丁目 (王寺駅方面)",
        "operator": "事業者不明",
        "ref": "",
        "url": "",
        "url2": ""
      }
    },
    {
      "type": "Feature",
      "geometry": {
        "type": "Point",
        "coordinates": [
          135.6777735,
          34.6065587
        ]
      },
      "properties": {
        "内容": "バス停: 信貴山バス停",
        "name": "信貴山バス停",
        "operator": "事業者不明",
        "ref": "",
        "url": "",
        "url2": ""
      }
    },
    {
      "type": "Feature",
      "geometry": {
        "type": "Point",
        "coordinates": [
          135.8267143,
          34.6844767
        ]
      },
      "properties": {
        "内容": "バス停: 近鉄奈良駅4 (Nara Kotsu Bus Lines Co., Ltd.)",
        "name": "近鉄奈良駅4",
        "operator": "Nara Kotsu Bus Lines Co., Ltd.",
        "ref": "4",
        "url": "",
        "url2": ""
      }
    },
    {
      "type": "Feature",
      "geometry": {
        "type": "Point",
        "coordinates": [
          135.8271691,
          34.6844756
        ]
      },
      "properties": {
        "内容": "バス停: 近鉄奈良駅1 (Nara Kotsu Bus Lines Co., Ltd.)",
        "name": "近鉄奈良駅1",
        "operator": "Nara Kotsu Bus Lines Co., Ltd.",
        "ref": "1",
        "url": "",
        "url2": ""
      }
    },
    {
      "type": "Feature",
      "geometry": {
        "type": "Point",
        "coordinates": [
          135.8260516,
          34.6849624
        ]
      },
      "properties": {
        "内容": "バス停: 近鉄奈良駅 (Kintetsu Nara Station) (Nara Kotsu Bus Lines Co., Ltd.)",
        "name": "近鉄奈良駅 (Kintetsu Nara Station)",
        "operator": "Nara Kotsu Bus Lines Co., Ltd.",
        "ref": "13",
        "url": "",
        "url2": ""
      }
    },
    {
      "type": "Feature",
      "geometry": {
        "type": "Point",
        "coordinates": [
          135.826166,
          34.6862811
        ]
      },
      "properties": {
        "内容": "バス停: 内侍原町 (Nara Kotsu Bus Lines Co., Ltd.)",
        "name": "内侍原町",
        "operator": "Nara Kotsu Bus Lines Co., Ltd.",
        "ref": "",
        "url": "",
        "url2": ""
      }
    },
    {
      "type": "Feature",
      "geometry": {
        "type": "Point",
        "coordinates": [
          135.8259904,
          34.6862933
        ]
      },
      "properties": {
        "内容": "バス停: 内侍原町 (Nara Kotsu Bus Lines Co., Ltd.)",
        "name": "内侍原町",
        "operator": "Nara Kotsu Bus Lines Co., Ltd.",
        "ref": "",
        "url": "",
        "url2": ""
      }
    },
    {
      "type": "Feature",
      "geometry": {
        "type": "Point",
        "coordinates": [
          135.7266821,
          34.6837477
        ]
      },
      "properties": {
        "内容": "バス停: 帝塚山住宅 (Nara Kotsu Bus Lines Co., Ltd.)",
        "name": "帝塚山住宅",
        "operator": "Nara Kotsu Bus Lines Co., Ltd.",
        "ref": "",
        "url": "",
        "url2": ""
      }
    },
    {
      "type": "Feature",
      "geometry": {
        "type": "Point",
        "coordinates": [
          135.7837855,
          34.6817401
        ]
      },
      "properties": {
        "内容": "バス停: 尼ヶ辻駅 (Nara Kotsu Bus Lines Co., Ltd.)",
        "name": "尼ヶ辻駅",
        "operator": "Nara Kotsu Bus Lines Co., Ltd.",
        "ref": "",
        "url": "",
        "url2": ""
      }
    },
    {
      "type": "Feature",
      "geometry": {
        "type": "Point",
        "coordinates": [
          135.7291052,
          34.6809113
        ]
      },
      "properties": {
        "内容": "バス停: 帝塚山西二丁目 (Nara Kotsu Bus Lines Co., Ltd.)",
        "name": "帝塚山西二丁目",
        "operator": "Nara Kotsu Bus Lines Co., Ltd.",
        "ref": "",
        "url": "",
        "url2": ""
      }
    },
    {
      "type": "Feature",
      "geometry": {
        "type": "Point",
        "coordinates": [
          135.7251441,
          34.6867657
        ]
      },
      "properties": {
        "内容": "バス停: 帝塚山四丁目 (Nara Kotsu Bus Lines Co., Ltd.)",
        "name": "帝塚山四丁目",
        "operator": "Nara Kotsu Bus Lines Co., Ltd.",
        "ref": "",
        "url": "",
        "url2": ""
      }
    },
    {
      "type": "Feature",
      "geometry": {
        "type": "Point",
        "coordinates": [
          135.7832879,
          34.7155849
        ]
      },
      "properties": {
        "内容": "バス停: 奈良大学構内 (Nara Kotsu Bus Lines Co., Ltd.)",
        "name": "奈良大学構内",
        "operator": "Nara Kotsu Bus Lines Co., Ltd.",
        "ref": "",
        "url": "",
        "url2": ""
      }
    },
    {
      "type": "Feature",
      "geometry": {
        "type": "Point",
        "coordinates": [
          135.7832343,
          34.7166829
        ]
      },
      "properties": {
        "内容": "バス停: 奈良大学 (Nara University) (Nara Kotsu Bus Lines Co., Ltd.)",
        "name": "奈良大学 (Nara University)",
        "operator": "Nara Kotsu Bus Lines Co., Ltd.",
        "ref": "",
        "url": "",
        "url2": ""
      }
    },
    {
      "type": "Feature",
      "geometry": {
        "type": "Point",
        "coordinates": [
          135.7353223,
          34.6896475
        ]
      },
      "properties": {
        "内容": "バス停: 富雄中学校 (Nara Kotsu Bus Lines Co., Ltd.)",
        "name": "富雄中学校",
        "operator": "Nara Kotsu Bus Lines Co., Ltd.",
        "ref": "",
        "url": "",
        "url2": ""
      }
    },
    {
      "type": "Feature",
      "geometry": {
        "type": "Point",
        "coordinates": [
          135.7332033,
          34.7040864
        ]
      },
      "properties": {
        "内容": "バス停: 二名 (Nara Kotsu Bus Lines Co., Ltd.)",
        "name": "二名",
        "operator": "Nara Kotsu Bus Lines Co., Ltd.",
        "ref": "",
        "url": "",
        "url2": ""
      }
    },
    {
      "type": "Feature",
      "geometry": {
        "type": "Point",
        "coordinates": [
          135.753579,
          34.726801
        ]
      },
      "properties": {
        "内容": "バス停: 学研奈良登美ヶ丘駅 (奈良交通)",
        "name": "学研奈良登美ヶ丘駅",
        "operator": "奈良交通",
        "ref": "",
        "url": "",
        "url2": ""
      }
    },
    {
      "type": "Feature",
      "geometry": {
        "type": "Point",
        "coordinates": [
          135.7337132,
          34.704147
        ]
      },
      "properties": {
        "内容": "バス停: 二名 (Nara Kotsu Bus Lines Co., Ltd.)",
        "name": "二名",
        "operator": "Nara Kotsu Bus Lines Co., Ltd.",
        "ref": "",
        "url": "",
        "url2": ""
      }
    },
    {
      "type": "Feature",
      "geometry": {
        "type": "Point",
        "coordinates": [
          135.7281949,
          34.7033483
        ]
      },
      "properties": {
        "内容": "バス停: 育英西校 (Ikuei Nishi-kō) (Nara Kotsu Bus Lines Co., Ltd.)",
        "name": "育英西校 (Ikuei Nishi-kō)",
        "operator": "Nara Kotsu Bus Lines Co., Ltd.",
        "ref": "",
        "url": "",
        "url2": ""
      }
    },
    {
      "type": "Feature",
      "geometry": {
        "type": "Point",
        "coordinates": [
          135.6975239,
          34.6929362
        ]
      },
      "properties": {
        "内容": "バス停: 生駒駅南口 (Nara Kotsu Bus Line Co., Ltd.)",
        "name": "生駒駅南口",
        "operator": "Nara Kotsu Bus Line Co., Ltd.",
        "ref": "",
        "url": "",
        "url2": ""
      }
    },
    {
      "type": "Feature",
      "geometry": {
        "type": "Point",
        "coordinates": [
          135.6992641,
          34.3555757
        ]
      },
      "properties": {
        "内容": "バス停: 五条駅",
        "name": "五条駅",
        "operator": "事業者不明",
        "ref": "",
        "url": "",
        "url2": ""
      }
    },
    {
      "type": "Feature",
      "geometry": {
        "type": "Point",
        "coordinates": [
          135.7219954,
          34.687476
        ]
      },
      "properties": {
        "内容": "バス停: 帝塚山大学前 (Nara Kotsu Bus Lines Co., Ltd.)",
        "name": "帝塚山大学前",
        "operator": "Nara Kotsu Bus Lines Co., Ltd.",
        "ref": "",
        "url": "",
        "url2": ""
      }
    },
    {
      "type": "Feature",
      "geometry": {
        "type": "Point",
        "coordinates": [
          135.7164233,
          34.6823109
        ]
      },
      "properties": {
        "内容": "バス停: 東生駒三丁目 (Nara Kotsu Bus Lines Co., Ltd.)",
        "name": "東生駒三丁目",
        "operator": "Nara Kotsu Bus Lines Co., Ltd.",
        "ref": "",
        "url": "",
        "url2": ""
      }
    },
    {
      "type": "Feature",
      "geometry": {
        "type": "Point",
        "coordinates": [
          135.7127225,
          34.690262
        ]
      },
      "properties": {
        "内容": "バス停: 東生駒北第1公園 (Nara Kotsu Bus Lines Co., Ltd.)",
        "name": "東生駒北第1公園",
        "operator": "Nara Kotsu Bus Lines Co., Ltd.",
        "ref": "",
        "url": "",
        "url2": ""
      }
    },
    {
      "type": "Feature",
      "geometry": {
        "type": "Point",
        "coordinates": [
          135.7177571,
          34.6862878
        ]
      },
      "properties": {
        "内容": "バス停: 東生駒一丁目東 (Nara Kotsu Bus Lines Co., Ltd.)",
        "name": "東生駒一丁目東",
        "operator": "Nara Kotsu Bus Lines Co., Ltd.",
        "ref": "",
        "url": "",
        "url2": ""
      }
    },
    {
      "type": "Feature",
      "geometry": {
        "type": "Point",
        "coordinates": [
          135.7214765,
          34.6858577
        ]
      },
      "properties": {
        "内容": "バス停: 帝塚山大学 (Nara Kotsu Bus Lines Co., Ltd.)",
        "name": "帝塚山大学",
        "operator": "Nara Kotsu Bus Lines Co., Ltd.",
        "ref": "",
        "url": "",
        "url2": ""
      }
    },
    {
      "type": "Feature",
      "geometry": {
        "type": "Point",
        "coordinates": [
          135.7164529,
          34.7211431
        ]
      },
      "properties": {
        "内容": "バス停: 白庭台駅 (Shiraniwadai Station) (Nara Kotsu Bus Lines Co., Ltd.)",
        "name": "白庭台駅 (Shiraniwadai Station)",
        "operator": "Nara Kotsu Bus Lines Co., Ltd.",
        "ref": "1",
        "url": "",
        "url2": ""
      }
    },
    {
      "type": "Feature",
      "geometry": {
        "type": "Point",
        "coordinates": [
          135.7363649,
          34.6858651
        ]
      },
      "properties": {
        "内容": "バス停: 三碓 (Nara Kotsu Bus Lines Co., Ltd.)",
        "name": "三碓",
        "operator": "Nara Kotsu Bus Lines Co., Ltd.",
        "ref": "",
        "url": "",
        "url2": ""
      }
    },
    {
      "type": "Feature",
      "geometry": {
        "type": "Point",
        "coordinates": [
          135.7404111,
          34.6487656
        ]
      },
      "properties": {
        "内容": "バス停: 矢田寺前 (Nara Kotsu Bus Lines Co., Ltd.)",
        "name": "矢田寺前",
        "operator": "Nara Kotsu Bus Lines Co., Ltd.",
        "ref": "",
        "url": "",
        "url2": ""
      }
    },
    {
      "type": "Feature",
      "geometry": {
        "type": "Point",
        "coordinates": [
          135.7307364,
          34.6782898
        ]
      },
      "properties": {
        "内容": "バス停: 帝塚山南二丁目 (Nara Kotsu Bus Lines Co., Ltd.)",
        "name": "帝塚山南二丁目",
        "operator": "Nara Kotsu Bus Lines Co., Ltd.",
        "ref": "",
        "url": "",
        "url2": ""
      }
    },
    {
      "type": "Feature",
      "geometry": {
        "type": "Point",
        "coordinates": [
          135.7273648,
          34.679107
        ]
      },
      "properties": {
        "内容": "バス停: 奈良帝塚山ヒルズ (Nara Kotsu Bus Lines Co., Ltd.)",
        "name": "奈良帝塚山ヒルズ",
        "operator": "Nara Kotsu Bus Lines Co., Ltd.",
        "ref": "",
        "url": "",
        "url2": ""
      }
    },
    {
      "type": "Feature",
      "geometry": {
        "type": "Point",
        "coordinates": [
          135.7382807,
          34.6820617
        ]
      },
      "properties": {
        "内容": "バス停: 帝塚山南一丁目 (Nara Kotsu Bus Lines Co., Ltd.)",
        "name": "帝塚山南一丁目",
        "operator": "Nara Kotsu Bus Lines Co., Ltd.",
        "ref": "",
        "url": "",
        "url2": ""
      }
    },
    {
      "type": "Feature",
      "geometry": {
        "type": "Point",
        "coordinates": [
          135.7320946,
          34.7057805
        ]
      },
      "properties": {
        "内容": "バス停: 春日橋 (Nara Kotsu Bus Lines Co., Ltd.)",
        "name": "春日橋",
        "operator": "Nara Kotsu Bus Lines Co., Ltd.",
        "ref": "",
        "url": "",
        "url2": ""
      }
    },
    {
      "type": "Feature",
      "geometry": {
        "type": "Point",
        "coordinates": [
          135.7328127,
          34.705511
        ]
      },
      "properties": {
        "内容": "バス停: 春日橋 (Nara Kotsu Bus Lines Co., Ltd.)",
        "name": "春日橋",
        "operator": "Nara Kotsu Bus Lines Co., Ltd.",
        "ref": "",
        "url": "",
        "url2": ""
      }
    },
    {
      "type": "Feature",
      "geometry": {
        "type": "Point",
        "coordinates": [
          135.7829986,
          34.6693186
        ]
      },
      "properties": {
        "内容": "バス停: 西ノ京駅 (Nishinokyo Station)",
        "name": "西ノ京駅 (Nishinokyo Station)",
        "operator": "事業者不明",
        "ref": "",
        "url": "",
        "url2": ""
      }
    },
    {
      "type": "Feature",
      "geometry": {
        "type": "Point",
        "coordinates": [
          135.7776888,
          34.7031661
        ]
      },
      "properties": {
        "内容": "バス停: 秋篠寺 (Akishino-dera) (Nara Kotsu Bus Lines Co., Ltd.)",
        "name": "秋篠寺 (Akishino-dera)",
        "operator": "Nara Kotsu Bus Lines Co., Ltd.",
        "ref": "",
        "url": "",
        "url2": ""
      }
    },
    {
      "type": "Feature",
      "geometry": {
        "type": "Point",
        "coordinates": [
          135.7785113,
          34.6997962
        ]
      },
      "properties": {
        "内容": "バス停: 秋篠三和町 (Nara Kotsu Bus Lines Co., Ltd.)",
        "name": "秋篠三和町",
        "operator": "Nara Kotsu Bus Lines Co., Ltd.",
        "ref": "",
        "url": "",
        "url2": ""
      }
    },
    {
      "type": "Feature",
      "geometry": {
        "type": "Point",
        "coordinates": [
          135.7610299,
          34.6978113
        ]
      },
      "properties": {
        "内容": "バス停: あやめ池駅 (Nara Kotsu Bus Lines Co., Ltd.)",
        "name": "あやめ池駅",
        "operator": "Nara Kotsu Bus Lines Co., Ltd.",
        "ref": "",
        "url": "",
        "url2": ""
      }
    },
    {
      "type": "Feature",
      "geometry": {
        "type": "Point",
        "coordinates": [
          135.7834599,
          34.6938016
        ]
      },
      "properties": {
        "内容": "バス停: 西大寺駅 (Saidaiji-Station) (Nara Kotsu Bus Lines Co., Ltd.)",
        "name": "西大寺駅 (Saidaiji-Station)",
        "operator": "Nara Kotsu Bus Lines Co., Ltd.",
        "ref": "",
        "url": "",
        "url2": ""
      }
    },
    {
      "type": "Feature",
      "geometry": {
        "type": "Point",
        "coordinates": [
          135.7679113,
          33.9415971
        ]
      },
      "properties": {
        "内容": "バス停: 十津川バスセンター",
        "name": "十津川バスセンター",
        "operator": "事業者不明",
        "ref": "",
        "url": "",
        "url2": ""
      }
    },
    {
      "type": "Feature",
      "geometry": {
        "type": "Point",
        "coordinates": [
          135.853956,
          34.3759362
        ]
      },
      "properties": {
        "内容": "バス停: 吉野駅",
        "name": "吉野駅",
        "operator": "事業者不明",
        "ref": "",
        "url": "",
        "url2": ""
      }
    },
    {
      "type": "Feature",
      "geometry": {
        "type": "Point",
        "coordinates": [
          135.8553918,
          34.3724162
        ]
      },
      "properties": {
        "内容": "バス停: 吉野山駅",
        "name": "吉野山駅",
        "operator": "事業者不明",
        "ref": "",
        "url": "",
        "url2": ""
      }
    },
    {
      "type": "Feature",
      "geometry": {
        "type": "Point",
        "coordinates": [
          135.7325972,
          34.4641836
        ]
      },
      "properties": {
        "内容": "バス停: 近鉄御所駅 (Kintetsu Gose Station) (Nara Kotsu Bus Lines Co., Ltd.)",
        "name": "近鉄御所駅 (Kintetsu Gose Station)",
        "operator": "Nara Kotsu Bus Lines Co., Ltd.",
        "ref": "",
        "url": "",
        "url2": ""
      }
    },
    {
      "type": "Feature",
      "geometry": {
        "type": "Point",
        "coordinates": [
          135.7011025,
          34.6406433
        ]
      },
      "properties": {
        "内容": "バス停: 名称不明バス停",
        "name": "名称不明バス停",
        "operator": "事業者不明",
        "ref": "",
        "url": "",
        "url2": ""
      }
    },
    {
      "type": "Feature",
      "geometry": {
        "type": "Point",
        "coordinates": [
          135.752699,
          34.7263367
        ]
      },
      "properties": {
        "内容": "バス停: 学研奈良登美ヶ丘駅 (Nara Kotsu Bus Lines Co., Ltd.)",
        "name": "学研奈良登美ヶ丘駅",
        "operator": "Nara Kotsu Bus Lines Co., Ltd.",
        "ref": "",
        "url": "",
        "url2": ""
      }
    },
    {
      "type": "Feature",
      "geometry": {
        "type": "Point",
        "coordinates": [
          135.7531626,
          34.7267796
        ]
      },
      "properties": {
        "内容": "バス停: 学研奈良登美ヶ丘駅 (奈良交通)",
        "name": "学研奈良登美ヶ丘駅",
        "operator": "奈良交通",
        "ref": "",
        "url": "",
        "url2": ""
      }
    },
    {
      "type": "Feature",
      "geometry": {
        "type": "Point",
        "coordinates": [
          135.819979,
          34.6794659
        ]
      },
      "properties": {
        "内容": "バス停: 三条川崎町 (Sanjō-Kawasaki-chō) (Nara Kotsu Bus Lines Co., Ltd.)",
        "name": "三条川崎町 (Sanjō-Kawasaki-chō)",
        "operator": "Nara Kotsu Bus Lines Co., Ltd.",
        "ref": "N-19",
        "url": "",
        "url2": ""
      }
    },
    {
      "type": "Feature",
      "geometry": {
        "type": "Point",
        "coordinates": [
          135.8207564,
          34.6822567
        ]
      },
      "properties": {
        "内容": "バス停: JR奈良駅 10 (Nara Kotsu Bus Lines Co., Ltd.)",
        "name": "JR奈良駅 10",
        "operator": "Nara Kotsu Bus Lines Co., Ltd.",
        "ref": "10",
        "url": "",
        "url2": ""
      }
    },
    {
      "type": "Feature",
      "geometry": {
        "type": "Point",
        "coordinates": [
          135.8522967,
          34.3745267
        ]
      },
      "properties": {
        "内容": "バス停: 下千本駐車場",
        "name": "下千本駐車場",
        "operator": "事業者不明",
        "ref": "",
        "url": "",
        "url2": ""
      }
    },
    {
      "type": "Feature",
      "geometry": {
        "type": "Point",
        "coordinates": [
          135.8520812,
          34.3754387
        ]
      },
      "properties": {
        "内容": "バス停: 下千本駐車場",
        "name": "下千本駐車場",
        "operator": "事業者不明",
        "ref": "",
        "url": "",
        "url2": ""
      }
    },
    {
      "type": "Feature",
      "geometry": {
        "type": "Point",
        "coordinates": [
          135.7338979,
          34.6930206
        ]
      },
      "properties": {
        "内容": "バス停: 富雄 (Nara Kotsu Bus Lines Co., Ltd.)",
        "name": "富雄",
        "operator": "Nara Kotsu Bus Lines Co., Ltd.",
        "ref": "",
        "url": "",
        "url2": ""
      }
    },
    {
      "type": "Feature",
      "geometry": {
        "type": "Point",
        "coordinates": [
          135.7401487,
          34.6892223
        ]
      },
      "properties": {
        "内容": "バス停: 学園大和町 五丁目 (Nara Kotsu Bus Lines Co., Ltd.)",
        "name": "学園大和町 五丁目",
        "operator": "Nara Kotsu Bus Lines Co., Ltd.",
        "ref": "",
        "url": "",
        "url2": ""
      }
    },
    {
      "type": "Feature",
      "geometry": {
        "type": "Point",
        "coordinates": [
          135.8443704,
          34.6635302
        ]
      },
      "properties": {
        "内容": "バス停: 奈良佐保短期大学 (Nara Saho College) (Nara Kotsu Bus Lines Co., Ltd.)",
        "name": "奈良佐保短期大学 (Nara Saho College)",
        "operator": "Nara Kotsu Bus Lines Co., Ltd.",
        "ref": "",
        "url": "",
        "url2": ""
      }
    },
    {
      "type": "Feature",
      "geometry": {
        "type": "Point",
        "coordinates": [
          135.750342,
          34.6975283
        ]
      },
      "properties": {
        "内容": "バス停: 学園前駅 (北) (Nara Kotsu Bus Lines Co., Ltd.)",
        "name": "学園前駅 (北)",
        "operator": "Nara Kotsu Bus Lines Co., Ltd.",
        "ref": "4",
        "url": "",
        "url2": ""
      }
    },
    {
      "type": "Feature",
      "geometry": {
        "type": "Point",
        "coordinates": [
          135.8814914,
          33.909849
        ]
      },
      "properties": {
        "内容": "バス停: 名称不明バス停",
        "name": "名称不明バス停",
        "operator": "事業者不明",
        "ref": "",
        "url": "",
        "url2": ""
      }
    },
    {
      "type": "Feature",
      "geometry": {
        "type": "Point",
        "coordinates": [
          135.725098,
          34.577028
        ]
      },
      "properties": {
        "内容": "バス停: 桜ヶ丘一丁目",
        "name": "桜ヶ丘一丁目",
        "operator": "事業者不明",
        "ref": "",
        "url": "",
        "url2": ""
      }
    },
    {
      "type": "Feature",
      "geometry": {
        "type": "Point",
        "coordinates": [
          135.72465,
          34.576875
        ]
      },
      "properties": {
        "内容": "バス停: 桜ヶ丘一丁目",
        "name": "桜ヶ丘一丁目",
        "operator": "事業者不明",
        "ref": "",
        "url": "",
        "url2": ""
      }
    },
    {
      "type": "Feature",
      "geometry": {
        "type": "Point",
        "coordinates": [
          135.7708071,
          34.7205868
        ]
      },
      "properties": {
        "内容": "バス停: 押熊北口 (Nara Kotsu Bus Lines Co., Ltd.)",
        "name": "押熊北口",
        "operator": "Nara Kotsu Bus Lines Co., Ltd.",
        "ref": "",
        "url": "",
        "url2": ""
      }
    },
    {
      "type": "Feature",
      "geometry": {
        "type": "Point",
        "coordinates": [
          135.7707619,
          34.720741
        ]
      },
      "properties": {
        "内容": "バス停: 押熊北口 (Nara Kotsu Bus Lines Co., Ltd.)",
        "name": "押熊北口",
        "operator": "Nara Kotsu Bus Lines Co., Ltd.",
        "ref": "",
        "url": "",
        "url2": ""
      }
    },
    {
      "type": "Feature",
      "geometry": {
        "type": "Point",
        "coordinates": [
          135.777005,
          34.7204523
        ]
      },
      "properties": {
        "内容": "バス停: 神功四丁目 (Jingū 4-chōme) (Nara Kotsu Bus Lines Co., Ltd.)",
        "name": "神功四丁目 (Jingū 4-chōme)",
        "operator": "Nara Kotsu Bus Lines Co., Ltd.",
        "ref": "",
        "url": "",
        "url2": ""
      }
    },
    {
      "type": "Feature",
      "geometry": {
        "type": "Point",
        "coordinates": [
          135.7715051,
          34.7240532
        ]
      },
      "properties": {
        "内容": "バス停: 押熊・神功 (Oshikuma Jingū) (Nara Kotsu Bus Lines Co., Ltd.)",
        "name": "押熊・神功 (Oshikuma Jingū)",
        "operator": "Nara Kotsu Bus Lines Co., Ltd.",
        "ref": "",
        "url": "",
        "url2": ""
      }
    },
    {
      "type": "Feature",
      "geometry": {
        "type": "Point",
        "coordinates": [
          135.771292,
          34.7241126
        ]
      },
      "properties": {
        "内容": "バス停: 押熊・神功 (Oshikuma Jingū) (Nara Kotsu Bus Lines Co., Ltd.)",
        "name": "押熊・神功 (Oshikuma Jingū)",
        "operator": "Nara Kotsu Bus Lines Co., Ltd.",
        "ref": "",
        "url": "",
        "url2": ""
      }
    },
    {
      "type": "Feature",
      "geometry": {
        "type": "Point",
        "coordinates": [
          135.834661,
          34.689775
        ]
      },
      "properties": {
        "内容": "バス停: 今小路 (Imakōji) (奈良交通)",
        "name": "今小路 (Imakōji)",
        "operator": "奈良交通",
        "ref": "",
        "url": "",
        "url2": ""
      }
    },
    {
      "type": "Feature",
      "geometry": {
        "type": "Point",
        "coordinates": [
          135.8347453,
          34.6915364
        ]
      },
      "properties": {
        "内容": "バス停: 手貝町 (Tegai-chō) (奈良交通)",
        "name": "手貝町 (Tegai-chō)",
        "operator": "奈良交通",
        "ref": "",
        "url": "",
        "url2": ""
      }
    },
    {
      "type": "Feature",
      "geometry": {
        "type": "Point",
        "coordinates": [
          135.7912813,
          34.722546
        ]
      },
      "properties": {
        "内容": "バス停: 高の原駅 (奈良交通)",
        "name": "高の原駅",
        "operator": "奈良交通",
        "ref": "1",
        "url": "",
        "url2": ""
      }
    },
    {
      "type": "Feature",
      "geometry": {
        "type": "Point",
        "coordinates": [
          135.8259393,
          34.6913641
        ]
      },
      "properties": {
        "内容": "バス停: 法蓮仲町 (Hōren Nakamachi) (Nara Kotsu Bus Lines Co., Ltd.)",
        "name": "法蓮仲町 (Hōren Nakamachi)",
        "operator": "Nara Kotsu Bus Lines Co., Ltd.",
        "ref": "",
        "url": "",
        "url2": ""
      }
    },
    {
      "type": "Feature",
      "geometry": {
        "type": "Point",
        "coordinates": [
          135.8260941,
          34.690969
        ]
      },
      "properties": {
        "内容": "バス停: 法蓮仲町 (Hōren Nakamachi) (Nara Kotsu Bus Lines Co., Ltd.)",
        "name": "法蓮仲町 (Hōren Nakamachi)",
        "operator": "Nara Kotsu Bus Lines Co., Ltd.",
        "ref": "",
        "url": "",
        "url2": ""
      }
    },
    {
      "type": "Feature",
      "geometry": {
        "type": "Point",
        "coordinates": [
          135.725617,
          34.6850267
        ]
      },
      "properties": {
        "内容": "バス停: 帝塚山五丁目 (Nara Kotsu Bus Lines Co., Ltd.)",
        "name": "帝塚山五丁目",
        "operator": "Nara Kotsu Bus Lines Co., Ltd.",
        "ref": "",
        "url": "",
        "url2": ""
      }
    },
    {
      "type": "Feature",
      "geometry": {
        "type": "Point",
        "coordinates": [
          135.7353212,
          34.6792677
        ]
      },
      "properties": {
        "内容": "バス停: 帝塚山南四丁目 (Nara Kotsu Bus Lines Co., Ltd.)",
        "name": "帝塚山南四丁目",
        "operator": "Nara Kotsu Bus Lines Co., Ltd.",
        "ref": "",
        "url": "",
        "url2": ""
      }
    },
    {
      "type": "Feature",
      "geometry": {
        "type": "Point",
        "coordinates": [
          135.7352247,
          34.67882
        ]
      },
      "properties": {
        "内容": "バス停: 帝塚山南四丁目 (Nara Kotsu Bus Lines Co., Ltd.)",
        "name": "帝塚山南四丁目",
        "operator": "Nara Kotsu Bus Lines Co., Ltd.",
        "ref": "",
        "url": "",
        "url2": ""
      }
    },
    {
      "type": "Feature",
      "geometry": {
        "type": "Point",
        "coordinates": [
          135.7464244,
          34.7390573
        ]
      },
      "properties": {
        "内容": "バス停: 鹿ノ台北二丁目 (Shikanodaikita 2-chōme) (奈良交通)",
        "name": "鹿ノ台北二丁目 (Shikanodaikita 2-chōme)",
        "operator": "奈良交通",
        "ref": "",
        "url": "",
        "url2": ""
      }
    },
    {
      "type": "Feature",
      "geometry": {
        "type": "Point",
        "coordinates": [
          135.7530657,
          34.7283852
        ]
      },
      "properties": {
        "内容": "バス停: 樋の平 (奈良交通)",
        "name": "樋の平",
        "operator": "奈良交通",
        "ref": "",
        "url": "",
        "url2": ""
      }
    },
    {
      "type": "Feature",
      "geometry": {
        "type": "Point",
        "coordinates": [
          135.7502675,
          34.734863
        ]
      },
      "properties": {
        "内容": "バス停: 鹿ノ台東二丁目 (奈良交通)",
        "name": "鹿ノ台東二丁目",
        "operator": "奈良交通",
        "ref": "",
        "url": "",
        "url2": ""
      }
    },
    {
      "type": "Feature",
      "geometry": {
        "type": "Point",
        "coordinates": [
          135.8268645,
          34.6844767
        ]
      },
      "properties": {
        "内容": "バス停: 近鉄奈良駅3 (Nara Kotsu Bus Lines Co., Ltd.)",
        "name": "近鉄奈良駅3",
        "operator": "Nara Kotsu Bus Lines Co., Ltd.",
        "ref": "3",
        "url": "",
        "url2": ""
      }
    },
    {
      "type": "Feature",
      "geometry": {
        "type": "Point",
        "coordinates": [
          135.8270147,
          34.6844766
        ]
      },
      "properties": {
        "内容": "バス停: 近鉄奈良駅2 (Nara Kotsu Bus Lines Co., Ltd.)",
        "name": "近鉄奈良駅2",
        "operator": "Nara Kotsu Bus Lines Co., Ltd.",
        "ref": "2",
        "url": "",
        "url2": ""
      }
    },
    {
      "type": "Feature",
      "geometry": {
        "type": "Point",
        "coordinates": [
          135.810934,
          34.6844743
        ]
      },
      "properties": {
        "内容": "バス停: 新大宮駅 (奈良交通)",
        "name": "新大宮駅",
        "operator": "奈良交通",
        "ref": "",
        "url": "",
        "url2": ""
      }
    },
    {
      "type": "Feature",
      "geometry": {
        "type": "Point",
        "coordinates": [
          135.8324633,
          34.6843982
        ]
      },
      "properties": {
        "内容": "バス停: 県庁前3 (奈良交通)",
        "name": "県庁前3",
        "operator": "奈良交通",
        "ref": "3",
        "url": "",
        "url2": ""
      }
    },
    {
      "type": "Feature",
      "geometry": {
        "type": "Point",
        "coordinates": [
          135.8321585,
          34.6845806
        ]
      },
      "properties": {
        "内容": "バス停: 県庁前2 (奈良交通)",
        "name": "県庁前2",
        "operator": "奈良交通",
        "ref": "2",
        "url": "",
        "url2": ""
      }
    },
    {
      "type": "Feature",
      "geometry": {
        "type": "Point",
        "coordinates": [
          135.8397408,
          34.6747719
        ]
      },
      "properties": {
        "内容": "バス停: 高畑町 (Takabatake-chō) (Nara Kotsu Bus Lines Co., Ltd.)",
        "name": "高畑町 (Takabatake-chō)",
        "operator": "Nara Kotsu Bus Lines Co., Ltd.",
        "ref": "",
        "url": "",
        "url2": ""
      }
    },
    {
      "type": "Feature",
      "geometry": {
        "type": "Point",
        "coordinates": [
          135.7785621,
          34.7000997
        ]
      },
      "properties": {
        "内容": "バス停: 秋篠三和町 (Akishinosanwa-chō) (Nara Kotsu Bus Lines Co., Ltd.)",
        "name": "秋篠三和町 (Akishinosanwa-chō)",
        "operator": "Nara Kotsu Bus Lines Co., Ltd.",
        "ref": "",
        "url": "",
        "url2": ""
      }
    },
    {
      "type": "Feature",
      "geometry": {
        "type": "Point",
        "coordinates": [
          135.8465916,
          34.5129025
        ]
      },
      "properties": {
        "内容": "バス停: 桜井駅南口 (Nara Kotsu Bus Lines Co., Ltd.)",
        "name": "桜井駅南口",
        "operator": "Nara Kotsu Bus Lines Co., Ltd.",
        "ref": "2",
        "url": "",
        "url2": ""
      }
    },
    {
      "type": "Feature",
      "geometry": {
        "type": "Point",
        "coordinates": [
          135.8468384,
          34.5129401
        ]
      },
      "properties": {
        "内容": "バス停: 桜井駅南口 (Nara Kotsu Bus Lines Co., Ltd.)",
        "name": "桜井駅南口",
        "operator": "Nara Kotsu Bus Lines Co., Ltd.",
        "ref": "",
        "url": "",
        "url2": ""
      }
    },
    {
      "type": "Feature",
      "geometry": {
        "type": "Point",
        "coordinates": [
          135.8460282,
          34.5136562
        ]
      },
      "properties": {
        "内容": "バス停: 桜井駅北口 (Nara Kotsu Bus Lines Co., Ltd.)",
        "name": "桜井駅北口",
        "operator": "Nara Kotsu Bus Lines Co., Ltd.",
        "ref": "1",
        "url": "",
        "url2": ""
      }
    },
    {
      "type": "Feature",
      "geometry": {
        "type": "Point",
        "coordinates": [
          135.8462181,
          34.5135541
        ]
      },
      "properties": {
        "内容": "バス停: 桜井駅北口 (Nara Kotsu Bus Lines Co., Ltd.)",
        "name": "桜井駅北口",
        "operator": "Nara Kotsu Bus Lines Co., Ltd.",
        "ref": "2",
        "url": "",
        "url2": ""
      }
    },
    {
      "type": "Feature",
      "geometry": {
        "type": "Point",
        "coordinates": [
          135.8376155,
          34.6427054
        ]
      },
      "properties": {
        "内容": "バス停: 山村町 (Yamamura-chō) (Nara Kotsu Bus Lines Co., Ltd.)",
        "name": "山村町 (Yamamura-chō)",
        "operator": "Nara Kotsu Bus Lines Co., Ltd.",
        "ref": "",
        "url": "",
        "url2": ""
      }
    },
    {
      "type": "Feature",
      "geometry": {
        "type": "Point",
        "coordinates": [
          135.8405347,
          34.6503728
        ]
      },
      "properties": {
        "内容": "バス停: 藤原町 (Fujiwara-chō) (Nara Kotsu Bus Lines Co., Ltd.)",
        "name": "藤原町 (Fujiwara-chō)",
        "operator": "Nara Kotsu Bus Lines Co., Ltd.",
        "ref": "",
        "url": "",
        "url2": ""
      }
    },
    {
      "type": "Feature",
      "geometry": {
        "type": "Point",
        "coordinates": [
          135.8406269,
          34.6482384
        ]
      },
      "properties": {
        "内容": "バス停: 八島町 (Yashima-chō) (Nara Kotsu Bus Lines Co., Ltd.)",
        "name": "八島町 (Yashima-chō)",
        "operator": "Nara Kotsu Bus Lines Co., Ltd.",
        "ref": "",
        "url": "",
        "url2": ""
      }
    },
    {
      "type": "Feature",
      "geometry": {
        "type": "Point",
        "coordinates": [
          135.8394107,
          34.6447804
        ]
      },
      "properties": {
        "内容": "バス停: 円照寺(Enshō-ji) (Nara Kotsu Bus Lines Co., Ltd.)",
        "name": "円照寺(Enshō-ji)",
        "operator": "Nara Kotsu Bus Lines Co., Ltd.",
        "ref": "",
        "url": "",
        "url2": ""
      }
    },
    {
      "type": "Feature",
      "geometry": {
        "type": "Point",
        "coordinates": [
          135.8442885,
          34.6534474
        ]
      },
      "properties": {
        "内容": "バス停: 藤原台 (Fujiwaradai) (Nara Kotsu Bus Lines Co., Ltd.)",
        "name": "藤原台 (Fujiwaradai)",
        "operator": "Nara Kotsu Bus Lines Co., Ltd.",
        "ref": "",
        "url": "",
        "url2": ""
      }
    },
    {
      "type": "Feature",
      "geometry": {
        "type": "Point",
        "coordinates": [
          135.8419559,
          34.6530354
        ]
      },
      "properties": {
        "内容": "バス停: 東市地域ふれあい会館 (Tōichi-chiiki Fureai Kaikan) (Nara Kotsu Bus Lines Co., Ltd.)",
        "name": "東市地域ふれあい会館 (Tōichi-chiiki Fureai Kaikan)",
        "operator": "Nara Kotsu Bus Lines Co., Ltd.",
        "ref": "",
        "url": "",
        "url2": ""
      }
    },
    {
      "type": "Feature",
      "geometry": {
        "type": "Point",
        "coordinates": [
          135.8413312,
          34.657265
        ]
      },
      "properties": {
        "内容": "バス停: 東市小学校 (Tōichi Elementary School) (Nara Kotsu Bus Lines Co., Ltd.)",
        "name": "東市小学校 (Tōichi Elementary School)",
        "operator": "Nara Kotsu Bus Lines Co., Ltd.",
        "ref": "",
        "url": "",
        "url2": ""
      }
    },
    {
      "type": "Feature",
      "geometry": {
        "type": "Point",
        "coordinates": [
          135.848353,
          34.6627582
        ]
      },
      "properties": {
        "内容": "バス停: 鹿野園町 (Rokuyaon-chō) (Nara Kotsu Bus Lines Co., Ltd.)",
        "name": "鹿野園町 (Rokuyaon-chō)",
        "operator": "Nara Kotsu Bus Lines Co., Ltd.",
        "ref": "",
        "url": "",
        "url2": ""
      }
    },
    {
      "type": "Feature",
      "geometry": {
        "type": "Point",
        "coordinates": [
          135.8398238,
          34.6633938
        ]
      },
      "properties": {
        "内容": "バス停: 護国神社 (Gokoku Jinja) (Nara Kotsu Bus Lines Co., Ltd.)",
        "name": "護国神社 (Gokoku Jinja)",
        "operator": "Nara Kotsu Bus Lines Co., Ltd.",
        "ref": "",
        "url": "",
        "url2": ""
      }
    },
    {
      "type": "Feature",
      "geometry": {
        "type": "Point",
        "coordinates": [
          135.8403039,
          34.653951
        ]
      },
      "properties": {
        "内容": "バス停: 南古市 (Minamifuruichi) (Nara Kotsu Bus Lines Co., Ltd.)",
        "name": "南古市 (Minamifuruichi)",
        "operator": "Nara Kotsu Bus Lines Co., Ltd.",
        "ref": "",
        "url": "",
        "url2": ""
      }
    },
    {
      "type": "Feature",
      "geometry": {
        "type": "Point",
        "coordinates": [
          135.8419079,
          34.6648035
        ]
      },
      "properties": {
        "内容": "バス停: 和楽園 (Warakuen) (Nara Kotsu Bus Lines Co., Ltd.)",
        "name": "和楽園 (Warakuen)",
        "operator": "Nara Kotsu Bus Lines Co., Ltd.",
        "ref": "",
        "url": "",
        "url2": ""
      }
    },
    {
      "type": "Feature",
      "geometry": {
        "type": "Point",
        "coordinates": [
          135.8410094,
          34.6591447
        ]
      },
      "properties": {
        "内容": "バス停: 春日苑住宅 (Kasugaen Jūtaku) (Nara Kotsu Bus Lines Co., Ltd.)",
        "name": "春日苑住宅 (Kasugaen Jūtaku)",
        "operator": "Nara Kotsu Bus Lines Co., Ltd.",
        "ref": "",
        "url": "",
        "url2": ""
      }
    },
    {
      "type": "Feature",
      "geometry": {
        "type": "Point",
        "coordinates": [
          135.836464,
          34.6426423
        ]
      },
      "properties": {
        "内容": "バス停: 山村町 (Yamamura-chō) (Nara Kotsu Bus Lines Co., Ltd.)",
        "name": "山村町 (Yamamura-chō)",
        "operator": "Nara Kotsu Bus Lines Co., Ltd.",
        "ref": "",
        "url": "",
        "url2": ""
      }
    },
    {
      "type": "Feature",
      "geometry": {
        "type": "Point",
        "coordinates": [
          135.840917,
          34.6598261
        ]
      },
      "properties": {
        "内容": "バス停: 春日苑住宅 (Kasugaen Jūtaku) (Nara Kotsu Bus Lines Co., Ltd.)",
        "name": "春日苑住宅 (Kasugaen Jūtaku)",
        "operator": "Nara Kotsu Bus Lines Co., Ltd.",
        "ref": "",
        "url": "",
        "url2": ""
      }
    },
    {
      "type": "Feature",
      "geometry": {
        "type": "Point",
        "coordinates": [
          135.8407078,
          34.6685954
        ]
      },
      "properties": {
        "内容": "バス停: 萩ヶ丘町 (Hagigaoka-chō) (Nara Kotsu Bus Lines Co., Ltd.)",
        "name": "萩ヶ丘町 (Hagigaoka-chō)",
        "operator": "Nara Kotsu Bus Lines Co., Ltd.",
        "ref": "",
        "url": "",
        "url2": ""
      }
    },
    {
      "type": "Feature",
      "geometry": {
        "type": "Point",
        "coordinates": [
          135.8407132,
          34.6720103
        ]
      },
      "properties": {
        "内容": "バス停: 高畑住宅前 (Takabatake Jūtaku-mae) (Nara Kotsu Bus Lines Co., Ltd.)",
        "name": "高畑住宅前 (Takabatake Jūtaku-mae)",
        "operator": "Nara Kotsu Bus Lines Co., Ltd.",
        "ref": "",
        "url": "",
        "url2": ""
      }
    },
    {
      "type": "Feature",
      "geometry": {
        "type": "Point",
        "coordinates": [
          135.8395866,
          34.6773418
        ]
      },
      "properties": {
        "内容": "バス停: 破石町 (Nara Kotsu Bus Lines Co., Ltd.)",
        "name": "破石町",
        "operator": "Nara Kotsu Bus Lines Co., Ltd.",
        "ref": "",
        "url": "",
        "url2": ""
      }
    },
    {
      "type": "Feature",
      "geometry": {
        "type": "Point",
        "coordinates": [
          135.8406285,
          34.6717785
        ]
      },
      "properties": {
        "内容": "バス停: 高畑住宅前 (Takabatake Jūtaku-mae) (Nara Kotsu Bus Lines Co., Ltd.)",
        "name": "高畑住宅前 (Takabatake Jūtaku-mae)",
        "operator": "Nara Kotsu Bus Lines Co., Ltd.",
        "ref": "",
        "url": "",
        "url2": ""
      }
    },
    {
      "type": "Feature",
      "geometry": {
        "type": "Point",
        "coordinates": [
          135.8400051,
          34.6751007
        ]
      },
      "properties": {
        "内容": "バス停: 高畑町 (Takabatake-chō) (Nara Kotsu Bus Lines Co., Ltd.)",
        "name": "高畑町 (Takabatake-chō)",
        "operator": "Nara Kotsu Bus Lines Co., Ltd.",
        "ref": "",
        "url": "",
        "url2": ""
      }
    },
    {
      "type": "Feature",
      "geometry": {
        "type": "Point",
        "coordinates": [
          135.8398899,
          34.6818679
        ]
      },
      "properties": {
        "内容": "バス停: 春日大社表参道 (Kasuga-taisha Omotesandō) (Nara Kotsu Bus Lines Co., Ltd.)",
        "name": "春日大社表参道 (Kasuga-taisha Omotesandō)",
        "operator": "Nara Kotsu Bus Lines Co., Ltd.",
        "ref": "",
        "url": "",
        "url2": ""
      }
    },
    {
      "type": "Feature",
      "geometry": {
        "type": "Point",
        "coordinates": [
          135.8399085,
          34.674483
        ]
      },
      "properties": {
        "内容": "バス停: 高畑町 (Takabatake-chō) (Nara Kotsu Bus Lines Co., Ltd.)",
        "name": "高畑町 (Takabatake-chō)",
        "operator": "Nara Kotsu Bus Lines Co., Ltd.",
        "ref": "",
        "url": "",
        "url2": ""
      }
    },
    {
      "type": "Feature",
      "geometry": {
        "type": "Point",
        "coordinates": [
          135.8351449,
          34.6844727
        ]
      },
      "properties": {
        "内容": "バス停: 県庁東 (奈良交通)",
        "name": "県庁東",
        "operator": "奈良交通",
        "ref": "",
        "url": "",
        "url2": ""
      }
    },
    {
      "type": "Feature",
      "geometry": {
        "type": "Point",
        "coordinates": [
          135.837465,
          34.6840823
        ]
      },
      "properties": {
        "内容": "バス停: 氷室神社・国立博物館 (Nara Kotsu Bus Lines Co., Ltd.)",
        "name": "氷室神社・国立博物館",
        "operator": "Nara Kotsu Bus Lines Co., Ltd.",
        "ref": "",
        "url": "",
        "url2": ""
      }
    },
    {
      "type": "Feature",
      "geometry": {
        "type": "Point",
        "coordinates": [
          135.8397798,
          34.6816904
        ]
      },
      "properties": {
        "内容": "バス停: 春日大社表参道 (Nara Kotsu Bus Lines Co., Ltd.)",
        "name": "春日大社表参道",
        "operator": "Nara Kotsu Bus Lines Co., Ltd.",
        "ref": "",
        "url": "",
        "url2": ""
      }
    },
    {
      "type": "Feature",
      "geometry": {
        "type": "Point",
        "coordinates": [
          135.8406166,
          34.6691558
        ]
      },
      "properties": {
        "内容": "バス停: 萩ヶ丘町 (Hagigaoka-chō) (Nara Kotsu Bus Lines Co., Ltd.)",
        "name": "萩ヶ丘町 (Hagigaoka-chō)",
        "operator": "Nara Kotsu Bus Lines Co., Ltd.",
        "ref": "",
        "url": "",
        "url2": ""
      }
    },
    {
      "type": "Feature",
      "geometry": {
        "type": "Point",
        "coordinates": [
          135.8385192,
          34.6836964
        ]
      },
      "properties": {
        "内容": "バス停: 東大寺大仏殿・国立博物館 (奈良交通)",
        "name": "東大寺大仏殿・国立博物館",
        "operator": "奈良交通",
        "ref": "",
        "url": "",
        "url2": ""
      }
    },
    {
      "type": "Feature",
      "geometry": {
        "type": "Point",
        "coordinates": [
          135.8399756,
          34.6831052
        ]
      },
      "properties": {
        "内容": "バス停: 大仏殿春日大社前 (Nara Kotsu Bus Lines Co., Ltd.)",
        "name": "大仏殿春日大社前",
        "operator": "Nara Kotsu Bus Lines Co., Ltd.",
        "ref": "",
        "url": "",
        "url2": ""
      }
    },
    {
      "type": "Feature",
      "geometry": {
        "type": "Point",
        "coordinates": [
          135.839828,
          34.6644591
        ]
      },
      "properties": {
        "内容": "バス停: 護国神社 (Gokoku Jinja) (Nara Kotsu Bus Lines Co., Ltd.)",
        "name": "護国神社 (Gokoku Jinja)",
        "operator": "Nara Kotsu Bus Lines Co., Ltd.",
        "ref": "",
        "url": "",
        "url2": ""
      }
    },
    {
      "type": "Feature",
      "geometry": {
        "type": "Point",
        "coordinates": [
          135.7259004,
          34.6918648
        ]
      },
      "properties": {
        "内容": "バス停: 鳥見町 三丁目 (Nara Kotsu Bus Lines Co., Ltd.)",
        "name": "鳥見町 三丁目",
        "operator": "Nara Kotsu Bus Lines Co., Ltd.",
        "ref": "",
        "url": "",
        "url2": ""
      }
    },
    {
      "type": "Feature",
      "geometry": {
        "type": "Point",
        "coordinates": [
          135.7266889,
          34.6896837
        ]
      },
      "properties": {
        "内容": "バス停: 鳥見町 二丁目 (Nara Kotsu Bus Lines Co., Ltd.)",
        "name": "鳥見町 二丁目",
        "operator": "Nara Kotsu Bus Lines Co., Ltd.",
        "ref": "",
        "url": "",
        "url2": ""
      }
    },
    {
      "type": "Feature",
      "geometry": {
        "type": "Point",
        "coordinates": [
          135.7261149,
          34.691684
        ]
      },
      "properties": {
        "内容": "バス停: 鳥見町 三丁目 (Nara Kotsu Bus Lines Co., Ltd.)",
        "name": "鳥見町 三丁目",
        "operator": "Nara Kotsu Bus Lines Co., Ltd.",
        "ref": "",
        "url": "",
        "url2": ""
      }
    },
    {
      "type": "Feature",
      "geometry": {
        "type": "Point",
        "coordinates": [
          135.7245351,
          34.693832
        ]
      },
      "properties": {
        "内容": "バス停: ショッピングセンター前 (Shopping Center Mae) (Nara Kotsu Bus Lines Co., Ltd.)",
        "name": "ショッピングセンター前 (Shopping Center Mae)",
        "operator": "Nara Kotsu Bus Lines Co., Ltd.",
        "ref": "",
        "url": "",
        "url2": ""
      }
    },
    {
      "type": "Feature",
      "geometry": {
        "type": "Point",
        "coordinates": [
          135.7247309,
          34.6934482
        ]
      },
      "properties": {
        "内容": "バス停: ショッピングセンター前 (Shopping Center Mae) (Nara Kotsu Bus Lines Co., Ltd.)",
        "name": "ショッピングセンター前 (Shopping Center Mae)",
        "operator": "Nara Kotsu Bus Lines Co., Ltd.",
        "ref": "",
        "url": "",
        "url2": ""
      }
    },
    {
      "type": "Feature",
      "geometry": {
        "type": "Point",
        "coordinates": [
          135.7330404,
          34.7017068
        ]
      },
      "properties": {
        "内容": "バス停: 三松北口 (Nara Kotsu Bus Lines Co., Ltd.)",
        "name": "三松北口",
        "operator": "Nara Kotsu Bus Lines Co., Ltd.",
        "ref": "",
        "url": "",
        "url2": ""
      }
    },
    {
      "type": "Feature",
      "geometry": {
        "type": "Point",
        "coordinates": [
          135.7324771,
          34.6924713
        ]
      },
      "properties": {
        "内容": "バス停: 富雄元町 3・4丁目 (Nara Kotsu Bus Lines Co., Ltd.)",
        "name": "富雄元町 3・4丁目",
        "operator": "Nara Kotsu Bus Lines Co., Ltd.",
        "ref": "",
        "url": "",
        "url2": ""
      }
    },
    {
      "type": "Feature",
      "geometry": {
        "type": "Point",
        "coordinates": [
          135.7268499,
          34.6897278
        ]
      },
      "properties": {
        "内容": "バス停: 鳥見町 二丁目 (Nara Kotsu Bus Lines Co., Ltd.)",
        "name": "鳥見町 二丁目",
        "operator": "Nara Kotsu Bus Lines Co., Ltd.",
        "ref": "",
        "url": "",
        "url2": ""
      }
    },
    {
      "type": "Feature",
      "geometry": {
        "type": "Point",
        "coordinates": [
          135.7322679,
          34.6977971
        ]
      },
      "properties": {
        "内容": "バス停: 三松橋 (Nara Kotsu Bus Lines Co., Ltd.)",
        "name": "三松橋",
        "operator": "Nara Kotsu Bus Lines Co., Ltd.",
        "ref": "",
        "url": "",
        "url2": ""
      }
    },
    {
      "type": "Feature",
      "geometry": {
        "type": "Point",
        "coordinates": [
          135.7308359,
          34.7089611
        ]
      },
      "properties": {
        "内容": "バス停: 平野橋 (Nara Kotsu Bus Lines Co., Ltd.)",
        "name": "平野橋",
        "operator": "Nara Kotsu Bus Lines Co., Ltd.",
        "ref": "",
        "url": "",
        "url2": ""
      }
    },
    {
      "type": "Feature",
      "geometry": {
        "type": "Point",
        "coordinates": [
          135.7332362,
          34.6925793
        ]
      },
      "properties": {
        "内容": "バス停: 富雄元町 3・4丁目 (Nara Kotsu Bus Lines Co., Ltd.)",
        "name": "富雄元町 3・4丁目",
        "operator": "Nara Kotsu Bus Lines Co., Ltd.",
        "ref": "",
        "url": "",
        "url2": ""
      }
    },
    {
      "type": "Feature",
      "geometry": {
        "type": "Point",
        "coordinates": [
          135.7319487,
          34.6984807
        ]
      },
      "properties": {
        "内容": "バス停: 三松橋 (Nara Kotsu Bus Lines Co., Ltd.)",
        "name": "三松橋",
        "operator": "Nara Kotsu Bus Lines Co., Ltd.",
        "ref": "",
        "url": "",
        "url2": ""
      }
    },
    {
      "type": "Feature",
      "geometry": {
        "type": "Point",
        "coordinates": [
          135.7333515,
          34.700849
        ]
      },
      "properties": {
        "内容": "バス停: 三松北口 (Nara Kotsu Bus Lines Co., Ltd.)",
        "name": "三松北口",
        "operator": "Nara Kotsu Bus Lines Co., Ltd.",
        "ref": "",
        "url": "",
        "url2": ""
      }
    },
    {
      "type": "Feature",
      "geometry": {
        "type": "Point",
        "coordinates": [
          135.7354767,
          34.693979
        ]
      },
      "properties": {
        "内容": "バス停: 富雄駅 (Nara Kotsu Bus Lines Co., Ltd.)",
        "name": "富雄駅",
        "operator": "Nara Kotsu Bus Lines Co., Ltd.",
        "ref": "3",
        "url": "",
        "url2": ""
      }
    },
    {
      "type": "Feature",
      "geometry": {
        "type": "Point",
        "coordinates": [
          135.7243041,
          34.6955397
        ]
      },
      "properties": {
        "内容": "バス停: 鳥見小学校前 (Torimi Elementary School) (Nara Kotsu Bus Lines Co., Ltd.)",
        "name": "鳥見小学校前 (Torimi Elementary School)",
        "operator": "Nara Kotsu Bus Lines Co., Ltd.",
        "ref": "",
        "url": "",
        "url2": ""
      }
    },
    {
      "type": "Feature",
      "geometry": {
        "type": "Point",
        "coordinates": [
          135.7211121,
          34.6954005
        ]
      },
      "properties": {
        "内容": "バス停: 富雄団地北町 (Tomiodanchi Kitamachi) (Nara Kotsu Bus Lines Co., Ltd.)",
        "name": "富雄団地北町 (Tomiodanchi Kitamachi)",
        "operator": "Nara Kotsu Bus Lines Co., Ltd.",
        "ref": "",
        "url": "",
        "url2": ""
      }
    },
    {
      "type": "Feature",
      "geometry": {
        "type": "Point",
        "coordinates": [
          135.7209031,
          34.694179
        ]
      },
      "properties": {
        "内容": "バス停: 公団管理事務所 (Kōdankanrijimusho) (Nara Kotsu Bus Lines Co., Ltd.)",
        "name": "公団管理事務所 (Kōdankanrijimusho)",
        "operator": "Nara Kotsu Bus Lines Co., Ltd.",
        "ref": "",
        "url": "",
        "url2": ""
      }
    },
    {
      "type": "Feature",
      "geometry": {
        "type": "Point",
        "coordinates": [
          135.7229145,
          34.7192249
        ]
      },
      "properties": {
        "内容": "バス停: 真弓橋 (Nara Kotsu Bus Lines Co., Ltd.)",
        "name": "真弓橋",
        "operator": "Nara Kotsu Bus Lines Co., Ltd.",
        "ref": "",
        "url": "",
        "url2": ""
      }
    },
    {
      "type": "Feature",
      "geometry": {
        "type": "Point",
        "coordinates": [
          135.7237078,
          34.7188561
        ]
      },
      "properties": {
        "内容": "バス停: 真弓橋 (Nara Kotsu Bus Lines Co., Ltd.)",
        "name": "真弓橋",
        "operator": "Nara Kotsu Bus Lines Co., Ltd.",
        "ref": "",
        "url": "",
        "url2": ""
      }
    },
    {
      "type": "Feature",
      "geometry": {
        "type": "Point",
        "coordinates": [
          135.7201706,
          34.7237069
        ]
      },
      "properties": {
        "内容": "バス停: 掛橋 (Nara Kotsu Bus Lines Co., Ltd.)",
        "name": "掛橋",
        "operator": "Nara Kotsu Bus Lines Co., Ltd.",
        "ref": "",
        "url": "",
        "url2": ""
      }
    },
    {
      "type": "Feature",
      "geometry": {
        "type": "Point",
        "coordinates": [
          135.7236655,
          34.7168593
        ]
      },
      "properties": {
        "内容": "バス停: 生駒上町 (Nara Kotsu Bus Lines Co., Ltd.)",
        "name": "生駒上町",
        "operator": "Nara Kotsu Bus Lines Co., Ltd.",
        "ref": "",
        "url": "",
        "url2": ""
      }
    },
    {
      "type": "Feature",
      "geometry": {
        "type": "Point",
        "coordinates": [
          135.7285596,
          34.710575
        ]
      },
      "properties": {
        "内容": "バス停: 上町高樋 (Nara Kotsu Bus Lines Co., Ltd.)",
        "name": "上町高樋",
        "operator": "Nara Kotsu Bus Lines Co., Ltd.",
        "ref": "",
        "url": "",
        "url2": ""
      }
    },
    {
      "type": "Feature",
      "geometry": {
        "type": "Point",
        "coordinates": [
          135.7241135,
          34.7163325
        ]
      },
      "properties": {
        "内容": "バス停: 生駒上町 (Nara Kotsu Bus Lines Co., Ltd.)",
        "name": "生駒上町",
        "operator": "Nara Kotsu Bus Lines Co., Ltd.",
        "ref": "",
        "url": "",
        "url2": ""
      }
    },
    {
      "type": "Feature",
      "geometry": {
        "type": "Point",
        "coordinates": [
          135.7212816,
          34.7246411
        ]
      },
      "properties": {
        "内容": "バス停: 上大町 (Nara Kotsu Bus Lines Co., Ltd.)",
        "name": "上大町",
        "operator": "Nara Kotsu Bus Lines Co., Ltd.",
        "ref": "",
        "url": "",
        "url2": ""
      }
    },
    {
      "type": "Feature",
      "geometry": {
        "type": "Point",
        "coordinates": [
          135.7284472,
          34.7111923
        ]
      },
      "properties": {
        "内容": "バス停: 上町高樋 (Nara Kotsu Bus Lines Co., Ltd.)",
        "name": "上町高樋",
        "operator": "Nara Kotsu Bus Lines Co., Ltd.",
        "ref": "",
        "url": "",
        "url2": ""
      }
    },
    {
      "type": "Feature",
      "geometry": {
        "type": "Point",
        "coordinates": [
          135.7222728,
          34.7200664
        ]
      },
      "properties": {
        "内容": "バス停: 蛇喰 (Nara Kotsu Bus Lines Co., Ltd.)",
        "name": "蛇喰",
        "operator": "Nara Kotsu Bus Lines Co., Ltd.",
        "ref": "",
        "url": "",
        "url2": ""
      }
    },
    {
      "type": "Feature",
      "geometry": {
        "type": "Point",
        "coordinates": [
          135.7256473,
          34.7122489
        ]
      },
      "properties": {
        "内容": "バス停: 出垣内 (奈良交通)",
        "name": "出垣内",
        "operator": "奈良交通",
        "ref": "",
        "url": "",
        "url2": ""
      }
    },
    {
      "type": "Feature",
      "geometry": {
        "type": "Point",
        "coordinates": [
          135.7213111,
          34.724761
        ]
      },
      "properties": {
        "内容": "バス停: 上大町 (Nara Kotsu Bus Lines Co., Ltd.)",
        "name": "上大町",
        "operator": "Nara Kotsu Bus Lines Co., Ltd.",
        "ref": "",
        "url": "",
        "url2": ""
      }
    },
    {
      "type": "Feature",
      "geometry": {
        "type": "Point",
        "coordinates": [
          135.7258545,
          34.7126556
        ]
      },
      "properties": {
        "内容": "バス停: 出垣内 (奈良交通)",
        "name": "出垣内",
        "operator": "奈良交通",
        "ref": "",
        "url": "",
        "url2": ""
      }
    },
    {
      "type": "Feature",
      "geometry": {
        "type": "Point",
        "coordinates": [
          135.7229387,
          34.7199217
        ]
      },
      "properties": {
        "内容": "バス停: 蛇喰 (Nara Kotsu Bus Lines Co., Ltd.)",
        "name": "蛇喰",
        "operator": "Nara Kotsu Bus Lines Co., Ltd.",
        "ref": "",
        "url": "",
        "url2": ""
      }
    },
    {
      "type": "Feature",
      "geometry": {
        "type": "Point",
        "coordinates": [
          135.7206883,
          34.723621
        ]
      },
      "properties": {
        "内容": "バス停: 掛橋 (Nara Kotsu Bus Lines Co., Ltd.)",
        "name": "掛橋",
        "operator": "Nara Kotsu Bus Lines Co., Ltd.",
        "ref": "",
        "url": "",
        "url2": ""
      }
    },
    {
      "type": "Feature",
      "geometry": {
        "type": "Point",
        "coordinates": [
          135.7097646,
          34.6911506
        ]
      },
      "properties": {
        "内容": "バス停: 東生駒駅 (Nara Kotsu Bus Lines Co., Ltd.)",
        "name": "東生駒駅",
        "operator": "Nara Kotsu Bus Lines Co., Ltd.",
        "ref": "1",
        "url": "",
        "url2": ""
      }
    },
    {
      "type": "Feature",
      "geometry": {
        "type": "Point",
        "coordinates": [
          135.7167637,
          34.682012
        ]
      },
      "properties": {
        "内容": "バス停: 東生駒三丁目 (Nara Kotsu Bus Lines Co., Ltd.)",
        "name": "東生駒三丁目",
        "operator": "Nara Kotsu Bus Lines Co., Ltd.",
        "ref": "",
        "url": "",
        "url2": ""
      }
    },
    {
      "type": "Feature",
      "geometry": {
        "type": "Point",
        "coordinates": [
          135.7155622,
          34.6870243
        ]
      },
      "properties": {
        "内容": "バス停: 東生駒 一丁目 (Nara Kotsu Bus Line Co., Ltd.)",
        "name": "東生駒 一丁目",
        "operator": "Nara Kotsu Bus Line Co., Ltd.",
        "ref": "",
        "url": "",
        "url2": ""
      }
    },
    {
      "type": "Feature",
      "geometry": {
        "type": "Point",
        "coordinates": [
          135.7157043,
          34.68702
        ]
      },
      "properties": {
        "内容": "バス停: 東生駒 一丁目 (Nara Kotsu Bus Lines Co., Ltd.)",
        "name": "東生駒 一丁目",
        "operator": "Nara Kotsu Bus Lines Co., Ltd.",
        "ref": "",
        "url": "",
        "url2": ""
      }
    },
    {
      "type": "Feature",
      "geometry": {
        "type": "Point",
        "coordinates": [
          135.7159752,
          34.6845719
        ]
      },
      "properties": {
        "内容": "バス停: 東生駒二丁目 (Nara Kotsu Bus Lines Co., Ltd.)",
        "name": "東生駒二丁目",
        "operator": "Nara Kotsu Bus Lines Co., Ltd.",
        "ref": "",
        "url": "",
        "url2": ""
      }
    },
    {
      "type": "Feature",
      "geometry": {
        "type": "Point",
        "coordinates": [
          135.7157498,
          34.6850954
        ]
      },
      "properties": {
        "内容": "バス停: 東生駒二丁目 (Nara Kotsu Bus Lines Co., Ltd.)",
        "name": "東生駒二丁目",
        "operator": "Nara Kotsu Bus Lines Co., Ltd.",
        "ref": "",
        "url": "",
        "url2": ""
      }
    },
    {
      "type": "Feature",
      "geometry": {
        "type": "Point",
        "coordinates": [
          135.7187325,
          34.686268
        ]
      },
      "properties": {
        "内容": "バス停: 東生駒一丁目東 (Nara Kotsu Bus Lines Co., Ltd.)",
        "name": "東生駒一丁目東",
        "operator": "Nara Kotsu Bus Lines Co., Ltd.",
        "ref": "",
        "url": "",
        "url2": ""
      }
    },
    {
      "type": "Feature",
      "geometry": {
        "type": "Point",
        "coordinates": [
          135.7385058,
          34.6820596
        ]
      },
      "properties": {
        "内容": "バス停: 帝塚山南一丁目 (Nara Kotsu Bus Lines Co., Ltd.)",
        "name": "帝塚山南一丁目",
        "operator": "Nara Kotsu Bus Lines Co., Ltd.",
        "ref": "",
        "url": "",
        "url2": ""
      }
    },
    {
      "type": "Feature",
      "geometry": {
        "type": "Point",
        "coordinates": [
          135.7301806,
          34.6781269
        ]
      },
      "properties": {
        "内容": "バス停: 帝塚山南二丁目 (Nara Kotsu Bus Lines Co., Ltd.)",
        "name": "帝塚山南二丁目",
        "operator": "Nara Kotsu Bus Lines Co., Ltd.",
        "ref": "",
        "url": "",
        "url2": ""
      }
    },
    {
      "type": "Feature",
      "geometry": {
        "type": "Point",
        "coordinates": [
          135.7352525,
          34.6890555
        ]
      },
      "properties": {
        "内容": "バス停: 富雄中学校 (Nara Kotsu Bus Lines Co., Ltd.)",
        "name": "富雄中学校",
        "operator": "Nara Kotsu Bus Lines Co., Ltd.",
        "ref": "",
        "url": "",
        "url2": ""
      }
    },
    {
      "type": "Feature",
      "geometry": {
        "type": "Point",
        "coordinates": [
          135.7367624,
          34.6856746
        ]
      },
      "properties": {
        "内容": "バス停: 三碓 (Nara Kotsu Bus Lines Co., Ltd.)",
        "name": "三碓",
        "operator": "Nara Kotsu Bus Lines Co., Ltd.",
        "ref": "",
        "url": "",
        "url2": ""
      }
    },
    {
      "type": "Feature",
      "geometry": {
        "type": "Point",
        "coordinates": [
          135.7318795,
          34.7338595
        ]
      },
      "properties": {
        "内容": "バス停: サイエンスプラザ (Science Plaza) (Nara Kotsu Bus Lines Co., Ltd.)",
        "name": "サイエンスプラザ (Science Plaza)",
        "operator": "Nara Kotsu Bus Lines Co., Ltd.",
        "ref": "",
        "url": "",
        "url2": ""
      }
    },
    {
      "type": "Feature",
      "geometry": {
        "type": "Point",
        "coordinates": [
          135.7250568,
          34.7244914
        ]
      },
      "properties": {
        "内容": "バス停: 北大和一丁目 (Kitayamato 1-chōme) (Nara Kotsu Bus Lines Co., Ltd.)",
        "name": "北大和一丁目 (Kitayamato 1-chōme)",
        "operator": "Nara Kotsu Bus Lines Co., Ltd.",
        "ref": "",
        "url": "",
        "url2": ""
      }
    },
    {
      "type": "Feature",
      "geometry": {
        "type": "Point",
        "coordinates": [
          135.7249084,
          34.7244468
        ]
      },
      "properties": {
        "内容": "バス停: 北大和一丁目 (Kitayamato 1-chōme) (Nara Kotsu Bus Lines Co., Ltd.)",
        "name": "北大和一丁目 (Kitayamato 1-chōme)",
        "operator": "Nara Kotsu Bus Lines Co., Ltd.",
        "ref": "",
        "url": "",
        "url2": ""
      }
    },
    {
      "type": "Feature",
      "geometry": {
        "type": "Point",
        "coordinates": [
          135.7316354,
          34.731631
        ]
      },
      "properties": {
        "内容": "バス停: 奈良先端科学技術大学院大学 (Nara Kotsu Bus Lines Co., Ltd.)",
        "name": "奈良先端科学技術大学院大学",
        "operator": "Nara Kotsu Bus Lines Co., Ltd.",
        "ref": "",
        "url": "",
        "url2": ""
      }
    },
    {
      "type": "Feature",
      "geometry": {
        "type": "Point",
        "coordinates": [
          135.7320096,
          34.7337857
        ]
      },
      "properties": {
        "内容": "バス停: サイエンスプラザ (Science Plaza) (Nara Kotsu Bus Lines Co., Ltd.)",
        "name": "サイエンスプラザ (Science Plaza)",
        "operator": "Nara Kotsu Bus Lines Co., Ltd.",
        "ref": "",
        "url": "",
        "url2": ""
      }
    },
    {
      "type": "Feature",
      "geometry": {
        "type": "Point",
        "coordinates": [
          135.7316326,
          34.7325277
        ]
      },
      "properties": {
        "内容": "バス停: 奈良先端科学技術大学院大学 (Nara Kotsu Bus Lines Co., Ltd.)",
        "name": "奈良先端科学技術大学院大学",
        "operator": "Nara Kotsu Bus Lines Co., Ltd.",
        "ref": "",
        "url": "",
        "url2": ""
      }
    },
    {
      "type": "Feature",
      "geometry": {
        "type": "Point",
        "coordinates": [
          135.7330033,
          34.7362511
        ]
      },
      "properties": {
        "内容": "バス停: 高山サイエンスタウン (Nara Kotsu Bus Lines Co., Ltd.)",
        "name": "高山サイエンスタウン",
        "operator": "Nara Kotsu Bus Lines Co., Ltd.",
        "ref": "",
        "url": "",
        "url2": ""
      }
    },
    {
      "type": "Feature",
      "geometry": {
        "type": "Point",
        "coordinates": [
          135.7321197,
          34.7266495
        ]
      },
      "properties": {
        "内容": "バス停: 北大和二丁目 (Kitayamato 2-chōme) (Nara Kotsu Bus Lines Co., Ltd.)",
        "name": "北大和二丁目 (Kitayamato 2-chōme)",
        "operator": "Nara Kotsu Bus Lines Co., Ltd.",
        "ref": "",
        "url": "",
        "url2": ""
      }
    },
    {
      "type": "Feature",
      "geometry": {
        "type": "Point",
        "coordinates": [
          135.7277326,
          34.7280792
        ]
      },
      "properties": {
        "内容": "バス停: 北大和四丁目 (Kitayamato 4-chōme) (Nara Kotsu Bus Lines Co., Ltd.)",
        "name": "北大和四丁目 (Kitayamato 4-chōme)",
        "operator": "Nara Kotsu Bus Lines Co., Ltd.",
        "ref": "",
        "url": "",
        "url2": ""
      }
    },
    {
      "type": "Feature",
      "geometry": {
        "type": "Point",
        "coordinates": [
          135.7348261,
          34.7251703
        ]
      },
      "properties": {
        "内容": "バス停: 北大和五丁目 (Kitayamato 5-chōme) (Nara Kotsu Bus Lines Co., Ltd.)",
        "name": "北大和五丁目 (Kitayamato 5-chōme)",
        "operator": "Nara Kotsu Bus Lines Co., Ltd.",
        "ref": "",
        "url": "",
        "url2": ""
      }
    },
    {
      "type": "Feature",
      "geometry": {
        "type": "Point",
        "coordinates": [
          135.7272547,
          34.7255043
        ]
      },
      "properties": {
        "内容": "バス停: 四季の森公園 (Shikino-mori Kōen) (Nara Kotsu Bus Lines Co., Ltd.)",
        "name": "四季の森公園 (Shikino-mori Kōen)",
        "operator": "Nara Kotsu Bus Lines Co., Ltd.",
        "ref": "",
        "url": "",
        "url2": ""
      }
    },
    {
      "type": "Feature",
      "geometry": {
        "type": "Point",
        "coordinates": [
          135.7262624,
          34.7253935
        ]
      },
      "properties": {
        "内容": "バス停: 四季の森公園 (Shikino-mori Kōen) (Nara Kotsu Bus Lines Co., Ltd.)",
        "name": "四季の森公園 (Shikino-mori Kōen)",
        "operator": "Nara Kotsu Bus Lines Co., Ltd.",
        "ref": "",
        "url": "",
        "url2": ""
      }
    },
    {
      "type": "Feature",
      "geometry": {
        "type": "Point",
        "coordinates": [
          135.7339946,
          34.7256464
        ]
      },
      "properties": {
        "内容": "バス停: 北大和五丁目 (Kitayamato 5-chōme) (Nara Kotsu Bus Lines Co., Ltd.)",
        "name": "北大和五丁目 (Kitayamato 5-chōme)",
        "operator": "Nara Kotsu Bus Lines Co., Ltd.",
        "ref": "",
        "url": "",
        "url2": ""
      }
    },
    {
      "type": "Feature",
      "geometry": {
        "type": "Point",
        "coordinates": [
          135.7311512,
          34.7265545
        ]
      },
      "properties": {
        "内容": "バス停: 北大和二丁目 (Kitayamato 2-chōme) (Nara Kotsu Bus Lines Co., Ltd.)",
        "name": "北大和二丁目 (Kitayamato 2-chōme)",
        "operator": "Nara Kotsu Bus Lines Co., Ltd.",
        "ref": "",
        "url": "",
        "url2": ""
      }
    },
    {
      "type": "Feature",
      "geometry": {
        "type": "Point",
        "coordinates": [
          135.7282279,
          34.7273483
        ]
      },
      "properties": {
        "内容": "バス停: 北大和四丁目 (Kitayamato 4-chōme) (Nara Kotsu Bus Lines Co., Ltd.)",
        "name": "北大和四丁目 (Kitayamato 4-chōme)",
        "operator": "Nara Kotsu Bus Lines Co., Ltd.",
        "ref": "",
        "url": "",
        "url2": ""
      }
    },
    {
      "type": "Feature",
      "geometry": {
        "type": "Point",
        "coordinates": [
          135.7234695,
          34.7243579
        ]
      },
      "properties": {
        "内容": "バス停: 学研北生駒駅",
        "name": "学研北生駒駅",
        "operator": "事業者不明",
        "ref": "",
        "url": "",
        "url2": ""
      }
    },
    {
      "type": "Feature",
      "geometry": {
        "type": "Point",
        "coordinates": [
          135.7290505,
          34.726657
        ]
      },
      "properties": {
        "内容": "バス停: 地区センター (Chiku Center) (Nara Kotsu Bus Lines Co., Ltd.)",
        "name": "地区センター (Chiku Center)",
        "operator": "Nara Kotsu Bus Lines Co., Ltd.",
        "ref": "",
        "url": "",
        "url2": ""
      }
    },
    {
      "type": "Feature",
      "geometry": {
        "type": "Point",
        "coordinates": [
          135.7283073,
          34.725993
        ]
      },
      "properties": {
        "内容": "バス停: 地区センター (Chiku Center) (Nara Kotsu Bus Lines Co., Ltd.)",
        "name": "地区センター (Chiku Center)",
        "operator": "Nara Kotsu Bus Lines Co., Ltd.",
        "ref": "",
        "url": "",
        "url2": ""
      }
    },
    {
      "type": "Feature",
      "geometry": {
        "type": "Point",
        "coordinates": [
          135.7380011,
          34.7135674
        ]
      },
      "properties": {
        "内容": "バス停: 西登美ヶ丘五丁目 (Nishitomigaoka 5-chōme) (Nara Kotsu Bus Lines Co., Ltd.)",
        "name": "西登美ヶ丘五丁目 (Nishitomigaoka 5-chōme)",
        "operator": "Nara Kotsu Bus Lines Co., Ltd.",
        "ref": "",
        "url": "",
        "url2": ""
      }
    },
    {
      "type": "Feature",
      "geometry": {
        "type": "Point",
        "coordinates": [
          135.7184058,
          34.6792566
        ]
      },
      "properties": {
        "内容": "バス停: 東生駒四丁目 (Nara Kotsu Bus Lines Co., Ltd.)",
        "name": "東生駒四丁目",
        "operator": "Nara Kotsu Bus Lines Co., Ltd.",
        "ref": "",
        "url": "",
        "url2": ""
      }
    },
    {
      "type": "Feature",
      "geometry": {
        "type": "Point",
        "coordinates": [
          135.7187585,
          34.6788245
        ]
      },
      "properties": {
        "内容": "バス停: 東生駒四丁目 (Nara Kotsu Bus Lines Co., Ltd.)",
        "name": "東生駒四丁目",
        "operator": "Nara Kotsu Bus Lines Co., Ltd.",
        "ref": "",
        "url": "",
        "url2": ""
      }
    },
    {
      "type": "Feature",
      "geometry": {
        "type": "Point",
        "coordinates": [
          135.7897618,
          34.6843934
        ]
      },
      "properties": {
        "内容": "バス停: 二条大路南五丁目 (Nara Kotsu Bus Lines Co., Ltd.)",
        "name": "二条大路南五丁目",
        "operator": "Nara Kotsu Bus Lines Co., Ltd.",
        "ref": "",
        "url": "",
        "url2": ""
      }
    },
    {
      "type": "Feature",
      "geometry": {
        "type": "Point",
        "coordinates": [
          135.789786,
          34.684261
        ]
      },
      "properties": {
        "内容": "バス停: 二条大路南五丁目 (Nara Kotsu Bus Lines Co., Ltd.)",
        "name": "二条大路南五丁目",
        "operator": "Nara Kotsu Bus Lines Co., Ltd.",
        "ref": "",
        "url": "",
        "url2": ""
      }
    },
    {
      "type": "Feature",
      "geometry": {
        "type": "Point",
        "coordinates": [
          135.7994151,
          34.68425
        ]
      },
      "properties": {
        "内容": "バス停: 二条大路南一丁目 (Nara Kotsu Bus Lines Co., Ltd.)",
        "name": "二条大路南一丁目",
        "operator": "Nara Kotsu Bus Lines Co., Ltd.",
        "ref": "",
        "url": "",
        "url2": ""
      }
    },
    {
      "type": "Feature",
      "geometry": {
        "type": "Point",
        "coordinates": [
          135.7932594,
          34.684336
        ]
      },
      "properties": {
        "内容": "バス停: 朱雀門ひろば前 (奈良交通)",
        "name": "朱雀門ひろば前",
        "operator": "奈良交通",
        "ref": "",
        "url": "",
        "url2": ""
      }
    },
    {
      "type": "Feature",
      "geometry": {
        "type": "Point",
        "coordinates": [
          135.7943672,
          34.6844728
        ]
      },
      "properties": {
        "内容": "バス停: 朱雀門ひろば前 (奈良交通)",
        "name": "朱雀門ひろば前",
        "operator": "奈良交通",
        "ref": "",
        "url": "",
        "url2": ""
      }
    },
    {
      "type": "Feature",
      "geometry": {
        "type": "Point",
        "coordinates": [
          135.7965022,
          34.6842169
        ]
      },
      "properties": {
        "内容": "バス停: 二条大路南二丁目 (Nara Kotsu Bus Lines Co., Ltd.)",
        "name": "二条大路南二丁目",
        "operator": "Nara Kotsu Bus Lines Co., Ltd.",
        "ref": "",
        "url": "",
        "url2": ""
      }
    },
    {
      "type": "Feature",
      "geometry": {
        "type": "Point",
        "coordinates": [
          135.8005524,
          34.6839545
        ]
      },
      "properties": {
        "内容": "バス停: 二条大路南一丁目 (Nara Kotsu Bus Lines Co., Ltd.)",
        "name": "二条大路南一丁目",
        "operator": "Nara Kotsu Bus Lines Co., Ltd.",
        "ref": "",
        "url": "",
        "url2": ""
      }
    },
    {
      "type": "Feature",
      "geometry": {
        "type": "Point",
        "coordinates": [
          135.80118,
          34.6867291
        ]
      },
      "properties": {
        "内容": "バス停: 二条大路南一丁目 (Nijō-ōji Minami 1-chōme) (Nara Kotsu Bus Lines Co., Ltd.)",
        "name": "二条大路南一丁目 (Nijō-ōji Minami 1-chōme)",
        "operator": "Nara Kotsu Bus Lines Co., Ltd.",
        "ref": "",
        "url": "",
        "url2": ""
      }
    },
    {
      "type": "Feature",
      "geometry": {
        "type": "Point",
        "coordinates": [
          135.8017162,
          34.6844597
        ]
      },
      "properties": {
        "内容": "バス停: 宮跡庭園 (奈良交通)",
        "name": "宮跡庭園",
        "operator": "奈良交通",
        "ref": "",
        "url": "",
        "url2": ""
      }
    },
    {
      "type": "Feature",
      "geometry": {
        "type": "Point",
        "coordinates": [
          135.802769,
          34.6842755
        ]
      },
      "properties": {
        "内容": "バス停: 宮跡庭園 (奈良交通)",
        "name": "宮跡庭園",
        "operator": "奈良交通",
        "ref": "",
        "url": "",
        "url2": ""
      }
    },
    {
      "type": "Feature",
      "geometry": {
        "type": "Point",
        "coordinates": [
          135.806965,
          34.6853317
        ]
      },
      "properties": {
        "内容": "バス停: 奈良市庁東口 (エヌシーバス)",
        "name": "奈良市庁東口",
        "operator": "エヌシーバス",
        "ref": "",
        "url": "",
        "url2": ""
      }
    },
    {
      "type": "Feature",
      "geometry": {
        "type": "Point",
        "coordinates": [
          135.8114761,
          34.6855659
        ]
      },
      "properties": {
        "内容": "バス停: 新大宮駅北口 (奈良交通)",
        "name": "新大宮駅北口",
        "operator": "奈良交通",
        "ref": "",
        "url": "",
        "url2": ""
      }
    },
    {
      "type": "Feature",
      "geometry": {
        "type": "Point",
        "coordinates": [
          135.811588,
          34.68513
        ]
      },
      "properties": {
        "内容": "バス停: 新大宮駅前 (奈良交通)",
        "name": "新大宮駅前",
        "operator": "奈良交通",
        "ref": "",
        "url": "",
        "url2": ""
      }
    },
    {
      "type": "Feature",
      "geometry": {
        "type": "Point",
        "coordinates": [
          135.8044407,
          34.6844499
        ]
      },
      "properties": {
        "内容": "バス停: 奈良市庁前 (奈良交通)",
        "name": "奈良市庁前",
        "operator": "奈良交通",
        "ref": "",
        "url": "",
        "url2": ""
      }
    },
    {
      "type": "Feature",
      "geometry": {
        "type": "Point",
        "coordinates": [
          135.804902,
          34.6842282
        ]
      },
      "properties": {
        "内容": "バス停: 奈良市庁前 (奈良交通)",
        "name": "奈良市庁前",
        "operator": "奈良交通",
        "ref": "",
        "url": "",
        "url2": ""
      }
    },
    {
      "type": "Feature",
      "geometry": {
        "type": "Point",
        "coordinates": [
          135.8057201,
          34.6875972
        ]
      },
      "properties": {
        "内容": "バス停: 奈良ロイヤルホテル (Nippon Chuo Bus Co., Ltd.)",
        "name": "奈良ロイヤルホテル",
        "operator": "Nippon Chuo Bus Co., Ltd.",
        "ref": "",
        "url": "",
        "url2": ""
      }
    },
    {
      "type": "Feature",
      "geometry": {
        "type": "Point",
        "coordinates": [
          135.8102308,
          34.6843073
        ]
      },
      "properties": {
        "内容": "バス停: 新大宮駅 (奈良交通)",
        "name": "新大宮駅",
        "operator": "奈良交通",
        "ref": "",
        "url": "",
        "url2": ""
      }
    },
    {
      "type": "Feature",
      "geometry": {
        "type": "Point",
        "coordinates": [
          135.809123,
          34.6854785
        ]
      },
      "properties": {
        "内容": "バス停: 大宮町六丁目 (エヌシーバス)",
        "name": "大宮町六丁目",
        "operator": "エヌシーバス",
        "ref": "",
        "url": "",
        "url2": ""
      }
    },
    {
      "type": "Feature",
      "geometry": {
        "type": "Point",
        "coordinates": [
          135.8229501,
          34.7079035
        ]
      },
      "properties": {
        "内容": "バス停: 高の原ゴルフセンター前 (Takanohara Golf Center mae) (Nara Kotsu Bus Lines Co., Ltd.)",
        "name": "高の原ゴルフセンター前 (Takanohara Golf Center mae)",
        "operator": "Nara Kotsu Bus Lines Co., Ltd.",
        "ref": "",
        "url": "",
        "url2": ""
      }
    },
    {
      "type": "Feature",
      "geometry": {
        "type": "Point",
        "coordinates": [
          135.8248136,
          34.7078004
        ]
      },
      "properties": {
        "内容": "バス停: 高の原ゴルフセンター前 (Takanohara Golf Center mae) (Nara Kotsu Bus Lines Co., Ltd.)",
        "name": "高の原ゴルフセンター前 (Takanohara Golf Center mae)",
        "operator": "Nara Kotsu Bus Lines Co., Ltd.",
        "ref": "",
        "url": "",
        "url2": ""
      }
    },
    {
      "type": "Feature",
      "geometry": {
        "type": "Point",
        "coordinates": [
          135.7189305,
          34.6764879
        ]
      },
      "properties": {
        "内容": "バス停: さつき台一丁目 (Nara Kotsu Bus Lines Co., Ltd.)",
        "name": "さつき台一丁目",
        "operator": "Nara Kotsu Bus Lines Co., Ltd.",
        "ref": "",
        "url": "",
        "url2": ""
      }
    },
    {
      "type": "Feature",
      "geometry": {
        "type": "Point",
        "coordinates": [
          135.7188174,
          34.6768389
        ]
      },
      "properties": {
        "内容": "バス停: さつき台一丁目 (Nara Kotsu Bus Lines Co., Ltd.)",
        "name": "さつき台一丁目",
        "operator": "Nara Kotsu Bus Lines Co., Ltd.",
        "ref": "",
        "url": "",
        "url2": ""
      }
    },
    {
      "type": "Feature",
      "geometry": {
        "type": "Point",
        "coordinates": [
          135.7187446,
          34.6742988
        ]
      },
      "properties": {
        "内容": "バス停: さつき台住宅 (Nara Kotsu Bus Lines Co., Ltd.)",
        "name": "さつき台住宅",
        "operator": "Nara Kotsu Bus Lines Co., Ltd.",
        "ref": "",
        "url": "",
        "url2": ""
      }
    },
    {
      "type": "Feature",
      "geometry": {
        "type": "Point",
        "coordinates": [
          135.7188868,
          34.6744241
        ]
      },
      "properties": {
        "内容": "バス停: さつき台住宅 (Nara Kotsu Bus Lines Co., Ltd.)",
        "name": "さつき台住宅",
        "operator": "Nara Kotsu Bus Lines Co., Ltd.",
        "ref": "",
        "url": "",
        "url2": ""
      }
    },
    {
      "type": "Feature",
      "geometry": {
        "type": "Point",
        "coordinates": [
          135.7168664,
          34.6699243
        ]
      },
      "properties": {
        "内容": "バス停: 壱分 (Nara Kotsu Bus Lines Co., Ltd.)",
        "name": "壱分",
        "operator": "Nara Kotsu Bus Lines Co., Ltd.",
        "ref": "",
        "url": "",
        "url2": ""
      }
    },
    {
      "type": "Feature",
      "geometry": {
        "type": "Point",
        "coordinates": [
          135.7170115,
          34.6699524
        ]
      },
      "properties": {
        "内容": "バス停: 壱分 (Nara Kotsu Bus Lines Co., Ltd.)",
        "name": "壱分",
        "operator": "Nara Kotsu Bus Lines Co., Ltd.",
        "ref": "",
        "url": "",
        "url2": ""
      }
    },
    {
      "type": "Feature",
      "geometry": {
        "type": "Point",
        "coordinates": [
          135.7002092,
          34.691714
        ]
      },
      "properties": {
        "内容": "バス停: 生駒市役所 (Ikoma City)",
        "name": "生駒市役所",
        "operator": "Ikoma City",
        "ref": "",
        "url": "",
        "url2": ""
      }
    },
    {
      "type": "Feature",
      "geometry": {
        "type": "Point",
        "coordinates": [
          135.7003257,
          34.6915506
        ]
      },
      "properties": {
        "内容": "バス停: 生駒市役所 (Ikoma CIty)",
        "name": "生駒市役所",
        "operator": "Ikoma CIty",
        "ref": "",
        "url": "",
        "url2": ""
      }
    },
    {
      "type": "Feature",
      "geometry": {
        "type": "Point",
        "coordinates": [
          135.8142226,
          34.6844602
        ]
      },
      "properties": {
        "内容": "バス停: 大宮町五丁目 (Nara Kotsu Bus Lines Co., Ltd.)",
        "name": "大宮町五丁目",
        "operator": "Nara Kotsu Bus Lines Co., Ltd.",
        "ref": "",
        "url": "",
        "url2": ""
      }
    },
    {
      "type": "Feature",
      "geometry": {
        "type": "Point",
        "coordinates": [
          135.814133,
          34.6843226
        ]
      },
      "properties": {
        "内容": "バス停: 大宮町五丁目 (Nara Kotsu Bus Lines Co., Ltd.)",
        "name": "大宮町五丁目",
        "operator": "Nara Kotsu Bus Lines Co., Ltd.",
        "ref": "",
        "url": "",
        "url2": ""
      }
    },
    {
      "type": "Feature",
      "geometry": {
        "type": "Point",
        "coordinates": [
          135.8168554,
          34.6844748
        ]
      },
      "properties": {
        "内容": "バス停: 大宮町 一丁目 (Nara Kotsu Bus Lines Co., Ltd.)",
        "name": "大宮町 一丁目",
        "operator": "Nara Kotsu Bus Lines Co., Ltd.",
        "ref": "",
        "url": "",
        "url2": ""
      }
    },
    {
      "type": "Feature",
      "geometry": {
        "type": "Point",
        "coordinates": [
          135.8178246,
          34.6843439
        ]
      },
      "properties": {
        "内容": "バス停: 大宮町 一丁目 (Nara Kotsu Bus Lines Co., Ltd.)",
        "name": "大宮町 一丁目",
        "operator": "Nara Kotsu Bus Lines Co., Ltd.",
        "ref": "",
        "url": "",
        "url2": ""
      }
    },
    {
      "type": "Feature",
      "geometry": {
        "type": "Point",
        "coordinates": [
          135.8180475,
          34.6808797
        ]
      },
      "properties": {
        "内容": "バス停: JR奈良駅西口 (Nara Kotsu Bus Lines Co., Ltd.)",
        "name": "JR奈良駅西口",
        "operator": "Nara Kotsu Bus Lines Co., Ltd.",
        "ref": "5",
        "url": "",
        "url2": ""
      }
    },
    {
      "type": "Feature",
      "geometry": {
        "type": "Point",
        "coordinates": [
          135.8256977,
          34.6841657
        ]
      },
      "properties": {
        "内容": "バス停: 近鉄奈良駅 (Nara Kotsu Bus Lines Co., Ltd.)",
        "name": "近鉄奈良駅",
        "operator": "Nara Kotsu Bus Lines Co., Ltd.",
        "ref": "14",
        "url": "",
        "url2": ""
      }
    },
    {
      "type": "Feature",
      "geometry": {
        "type": "Point",
        "coordinates": [
          135.8264273,
          34.6841768
        ]
      },
      "properties": {
        "内容": "バス停: 近鉄奈良駅12 (Nara Kotsu Bus Lines Co., Ltd.)",
        "name": "近鉄奈良駅12",
        "operator": "Nara Kotsu Bus Lines Co., Ltd.",
        "ref": "12",
        "url": "",
        "url2": ""
      }
    },
    {
      "type": "Feature",
      "geometry": {
        "type": "Point",
        "coordinates": [
          135.8274143,
          34.6841966
        ]
      },
      "properties": {
        "内容": "バス停: 近鉄奈良駅8 (Nara Kotsu Bus Lines Co., Ltd.)",
        "name": "近鉄奈良駅8",
        "operator": "Nara Kotsu Bus Lines Co., Ltd.",
        "ref": "8",
        "url": "",
        "url2": ""
      }
    },
    {
      "type": "Feature",
      "geometry": {
        "type": "Point",
        "coordinates": [
          135.8281412,
          34.6844392
        ]
      },
      "properties": {
        "内容": "バス停: 近鉄奈良駅20 (Nara Kotsu Bus Lines Co., Ltd.)",
        "name": "近鉄奈良駅20",
        "operator": "Nara Kotsu Bus Lines Co., Ltd.",
        "ref": "20",
        "url": "",
        "url2": ""
      }
    },
    {
      "type": "Feature",
      "geometry": {
        "type": "Point",
        "coordinates": [
          135.8271837,
          34.6841834
        ]
      },
      "properties": {
        "内容": "バス停: 近鉄奈良駅9 (Nara Kotsu Bus Lines Co., Ltd.)",
        "name": "近鉄奈良駅9",
        "operator": "Nara Kotsu Bus Lines Co., Ltd.",
        "ref": "9",
        "url": "",
        "url2": ""
      }
    },
    {
      "type": "Feature",
      "geometry": {
        "type": "Point",
        "coordinates": [
          135.8220968,
          34.6844392
        ]
      },
      "properties": {
        "内容": "バス停: 油阪船橋商店街 (奈良交通)",
        "name": "油阪船橋商店街",
        "operator": "奈良交通",
        "ref": "1",
        "url": "",
        "url2": ""
      }
    },
    {
      "type": "Feature",
      "geometry": {
        "type": "Point",
        "coordinates": [
          135.8214907,
          34.6844554
        ]
      },
      "properties": {
        "内容": "バス停: 油阪船橋商店街 (奈良交通)",
        "name": "油阪船橋商店街",
        "operator": "奈良交通",
        "ref": "2",
        "url": "",
        "url2": ""
      }
    },
    {
      "type": "Feature",
      "geometry": {
        "type": "Point",
        "coordinates": [
          135.8266794,
          34.6841724
        ]
      },
      "properties": {
        "内容": "バス停: 近鉄奈良駅10,11 (Nara Kotsu Bus Lines Co., Ltd.)",
        "name": "近鉄奈良駅10,11",
        "operator": "Nara Kotsu Bus Lines Co., Ltd.",
        "ref": "10 / 11",
        "url": "",
        "url2": ""
      }
    },
    {
      "type": "Feature",
      "geometry": {
        "type": "Point",
        "coordinates": [
          135.8209824,
          34.6838239
        ]
      },
      "properties": {
        "内容": "バス停: 油阪船橋商店街 (奈良交通)",
        "name": "油阪船橋商店街",
        "operator": "奈良交通",
        "ref": "3",
        "url": "",
        "url2": ""
      }
    },
    {
      "type": "Feature",
      "geometry": {
        "type": "Point",
        "coordinates": [
          135.8198318,
          34.6844878
        ]
      },
      "properties": {
        "内容": "バス停: 油阪船橋商店街 (奈良交通)",
        "name": "油阪船橋商店街",
        "operator": "奈良交通",
        "ref": "4",
        "url": "",
        "url2": ""
      }
    },
    {
      "type": "Feature",
      "geometry": {
        "type": "Point",
        "coordinates": [
          135.8283467,
          34.6994974
        ]
      },
      "properties": {
        "内容": "バス停: ドリームランド (Dream Land) (Nara Kotsu Bus Lines Co., Ltd.)",
        "name": "ドリームランド (Dream Land)",
        "operator": "Nara Kotsu Bus Lines Co., Ltd.",
        "ref": "",
        "url": "",
        "url2": ""
      }
    },
    {
      "type": "Feature",
      "geometry": {
        "type": "Point",
        "coordinates": [
          135.8257045,
          34.695021
        ]
      },
      "properties": {
        "内容": "バス停: 鴻池 (Kōnoike) (Nara Kotsu Bus Lines Co., Ltd.)",
        "name": "鴻池 (Kōnoike)",
        "operator": "Nara Kotsu Bus Lines Co., Ltd.",
        "ref": "",
        "url": "",
        "url2": ""
      }
    },
    {
      "type": "Feature",
      "geometry": {
        "type": "Point",
        "coordinates": [
          135.8268622,
          34.6971396
        ]
      },
      "properties": {
        "内容": "バス停: 市営球場 (Shiei Kyūjō) (Nara Kotsu Bus Lines Co., Ltd.)",
        "name": "市営球場 (Shiei Kyūjō)",
        "operator": "Nara Kotsu Bus Lines Co., Ltd.",
        "ref": "",
        "url": "",
        "url2": ""
      }
    },
    {
      "type": "Feature",
      "geometry": {
        "type": "Point",
        "coordinates": [
          135.8261541,
          34.6889423
        ]
      },
      "properties": {
        "内容": "バス停: 佐保橋 (Sahobashi) (Nara Kotsu Bus Lines Co., Ltd.)",
        "name": "佐保橋 (Sahobashi)",
        "operator": "Nara Kotsu Bus Lines Co., Ltd.",
        "ref": "",
        "url": "",
        "url2": ""
      }
    },
    {
      "type": "Feature",
      "geometry": {
        "type": "Point",
        "coordinates": [
          135.8259825,
          34.6889908
        ]
      },
      "properties": {
        "内容": "バス停: 佐保橋 (Sahobashi) (Nara Kotsu Bus Lines Co., Ltd.)",
        "name": "佐保橋 (Sahobashi)",
        "operator": "Nara Kotsu Bus Lines Co., Ltd.",
        "ref": "",
        "url": "",
        "url2": ""
      }
    },
    {
      "type": "Feature",
      "geometry": {
        "type": "Point",
        "coordinates": [
          135.8260224,
          34.6960839
        ]
      },
      "properties": {
        "内容": "バス停: 市営球場 (Shiei Kyūjō) (Nara Kotsu Bus Lines Co., Ltd.)",
        "name": "市営球場 (Shiei Kyūjō)",
        "operator": "Nara Kotsu Bus Lines Co., Ltd.",
        "ref": "",
        "url": "",
        "url2": ""
      }
    },
    {
      "type": "Feature",
      "geometry": {
        "type": "Point",
        "coordinates": [
          135.8258833,
          34.6949785
        ]
      },
      "properties": {
        "内容": "バス停: 鴻池 (Kōnoike) (Nara Kotsu Bus Lines Co., Ltd.)",
        "name": "鴻池 (Kōnoike)",
        "operator": "Nara Kotsu Bus Lines Co., Ltd.",
        "ref": "",
        "url": "",
        "url2": ""
      }
    },
    {
      "type": "Feature",
      "geometry": {
        "type": "Point",
        "coordinates": [
          135.7459263,
          34.690827
        ]
      },
      "properties": {
        "内容": "バス停: 学園中三丁目 (Gakuen-naka 3-chōme) (Nara Kotsu Bus Lines Co., Ltd.)",
        "name": "学園中三丁目 (Gakuen-naka 3-chōme)",
        "operator": "Nara Kotsu Bus Lines Co., Ltd.",
        "ref": "",
        "url": "",
        "url2": ""
      }
    },
    {
      "type": "Feature",
      "geometry": {
        "type": "Point",
        "coordinates": [
          135.7458866,
          34.6909226
        ]
      },
      "properties": {
        "内容": "バス停: 学園中三丁目 (Gakuen-naka 3-chōme) (Nara Kotsu Bus Lines Co., Ltd.)",
        "name": "学園中三丁目 (Gakuen-naka 3-chōme)",
        "operator": "Nara Kotsu Bus Lines Co., Ltd.",
        "ref": "",
        "url": "",
        "url2": ""
      }
    },
    {
      "type": "Feature",
      "geometry": {
        "type": "Point",
        "coordinates": [
          135.7516591,
          34.6927403
        ]
      },
      "properties": {
        "内容": "バス停: 学園南三丁目 (Nara Kotsu Bus Lines Co., Ltd.)",
        "name": "学園南三丁目",
        "operator": "Nara Kotsu Bus Lines Co., Ltd.",
        "ref": "",
        "url": "",
        "url2": ""
      }
    },
    {
      "type": "Feature",
      "geometry": {
        "type": "Point",
        "coordinates": [
          135.7516049,
          34.692904
        ]
      },
      "properties": {
        "内容": "バス停: 学園南三丁目 (Nara Kotsu Bus Lines Co., Ltd.)",
        "name": "学園南三丁目",
        "operator": "Nara Kotsu Bus Lines Co., Ltd.",
        "ref": "",
        "url": "",
        "url2": ""
      }
    },
    {
      "type": "Feature",
      "geometry": {
        "type": "Point",
        "coordinates": [
          135.7526977,
          34.6877141
        ]
      },
      "properties": {
        "内容": "バス停: 学園大和町 (Nara Kotsu Bus Lines Co., Ltd.)",
        "name": "学園大和町",
        "operator": "Nara Kotsu Bus Lines Co., Ltd.",
        "ref": "",
        "url": "",
        "url2": ""
      }
    },
    {
      "type": "Feature",
      "geometry": {
        "type": "Point",
        "coordinates": [
          135.7524043,
          34.6882468
        ]
      },
      "properties": {
        "内容": "バス停: 学園大和町 (Nara Kotsu Bus Lines Co., Ltd.)",
        "name": "学園大和町",
        "operator": "Nara Kotsu Bus Lines Co., Ltd.",
        "ref": "",
        "url": "",
        "url2": ""
      }
    },
    {
      "type": "Feature",
      "geometry": {
        "type": "Point",
        "coordinates": [
          135.7530324,
          34.6889494
        ]
      },
      "properties": {
        "内容": "バス停: 学園大和町 (Nara Kotsu Bus Lines Co., Ltd.)",
        "name": "学園大和町",
        "operator": "Nara Kotsu Bus Lines Co., Ltd.",
        "ref": "",
        "url": "",
        "url2": ""
      }
    },
    {
      "type": "Feature",
      "geometry": {
        "type": "Point",
        "coordinates": [
          135.7488792,
          34.6901303
        ]
      },
      "properties": {
        "内容": "バス停: 学園大和町一丁目 (Gakuendaiwa-chō 1-chōme) (Nara Kotsu Bus Lines Co., Ltd.)",
        "name": "学園大和町一丁目 (Gakuendaiwa-chō 1-chōme)",
        "operator": "Nara Kotsu Bus Lines Co., Ltd.",
        "ref": "",
        "url": "",
        "url2": ""
      }
    },
    {
      "type": "Feature",
      "geometry": {
        "type": "Point",
        "coordinates": [
          135.7474977,
          34.6888329
        ]
      },
      "properties": {
        "内容": "バス停: 学園大和町一丁目 (Nara Kotsu Bus Lines Co., Ltd.)",
        "name": "学園大和町一丁目",
        "operator": "Nara Kotsu Bus Lines Co., Ltd.",
        "ref": "",
        "url": "",
        "url2": ""
      }
    },
    {
      "type": "Feature",
      "geometry": {
        "type": "Point",
        "coordinates": [
          135.7464735,
          34.6874083
        ]
      },
      "properties": {
        "内容": "バス停: 学園大和町三丁目 (Nara Kotsu Bus Lines Co., Ltd.)",
        "name": "学園大和町三丁目",
        "operator": "Nara Kotsu Bus Lines Co., Ltd.",
        "ref": "",
        "url": "",
        "url2": ""
      }
    },
    {
      "type": "Feature",
      "geometry": {
        "type": "Point",
        "coordinates": [
          135.7473874,
          34.687501
        ]
      },
      "properties": {
        "内容": "バス停: 学園大和町 三丁目 (Nara Kotsu Bus Lines Co., Ltd.)",
        "name": "学園大和町 三丁目",
        "operator": "Nara Kotsu Bus Lines Co., Ltd.",
        "ref": "",
        "url": "",
        "url2": ""
      }
    },
    {
      "type": "Feature",
      "geometry": {
        "type": "Point",
        "coordinates": [
          135.7472203,
          34.6875704
        ]
      },
      "properties": {
        "内容": "バス停: 学園大和町 三丁目 (Nara Kotsu Bus Lines Co., Ltd.)",
        "name": "学園大和町 三丁目",
        "operator": "Nara Kotsu Bus Lines Co., Ltd.",
        "ref": "",
        "url": "",
        "url2": ""
      }
    },
    {
      "type": "Feature",
      "geometry": {
        "type": "Point",
        "coordinates": [
          135.7509086,
          34.6875676
        ]
      },
      "properties": {
        "内容": "バス停: 学園大和町二丁目 (Nara Kotsu Bus Lines Co., Ltd.)",
        "name": "学園大和町二丁目",
        "operator": "Nara Kotsu Bus Lines Co., Ltd.",
        "ref": "",
        "url": "",
        "url2": ""
      }
    },
    {
      "type": "Feature",
      "geometry": {
        "type": "Point",
        "coordinates": [
          135.7502854,
          34.6875774
        ]
      },
      "properties": {
        "内容": "バス停: 学園大和町二丁目 (Nara Kotsu Bus Lines Co., Ltd.)",
        "name": "学園大和町二丁目",
        "operator": "Nara Kotsu Bus Lines Co., Ltd.",
        "ref": "",
        "url": "",
        "url2": ""
      }
    },
    {
      "type": "Feature",
      "geometry": {
        "type": "Point",
        "coordinates": [
          135.7436315,
          34.6875183
        ]
      },
      "properties": {
        "内容": "バス停: 学園大和町 四丁目 (Nara Kotsu Bus Lines Co., Ltd.)",
        "name": "学園大和町 四丁目",
        "operator": "Nara Kotsu Bus Lines Co., Ltd.",
        "ref": "",
        "url": "",
        "url2": ""
      }
    },
    {
      "type": "Feature",
      "geometry": {
        "type": "Point",
        "coordinates": [
          135.7430051,
          34.687814
        ]
      },
      "properties": {
        "内容": "バス停: 学園大和町 四丁目 (Nara Kotsu Bus Lines Co., Ltd.)",
        "name": "学園大和町 四丁目",
        "operator": "Nara Kotsu Bus Lines Co., Ltd.",
        "ref": "",
        "url": "",
        "url2": ""
      }
    },
    {
      "type": "Feature",
      "geometry": {
        "type": "Point",
        "coordinates": [
          135.7520312,
          34.6912077
        ]
      },
      "properties": {
        "内容": "バス停: 西郊住宅 (Nara Kotsu Bus Lines Co., Ltd.)",
        "name": "西郊住宅",
        "operator": "Nara Kotsu Bus Lines Co., Ltd.",
        "ref": "",
        "url": "",
        "url2": ""
      }
    },
    {
      "type": "Feature",
      "geometry": {
        "type": "Point",
        "coordinates": [
          135.7519661,
          34.6914683
        ]
      },
      "properties": {
        "内容": "バス停: 西郊住宅 (Nara Kotsu Bus Lines Co., Ltd.)",
        "name": "西郊住宅",
        "operator": "Nara Kotsu Bus Lines Co., Ltd.",
        "ref": "",
        "url": "",
        "url2": ""
      }
    },
    {
      "type": "Feature",
      "geometry": {
        "type": "Point",
        "coordinates": [
          135.7631161,
          34.6936688
        ]
      },
      "properties": {
        "内容": "バス停: あやめ池南六丁目 (Nara Kotsu Bus Lines Co., Ltd.)",
        "name": "あやめ池南六丁目",
        "operator": "Nara Kotsu Bus Lines Co., Ltd.",
        "ref": "",
        "url": "",
        "url2": ""
      }
    },
    {
      "type": "Feature",
      "geometry": {
        "type": "Point",
        "coordinates": [
          135.7661304,
          34.6926589
        ]
      },
      "properties": {
        "内容": "バス停: 三輪神社 (Nara Kotsu Bus Lines Co., Ltd.)",
        "name": "三輪神社",
        "operator": "Nara Kotsu Bus Lines Co., Ltd.",
        "ref": "",
        "url": "",
        "url2": ""
      }
    },
    {
      "type": "Feature",
      "geometry": {
        "type": "Point",
        "coordinates": [
          135.7658856,
          34.692774
        ]
      },
      "properties": {
        "内容": "バス停: 三輪神社 (Nara Kotsu Bus Lines Co., Ltd.)",
        "name": "三輪神社",
        "operator": "Nara Kotsu Bus Lines Co., Ltd.",
        "ref": "",
        "url": "",
        "url2": ""
      }
    },
    {
      "type": "Feature",
      "geometry": {
        "type": "Point",
        "coordinates": [
          135.7744815,
          34.6870407
        ]
      },
      "properties": {
        "内容": "バス停: 伏見小学校 (Fushimi Elementary School) (Nara Kotsu Bus Lines Co., Ltd.)",
        "name": "伏見小学校 (Fushimi Elementary School)",
        "operator": "Nara Kotsu Bus Lines Co., Ltd.",
        "ref": "",
        "url": "",
        "url2": ""
      }
    },
    {
      "type": "Feature",
      "geometry": {
        "type": "Point",
        "coordinates": [
          135.7709719,
          34.6877974
        ]
      },
      "properties": {
        "内容": "バス停: 疋田 (Hikita) (Nara Kotsu Bus Lines Co., Ltd.)",
        "name": "疋田 (Hikita)",
        "operator": "Nara Kotsu Bus Lines Co., Ltd.",
        "ref": "",
        "url": "",
        "url2": ""
      }
    },
    {
      "type": "Feature",
      "geometry": {
        "type": "Point",
        "coordinates": [
          135.7708786,
          34.6878678
        ]
      },
      "properties": {
        "内容": "バス停: 疋田 (Hikita) (Nara Kotsu Bus Lines Co., Ltd.)",
        "name": "疋田 (Hikita)",
        "operator": "Nara Kotsu Bus Lines Co., Ltd.",
        "ref": "",
        "url": "",
        "url2": ""
      }
    },
    {
      "type": "Feature",
      "geometry": {
        "type": "Point",
        "coordinates": [
          135.7678956,
          34.6907234
        ]
      },
      "properties": {
        "内容": "バス停: 疋田町二丁目 (Hikida-chō 2-chōme) (Nara Kotsu Bus Lines Co., Ltd.)",
        "name": "疋田町二丁目 (Hikida-chō 2-chōme)",
        "operator": "Nara Kotsu Bus Lines Co., Ltd.",
        "ref": "",
        "url": "",
        "url2": ""
      }
    },
    {
      "type": "Feature",
      "geometry": {
        "type": "Point",
        "coordinates": [
          135.7677558,
          34.690775
        ]
      },
      "properties": {
        "内容": "バス停: 疋田町二丁目 (Hikida-chō 2-chōme) (Nara Kotsu Bus Lines Co., Ltd.)",
        "name": "疋田町二丁目 (Hikida-chō 2-chōme)",
        "operator": "Nara Kotsu Bus Lines Co., Ltd.",
        "ref": "",
        "url": "",
        "url2": ""
      }
    },
    {
      "type": "Feature",
      "geometry": {
        "type": "Point",
        "coordinates": [
          135.7601625,
          34.6946126
        ]
      },
      "properties": {
        "内容": "バス停: 蛙股池 (Nara Kotsu Bus Lines Co., Ltd.)",
        "name": "蛙股池",
        "operator": "Nara Kotsu Bus Lines Co., Ltd.",
        "ref": "",
        "url": "",
        "url2": ""
      }
    },
    {
      "type": "Feature",
      "geometry": {
        "type": "Point",
        "coordinates": [
          135.7601787,
          34.6947275
        ]
      },
      "properties": {
        "内容": "バス停: 蛙股池 (Nara Kotsu Bus Lines Co., Ltd.)",
        "name": "蛙股池",
        "operator": "Nara Kotsu Bus Lines Co., Ltd.",
        "ref": "",
        "url": "",
        "url2": ""
      }
    },
    {
      "type": "Feature",
      "geometry": {
        "type": "Point",
        "coordinates": [
          135.756054,
          34.6825317
        ]
      },
      "properties": {
        "内容": "バス停: 奈良国際ゴルフ場 (Nara International Golf Club) (Nara Kotsu Bus Lines Co., Ltd.)",
        "name": "奈良国際ゴルフ場 (Nara International Golf Club)",
        "operator": "Nara Kotsu Bus Lines Co., Ltd.",
        "ref": "",
        "url": "",
        "url2": ""
      }
    },
    {
      "type": "Feature",
      "geometry": {
        "type": "Point",
        "coordinates": [
          135.7561736,
          34.6825457
        ]
      },
      "properties": {
        "内容": "バス停: 奈良国際ゴルフ場 (Nara International Golf Club) (Nara Kotsu Bus Lines Co., Ltd.)",
        "name": "奈良国際ゴルフ場 (Nara International Golf Club)",
        "operator": "Nara Kotsu Bus Lines Co., Ltd.",
        "ref": "",
        "url": "",
        "url2": ""
      }
    },
    {
      "type": "Feature",
      "geometry": {
        "type": "Point",
        "coordinates": [
          135.7569242,
          34.6831657
        ]
      },
      "properties": {
        "内容": "バス停: 奈良国際ゴルフ場 (Nara Kotsu Bus Lines Co., Ltd.)",
        "name": "奈良国際ゴルフ場",
        "operator": "Nara Kotsu Bus Lines Co., Ltd.",
        "ref": "",
        "url": "",
        "url2": ""
      }
    },
    {
      "type": "Feature",
      "geometry": {
        "type": "Point",
        "coordinates": [
          135.753593,
          34.6856886
        ]
      },
      "properties": {
        "内容": "バス停: 学園大和町南 (Nara Kotsu Bus Lines Co., Ltd.)",
        "name": "学園大和町南",
        "operator": "Nara Kotsu Bus Lines Co., Ltd.",
        "ref": "",
        "url": "",
        "url2": ""
      }
    },
    {
      "type": "Feature",
      "geometry": {
        "type": "Point",
        "coordinates": [
          135.7530191,
          34.6857588
        ]
      },
      "properties": {
        "内容": "バス停: 学園大和町南 (Nara Kotsu Bus Lines Co., Ltd.)",
        "name": "学園大和町南",
        "operator": "Nara Kotsu Bus Lines Co., Ltd.",
        "ref": "",
        "url": "",
        "url2": ""
      }
    },
    {
      "type": "Feature",
      "geometry": {
        "type": "Point",
        "coordinates": [
          135.7712177,
          34.6844514
        ]
      },
      "properties": {
        "内容": "バス停: 阪奈宝来 (Nara Kotsu Bus Lines Co., Ltd.)",
        "name": "阪奈宝来",
        "operator": "Nara Kotsu Bus Lines Co., Ltd.",
        "ref": "",
        "url": "",
        "url2": ""
      }
    },
    {
      "type": "Feature",
      "geometry": {
        "type": "Point",
        "coordinates": [
          135.7696191,
          34.684921
        ]
      },
      "properties": {
        "内容": "バス停: 阪奈宝来 (Nara Kotsu Bus Lines Co., Ltd.)",
        "name": "阪奈宝来",
        "operator": "Nara Kotsu Bus Lines Co., Ltd.",
        "ref": "",
        "url": "",
        "url2": ""
      }
    },
    {
      "type": "Feature",
      "geometry": {
        "type": "Point",
        "coordinates": [
          135.7781208,
          34.6855213
        ]
      },
      "properties": {
        "内容": "バス停: 菅原神社 (Sugahara Shrine) (Nara Kotsu Bus Lines Co., Ltd.)",
        "name": "菅原神社 (Sugahara Shrine)",
        "operator": "Nara Kotsu Bus Lines Co., Ltd.",
        "ref": "",
        "url": "",
        "url2": ""
      }
    },
    {
      "type": "Feature",
      "geometry": {
        "type": "Point",
        "coordinates": [
          135.7723354,
          34.6854958
        ]
      },
      "properties": {
        "内容": "バス停: 菅原西町 (Sugahara-nishimachi) (Nara Kotsu Bus Lines Co., Ltd.)",
        "name": "菅原西町 (Sugahara-nishimachi)",
        "operator": "Nara Kotsu Bus Lines Co., Ltd.",
        "ref": "",
        "url": "",
        "url2": ""
      }
    },
    {
      "type": "Feature",
      "geometry": {
        "type": "Point",
        "coordinates": [
          135.7779851,
          34.6838293
        ]
      },
      "properties": {
        "内容": "バス停: 阪奈菅原 (Hanna Sugahara) (Nara Kotsu Bus Lines Co., Ltd.)",
        "name": "阪奈菅原 (Hanna Sugahara)",
        "operator": "Nara Kotsu Bus Lines Co., Ltd.",
        "ref": "",
        "url": "",
        "url2": ""
      }
    },
    {
      "type": "Feature",
      "geometry": {
        "type": "Point",
        "coordinates": [
          135.7772758,
          34.6842909
        ]
      },
      "properties": {
        "内容": "バス停: 阪奈菅原 (Hanna Sugahara) (Nara Kotsu Bus Lines Co., Ltd.)",
        "name": "阪奈菅原 (Hanna Sugahara)",
        "operator": "Nara Kotsu Bus Lines Co., Ltd.",
        "ref": "",
        "url": "",
        "url2": ""
      }
    },
    {
      "type": "Feature",
      "geometry": {
        "type": "Point",
        "coordinates": [
          135.8241661,
          34.6733328
        ]
      },
      "properties": {
        "内容": "バス停: 八軒町 (Nara Kotsu Bus Lines Co., Ltd.)",
        "name": "八軒町",
        "operator": "Nara Kotsu Bus Lines Co., Ltd.",
        "ref": "",
        "url": "",
        "url2": ""
      }
    },
    {
      "type": "Feature",
      "geometry": {
        "type": "Point",
        "coordinates": [
          135.8252965,
          34.673444
        ]
      },
      "properties": {
        "内容": "バス停: 八軒町 (Nara Kotsu Bus Lines Co., Ltd.)",
        "name": "八軒町",
        "operator": "Nara Kotsu Bus Lines Co., Ltd.",
        "ref": "",
        "url": "",
        "url2": ""
      }
    },
    {
      "type": "Feature",
      "geometry": {
        "type": "Point",
        "coordinates": [
          135.8295662,
          34.6735713
        ]
      },
      "properties": {
        "内容": "バス停: 北京終町 (Kitakyōbate-chō) (Nara Kotsu Bus Lines Co., Ltd.)",
        "name": "北京終町 (Kitakyōbate-chō)",
        "operator": "Nara Kotsu Bus Lines Co., Ltd.",
        "ref": "",
        "url": "",
        "url2": ""
      }
    },
    {
      "type": "Feature",
      "geometry": {
        "type": "Point",
        "coordinates": [
          135.8287115,
          34.673586
        ]
      },
      "properties": {
        "内容": "バス停: 北京終町 (Kitakyōbate-chō) (Nara Kotsu Bus Lines Co., Ltd.)",
        "name": "北京終町 (Kitakyōbate-chō)",
        "operator": "Nara Kotsu Bus Lines Co., Ltd.",
        "ref": "",
        "url": "",
        "url2": ""
      }
    },
    {
      "type": "Feature",
      "geometry": {
        "type": "Point",
        "coordinates": [
          135.8259619,
          34.676865
        ]
      },
      "properties": {
        "内容": "バス停: 南袋町 (Minamibukuro-chō) (Nara Kotsu Bus Lines Co., Ltd.)",
        "name": "南袋町 (Minamibukuro-chō)",
        "operator": "Nara Kotsu Bus Lines Co., Ltd.",
        "ref": "",
        "url": "",
        "url2": ""
      }
    },
    {
      "type": "Feature",
      "geometry": {
        "type": "Point",
        "coordinates": [
          135.8258637,
          34.6776566
        ]
      },
      "properties": {
        "内容": "バス停: 南袋町 (Minamibukuro-chō) (Nara Kotsu Bus Lines Co., Ltd.)",
        "name": "南袋町 (Minamibukuro-chō)",
        "operator": "Nara Kotsu Bus Lines Co., Ltd.",
        "ref": "",
        "url": "",
        "url2": ""
      }
    },
    {
      "type": "Feature",
      "geometry": {
        "type": "Point",
        "coordinates": [
          135.8380017,
          34.6739062
        ]
      },
      "properties": {
        "内容": "バス停: 幸町 (Saiwai-chō) (Nara Kotsu Bus Lines Co., Ltd.)",
        "name": "幸町 (Saiwai-chō)",
        "operator": "Nara Kotsu Bus Lines Co., Ltd.",
        "ref": "",
        "url": "",
        "url2": ""
      }
    },
    {
      "type": "Feature",
      "geometry": {
        "type": "Point",
        "coordinates": [
          135.838159,
          34.6739455
        ]
      },
      "properties": {
        "内容": "バス停: 幸町 (Saiwai-chō) (Nara Kotsu Bus Lines Co., Ltd.)",
        "name": "幸町 (Saiwai-chō)",
        "operator": "Nara Kotsu Bus Lines Co., Ltd.",
        "ref": "",
        "url": "",
        "url2": ""
      }
    },
    {
      "type": "Feature",
      "geometry": {
        "type": "Point",
        "coordinates": [
          135.8260116,
          34.6813737
        ]
      },
      "properties": {
        "内容": "バス停: 本子守町 (Honkomori-chō) (Nara Kotsu Bus Lines Co., Ltd.)",
        "name": "本子守町 (Honkomori-chō)",
        "operator": "Nara Kotsu Bus Lines Co., Ltd.",
        "ref": "",
        "url": "",
        "url2": ""
      }
    },
    {
      "type": "Feature",
      "geometry": {
        "type": "Point",
        "coordinates": [
          135.8261727,
          34.6815269
        ]
      },
      "properties": {
        "内容": "バス停: 本子守町 (Honkomori-chō) (Nara Kotsu Bus Lines Co., Ltd.)",
        "name": "本子守町 (Honkomori-chō)",
        "operator": "Nara Kotsu Bus Lines Co., Ltd.",
        "ref": "",
        "url": "",
        "url2": ""
      }
    },
    {
      "type": "Feature",
      "geometry": {
        "type": "Point",
        "coordinates": [
          135.8230029,
          34.6785544
        ]
      },
      "properties": {
        "内容": "バス停: 杉ケ中町 (Nara Kotsu Bus Lines Co., Ltd.)",
        "name": "杉ケ中町",
        "operator": "Nara Kotsu Bus Lines Co., Ltd.",
        "ref": "",
        "url": "",
        "url2": ""
      }
    },
    {
      "type": "Feature",
      "geometry": {
        "type": "Point",
        "coordinates": [
          135.823192,
          34.6739403
        ]
      },
      "properties": {
        "内容": "バス停: 瓦町 (Nara Kotsu Bus Lines Co., Ltd.)",
        "name": "瓦町",
        "operator": "Nara Kotsu Bus Lines Co., Ltd.",
        "ref": "",
        "url": "",
        "url2": ""
      }
    },
    {
      "type": "Feature",
      "geometry": {
        "type": "Point",
        "coordinates": [
          135.8315736,
          34.6736555
        ]
      },
      "properties": {
        "内容": "バス停: 田中町 (Tanaka-chō) (Nara Kotsu Bus Lines Co., Ltd.)",
        "name": "田中町 (Tanaka-chō)",
        "operator": "Nara Kotsu Bus Lines Co., Ltd.",
        "ref": "",
        "url": "",
        "url2": ""
      }
    },
    {
      "type": "Feature",
      "geometry": {
        "type": "Point",
        "coordinates": [
          135.830927,
          34.6737049
        ]
      },
      "properties": {
        "内容": "バス停: 田中町 (Tanaka-chō) (Nara Kotsu Bus Lines Co., Ltd.)",
        "name": "田中町 (Tanaka-chō)",
        "operator": "Nara Kotsu Bus Lines Co., Ltd.",
        "ref": "",
        "url": "",
        "url2": ""
      }
    },
    {
      "type": "Feature",
      "geometry": {
        "type": "Point",
        "coordinates": [
          135.8335801,
          34.6738239
        ]
      },
      "properties": {
        "内容": "バス停: 紀寺町 (Kidera-chō) (Nara Kotsu Bus Lines Co., Ltd.)",
        "name": "紀寺町 (Kidera-chō)",
        "operator": "Nara Kotsu Bus Lines Co., Ltd.",
        "ref": "",
        "url": "",
        "url2": ""
      }
    },
    {
      "type": "Feature",
      "geometry": {
        "type": "Point",
        "coordinates": [
          135.8351822,
          34.6738478
        ]
      },
      "properties": {
        "内容": "バス停: 紀寺町 (Kidera-chō) (Nara Kotsu Bus Lines Co., Ltd.)",
        "name": "紀寺町 (Kidera-chō)",
        "operator": "Nara Kotsu Bus Lines Co., Ltd.",
        "ref": "",
        "url": "",
        "url2": ""
      }
    },
    {
      "type": "Feature",
      "geometry": {
        "type": "Point",
        "coordinates": [
          135.8349223,
          34.6743239
        ]
      },
      "properties": {
        "内容": "バス停: 紀寺町 (Kidera-chō) (Nara Kotsu Bus Lines Co., Ltd.)",
        "name": "紀寺町 (Kidera-chō)",
        "operator": "Nara Kotsu Bus Lines Co., Ltd.",
        "ref": "",
        "url": "",
        "url2": ""
      }
    },
    {
      "type": "Feature",
      "geometry": {
        "type": "Point",
        "coordinates": [
          135.8348351,
          34.6746012
        ]
      },
      "properties": {
        "内容": "バス停: 紀寺町 (Kidera-chō) (Nara Kotsu Bus Lines Co., Ltd.)",
        "name": "紀寺町 (Kidera-chō)",
        "operator": "Nara Kotsu Bus Lines Co., Ltd.",
        "ref": "",
        "url": "",
        "url2": ""
      }
    },
    {
      "type": "Feature",
      "geometry": {
        "type": "Point",
        "coordinates": [
          135.8273237,
          34.673475
        ]
      },
      "properties": {
        "内容": "バス停: 綿町 (Nara Kotsu Bus Lines Co., Ltd.)",
        "name": "綿町",
        "operator": "Nara Kotsu Bus Lines Co., Ltd.",
        "ref": "",
        "url": "",
        "url2": ""
      }
    },
    {
      "type": "Feature",
      "geometry": {
        "type": "Point",
        "coordinates": [
          135.8270224,
          34.6735158
        ]
      },
      "properties": {
        "内容": "バス停: 綿町 (Nara Kotsu Bus Lines Co., Ltd.)",
        "name": "綿町",
        "operator": "Nara Kotsu Bus Lines Co., Ltd.",
        "ref": "",
        "url": "",
        "url2": ""
      }
    },
    {
      "type": "Feature",
      "geometry": {
        "type": "Point",
        "coordinates": [
          135.8259434,
          34.6746313
        ]
      },
      "properties": {
        "内容": "バス停: 西木辻 (Nishikitsuji) (Nara Kotsu Bus Lines Co., Ltd.)",
        "name": "西木辻 (Nishikitsuji)",
        "operator": "Nara Kotsu Bus Lines Co., Ltd.",
        "ref": "",
        "url": "",
        "url2": ""
      }
    },
    {
      "type": "Feature",
      "geometry": {
        "type": "Point",
        "coordinates": [
          135.8258203,
          34.6752766
        ]
      },
      "properties": {
        "内容": "バス停: 西木辻 (Nishikitsuji) (Nara Kotsu Bus Lines Co., Ltd.)",
        "name": "西木辻 (Nishikitsuji)",
        "operator": "Nara Kotsu Bus Lines Co., Ltd.",
        "ref": "",
        "url": "",
        "url2": ""
      }
    },
    {
      "type": "Feature",
      "geometry": {
        "type": "Point",
        "coordinates": [
          135.8203745,
          34.6760609
        ]
      },
      "properties": {
        "内容": "バス停: 大森町 (Ōmori-chō) (Nara Kotsu Bus Lines Co., Ltd.)",
        "name": "大森町 (Ōmori-chō)",
        "operator": "Nara Kotsu Bus Lines Co., Ltd.",
        "ref": "",
        "url": "",
        "url2": ""
      }
    },
    {
      "type": "Feature",
      "geometry": {
        "type": "Point",
        "coordinates": [
          135.8201692,
          34.6763293
        ]
      },
      "properties": {
        "内容": "バス停: 大森町 (Ōmori-chō) (Nara Kotsu Bus Lines Co., Ltd.)",
        "name": "大森町 (Ōmori-chō)",
        "operator": "Nara Kotsu Bus Lines Co., Ltd.",
        "ref": "",
        "url": "",
        "url2": ""
      }
    },
    {
      "type": "Feature",
      "geometry": {
        "type": "Point",
        "coordinates": [
          135.8195318,
          34.6773352
        ]
      },
      "properties": {
        "内容": "バス停: 大森町 (Ōmori-chō) (Nara Kotsu Bus Lines Co., Ltd.)",
        "name": "大森町 (Ōmori-chō)",
        "operator": "Nara Kotsu Bus Lines Co., Ltd.",
        "ref": "",
        "url": "",
        "url2": ""
      }
    },
    {
      "type": "Feature",
      "geometry": {
        "type": "Point",
        "coordinates": [
          135.8197528,
          34.6774666
        ]
      },
      "properties": {
        "内容": "バス停: 大森町 (Ōmori-chō) (Nara Kotsu Bus Lines Co., Ltd.)",
        "name": "大森町 (Ōmori-chō)",
        "operator": "Nara Kotsu Bus Lines Co., Ltd.",
        "ref": "",
        "url": "",
        "url2": ""
      }
    },
    {
      "type": "Feature",
      "geometry": {
        "type": "Point",
        "coordinates": [
          135.8459465,
          34.6822355
        ]
      },
      "properties": {
        "内容": "バス停: 春日大社本殿 (Nara Kotsu Bus Lines Co., Ltd.)",
        "name": "春日大社本殿",
        "operator": "Nara Kotsu Bus Lines Co., Ltd.",
        "ref": "",
        "url": "",
        "url2": ""
      }
    },
    {
      "type": "Feature",
      "geometry": {
        "type": "Point",
        "coordinates": [
          135.8407037,
          34.6834907
        ]
      },
      "properties": {
        "内容": "バス停: 東大寺大仏殿 (Nara Kotsu Bus Lines Co., Ltd.)",
        "name": "東大寺大仏殿",
        "operator": "Nara Kotsu Bus Lines Co., Ltd.",
        "ref": "",
        "url": "",
        "url2": ""
      }
    },
    {
      "type": "Feature",
      "geometry": {
        "type": "Point",
        "coordinates": [
          135.8426893,
          34.6829873
        ]
      },
      "properties": {
        "内容": "バス停: 奈良春日野国際フォーラム甍前 (奈良交通)",
        "name": "奈良春日野国際フォーラム甍前",
        "operator": "奈良交通",
        "ref": "",
        "url": "",
        "url2": ""
      }
    },
    {
      "type": "Feature",
      "geometry": {
        "type": "Point",
        "coordinates": [
          135.8430045,
          34.6830547
        ]
      },
      "properties": {
        "内容": "バス停: 奈良春日野国際フォーラム甍前 (奈良交通)",
        "name": "奈良春日野国際フォーラム甍前",
        "operator": "奈良交通",
        "ref": "",
        "url": "",
        "url2": ""
      }
    },
    {
      "type": "Feature",
      "geometry": {
        "type": "Point",
        "coordinates": [
          135.8349314,
          34.6938577
        ]
      },
      "properties": {
        "内容": "バス停: 今在家 (Imazaike) (奈良交通)",
        "name": "今在家 (Imazaike)",
        "operator": "奈良交通",
        "ref": "",
        "url": "",
        "url2": ""
      }
    },
    {
      "type": "Feature",
      "geometry": {
        "type": "Point",
        "coordinates": [
          135.835191,
          34.694725
        ]
      },
      "properties": {
        "内容": "バス停: 今在家 (奈良交通)",
        "name": "今在家",
        "operator": "奈良交通",
        "ref": "",
        "url": "",
        "url2": ""
      }
    },
    {
      "type": "Feature",
      "geometry": {
        "type": "Point",
        "coordinates": [
          135.8347384,
          34.688875
        ]
      },
      "properties": {
        "内容": "バス停: 今小路 (Imakōji) (奈良交通)",
        "name": "今小路 (Imakōji)",
        "operator": "奈良交通",
        "ref": "",
        "url": "",
        "url2": ""
      }
    },
    {
      "type": "Feature",
      "geometry": {
        "type": "Point",
        "coordinates": [
          135.8349497,
          34.6783444
        ]
      },
      "properties": {
        "内容": "バス停: 奈良ホテル (Nara Hotel) (Nara Kotsu Bus Lines Co., Ltd.)",
        "name": "奈良ホテル (Nara Hotel)",
        "operator": "Nara Kotsu Bus Lines Co., Ltd.",
        "ref": "",
        "url": "",
        "url2": ""
      }
    },
    {
      "type": "Feature",
      "geometry": {
        "type": "Point",
        "coordinates": [
          135.8351293,
          34.6789448
        ]
      },
      "properties": {
        "内容": "バス停: 奈良ホテル (Nara Hotel) (Nara Kotsu Bus Lines Co., Ltd.)",
        "name": "奈良ホテル (Nara Hotel)",
        "operator": "Nara Kotsu Bus Lines Co., Ltd.",
        "ref": "",
        "url": "",
        "url2": ""
      }
    },
    {
      "type": "Feature",
      "geometry": {
        "type": "Point",
        "coordinates": [
          135.834625,
          34.686372
        ]
      },
      "properties": {
        "内容": "バス停: 押上町 (奈良交通)",
        "name": "押上町",
        "operator": "奈良交通",
        "ref": "",
        "url": "",
        "url2": ""
      }
    },
    {
      "type": "Feature",
      "geometry": {
        "type": "Point",
        "coordinates": [
          135.83477,
          34.686738
        ]
      },
      "properties": {
        "内容": "バス停: 押上町 (奈良交通)",
        "name": "押上町",
        "operator": "奈良交通",
        "ref": "",
        "url": "",
        "url2": ""
      }
    },
    {
      "type": "Feature",
      "geometry": {
        "type": "Point",
        "coordinates": [
          135.8368941,
          34.696342
        ]
      },
      "properties": {
        "内容": "バス停: 東之阪町 (Higashinosaka-chō) (奈良交通)",
        "name": "東之阪町 (Higashinosaka-chō)",
        "operator": "奈良交通",
        "ref": "",
        "url": "",
        "url2": ""
      }
    },
    {
      "type": "Feature",
      "geometry": {
        "type": "Point",
        "coordinates": [
          135.836877,
          34.696783
        ]
      },
      "properties": {
        "内容": "バス停: 東之阪町 (Higashinosaka-chō) (奈良交通)",
        "name": "東之阪町 (Higashinosaka-chō)",
        "operator": "奈良交通",
        "ref": "",
        "url": "",
        "url2": ""
      }
    },
    {
      "type": "Feature",
      "geometry": {
        "type": "Point",
        "coordinates": [
          135.8349162,
          34.6765184
        ]
      },
      "properties": {
        "内容": "バス停: 福智院町 (Fukuchiin-chō) (Nara Kotsu Bus Lines Co., Ltd.)",
        "name": "福智院町 (Fukuchiin-chō)",
        "operator": "Nara Kotsu Bus Lines Co., Ltd.",
        "ref": "",
        "url": "",
        "url2": ""
      }
    },
    {
      "type": "Feature",
      "geometry": {
        "type": "Point",
        "coordinates": [
          135.834862,
          34.6773886
        ]
      },
      "properties": {
        "内容": "バス停: 福智院町 (Fukuchiin-chō) (Nara Kotsu Bus Lines Co., Ltd.)",
        "name": "福智院町 (Fukuchiin-chō)",
        "operator": "Nara Kotsu Bus Lines Co., Ltd.",
        "ref": "",
        "url": "",
        "url2": ""
      }
    },
    {
      "type": "Feature",
      "geometry": {
        "type": "Point",
        "coordinates": [
          135.8216938,
          34.6750065
        ]
      },
      "properties": {
        "内容": "バス停: 瓦町 (Nara Kotsu Bus Lines Co., Ltd.)",
        "name": "瓦町",
        "operator": "Nara Kotsu Bus Lines Co., Ltd.",
        "ref": "",
        "url": "",
        "url2": ""
      }
    },
    {
      "type": "Feature",
      "geometry": {
        "type": "Point",
        "coordinates": [
          135.8396809,
          34.67729
        ]
      },
      "properties": {
        "内容": "バス停: 破石町 (Nara Kotsu Bus Lines Co., Ltd.)",
        "name": "破石町",
        "operator": "Nara Kotsu Bus Lines Co., Ltd.",
        "ref": "",
        "url": "",
        "url2": ""
      }
    },
    {
      "type": "Feature",
      "geometry": {
        "type": "Point",
        "coordinates": [
          135.8189949,
          34.7078499
        ]
      },
      "properties": {
        "内容": "バス停: 佐保台東口 (Sahodai Higashiguchi) (Nara Kotsu Bus Lines Co., Ltd.)",
        "name": "佐保台東口 (Sahodai Higashiguchi)",
        "operator": "Nara Kotsu Bus Lines Co., Ltd.",
        "ref": "",
        "url": "",
        "url2": ""
      }
    },
    {
      "type": "Feature",
      "geometry": {
        "type": "Point",
        "coordinates": [
          135.8193975,
          34.7079635
        ]
      },
      "properties": {
        "内容": "バス停: 佐保台東口 (Sahodai Higashiguchi) (Nara Kotsu Bus Lines Co., Ltd.)",
        "name": "佐保台東口 (Sahodai Higashiguchi)",
        "operator": "Nara Kotsu Bus Lines Co., Ltd.",
        "ref": "",
        "url": "",
        "url2": ""
      }
    },
    {
      "type": "Feature",
      "geometry": {
        "type": "Point",
        "coordinates": [
          135.8272183,
          34.7056408
        ]
      },
      "properties": {
        "内容": "バス停: 奈保山御陵 (Nahoyama-goryō) (Nara Kotsu Bus Lines Co., Ltd.)",
        "name": "奈保山御陵 (Nahoyama-goryō)",
        "operator": "Nara Kotsu Bus Lines Co., Ltd.",
        "ref": "",
        "url": "",
        "url2": ""
      }
    },
    {
      "type": "Feature",
      "geometry": {
        "type": "Point",
        "coordinates": [
          135.8273226,
          34.7056468
        ]
      },
      "properties": {
        "内容": "バス停: 奈保山御陵 (Nahoyama-goryō) (Nara Kotsu Bus Lines Co., Ltd.)",
        "name": "奈保山御陵 (Nahoyama-goryō)",
        "operator": "Nara Kotsu Bus Lines Co., Ltd.",
        "ref": "",
        "url": "",
        "url2": ""
      }
    },
    {
      "type": "Feature",
      "geometry": {
        "type": "Point",
        "coordinates": [
          135.8274254,
          34.7025135
        ]
      },
      "properties": {
        "内容": "バス停: 黒髪奈保町 (Kurokaminaho-chō) (Nara Kotsu Bus Lines Co., Ltd.)",
        "name": "黒髪奈保町 (Kurokaminaho-chō)",
        "operator": "Nara Kotsu Bus Lines Co., Ltd.",
        "ref": "",
        "url": "",
        "url2": ""
      }
    },
    {
      "type": "Feature",
      "geometry": {
        "type": "Point",
        "coordinates": [
          135.8273551,
          34.7030761
        ]
      },
      "properties": {
        "内容": "バス停: 黒髪奈保町 (Kurokaminaho-chō) (Nara Kotsu Bus Lines Co., Ltd.)",
        "name": "黒髪奈保町 (Kurokaminaho-chō)",
        "operator": "Nara Kotsu Bus Lines Co., Ltd.",
        "ref": "",
        "url": "",
        "url2": ""
      }
    },
    {
      "type": "Feature",
      "geometry": {
        "type": "Point",
        "coordinates": [
          135.763305,
          34.6935446
        ]
      },
      "properties": {
        "内容": "バス停: あやめ池南六丁目 (Nara Kotsu Bus Lines Co., Ltd.)",
        "name": "あやめ池南六丁目",
        "operator": "Nara Kotsu Bus Lines Co., Ltd.",
        "ref": "",
        "url": "",
        "url2": ""
      }
    },
    {
      "type": "Feature",
      "geometry": {
        "type": "Point",
        "coordinates": [
          135.7888862,
          34.6940484
        ]
      },
      "properties": {
        "内容": "バス停: 二条町 (Nijō-chō) (Nara Kotsu Bus Lines Co., Ltd.)",
        "name": "二条町 (Nijō-chō)",
        "operator": "Nara Kotsu Bus Lines Co., Ltd.",
        "ref": "",
        "url": "",
        "url2": ""
      }
    },
    {
      "type": "Feature",
      "geometry": {
        "type": "Point",
        "coordinates": [
          135.7470289,
          34.6811264
        ]
      },
      "properties": {
        "内容": "バス停: 千代ヶ丘二丁目 (Nara Kotsu Bus Lines Co., Ltd.)",
        "name": "千代ヶ丘二丁目",
        "operator": "Nara Kotsu Bus Lines Co., Ltd.",
        "ref": "",
        "url": "",
        "url2": ""
      }
    },
    {
      "type": "Feature",
      "geometry": {
        "type": "Point",
        "coordinates": [
          135.7462868,
          34.6843093
        ]
      },
      "properties": {
        "内容": "バス停: 千代ヶ丘一丁目 (Nara Kotsu Bus Lines Co., Ltd.)",
        "name": "千代ヶ丘一丁目",
        "operator": "Nara Kotsu Bus Lines Co., Ltd.",
        "ref": "",
        "url": "",
        "url2": ""
      }
    },
    {
      "type": "Feature",
      "geometry": {
        "type": "Point",
        "coordinates": [
          135.7462355,
          34.6845248
        ]
      },
      "properties": {
        "内容": "バス停: 千代ヶ丘一丁目 (Nara Kotsu Bus Lines Co., Ltd.)",
        "name": "千代ヶ丘一丁目",
        "operator": "Nara Kotsu Bus Lines Co., Ltd.",
        "ref": "",
        "url": "",
        "url2": ""
      }
    },
    {
      "type": "Feature",
      "geometry": {
        "type": "Point",
        "coordinates": [
          135.7469192,
          34.6812026
        ]
      },
      "properties": {
        "内容": "バス停: 千代ヶ丘二丁目 (Nara Kotsu Bus Lines Co., Ltd.)",
        "name": "千代ヶ丘二丁目",
        "operator": "Nara Kotsu Bus Lines Co., Ltd.",
        "ref": "",
        "url": "",
        "url2": ""
      }
    },
    {
      "type": "Feature",
      "geometry": {
        "type": "Point",
        "coordinates": [
          135.7452198,
          34.6815189
        ]
      },
      "properties": {
        "内容": "バス停: 西千代ヶ丘二丁目 (Nara Kotsu Bus Lines Co., Ltd.)",
        "name": "西千代ヶ丘二丁目",
        "operator": "Nara Kotsu Bus Lines Co., Ltd.",
        "ref": "",
        "url": "",
        "url2": ""
      }
    },
    {
      "type": "Feature",
      "geometry": {
        "type": "Point",
        "coordinates": [
          135.8202568,
          34.6810977
        ]
      },
      "properties": {
        "内容": "バス停: JR奈良駅 3 (Nara Kotsu Bus Lines Co., Ltd.)",
        "name": "JR奈良駅 3",
        "operator": "Nara Kotsu Bus Lines Co., Ltd.",
        "ref": "3",
        "url": "",
        "url2": ""
      }
    },
    {
      "type": "Feature",
      "geometry": {
        "type": "Point",
        "coordinates": [
          135.8203263,
          34.6815005
        ]
      },
      "properties": {
        "内容": "バス停: JR奈良駅 1 (Nara Kotsu Bus Lines Co., Ltd.)",
        "name": "JR奈良駅 1",
        "operator": "Nara Kotsu Bus Lines Co., Ltd.",
        "ref": "1",
        "url": "",
        "url2": ""
      }
    },
    {
      "type": "Feature",
      "geometry": {
        "type": "Point",
        "coordinates": [
          135.8200748,
          34.6814898
        ]
      },
      "properties": {
        "内容": "バス停: JR奈良駅 4 (Nara Kotsu Bus Lines Co., Ltd.)",
        "name": "JR奈良駅 4",
        "operator": "Nara Kotsu Bus Lines Co., Ltd.",
        "ref": "4",
        "url": "",
        "url2": ""
      }
    },
    {
      "type": "Feature",
      "geometry": {
        "type": "Point",
        "coordinates": [
          135.8407139,
          34.6479347
        ]
      },
      "properties": {
        "内容": "バス停: 八島町 (Yashima-chō) (Nara Kotsu Bus Lines Co., Ltd.)",
        "name": "八島町 (Yashima-chō)",
        "operator": "Nara Kotsu Bus Lines Co., Ltd.",
        "ref": "",
        "url": "",
        "url2": ""
      }
    },
    {
      "type": "Feature",
      "geometry": {
        "type": "Point",
        "coordinates": [
          135.8395174,
          34.6445602
        ]
      },
      "properties": {
        "内容": "バス停: 円照寺(Enshō-ji) (Nara Kotsu Bus Lines Co., Ltd.)",
        "name": "円照寺(Enshō-ji)",
        "operator": "Nara Kotsu Bus Lines Co., Ltd.",
        "ref": "",
        "url": "",
        "url2": ""
      }
    },
    {
      "type": "Feature",
      "geometry": {
        "type": "Point",
        "coordinates": [
          135.8402548,
          34.6543358
        ]
      },
      "properties": {
        "内容": "バス停: 南古市 (Minamifuruichi) (Nara Kotsu Bus Lines Co., Ltd.)",
        "name": "南古市 (Minamifuruichi)",
        "operator": "Nara Kotsu Bus Lines Co., Ltd.",
        "ref": "",
        "url": "",
        "url2": ""
      }
    },
    {
      "type": "Feature",
      "geometry": {
        "type": "Point",
        "coordinates": [
          135.8414914,
          34.6573685
        ]
      },
      "properties": {
        "内容": "バス停: 東市小学校 (Tōichi Elementary School) (Nara Kotsu Bus Lines Co., Ltd.)",
        "name": "東市小学校 (Tōichi Elementary School)",
        "operator": "Nara Kotsu Bus Lines Co., Ltd.",
        "ref": "",
        "url": "",
        "url2": ""
      }
    },
    {
      "type": "Feature",
      "geometry": {
        "type": "Point",
        "coordinates": [
          135.8406403,
          34.6503487
        ]
      },
      "properties": {
        "内容": "バス停: 藤原町 (Fujiwara-chō) (Nara Kotsu Bus Lines Co., Ltd.)",
        "name": "藤原町 (Fujiwara-chō)",
        "operator": "Nara Kotsu Bus Lines Co., Ltd.",
        "ref": "",
        "url": "",
        "url2": ""
      }
    },
    {
      "type": "Feature",
      "geometry": {
        "type": "Point",
        "coordinates": [
          135.8282217,
          34.6841903
        ]
      },
      "properties": {
        "内容": "バス停: 近鉄奈良駅 (奈良交通)",
        "name": "近鉄奈良駅",
        "operator": "奈良交通",
        "ref": "",
        "url": "",
        "url2": ""
      }
    },
    {
      "type": "Feature",
      "geometry": {
        "type": "Point",
        "coordinates": [
          135.8416308,
          34.6531892
        ]
      },
      "properties": {
        "内容": "バス停: 東市地域ふれあい会館 (Nara Kotsu Bus Lines Co., Ltd.)",
        "name": "東市地域ふれあい会館",
        "operator": "Nara Kotsu Bus Lines Co., Ltd.",
        "ref": "",
        "url": "",
        "url2": ""
      }
    },
    {
      "type": "Feature",
      "geometry": {
        "type": "Point",
        "coordinates": [
          135.7352938,
          34.6769193
        ]
      },
      "properties": {
        "内容": "バス停: 富雄泉ヶ丘 (Nara Kotsu Bus Lines Co., Ltd.)",
        "name": "富雄泉ヶ丘",
        "operator": "Nara Kotsu Bus Lines Co., Ltd.",
        "ref": "",
        "url": "",
        "url2": ""
      }
    },
    {
      "type": "Feature",
      "geometry": {
        "type": "Point",
        "coordinates": [
          135.7355542,
          34.6776598
        ]
      },
      "properties": {
        "内容": "バス停: 富雄泉ヶ丘 (Nara Kotsu Bus Lines Co., Ltd.)",
        "name": "富雄泉ヶ丘",
        "operator": "Nara Kotsu Bus Lines Co., Ltd.",
        "ref": "",
        "url": "",
        "url2": ""
      }
    },
    {
      "type": "Feature",
      "geometry": {
        "type": "Point",
        "coordinates": [
          135.7401336,
          34.6806414
        ]
      },
      "properties": {
        "内容": "バス停: 近大橋 (Nara Kotsu Bus Lines Co., Ltd.)",
        "name": "近大橋",
        "operator": "Nara Kotsu Bus Lines Co., Ltd.",
        "ref": "",
        "url": "",
        "url2": ""
      }
    },
    {
      "type": "Feature",
      "geometry": {
        "type": "Point",
        "coordinates": [
          135.7397169,
          34.6806819
        ]
      },
      "properties": {
        "内容": "バス停: 近大橋 (Nara Kotsu Bus Lines Co., Ltd.)",
        "name": "近大橋",
        "operator": "Nara Kotsu Bus Lines Co., Ltd.",
        "ref": "",
        "url": "",
        "url2": ""
      }
    },
    {
      "type": "Feature",
      "geometry": {
        "type": "Point",
        "coordinates": [
          135.7348036,
          34.6711058
        ]
      },
      "properties": {
        "内容": "バス停: 近畿大学 (Nara Kotsu Bus Lines Co., Ltd.)",
        "name": "近畿大学",
        "operator": "Nara Kotsu Bus Lines Co., Ltd.",
        "ref": "",
        "url": "",
        "url2": ""
      }
    },
    {
      "type": "Feature",
      "geometry": {
        "type": "Point",
        "coordinates": [
          135.7423323,
          34.7285353
        ]
      },
      "properties": {
        "内容": "バス停: 国道鹿畑 (Kokudō Shikanohata) (Nara Kotsu Bus Lines Co., Ltd.)",
        "name": "国道鹿畑 (Kokudō Shikanohata)",
        "operator": "Nara Kotsu Bus Lines Co., Ltd.",
        "ref": "",
        "url": "",
        "url2": ""
      }
    },
    {
      "type": "Feature",
      "geometry": {
        "type": "Point",
        "coordinates": [
          135.7424951,
          34.7286439
        ]
      },
      "properties": {
        "内容": "バス停: 国道鹿畑 (Kokudō Shikanohata) (Nara Kotsu Bus Lines Co., Ltd.)",
        "name": "国道鹿畑 (Kokudō Shikanohata)",
        "operator": "Nara Kotsu Bus Lines Co., Ltd.",
        "ref": "",
        "url": "",
        "url2": ""
      }
    },
    {
      "type": "Feature",
      "geometry": {
        "type": "Point",
        "coordinates": [
          135.7529607,
          34.726628
        ]
      },
      "properties": {
        "内容": "バス停: 学研奈良登美ヶ丘駅 (奈良交通)",
        "name": "学研奈良登美ヶ丘駅",
        "operator": "奈良交通",
        "ref": "",
        "url": "",
        "url2": ""
      }
    },
    {
      "type": "Feature",
      "geometry": {
        "type": "Point",
        "coordinates": [
          135.753371,
          34.7267911
        ]
      },
      "properties": {
        "内容": "バス停: 学研奈良登美ヶ丘駅 (奈良交通)",
        "name": "学研奈良登美ヶ丘駅",
        "operator": "奈良交通",
        "ref": "",
        "url": "",
        "url2": ""
      }
    },
    {
      "type": "Feature",
      "geometry": {
        "type": "Point",
        "coordinates": [
          135.7519572,
          34.7250599
        ]
      },
      "properties": {
        "内容": "バス停: 学研奈良登美ヶ丘駅（南） (Gakken-nara-tomigaoka Station South) (Nara Kotsu Bus Lines Co., Ltd.)",
        "name": "学研奈良登美ヶ丘駅（南） (Gakken-nara-tomigaoka Station South)",
        "operator": "Nara Kotsu Bus Lines Co., Ltd.",
        "ref": "",
        "url": "",
        "url2": ""
      }
    },
    {
      "type": "Feature",
      "geometry": {
        "type": "Point",
        "coordinates": [
          135.7532319,
          34.7283802
        ]
      },
      "properties": {
        "内容": "バス停: 樋の平 (奈良交通)",
        "name": "樋の平",
        "operator": "奈良交通",
        "ref": "",
        "url": "",
        "url2": ""
      }
    },
    {
      "type": "Feature",
      "geometry": {
        "type": "Point",
        "coordinates": [
          135.7519479,
          34.7282816
        ]
      },
      "properties": {
        "内容": "バス停: 鹿ノ台東一丁目 (奈良交通)",
        "name": "鹿ノ台東一丁目",
        "operator": "奈良交通",
        "ref": "",
        "url": "",
        "url2": ""
      }
    },
    {
      "type": "Feature",
      "geometry": {
        "type": "Point",
        "coordinates": [
          135.7528671,
          34.729806
        ]
      },
      "properties": {
        "内容": "バス停: 鹿ノ台東一丁目 (Shikanodaihigashi 1-chōme) (Nara Kotsu Bus Lines Co., Ltd.)",
        "name": "鹿ノ台東一丁目 (Shikanodaihigashi 1-chōme)",
        "operator": "Nara Kotsu Bus Lines Co., Ltd.",
        "ref": "",
        "url": "",
        "url2": ""
      }
    },
    {
      "type": "Feature",
      "geometry": {
        "type": "Point",
        "coordinates": [
          135.7530286,
          34.7298328
        ]
      },
      "properties": {
        "内容": "バス停: 鹿ノ台東一丁目 (Shikanodaihigashi 1-chōme) (Nara Kotsu Bus Lines Co., Ltd.)",
        "name": "鹿ノ台東一丁目 (Shikanodaihigashi 1-chōme)",
        "operator": "Nara Kotsu Bus Lines Co., Ltd.",
        "ref": "",
        "url": "",
        "url2": ""
      }
    },
    {
      "type": "Feature",
      "geometry": {
        "type": "Point",
        "coordinates": [
          135.7535308,
          34.7301605
        ]
      },
      "properties": {
        "内容": "バス停: 鹿ノ台東一丁目 (奈良交通)",
        "name": "鹿ノ台東一丁目",
        "operator": "奈良交通",
        "ref": "",
        "url": "",
        "url2": ""
      }
    },
    {
      "type": "Feature",
      "geometry": {
        "type": "Point",
        "coordinates": [
          135.7502277,
          34.7347673
        ]
      },
      "properties": {
        "内容": "バス停: 鹿ノ台東二丁目 (奈良交通)",
        "name": "鹿ノ台東二丁目",
        "operator": "奈良交通",
        "ref": "",
        "url": "",
        "url2": ""
      }
    },
    {
      "type": "Feature",
      "geometry": {
        "type": "Point",
        "coordinates": [
          135.748388,
          34.7286024
        ]
      },
      "properties": {
        "内容": "バス停: 鹿畑口 (Kabataguchi) (Nara Kotsu Bus Lines Co., Ltd.)",
        "name": "鹿畑口 (Kabataguchi)",
        "operator": "Nara Kotsu Bus Lines Co., Ltd.",
        "ref": "",
        "url": "",
        "url2": ""
      }
    },
    {
      "type": "Feature",
      "geometry": {
        "type": "Point",
        "coordinates": [
          135.7469829,
          34.7291126
        ]
      },
      "properties": {
        "内容": "バス停: 鹿畑口 (Kabataguchi) (Nara Kotsu Bus Lines Co., Ltd.)",
        "name": "鹿畑口 (Kabataguchi)",
        "operator": "Nara Kotsu Bus Lines Co., Ltd.",
        "ref": "",
        "url": "",
        "url2": ""
      }
    },
    {
      "type": "Feature",
      "geometry": {
        "type": "Point",
        "coordinates": [
          135.7257303,
          34.6850318
        ]
      },
      "properties": {
        "内容": "バス停: 帝塚山五丁目 (Nara Kotsu Bus Lines Co., Ltd.)",
        "name": "帝塚山五丁目",
        "operator": "Nara Kotsu Bus Lines Co., Ltd.",
        "ref": "",
        "url": "",
        "url2": ""
      }
    },
    {
      "type": "Feature",
      "geometry": {
        "type": "Point",
        "coordinates": [
          135.7253956,
          34.6867921
        ]
      },
      "properties": {
        "内容": "バス停: 帝塚山四丁目 (Nara Kotsu Bus Lines Co., Ltd.)",
        "name": "帝塚山四丁目",
        "operator": "Nara Kotsu Bus Lines Co., Ltd.",
        "ref": "",
        "url": "",
        "url2": ""
      }
    },
    {
      "type": "Feature",
      "geometry": {
        "type": "Point",
        "coordinates": [
          135.7215633,
          34.6873772
        ]
      },
      "properties": {
        "内容": "バス停: 帝塚山大学前 (Nara Kotsu Bus Lines Co., Ltd.)",
        "name": "帝塚山大学前",
        "operator": "Nara Kotsu Bus Lines Co., Ltd.",
        "ref": "",
        "url": "",
        "url2": ""
      }
    },
    {
      "type": "Feature",
      "geometry": {
        "type": "Point",
        "coordinates": [
          135.7766352,
          34.7060815
        ]
      },
      "properties": {
        "内容": "バス停: 北秋篠 (Kita Akishino) (Nara Kotsu Bus Lines Co., Ltd.)",
        "name": "北秋篠 (Kita Akishino)",
        "operator": "Nara Kotsu Bus Lines Co., Ltd.",
        "ref": "",
        "url": "",
        "url2": ""
      }
    },
    {
      "type": "Feature",
      "geometry": {
        "type": "Point",
        "coordinates": [
          135.776395,
          34.7061705
        ]
      },
      "properties": {
        "内容": "バス停: 北秋篠 (Kita Akishino) (Nara Kotsu Bus Lines Co., Ltd.)",
        "name": "北秋篠 (Kita Akishino)",
        "operator": "Nara Kotsu Bus Lines Co., Ltd.",
        "ref": "",
        "url": "",
        "url2": ""
      }
    },
    {
      "type": "Feature",
      "geometry": {
        "type": "Point",
        "coordinates": [
          135.7698465,
          34.7160641
        ]
      },
      "properties": {
        "内容": "バス停: 南押熊 (Minami Oshikuma) (Nara Kotsu Bus Lines Co., Ltd.)",
        "name": "南押熊 (Minami Oshikuma)",
        "operator": "Nara Kotsu Bus Lines Co., Ltd.",
        "ref": "",
        "url": "",
        "url2": ""
      }
    },
    {
      "type": "Feature",
      "geometry": {
        "type": "Point",
        "coordinates": [
          135.770549,
          34.711586
        ]
      },
      "properties": {
        "内容": "バス停: 平城中山 (Heijō Nakayama) (Nara Kotsu Bus Lines Co., Ltd.)",
        "name": "平城中山 (Heijō Nakayama)",
        "operator": "Nara Kotsu Bus Lines Co., Ltd.",
        "ref": "",
        "url": "",
        "url2": ""
      }
    },
    {
      "type": "Feature",
      "geometry": {
        "type": "Point",
        "coordinates": [
          135.770773,
          34.7116501
        ]
      },
      "properties": {
        "内容": "バス停: 平城中山 (Heijō Nakayama) (Nara Kotsu Bus Lines Co., Ltd.)",
        "name": "平城中山 (Heijō Nakayama)",
        "operator": "Nara Kotsu Bus Lines Co., Ltd.",
        "ref": "",
        "url": "",
        "url2": ""
      }
    },
    {
      "type": "Feature",
      "geometry": {
        "type": "Point",
        "coordinates": [
          135.7706692,
          34.7137345
        ]
      },
      "properties": {
        "内容": "バス停: 平城中山北口 (Heijō Nakayama Kitaguchi) (Nara Kotsu Bus Lines Co., Ltd.)",
        "name": "平城中山北口 (Heijō Nakayama Kitaguchi)",
        "operator": "Nara Kotsu Bus Lines Co., Ltd.",
        "ref": "",
        "url": "",
        "url2": ""
      }
    },
    {
      "type": "Feature",
      "geometry": {
        "type": "Point",
        "coordinates": [
          135.7700515,
          34.7094899
        ]
      },
      "properties": {
        "内容": "バス停: 平城中山南口 (Heijō Nakayama Minamiguchi) (Nara Kotsu Bus Lines Co., Ltd.)",
        "name": "平城中山南口 (Heijō Nakayama Minamiguchi)",
        "operator": "Nara Kotsu Bus Lines Co., Ltd.",
        "ref": "",
        "url": "",
        "url2": ""
      }
    },
    {
      "type": "Feature",
      "geometry": {
        "type": "Point",
        "coordinates": [
          135.7699866,
          34.7095731
        ]
      },
      "properties": {
        "内容": "バス停: 平城中山南口 (Heijō Nakayama Minamiguchi) (Nara Kotsu Bus Lines Co., Ltd.)",
        "name": "平城中山南口 (Heijō Nakayama Minamiguchi)",
        "operator": "Nara Kotsu Bus Lines Co., Ltd.",
        "ref": "",
        "url": "",
        "url2": ""
      }
    },
    {
      "type": "Feature",
      "geometry": {
        "type": "Point",
        "coordinates": [
          135.7699837,
          34.7179306
        ]
      },
      "properties": {
        "内容": "バス停: 押熊 (Oshikuma) (Nara Kotsu Bus Lines Co., Ltd.)",
        "name": "押熊 (Oshikuma)",
        "operator": "Nara Kotsu Bus Lines Co., Ltd.",
        "ref": "",
        "url": "",
        "url2": ""
      }
    },
    {
      "type": "Feature",
      "geometry": {
        "type": "Point",
        "coordinates": [
          135.7777634,
          34.703344
        ]
      },
      "properties": {
        "内容": "バス停: 秋篠寺 (Nara Kotsu Bus Lines Co., Ltd.)",
        "name": "秋篠寺",
        "operator": "Nara Kotsu Bus Lines Co., Ltd.",
        "ref": "",
        "url": "",
        "url2": ""
      }
    },
    {
      "type": "Feature",
      "geometry": {
        "type": "Point",
        "coordinates": [
          135.7708504,
          34.7056569
        ]
      },
      "properties": {
        "内容": "バス停: 秋篠西 (Akishino Nishi) (Nara Kotsu Bus Lines Co., Ltd.)",
        "name": "秋篠西 (Akishino Nishi)",
        "operator": "Nara Kotsu Bus Lines Co., Ltd.",
        "ref": "",
        "url": "",
        "url2": ""
      }
    },
    {
      "type": "Feature",
      "geometry": {
        "type": "Point",
        "coordinates": [
          135.7704556,
          34.7057919
        ]
      },
      "properties": {
        "内容": "バス停: 秋篠西 (Akishino Nishi) (Nara Kotsu Bus Lines Co., Ltd.)",
        "name": "秋篠西 (Akishino Nishi)",
        "operator": "Nara Kotsu Bus Lines Co., Ltd.",
        "ref": "",
        "url": "",
        "url2": ""
      }
    },
    {
      "type": "Feature",
      "geometry": {
        "type": "Point",
        "coordinates": [
          135.7812871,
          34.6949513
        ]
      },
      "properties": {
        "内容": "バス停: 西大寺 (Saidaiji) (Nara Kotsu Bus Lines Co., Ltd.)",
        "name": "西大寺 (Saidaiji)",
        "operator": "Nara Kotsu Bus Lines Co., Ltd.",
        "ref": "",
        "url": "",
        "url2": ""
      }
    },
    {
      "type": "Feature",
      "geometry": {
        "type": "Point",
        "coordinates": [
          135.7811512,
          34.6953506
        ]
      },
      "properties": {
        "内容": "バス停: 西大寺 (Saidaiji) (Nara Kotsu Bus Lines Co., Ltd.)",
        "name": "西大寺 (Saidaiji)",
        "operator": "Nara Kotsu Bus Lines Co., Ltd.",
        "ref": "",
        "url": "",
        "url2": ""
      }
    },
    {
      "type": "Feature",
      "geometry": {
        "type": "Point",
        "coordinates": [
          135.7902269,
          34.6940329
        ]
      },
      "properties": {
        "内容": "バス停: 二条町 (Nijō-chō) (Nara Kotsu Bus Lines Co., Ltd.)",
        "name": "二条町 (Nijō-chō)",
        "operator": "Nara Kotsu Bus Lines Co., Ltd.",
        "ref": "",
        "url": "",
        "url2": ""
      }
    },
    {
      "type": "Feature",
      "geometry": {
        "type": "Point",
        "coordinates": [
          135.7957271,
          34.6971104
        ]
      },
      "properties": {
        "内容": "バス停: 佐紀中町 (奈良交通)",
        "name": "佐紀中町",
        "operator": "奈良交通",
        "ref": "",
        "url": "",
        "url2": ""
      }
    },
    {
      "type": "Feature",
      "geometry": {
        "type": "Point",
        "coordinates": [
          135.7939778,
          34.6942572
        ]
      },
      "properties": {
        "内容": "バス停: 佐紀町 (Saki-chō) (Nara Kotsu Bus Lines Co., Ltd.)",
        "name": "佐紀町 (Saki-chō)",
        "operator": "Nara Kotsu Bus Lines Co., Ltd.",
        "ref": "",
        "url": "",
        "url2": ""
      }
    },
    {
      "type": "Feature",
      "geometry": {
        "type": "Point",
        "coordinates": [
          135.7939653,
          34.6943756
        ]
      },
      "properties": {
        "内容": "バス停: 佐紀町 (Saki-chō) (Nara Kotsu Bus Lines Co., Ltd.)",
        "name": "佐紀町 (Saki-chō)",
        "operator": "Nara Kotsu Bus Lines Co., Ltd.",
        "ref": "",
        "url": "",
        "url2": ""
      }
    },
    {
      "type": "Feature",
      "geometry": {
        "type": "Point",
        "coordinates": [
          135.7956134,
          34.699559
        ]
      },
      "properties": {
        "内容": "バス停: 佐紀県営住宅 (Saki Ken-ei Jūtaku) (Nara Kotsu Bus Lines Co., Ltd.)",
        "name": "佐紀県営住宅 (Saki Ken-ei Jūtaku)",
        "operator": "Nara Kotsu Bus Lines Co., Ltd.",
        "ref": "",
        "url": "",
        "url2": ""
      }
    },
    {
      "type": "Feature",
      "geometry": {
        "type": "Point",
        "coordinates": [
          135.7956509,
          34.6949098
        ]
      },
      "properties": {
        "内容": "バス停: 佐紀駐在所 (Saki Residential Police Box) (Nara Kotsu Bus Lines Co., Ltd.)",
        "name": "佐紀駐在所 (Saki Residential Police Box)",
        "operator": "Nara Kotsu Bus Lines Co., Ltd.",
        "ref": "",
        "url": "",
        "url2": ""
      }
    },
    {
      "type": "Feature",
      "geometry": {
        "type": "Point",
        "coordinates": [
          135.7957153,
          34.6949675
        ]
      },
      "properties": {
        "内容": "バス停: 佐紀駐在所 (Saki Residential Police Box) (Nara Kotsu Bus Lines Co., Ltd.)",
        "name": "佐紀駐在所 (Saki Residential Police Box)",
        "operator": "Nara Kotsu Bus Lines Co., Ltd.",
        "ref": "",
        "url": "",
        "url2": ""
      }
    },
    {
      "type": "Feature",
      "geometry": {
        "type": "Point",
        "coordinates": [
          135.7992274,
          34.6941019
        ]
      },
      "properties": {
        "内容": "バス停: 平城宮跡 (Heijō Palace Site) (Nara Kotsu Bus Lines Co., Ltd.)",
        "name": "平城宮跡 (Heijō Palace Site)",
        "operator": "Nara Kotsu Bus Lines Co., Ltd.",
        "ref": "",
        "url": "",
        "url2": ""
      }
    },
    {
      "type": "Feature",
      "geometry": {
        "type": "Point",
        "coordinates": [
          135.7956297,
          34.7018769
        ]
      },
      "properties": {
        "内容": "バス停: 歌姫町 (Utahime-chō) (Nara Kotsu Bus Lines Co., Ltd.)",
        "name": "歌姫町 (Utahime-chō)",
        "operator": "Nara Kotsu Bus Lines Co., Ltd.",
        "ref": "",
        "url": "",
        "url2": ""
      }
    },
    {
      "type": "Feature",
      "geometry": {
        "type": "Point",
        "coordinates": [
          135.7436571,
          34.6754039
        ]
      },
      "properties": {
        "内容": "バス停: 霊山寺 (Nara Kotsu Bus Lines Co., Ltd.)",
        "name": "霊山寺",
        "operator": "Nara Kotsu Bus Lines Co., Ltd.",
        "ref": "",
        "url": "",
        "url2": ""
      }
    },
    {
      "type": "Feature",
      "geometry": {
        "type": "Point",
        "coordinates": [
          135.7410205,
          34.6801198
        ]
      },
      "properties": {
        "内容": "バス停: 富雄中山 (Nara Kotsu Bus Lines Co., Ltd.)",
        "name": "富雄中山",
        "operator": "Nara Kotsu Bus Lines Co., Ltd.",
        "ref": "",
        "url": "",
        "url2": ""
      }
    },
    {
      "type": "Feature",
      "geometry": {
        "type": "Point",
        "coordinates": [
          135.7437778,
          34.675437
        ]
      },
      "properties": {
        "内容": "バス停: 霊山寺 (Nara Kotsu Bus Lines Co., Ltd.)",
        "name": "霊山寺",
        "operator": "Nara Kotsu Bus Lines Co., Ltd.",
        "ref": "",
        "url": "",
        "url2": ""
      }
    },
    {
      "type": "Feature",
      "geometry": {
        "type": "Point",
        "coordinates": [
          135.7408247,
          34.6801309
        ]
      },
      "properties": {
        "内容": "バス停: 富雄中山 (Nara Kotsu Bus Lines Co., Ltd.)",
        "name": "富雄中山",
        "operator": "Nara Kotsu Bus Lines Co., Ltd.",
        "ref": "",
        "url": "",
        "url2": ""
      }
    },
    {
      "type": "Feature",
      "geometry": {
        "type": "Point",
        "coordinates": [
          135.749529,
          34.6648878
        ]
      },
      "properties": {
        "内容": "バス停: 若草台 (Wakakusadai) (Nara Kotsu Bus Lines Co., Ltd.)",
        "name": "若草台 (Wakakusadai)",
        "operator": "Nara Kotsu Bus Lines Co., Ltd.",
        "ref": "",
        "url": "",
        "url2": ""
      }
    },
    {
      "type": "Feature",
      "geometry": {
        "type": "Point",
        "coordinates": [
          135.8126849,
          34.6915752
        ]
      },
      "properties": {
        "内容": "バス停: 一条高校前 (Nara Kotsu Bus Lines Co., Ltd.)",
        "name": "一条高校前",
        "operator": "Nara Kotsu Bus Lines Co., Ltd.",
        "ref": "",
        "url": "",
        "url2": ""
      }
    },
    {
      "type": "Feature",
      "geometry": {
        "type": "Point",
        "coordinates": [
          135.809831,
          34.6916314
        ]
      },
      "properties": {
        "内容": "バス停: 一条高校前 (Ichijō Kōkō-mae) (Nara Kotsu Bus Lines Co., Ltd.)",
        "name": "一条高校前 (Ichijō Kōkō-mae)",
        "operator": "Nara Kotsu Bus Lines Co., Ltd.",
        "ref": "",
        "url": "",
        "url2": ""
      }
    },
    {
      "type": "Feature",
      "geometry": {
        "type": "Point",
        "coordinates": [
          135.8128518,
          34.6917017
        ]
      },
      "properties": {
        "内容": "バス停: 不退寺口 (Nara Kotsu Bus Lines Co., Ltd.)",
        "name": "不退寺口",
        "operator": "Nara Kotsu Bus Lines Co., Ltd.",
        "ref": "",
        "url": "",
        "url2": ""
      }
    },
    {
      "type": "Feature",
      "geometry": {
        "type": "Point",
        "coordinates": [
          135.8213706,
          34.691557
        ]
      },
      "properties": {
        "内容": "バス停: 佐保小学校 (Saho Elementary School) (Nara Kotsu Bus Lines Co., Ltd.)",
        "name": "佐保小学校 (Saho Elementary School)",
        "operator": "Nara Kotsu Bus Lines Co., Ltd.",
        "ref": "",
        "url": "",
        "url2": ""
      }
    },
    {
      "type": "Feature",
      "geometry": {
        "type": "Point",
        "coordinates": [
          135.8051158,
          34.6940611
        ]
      },
      "properties": {
        "内容": "バス停: 北法華寺町 (Kitahokkeji-chō) (Nara Kotsu Bus Lines Co., Ltd.)",
        "name": "北法華寺町 (Kitahokkeji-chō)",
        "operator": "Nara Kotsu Bus Lines Co., Ltd.",
        "ref": "",
        "url": "",
        "url2": ""
      }
    },
    {
      "type": "Feature",
      "geometry": {
        "type": "Point",
        "coordinates": [
          135.8050873,
          34.6941266
        ]
      },
      "properties": {
        "内容": "バス停: 北法華寺町 (Kitahokkeji-chō) (Nara Kotsu Bus Lines Co., Ltd.)",
        "name": "北法華寺町 (Kitahokkeji-chō)",
        "operator": "Nara Kotsu Bus Lines Co., Ltd.",
        "ref": "",
        "url": "",
        "url2": ""
      }
    },
    {
      "type": "Feature",
      "geometry": {
        "type": "Point",
        "coordinates": [
          135.8193805,
          34.6914994
        ]
      },
      "properties": {
        "内容": "バス停: 奈良高校 (Nara Senior Highschool) (Nara Kotsu Bus Lines Co., Ltd.)",
        "name": "奈良高校 (Nara Senior Highschool)",
        "operator": "Nara Kotsu Bus Lines Co., Ltd.",
        "ref": "",
        "url": "",
        "url2": ""
      }
    },
    {
      "type": "Feature",
      "geometry": {
        "type": "Point",
        "coordinates": [
          135.8177699,
          34.691643
        ]
      },
      "properties": {
        "内容": "バス停: 奈良高校 (Nara Senior Highschool) (Nara Kotsu Bus Lines Co., Ltd.)",
        "name": "奈良高校 (Nara Senior Highschool)",
        "operator": "Nara Kotsu Bus Lines Co., Ltd.",
        "ref": "",
        "url": "",
        "url2": ""
      }
    },
    {
      "type": "Feature",
      "geometry": {
        "type": "Point",
        "coordinates": [
          135.816577,
          34.6915725
        ]
      },
      "properties": {
        "内容": "バス停: 教育大附属中学校 (Nara University of Education Junior High School) (Nara Kotsu Bus Lines Co., Ltd.)",
        "name": "教育大附属中学校 (Nara University of Education Junior High School)",
        "operator": "Nara Kotsu Bus Lines Co., Ltd.",
        "ref": "",
        "url": "",
        "url2": ""
      }
    },
    {
      "type": "Feature",
      "geometry": {
        "type": "Point",
        "coordinates": [
          135.8159766,
          34.6916591
        ]
      },
      "properties": {
        "内容": "バス停: 教育大附属中学校 (Nara University of Education Junior High School) (Nara Kotsu Bus Lines Co., Ltd.)",
        "name": "教育大附属中学校 (Nara University of Education Junior High School)",
        "operator": "Nara Kotsu Bus Lines Co., Ltd.",
        "ref": "",
        "url": "",
        "url2": ""
      }
    },
    {
      "type": "Feature",
      "geometry": {
        "type": "Point",
        "coordinates": [
          135.8065433,
          34.6920306
        ]
      },
      "properties": {
        "内容": "バス停: 法華寺 (Hokkeji) (Nara Kotsu Bus Lines Co., Ltd.)",
        "name": "法華寺 (Hokkeji)",
        "operator": "Nara Kotsu Bus Lines Co., Ltd.",
        "ref": "",
        "url": "",
        "url2": ""
      }
    },
    {
      "type": "Feature",
      "geometry": {
        "type": "Point",
        "coordinates": [
          135.8064584,
          34.6923683
        ]
      },
      "properties": {
        "内容": "バス停: 法華寺 (Hokkeji) (Nara Kotsu Bus Lines Co., Ltd.)",
        "name": "法華寺 (Hokkeji)",
        "operator": "Nara Kotsu Bus Lines Co., Ltd.",
        "ref": "",
        "url": "",
        "url2": ""
      }
    },
    {
      "type": "Feature",
      "geometry": {
        "type": "Point",
        "coordinates": [
          135.8064919,
          34.6934625
        ]
      },
      "properties": {
        "内容": "バス停: 法華寺北町 (Hokkeji-kitamachi) (Nara Kotsu Bus Lines Co., Ltd.)",
        "name": "法華寺北町 (Hokkeji-kitamachi)",
        "operator": "Nara Kotsu Bus Lines Co., Ltd.",
        "ref": "",
        "url": "",
        "url2": ""
      }
    },
    {
      "type": "Feature",
      "geometry": {
        "type": "Point",
        "coordinates": [
          135.8065625,
          34.693518
        ]
      },
      "properties": {
        "内容": "バス停: 法華寺北町 (Hokkeji-kitamachi) (Nara Kotsu Bus Lines Co., Ltd.)",
        "name": "法華寺北町 (Hokkeji-kitamachi)",
        "operator": "Nara Kotsu Bus Lines Co., Ltd.",
        "ref": "",
        "url": "",
        "url2": ""
      }
    },
    {
      "type": "Feature",
      "geometry": {
        "type": "Point",
        "coordinates": [
          135.8241696,
          34.6916412
        ]
      },
      "properties": {
        "内容": "バス停: 育英学園 (Ikuei Gakuen) (Nara Kotsu Bus Lines Co., Ltd.)",
        "name": "育英学園 (Ikuei Gakuen)",
        "operator": "Nara Kotsu Bus Lines Co., Ltd.",
        "ref": "",
        "url": "",
        "url2": ""
      }
    },
    {
      "type": "Feature",
      "geometry": {
        "type": "Point",
        "coordinates": [
          135.8239772,
          34.6917017
        ]
      },
      "properties": {
        "内容": "バス停: 育英学園 (Ikuei Gakuen) (Nara Kotsu Bus Lines Co., Ltd.)",
        "name": "育英学園 (Ikuei Gakuen)",
        "operator": "Nara Kotsu Bus Lines Co., Ltd.",
        "ref": "",
        "url": "",
        "url2": ""
      }
    },
    {
      "type": "Feature",
      "geometry": {
        "type": "Point",
        "coordinates": [
          135.8063889,
          34.6968666
        ]
      },
      "properties": {
        "内容": "バス停: 航空自衛隊 (Kōkū Jieitai) (Nara Kotsu Bus Lines Co., Ltd.)",
        "name": "航空自衛隊 (Kōkū Jieitai)",
        "operator": "Nara Kotsu Bus Lines Co., Ltd.",
        "ref": "",
        "url": "",
        "url2": ""
      }
    },
    {
      "type": "Feature",
      "geometry": {
        "type": "Point",
        "coordinates": [
          135.734219,
          34.6937016
        ]
      },
      "properties": {
        "内容": "バス停: 富雄駅 西口 (Nara Kotsu Bus Lines Co., Ltd.)",
        "name": "富雄駅 西口",
        "operator": "Nara Kotsu Bus Lines Co., Ltd.",
        "ref": "降車専用",
        "url": "",
        "url2": ""
      }
    },
    {
      "type": "Feature",
      "geometry": {
        "type": "Point",
        "coordinates": [
          135.7409086,
          34.7042068
        ]
      },
      "properties": {
        "内容": "バス停: 学園緑ヶ丘一丁目 (Gakuemmidorigaoka 1-chōme) (Nara Kotsu Bus Lines Co., Ltd.)",
        "name": "学園緑ヶ丘一丁目 (Gakuemmidorigaoka 1-chōme)",
        "operator": "Nara Kotsu Bus Lines Co., Ltd.",
        "ref": "",
        "url": "",
        "url2": ""
      }
    },
    {
      "type": "Feature",
      "geometry": {
        "type": "Point",
        "coordinates": [
          135.7416713,
          34.7034693
        ]
      },
      "properties": {
        "内容": "バス停: 学園緑ヶ丘二丁目 (Gakuemmidorigaoka 2-chōme) (Nara Kotsu Bus Lines Co., Ltd.)",
        "name": "学園緑ヶ丘二丁目 (Gakuemmidorigaoka 2-chōme)",
        "operator": "Nara Kotsu Bus Lines Co., Ltd.",
        "ref": "",
        "url": "",
        "url2": ""
      }
    },
    {
      "type": "Feature",
      "geometry": {
        "type": "Point",
        "coordinates": [
          135.7423612,
          34.7038012
        ]
      },
      "properties": {
        "内容": "バス停: 学園緑ヶ丘二丁目 (Gakuemmidorigaoka 2-chōme) (Nara Kotsu Bus Lines Co., Ltd.)",
        "name": "学園緑ヶ丘二丁目 (Gakuemmidorigaoka 2-chōme)",
        "operator": "Nara Kotsu Bus Lines Co., Ltd.",
        "ref": "",
        "url": "",
        "url2": ""
      }
    },
    {
      "type": "Feature",
      "geometry": {
        "type": "Point",
        "coordinates": [
          135.7420374,
          34.7045526
        ]
      },
      "properties": {
        "内容": "バス停: 学園緑ヶ丘二丁目北口 (Gakuemmidorigaoka 2-chōme Kitaguchi) (Nara Kotsu Bus Lines Co., Ltd.)",
        "name": "学園緑ヶ丘二丁目北口 (Gakuemmidorigaoka 2-chōme Kitaguchi)",
        "operator": "Nara Kotsu Bus Lines Co., Ltd.",
        "ref": "",
        "url": "",
        "url2": ""
      }
    },
    {
      "type": "Feature",
      "geometry": {
        "type": "Point",
        "coordinates": [
          135.7419467,
          34.70473
        ]
      },
      "properties": {
        "内容": "バス停: 学園緑ヶ丘二丁目北口 (Gakuemmidorigaoka 2-chōme Kitaguchi) (Nara Kotsu Bus Lines Co., Ltd.)",
        "name": "学園緑ヶ丘二丁目北口 (Gakuemmidorigaoka 2-chōme Kitaguchi)",
        "operator": "Nara Kotsu Bus Lines Co., Ltd.",
        "ref": "",
        "url": "",
        "url2": ""
      }
    },
    {
      "type": "Feature",
      "geometry": {
        "type": "Point",
        "coordinates": [
          135.7412506,
          34.6994152
        ]
      },
      "properties": {
        "内容": "バス停: 百楽園三丁目 (Hyakurakuen 3-chōme) (Nara Kotsu Bus Lines Co., Ltd.)",
        "name": "百楽園三丁目 (Hyakurakuen 3-chōme)",
        "operator": "Nara Kotsu Bus Lines Co., Ltd.",
        "ref": "",
        "url": "",
        "url2": ""
      }
    },
    {
      "type": "Feature",
      "geometry": {
        "type": "Point",
        "coordinates": [
          135.7413231,
          34.699443
        ]
      },
      "properties": {
        "内容": "バス停: 百楽園三丁目 (Hyakurakuen 3-chōme) (Nara Kotsu Bus Lines Co., Ltd.)",
        "name": "百楽園三丁目 (Hyakurakuen 3-chōme)",
        "operator": "Nara Kotsu Bus Lines Co., Ltd.",
        "ref": "",
        "url": "",
        "url2": ""
      }
    },
    {
      "type": "Feature",
      "geometry": {
        "type": "Point",
        "coordinates": [
          135.7412052,
          34.6962201
        ]
      },
      "properties": {
        "内容": "バス停: 百楽園 二丁目 (Nara Kotsu Bus Lines Co., Ltd.)",
        "name": "百楽園 二丁目",
        "operator": "Nara Kotsu Bus Lines Co., Ltd.",
        "ref": "",
        "url": "",
        "url2": ""
      }
    },
    {
      "type": "Feature",
      "geometry": {
        "type": "Point",
        "coordinates": [
          135.7411782,
          34.6966886
        ]
      },
      "properties": {
        "内容": "バス停: 百楽園 二丁目 (Nara Kotsu Bus Lines Co., Ltd.)",
        "name": "百楽園 二丁目",
        "operator": "Nara Kotsu Bus Lines Co., Ltd.",
        "ref": "",
        "url": "",
        "url2": ""
      }
    },
    {
      "type": "Feature",
      "geometry": {
        "type": "Point",
        "coordinates": [
          135.7416191,
          34.701431
        ]
      },
      "properties": {
        "内容": "バス停: 百楽園五丁目 (Hyakurakuen 5-chōme) (Nara Kotsu Bus Lines Co., Ltd.)",
        "name": "百楽園五丁目 (Hyakurakuen 5-chōme)",
        "operator": "Nara Kotsu Bus Lines Co., Ltd.",
        "ref": "",
        "url": "",
        "url2": ""
      }
    },
    {
      "type": "Feature",
      "geometry": {
        "type": "Point",
        "coordinates": [
          135.7416358,
          34.7023374
        ]
      },
      "properties": {
        "内容": "バス停: 百楽園五丁目 (Hyakurakuen 5-chōme) (Nara Kotsu Bus Lines Co., Ltd.)",
        "name": "百楽園五丁目 (Hyakurakuen 5-chōme)",
        "operator": "Nara Kotsu Bus Lines Co., Ltd.",
        "ref": "",
        "url": "",
        "url2": ""
      }
    },
    {
      "type": "Feature",
      "geometry": {
        "type": "Point",
        "coordinates": [
          135.7407108,
          34.7009236
        ]
      },
      "properties": {
        "内容": "バス停: 百楽園四丁目 (Hyakurakuen 4-chōme) (Nara Kotsu Bus Lines Co., Ltd.)",
        "name": "百楽園四丁目 (Hyakurakuen 4-chōme)",
        "operator": "Nara Kotsu Bus Lines Co., Ltd.",
        "ref": "",
        "url": "",
        "url2": ""
      }
    },
    {
      "type": "Feature",
      "geometry": {
        "type": "Point",
        "coordinates": [
          135.7408097,
          34.7009506
        ]
      },
      "properties": {
        "内容": "バス停: 百楽園四丁目 (Hyakurakuen 4-chōme) (Nara Kotsu Bus Lines Co., Ltd.)",
        "name": "百楽園四丁目 (Hyakurakuen 4-chōme)",
        "operator": "Nara Kotsu Bus Lines Co., Ltd.",
        "ref": "",
        "url": "",
        "url2": ""
      }
    },
    {
      "type": "Feature",
      "geometry": {
        "type": "Point",
        "coordinates": [
          135.7558874,
          34.6666618
        ]
      },
      "properties": {
        "内容": "バス停: 丸山橋 (Maruyamabashi) (Nara Kotsu Bus Lines Co., Ltd.)",
        "name": "丸山橋 (Maruyamabashi)",
        "operator": "Nara Kotsu Bus Lines Co., Ltd.",
        "ref": "",
        "url": "",
        "url2": ""
      }
    },
    {
      "type": "Feature",
      "geometry": {
        "type": "Point",
        "coordinates": [
          135.7557687,
          34.6667694
        ]
      },
      "properties": {
        "内容": "バス停: 丸山橋 (Maruyamabashi) (Nara Kotsu Bus Lines Co., Ltd.)",
        "name": "丸山橋 (Maruyamabashi)",
        "operator": "Nara Kotsu Bus Lines Co., Ltd.",
        "ref": "",
        "url": "",
        "url2": ""
      }
    },
    {
      "type": "Feature",
      "geometry": {
        "type": "Point",
        "coordinates": [
          135.7504747,
          34.697438
        ]
      },
      "properties": {
        "内容": "バス停: 学園前駅 (北) (Nara Kotsu Bus Lines Co., Ltd.)",
        "name": "学園前駅 (北)",
        "operator": "Nara Kotsu Bus Lines Co., Ltd.",
        "ref": "5",
        "url": "",
        "url2": ""
      }
    },
    {
      "type": "Feature",
      "geometry": {
        "type": "Point",
        "coordinates": [
          135.7506024,
          34.6974469
        ]
      },
      "properties": {
        "内容": "バス停: 学園前駅 (北) (Nara Kotsu Bus Lines Co., Ltd.)",
        "name": "学園前駅 (北)",
        "operator": "Nara Kotsu Bus Lines Co., Ltd.",
        "ref": "6",
        "url": "",
        "url2": ""
      }
    },
    {
      "type": "Feature",
      "geometry": {
        "type": "Point",
        "coordinates": [
          135.7507517,
          34.6974611
        ]
      },
      "properties": {
        "内容": "バス停: 学園前駅 (北) (Nara Kotsu Bus Lines Co., Ltd.)",
        "name": "学園前駅 (北)",
        "operator": "Nara Kotsu Bus Lines Co., Ltd.",
        "ref": "7",
        "url": "",
        "url2": ""
      }
    },
    {
      "type": "Feature",
      "geometry": {
        "type": "Point",
        "coordinates": [
          135.7503362,
          34.6976355
        ]
      },
      "properties": {
        "内容": "バス停: 学園前駅 (北) (Nara Kotsu Bus Lines Co., Ltd.)",
        "name": "学園前駅 (北)",
        "operator": "Nara Kotsu Bus Lines Co., Ltd.",
        "ref": "3",
        "url": "",
        "url2": ""
      }
    },
    {
      "type": "Feature",
      "geometry": {
        "type": "Point",
        "coordinates": [
          135.7505353,
          34.6977742
        ]
      },
      "properties": {
        "内容": "バス停: 学園前駅 (北) (Nara Kotsu Bus Lines Co., Ltd.)",
        "name": "学園前駅 (北)",
        "operator": "Nara Kotsu Bus Lines Co., Ltd.",
        "ref": "2",
        "url": "",
        "url2": ""
      }
    },
    {
      "type": "Feature",
      "geometry": {
        "type": "Point",
        "coordinates": [
          135.7507106,
          34.6977867
        ]
      },
      "properties": {
        "内容": "バス停: 学園前駅 (北) (Nara Kotsu Bus Lines Co., Ltd.)",
        "name": "学園前駅 (北)",
        "operator": "Nara Kotsu Bus Lines Co., Ltd.",
        "ref": "1",
        "url": "",
        "url2": ""
      }
    },
    {
      "type": "Feature",
      "geometry": {
        "type": "Point",
        "coordinates": [
          135.7506478,
          34.6967193
        ]
      },
      "properties": {
        "内容": "バス停: 学園前駅 (南) (Nara Kotsu Bus Lines Co., Ltd.)",
        "name": "学園前駅 (南)",
        "operator": "Nara Kotsu Bus Lines Co., Ltd.",
        "ref": "3",
        "url": "",
        "url2": ""
      }
    },
    {
      "type": "Feature",
      "geometry": {
        "type": "Point",
        "coordinates": [
          135.7506716,
          34.696778
        ]
      },
      "properties": {
        "内容": "バス停: 学園前駅 (南) (Nara Kotsu Bus Lines Co., Ltd.)",
        "name": "学園前駅 (南)",
        "operator": "Nara Kotsu Bus Lines Co., Ltd.",
        "ref": "2",
        "url": "",
        "url2": ""
      }
    },
    {
      "type": "Feature",
      "geometry": {
        "type": "Point",
        "coordinates": [
          135.7355304,
          34.6935923
        ]
      },
      "properties": {
        "内容": "バス停: 富雄駅 (Nara Kotsu Bus Lines Co., Ltd.)",
        "name": "富雄駅",
        "operator": "Nara Kotsu Bus Lines Co., Ltd.",
        "ref": "1",
        "url": "",
        "url2": ""
      }
    },
    {
      "type": "Feature",
      "geometry": {
        "type": "Point",
        "coordinates": [
          135.7349867,
          34.6939388
        ]
      },
      "properties": {
        "内容": "バス停: 富雄駅 (Nara Kotsu Bus Lines Co., Ltd.)",
        "name": "富雄駅",
        "operator": "Nara Kotsu Bus Lines Co., Ltd.",
        "ref": "おりば",
        "url": "",
        "url2": ""
      }
    },
    {
      "type": "Feature",
      "geometry": {
        "type": "Point",
        "coordinates": [
          135.7354548,
          34.6941494
        ]
      },
      "properties": {
        "内容": "バス停: 富雄駅 (Nara Kotsu Bus Lines Co., Ltd.)",
        "name": "富雄駅",
        "operator": "Nara Kotsu Bus Lines Co., Ltd.",
        "ref": "育英西校",
        "url": "",
        "url2": ""
      }
    },
    {
      "type": "Feature",
      "geometry": {
        "type": "Point",
        "coordinates": [
          135.7560467,
          34.6731229
        ]
      },
      "properties": {
        "内容": "バス停: 熊取 (Kumatori) (Nara Kotsu Bus Lines Co., Ltd.)",
        "name": "熊取 (Kumatori)",
        "operator": "Nara Kotsu Bus Lines Co., Ltd.",
        "ref": "",
        "url": "",
        "url2": ""
      }
    },
    {
      "type": "Feature",
      "geometry": {
        "type": "Point",
        "coordinates": [
          135.7564732,
          34.673171
        ]
      },
      "properties": {
        "内容": "バス停: 熊取 (Nara Kotsu Bus Lines Co., Ltd.)",
        "name": "熊取",
        "operator": "Nara Kotsu Bus Lines Co., Ltd.",
        "ref": "",
        "url": "",
        "url2": ""
      }
    },
    {
      "type": "Feature",
      "geometry": {
        "type": "Point",
        "coordinates": [
          135.7549727,
          34.673174
        ]
      },
      "properties": {
        "内容": "バス停: 砂茶屋 (Nara Kotsu Bus Lines Co., Ltd.)",
        "name": "砂茶屋",
        "operator": "Nara Kotsu Bus Lines Co., Ltd.",
        "ref": "",
        "url": "",
        "url2": ""
      }
    },
    {
      "type": "Feature",
      "geometry": {
        "type": "Point",
        "coordinates": [
          135.7546178,
          34.673837
        ]
      },
      "properties": {
        "内容": "バス停: 砂茶屋 (Nara Kotsu Bus Lines Co., Ltd.)",
        "name": "砂茶屋",
        "operator": "Nara Kotsu Bus Lines Co., Ltd.",
        "ref": "",
        "url": "",
        "url2": ""
      }
    },
    {
      "type": "Feature",
      "geometry": {
        "type": "Point",
        "coordinates": [
          135.7514577,
          34.6659792
        ]
      },
      "properties": {
        "内容": "バス停: 若草台中央 (Wakakusadai Chūō) (Nara Kotsu Bus Lines Co., Ltd.)",
        "name": "若草台中央 (Wakakusadai Chūō)",
        "operator": "Nara Kotsu Bus Lines Co., Ltd.",
        "ref": "",
        "url": "",
        "url2": ""
      }
    },
    {
      "type": "Feature",
      "geometry": {
        "type": "Point",
        "coordinates": [
          135.7509647,
          34.6661812
        ]
      },
      "properties": {
        "内容": "バス停: 若草台中央 (Wakakusadai Chūō) (Nara Kotsu Bus Lines Co., Ltd.)",
        "name": "若草台中央 (Wakakusadai Chūō)",
        "operator": "Nara Kotsu Bus Lines Co., Ltd.",
        "ref": "",
        "url": "",
        "url2": ""
      }
    },
    {
      "type": "Feature",
      "geometry": {
        "type": "Point",
        "coordinates": [
          135.7488546,
          34.6748636
        ]
      },
      "properties": {
        "内容": "バス停: 藤の木 (Nara Kotsu Bus Lines Co., Ltd.)",
        "name": "藤の木",
        "operator": "Nara Kotsu Bus Lines Co., Ltd.",
        "ref": "",
        "url": "",
        "url2": ""
      }
    },
    {
      "type": "Feature",
      "geometry": {
        "type": "Point",
        "coordinates": [
          135.7488037,
          34.6749287
        ]
      },
      "properties": {
        "内容": "バス停: 藤の木 (Nara Kotsu Bus Lines Co., Ltd.)",
        "name": "藤の木",
        "operator": "Nara Kotsu Bus Lines Co., Ltd.",
        "ref": "",
        "url": "",
        "url2": ""
      }
    },
    {
      "type": "Feature",
      "geometry": {
        "type": "Point",
        "coordinates": [
          135.7565848,
          34.6799693
        ]
      },
      "properties": {
        "内容": "バス停: 藤の木台一丁目 (Nara Kotsu Bus Lines Co., Ltd.)",
        "name": "藤の木台一丁目",
        "operator": "Nara Kotsu Bus Lines Co., Ltd.",
        "ref": "",
        "url": "",
        "url2": ""
      }
    },
    {
      "type": "Feature",
      "geometry": {
        "type": "Point",
        "coordinates": [
          135.7566871,
          34.6804254
        ]
      },
      "properties": {
        "内容": "バス停: 藤の木台一丁目 (Nara Kotsu Bus Lines Co., Ltd.)",
        "name": "藤の木台一丁目",
        "operator": "Nara Kotsu Bus Lines Co., Ltd.",
        "ref": "",
        "url": "",
        "url2": ""
      }
    },
    {
      "type": "Feature",
      "geometry": {
        "type": "Point",
        "coordinates": [
          135.7582539,
          34.6776077
        ]
      },
      "properties": {
        "内容": "バス停: 藤の木台二丁目 (Nara Kotsu Bus Lines Co., Ltd.)",
        "name": "藤の木台二丁目",
        "operator": "Nara Kotsu Bus Lines Co., Ltd.",
        "ref": "",
        "url": "",
        "url2": ""
      }
    },
    {
      "type": "Feature",
      "geometry": {
        "type": "Point",
        "coordinates": [
          135.757636,
          34.6778416
        ]
      },
      "properties": {
        "内容": "バス停: 藤の木台二丁目 (Nara Kotsu Bus Lines Co., Ltd.)",
        "name": "藤の木台二丁目",
        "operator": "Nara Kotsu Bus Lines Co., Ltd.",
        "ref": "",
        "url": "",
        "url2": ""
      }
    },
    {
      "type": "Feature",
      "geometry": {
        "type": "Point",
        "coordinates": [
          135.7570851,
          34.6751474
        ]
      },
      "properties": {
        "内容": "バス停: 藤の木台四丁目 (Nara Kotsu Bus Lines Co., Ltd.)",
        "name": "藤の木台四丁目",
        "operator": "Nara Kotsu Bus Lines Co., Ltd.",
        "ref": "",
        "url": "",
        "url2": ""
      }
    },
    {
      "type": "Feature",
      "geometry": {
        "type": "Point",
        "coordinates": [
          135.7571587,
          34.6756692
        ]
      },
      "properties": {
        "内容": "バス停: 藤の木台四丁目 (Nara Kotsu Bus Lines Co., Ltd.)",
        "name": "藤の木台四丁目",
        "operator": "Nara Kotsu Bus Lines Co., Ltd.",
        "ref": "",
        "url": "",
        "url2": ""
      }
    },
    {
      "type": "Feature",
      "geometry": {
        "type": "Point",
        "coordinates": [
          135.7194314,
          34.7121002
        ]
      },
      "properties": {
        "内容": "バス停: あすか野センター (Asukano Center) (Nara Kotsu Bus Lines Co., Ltd.)",
        "name": "あすか野センター (Asukano Center)",
        "operator": "Nara Kotsu Bus Lines Co., Ltd.",
        "ref": "",
        "url": "",
        "url2": ""
      }
    },
    {
      "type": "Feature",
      "geometry": {
        "type": "Point",
        "coordinates": [
          135.7467439,
          34.7082226
        ]
      },
      "properties": {
        "内容": "バス停: 大渕橋 (Nara Kotsu Bus Lines Co., Ltd.)",
        "name": "大渕橋",
        "operator": "Nara Kotsu Bus Lines Co., Ltd.",
        "ref": "",
        "url": "",
        "url2": ""
      }
    },
    {
      "type": "Feature",
      "geometry": {
        "type": "Point",
        "coordinates": [
          135.7467961,
          34.7086303
        ]
      },
      "properties": {
        "内容": "バス停: 大渕橋 (Nara Kotsu Bus Lines Co., Ltd.)",
        "name": "大渕橋",
        "operator": "Nara Kotsu Bus Lines Co., Ltd.",
        "ref": "",
        "url": "",
        "url2": ""
      }
    },
    {
      "type": "Feature",
      "geometry": {
        "type": "Point",
        "coordinates": [
          135.7284095,
          34.7144785
        ]
      },
      "properties": {
        "内容": "バス停: 奈良北高校 (Narakita Senior Highschool) (Nara Kotsu Bus Lines Co., Ltd.)",
        "name": "奈良北高校 (Narakita Senior Highschool)",
        "operator": "Nara Kotsu Bus Lines Co., Ltd.",
        "ref": "",
        "url": "",
        "url2": ""
      }
    },
    {
      "type": "Feature",
      "geometry": {
        "type": "Point",
        "coordinates": [
          135.7366546,
          34.7162426
        ]
      },
      "properties": {
        "内容": "バス停: 松陽台二丁目 (Shōyōdai 2-chōme) (Nara Kotsu Bus Lines Co., Ltd.)",
        "name": "松陽台二丁目 (Shōyōdai 2-chōme)",
        "operator": "Nara Kotsu Bus Lines Co., Ltd.",
        "ref": "",
        "url": "",
        "url2": ""
      }
    },
    {
      "type": "Feature",
      "geometry": {
        "type": "Point",
        "coordinates": [
          135.7356887,
          34.716475
        ]
      },
      "properties": {
        "内容": "バス停: 松陽台二丁目 (Shōyōdai 2-chōme) (Nara Kotsu Bus Lines Co., Ltd.)",
        "name": "松陽台二丁目 (Shōyōdai 2-chōme)",
        "operator": "Nara Kotsu Bus Lines Co., Ltd.",
        "ref": "",
        "url": "",
        "url2": ""
      }
    },
    {
      "type": "Feature",
      "geometry": {
        "type": "Point",
        "coordinates": [
          135.7496445,
          34.7083541
        ]
      },
      "properties": {
        "内容": "バス停: 登美ヶ丘一丁目 (Nara Kotsu Bus Lines Co., Ltd.)",
        "name": "登美ヶ丘一丁目",
        "operator": "Nara Kotsu Bus Lines Co., Ltd.",
        "ref": "",
        "url": "",
        "url2": ""
      }
    },
    {
      "type": "Feature",
      "geometry": {
        "type": "Point",
        "coordinates": [
          135.7493015,
          34.7084553
        ]
      },
      "properties": {
        "内容": "バス停: 登美ヶ丘一丁目 (Nara Kotsu Bus Lines Co., Ltd.)",
        "name": "登美ヶ丘一丁目",
        "operator": "Nara Kotsu Bus Lines Co., Ltd.",
        "ref": "",
        "url": "",
        "url2": ""
      }
    },
    {
      "type": "Feature",
      "geometry": {
        "type": "Point",
        "coordinates": [
          135.7501852,
          34.7088831
        ]
      },
      "properties": {
        "内容": "バス停: 登美ヶ丘一丁目 (Nara Kotsu Bus Lines Co., Ltd.)",
        "name": "登美ヶ丘一丁目",
        "operator": "Nara Kotsu Bus Lines Co., Ltd.",
        "ref": "",
        "url": "",
        "url2": ""
      }
    },
    {
      "type": "Feature",
      "geometry": {
        "type": "Point",
        "coordinates": [
          135.7503015,
          34.7090026
        ]
      },
      "properties": {
        "内容": "バス停: 登美ヶ丘一丁目 (Nara Kotsu Bus Lines Co., Ltd.)",
        "name": "登美ヶ丘一丁目",
        "operator": "Nara Kotsu Bus Lines Co., Ltd.",
        "ref": "",
        "url": "",
        "url2": ""
      }
    },
    {
      "type": "Feature",
      "geometry": {
        "type": "Point",
        "coordinates": [
          135.725242,
          34.7232031
        ]
      },
      "properties": {
        "内容": "バス停: 真弓一丁目 (Mayumi 1-chōme) (Nara Kotsu Bus Lines Co., Ltd.)",
        "name": "真弓一丁目 (Mayumi 1-chōme)",
        "operator": "Nara Kotsu Bus Lines Co., Ltd.",
        "ref": "",
        "url": "",
        "url2": ""
      }
    },
    {
      "type": "Feature",
      "geometry": {
        "type": "Point",
        "coordinates": [
          135.7252984,
          34.7232692
        ]
      },
      "properties": {
        "内容": "バス停: 真弓一丁目 (Mayumi 1-chōme) (Nara Kotsu Bus Lines Co., Ltd.)",
        "name": "真弓一丁目 (Mayumi 1-chōme)",
        "operator": "Nara Kotsu Bus Lines Co., Ltd.",
        "ref": "",
        "url": "",
        "url2": ""
      }
    },
    {
      "type": "Feature",
      "geometry": {
        "type": "Point",
        "coordinates": [
          135.7301586,
          34.7198606
        ]
      },
      "properties": {
        "内容": "バス停: 真弓三丁目 (Mayumi 3-chōme) (Nara Kotsu Bus Lines Co., Ltd.)",
        "name": "真弓三丁目 (Mayumi 3-chōme)",
        "operator": "Nara Kotsu Bus Lines Co., Ltd.",
        "ref": "",
        "url": "",
        "url2": ""
      }
    },
    {
      "type": "Feature",
      "geometry": {
        "type": "Point",
        "coordinates": [
          135.7302511,
          34.7198809
        ]
      },
      "properties": {
        "内容": "バス停: 真弓三丁目 (Mayumi 3-chōme) (Nara Kotsu Bus Lines Co., Ltd.)",
        "name": "真弓三丁目 (Mayumi 3-chōme)",
        "operator": "Nara Kotsu Bus Lines Co., Ltd.",
        "ref": "",
        "url": "",
        "url2": ""
      }
    },
    {
      "type": "Feature",
      "geometry": {
        "type": "Point",
        "coordinates": [
          135.7280161,
          34.7220159
        ]
      },
      "properties": {
        "内容": "バス停: 真弓二丁目 (Mayumi 2-chōme) (Nara Kotsu Bus Lines Co., Ltd.)",
        "name": "真弓二丁目 (Mayumi 2-chōme)",
        "operator": "Nara Kotsu Bus Lines Co., Ltd.",
        "ref": "",
        "url": "",
        "url2": ""
      }
    },
    {
      "type": "Feature",
      "geometry": {
        "type": "Point",
        "coordinates": [
          135.7279606,
          34.7221409
        ]
      },
      "properties": {
        "内容": "バス停: 真弓二丁目 (Mayumi 2-chōme) (Nara Kotsu Bus Lines Co., Ltd.)",
        "name": "真弓二丁目 (Mayumi 2-chōme)",
        "operator": "Nara Kotsu Bus Lines Co., Ltd.",
        "ref": "",
        "url": "",
        "url2": ""
      }
    },
    {
      "type": "Feature",
      "geometry": {
        "type": "Point",
        "coordinates": [
          135.7332739,
          34.7174906
        ]
      },
      "properties": {
        "内容": "バス停: 真弓四丁目 (Mayumi 4-chōme) (Nara Kotsu Bus Lines Co., Ltd.)",
        "name": "真弓四丁目 (Mayumi 4-chōme)",
        "operator": "Nara Kotsu Bus Lines Co., Ltd.",
        "ref": "",
        "url": "",
        "url2": ""
      }
    },
    {
      "type": "Feature",
      "geometry": {
        "type": "Point",
        "coordinates": [
          135.7322121,
          34.7179801
        ]
      },
      "properties": {
        "内容": "バス停: 真弓四丁目 (Mayumi 4-chōme) (Nara Kotsu Bus Lines Co., Ltd.)",
        "name": "真弓四丁目 (Mayumi 4-chōme)",
        "operator": "Nara Kotsu Bus Lines Co., Ltd.",
        "ref": "",
        "url": "",
        "url2": ""
      }
    },
    {
      "type": "Feature",
      "geometry": {
        "type": "Point",
        "coordinates": [
          135.7464687,
          34.7122185
        ]
      },
      "properties": {
        "内容": "バス停: 西登美ヶ丘一丁目 (Nara Kotsu Bus Lines Co., Ltd.)",
        "name": "西登美ヶ丘一丁目",
        "operator": "Nara Kotsu Bus Lines Co., Ltd.",
        "ref": "",
        "url": "",
        "url2": ""
      }
    },
    {
      "type": "Feature",
      "geometry": {
        "type": "Point",
        "coordinates": [
          135.7464975,
          34.7123486
        ]
      },
      "properties": {
        "内容": "バス停: 西登美ヶ丘一丁目 (Nara Kotsu Bus Lines Co., Ltd.)",
        "name": "西登美ヶ丘一丁目",
        "operator": "Nara Kotsu Bus Lines Co., Ltd.",
        "ref": "",
        "url": "",
        "url2": ""
      }
    },
    {
      "type": "Feature",
      "geometry": {
        "type": "Point",
        "coordinates": [
          135.745077,
          34.71407
        ]
      },
      "properties": {
        "内容": "バス停: 西登美ヶ丘二丁目 (Nishitomigaoka 2-chōme) (Nara Kotsu Bus Lines Co., Ltd.)",
        "name": "西登美ヶ丘二丁目 (Nishitomigaoka 2-chōme)",
        "operator": "Nara Kotsu Bus Lines Co., Ltd.",
        "ref": "",
        "url": "",
        "url2": ""
      }
    },
    {
      "type": "Feature",
      "geometry": {
        "type": "Point",
        "coordinates": [
          135.7450072,
          34.7142922
        ]
      },
      "properties": {
        "内容": "バス停: 西登美ヶ丘二丁目 (Nishitomigaoka 2-chōme) (Nara Kotsu Bus Lines Co., Ltd.)",
        "name": "西登美ヶ丘二丁目 (Nishitomigaoka 2-chōme)",
        "operator": "Nara Kotsu Bus Lines Co., Ltd.",
        "ref": "",
        "url": "",
        "url2": ""
      }
    },
    {
      "type": "Feature",
      "geometry": {
        "type": "Point",
        "coordinates": [
          135.7404865,
          34.7152665
        ]
      },
      "properties": {
        "内容": "バス停: 西登美ヶ丘四丁目 (Nishitomigaoka 4-chōme) (Nara Kotsu Bus Lines Co., Ltd.)",
        "name": "西登美ヶ丘四丁目 (Nishitomigaoka 4-chōme)",
        "operator": "Nara Kotsu Bus Lines Co., Ltd.",
        "ref": "",
        "url": "",
        "url2": ""
      }
    },
    {
      "type": "Feature",
      "geometry": {
        "type": "Point",
        "coordinates": [
          135.7400738,
          34.7155967
        ]
      },
      "properties": {
        "内容": "バス停: 西登美ヶ丘四丁目 (Nishitomigaoka 4-chōme) (Nara Kotsu Bus Lines Co., Ltd.)",
        "name": "西登美ヶ丘四丁目 (Nishitomigaoka 4-chōme)",
        "operator": "Nara Kotsu Bus Lines Co., Ltd.",
        "ref": "",
        "url": "",
        "url2": ""
      }
    },
    {
      "type": "Feature",
      "geometry": {
        "type": "Point",
        "coordinates": [
          135.7507061,
          34.7010404
        ]
      },
      "properties": {
        "内容": "バス停: 鶴舞町一丁目 (Nara Kotsu Bus Lines Co., Ltd.)",
        "name": "鶴舞町一丁目",
        "operator": "Nara Kotsu Bus Lines Co., Ltd.",
        "ref": "",
        "url": "",
        "url2": ""
      }
    },
    {
      "type": "Feature",
      "geometry": {
        "type": "Point",
        "coordinates": [
          135.7505642,
          34.7012905
        ]
      },
      "properties": {
        "内容": "バス停: 鶴舞町一丁目 (Nara Kotsu Bus Lines Co., Ltd.)",
        "name": "鶴舞町一丁目",
        "operator": "Nara Kotsu Bus Lines Co., Ltd.",
        "ref": "",
        "url": "",
        "url2": ""
      }
    },
    {
      "type": "Feature",
      "geometry": {
        "type": "Point",
        "coordinates": [
          135.7503091,
          34.7025623
        ]
      },
      "properties": {
        "内容": "バス停: 鶴舞町二丁目 (Nara Kotsu Bus Lines Co., Ltd.)",
        "name": "鶴舞町二丁目",
        "operator": "Nara Kotsu Bus Lines Co., Ltd.",
        "ref": "",
        "url": "",
        "url2": ""
      }
    },
    {
      "type": "Feature",
      "geometry": {
        "type": "Point",
        "coordinates": [
          135.7504001,
          34.702976
        ]
      },
      "properties": {
        "内容": "バス停: 鶴舞町二丁目 (Nara Kotsu Bus Lines Co., Ltd.)",
        "name": "鶴舞町二丁目",
        "operator": "Nara Kotsu Bus Lines Co., Ltd.",
        "ref": "",
        "url": "",
        "url2": ""
      }
    },
    {
      "type": "Feature",
      "geometry": {
        "type": "Point",
        "coordinates": [
          135.750314,
          34.7041323
        ]
      },
      "properties": {
        "内容": "バス停: 鶴舞町六丁目 (Nara Kotsu Bus Lines Co., Ltd.)",
        "name": "鶴舞町六丁目",
        "operator": "Nara Kotsu Bus Lines Co., Ltd.",
        "ref": "",
        "url": "",
        "url2": ""
      }
    },
    {
      "type": "Feature",
      "geometry": {
        "type": "Point",
        "coordinates": [
          135.7502585,
          34.7046951
        ]
      },
      "properties": {
        "内容": "バス停: 鶴舞町六丁目 (Nara Kotsu Bus Lines Co., Ltd.)",
        "name": "鶴舞町六丁目",
        "operator": "Nara Kotsu Bus Lines Co., Ltd.",
        "ref": "",
        "url": "",
        "url2": ""
      }
    },
    {
      "type": "Feature",
      "geometry": {
        "type": "Point",
        "coordinates": [
          135.7551637,
          34.7099268
        ]
      },
      "properties": {
        "内容": "バス停: 中山町西一丁目 (Nakayama-chō Nishi 1-chōme) (Nara Kotsu Bus Lines Co., Ltd.)",
        "name": "中山町西一丁目 (Nakayama-chō Nishi 1-chōme)",
        "operator": "Nara Kotsu Bus Lines Co., Ltd.",
        "ref": "",
        "url": "",
        "url2": ""
      }
    },
    {
      "type": "Feature",
      "geometry": {
        "type": "Point",
        "coordinates": [
          135.7553675,
          34.7100186
        ]
      },
      "properties": {
        "内容": "バス停: 中山町西一丁目 (Nakayama-chō Nishi 1-chōme) (Nara Kotsu Bus Lines Co., Ltd.)",
        "name": "中山町西一丁目 (Nakayama-chō Nishi 1-chōme)",
        "operator": "Nara Kotsu Bus Lines Co., Ltd.",
        "ref": "",
        "url": "",
        "url2": ""
      }
    },
    {
      "type": "Feature",
      "geometry": {
        "type": "Point",
        "coordinates": [
          135.7580146,
          34.7111407
        ]
      },
      "properties": {
        "内容": "バス停: 中山町西二丁目 (Nara Kotsu Bus Lines Co., Ltd.)",
        "name": "中山町西二丁目",
        "operator": "Nara Kotsu Bus Lines Co., Ltd.",
        "ref": "",
        "url": "",
        "url2": ""
      }
    },
    {
      "type": "Feature",
      "geometry": {
        "type": "Point",
        "coordinates": [
          135.7581663,
          34.711244
        ]
      },
      "properties": {
        "内容": "バス停: 中山町西二丁目 (Nara Kotsu Bus Lines Co., Ltd.)",
        "name": "中山町西二丁目",
        "operator": "Nara Kotsu Bus Lines Co., Ltd.",
        "ref": "",
        "url": "",
        "url2": ""
      }
    },
    {
      "type": "Feature",
      "geometry": {
        "type": "Point",
        "coordinates": [
          135.7590682,
          34.709387
        ]
      },
      "properties": {
        "内容": "バス停: 中山町西四丁目 (Nakayama-chō Nishi 4-chōme) (Nara Kotsu Bus Lines Co., Ltd.)",
        "name": "中山町西四丁目 (Nakayama-chō Nishi 4-chōme)",
        "operator": "Nara Kotsu Bus Lines Co., Ltd.",
        "ref": "",
        "url": "",
        "url2": ""
      }
    },
    {
      "type": "Feature",
      "geometry": {
        "type": "Point",
        "coordinates": [
          135.758708,
          34.7104865
        ]
      },
      "properties": {
        "内容": "バス停: 中山町西四丁目 (Nakayama-chō Nishi 4-chōme) (Nara Kotsu Bus Lines Co., Ltd.)",
        "name": "中山町西四丁目 (Nakayama-chō Nishi 4-chōme)",
        "operator": "Nara Kotsu Bus Lines Co., Ltd.",
        "ref": "",
        "url": "",
        "url2": ""
      }
    },
    {
      "type": "Feature",
      "geometry": {
        "type": "Point",
        "coordinates": [
          135.7602605,
          34.7072637
        ]
      },
      "properties": {
        "内容": "バス停: 朝日町一丁目 (Asahi-chō 1-chōme) (Nara Kotsu Bus Lines Co., Ltd.)",
        "name": "朝日町一丁目 (Asahi-chō 1-chōme)",
        "operator": "Nara Kotsu Bus Lines Co., Ltd.",
        "ref": "",
        "url": "",
        "url2": ""
      }
    },
    {
      "type": "Feature",
      "geometry": {
        "type": "Point",
        "coordinates": [
          135.7603582,
          34.7073348
        ]
      },
      "properties": {
        "内容": "バス停: 朝日町一丁目 (Asahi-chō 1-chōme) (Nara Kotsu Bus Lines Co., Ltd.)",
        "name": "朝日町一丁目 (Asahi-chō 1-chōme)",
        "operator": "Nara Kotsu Bus Lines Co., Ltd.",
        "ref": "",
        "url": "",
        "url2": ""
      }
    },
    {
      "type": "Feature",
      "geometry": {
        "type": "Point",
        "coordinates": [
          135.7645968,
          34.7070993
        ]
      },
      "properties": {
        "内容": "バス停: 朝日町二丁目東 (Asahi-chō 2-chōme Higashi) (Nara Kotsu Bus Lines Co., Ltd.)",
        "name": "朝日町二丁目東 (Asahi-chō 2-chōme Higashi)",
        "operator": "Nara Kotsu Bus Lines Co., Ltd.",
        "ref": "",
        "url": "",
        "url2": ""
      }
    },
    {
      "type": "Feature",
      "geometry": {
        "type": "Point",
        "coordinates": [
          135.7522149,
          34.7088317
        ]
      },
      "properties": {
        "内容": "バス停: 登美ヶ丘一丁目 (Nara Kotsu Bus Lines Co., Ltd.)",
        "name": "登美ヶ丘一丁目",
        "operator": "Nara Kotsu Bus Lines Co., Ltd.",
        "ref": "",
        "url": "",
        "url2": ""
      }
    },
    {
      "type": "Feature",
      "geometry": {
        "type": "Point",
        "coordinates": [
          135.7523057,
          34.7089421
        ]
      },
      "properties": {
        "内容": "バス停: 登美ヶ丘一丁目 (Nara Kotsu Bus Lines Co., Ltd.)",
        "name": "登美ヶ丘一丁目",
        "operator": "Nara Kotsu Bus Lines Co., Ltd.",
        "ref": "",
        "url": "",
        "url2": ""
      }
    },
    {
      "type": "Feature",
      "geometry": {
        "type": "Point",
        "coordinates": [
          135.7624622,
          34.7061423
        ]
      },
      "properties": {
        "内容": "バス停: 轉輪王教会 (Tenrin-ō Kyōkai) (Nara Kotsu Bus Lines Co., Ltd.)",
        "name": "轉輪王教会 (Tenrin-ō Kyōkai)",
        "operator": "Nara Kotsu Bus Lines Co., Ltd.",
        "ref": "",
        "url": "",
        "url2": ""
      }
    },
    {
      "type": "Feature",
      "geometry": {
        "type": "Point",
        "coordinates": [
          135.762808,
          34.7073281
        ]
      },
      "properties": {
        "内容": "バス停: 青葉公園 (Aoba Kōen) (Nara Kotsu Bus Lines Co., Ltd.)",
        "name": "青葉公園 (Aoba Kōen)",
        "operator": "Nara Kotsu Bus Lines Co., Ltd.",
        "ref": "",
        "url": "",
        "url2": ""
      }
    },
    {
      "type": "Feature",
      "geometry": {
        "type": "Point",
        "coordinates": [
          135.8167328,
          34.7073414
        ]
      },
      "properties": {
        "内容": "バス停: 佐保台三丁目 (Sahodai 3-chōme) (Nara Kotsu Bus Lines Co., Ltd.)",
        "name": "佐保台三丁目 (Sahodai 3-chōme)",
        "operator": "Nara Kotsu Bus Lines Co., Ltd.",
        "ref": "",
        "url": "",
        "url2": ""
      }
    },
    {
      "type": "Feature",
      "geometry": {
        "type": "Point",
        "coordinates": [
          135.8169311,
          34.7074609
        ]
      },
      "properties": {
        "内容": "バス停: 佐保台三丁目 (Sahodai 3-chōme) (Nara Kotsu Bus Lines Co., Ltd.)",
        "name": "佐保台三丁目 (Sahodai 3-chōme)",
        "operator": "Nara Kotsu Bus Lines Co., Ltd.",
        "ref": "",
        "url": "",
        "url2": ""
      }
    },
    {
      "type": "Feature",
      "geometry": {
        "type": "Point",
        "coordinates": [
          135.8137859,
          34.7079601
        ]
      },
      "properties": {
        "内容": "バス停: 佐保台二丁目 (Sahodai 2-chōme) (Nara Kotsu Bus Lines Co., Ltd.)",
        "name": "佐保台二丁目 (Sahodai 2-chōme)",
        "operator": "Nara Kotsu Bus Lines Co., Ltd.",
        "ref": "",
        "url": "",
        "url2": ""
      }
    },
    {
      "type": "Feature",
      "geometry": {
        "type": "Point",
        "coordinates": [
          135.8141461,
          34.708094
        ]
      },
      "properties": {
        "内容": "バス停: 佐保台二丁目 (Sahodai 2-chōme) (Nara Kotsu Bus Lines Co., Ltd.)",
        "name": "佐保台二丁目 (Sahodai 2-chōme)",
        "operator": "Nara Kotsu Bus Lines Co., Ltd.",
        "ref": "",
        "url": "",
        "url2": ""
      }
    },
    {
      "type": "Feature",
      "geometry": {
        "type": "Point",
        "coordinates": [
          135.8119538,
          34.706447
        ]
      },
      "properties": {
        "内容": "バス停: 佐保台西口 (Sahodai Nishiguchi) (Nara Kotsu Bus Lines Co., Ltd.)",
        "name": "佐保台西口 (Sahodai Nishiguchi)",
        "operator": "Nara Kotsu Bus Lines Co., Ltd.",
        "ref": "",
        "url": "",
        "url2": ""
      }
    },
    {
      "type": "Feature",
      "geometry": {
        "type": "Point",
        "coordinates": [
          135.81182,
          34.7074489
        ]
      },
      "properties": {
        "内容": "バス停: 佐保台西口 (Sahodai Nishiguchi) (Nara Kotsu Bus Lines Co., Ltd.)",
        "name": "佐保台西口 (Sahodai Nishiguchi)",
        "operator": "Nara Kotsu Bus Lines Co., Ltd.",
        "ref": "",
        "url": "",
        "url2": ""
      }
    },
    {
      "type": "Feature",
      "geometry": {
        "type": "Point",
        "coordinates": [
          135.8058137,
          34.7067549
        ]
      },
      "properties": {
        "内容": "バス停: 平城大橋 (Heijō Ōhashi) (Nara Kotsu Bus Lines Co., Ltd.)",
        "name": "平城大橋 (Heijō Ōhashi)",
        "operator": "Nara Kotsu Bus Lines Co., Ltd.",
        "ref": "",
        "url": "",
        "url2": ""
      }
    },
    {
      "type": "Feature",
      "geometry": {
        "type": "Point",
        "coordinates": [
          135.805585,
          34.7070648
        ]
      },
      "properties": {
        "内容": "バス停: 平城大橋 (Heijō Ōhashi) (Nara Kotsu Bus Lines Co., Ltd.)",
        "name": "平城大橋 (Heijō Ōhashi)",
        "operator": "Nara Kotsu Bus Lines Co., Ltd.",
        "ref": "",
        "url": "",
        "url2": ""
      }
    },
    {
      "type": "Feature",
      "geometry": {
        "type": "Point",
        "coordinates": [
          135.8100122,
          34.7106044
        ]
      },
      "properties": {
        "内容": "バス停: 平城山駅 (Narayama Station) (Nara Kotsu Bus Lines Co., Ltd.)",
        "name": "平城山駅 (Narayama Station)",
        "operator": "Nara Kotsu Bus Lines Co., Ltd.",
        "ref": "",
        "url": "",
        "url2": ""
      }
    },
    {
      "type": "Feature",
      "geometry": {
        "type": "Point",
        "coordinates": [
          135.8115397,
          34.7095852
        ]
      },
      "properties": {
        "内容": "バス停: 平城山駅東口 (Nara Kotsu Bus Lines Co., Ltd.)",
        "name": "平城山駅東口",
        "operator": "Nara Kotsu Bus Lines Co., Ltd.",
        "ref": "",
        "url": "",
        "url2": ""
      }
    },
    {
      "type": "Feature",
      "geometry": {
        "type": "Point",
        "coordinates": [
          135.7949157,
          34.7202535
        ]
      },
      "properties": {
        "内容": "バス停: 朱雀二丁目 (奈良交通)",
        "name": "朱雀二丁目",
        "operator": "奈良交通",
        "ref": "",
        "url": "",
        "url2": ""
      }
    },
    {
      "type": "Feature",
      "geometry": {
        "type": "Point",
        "coordinates": [
          135.7949305,
          34.7204958
        ]
      },
      "properties": {
        "内容": "バス停: 朱雀二丁目 (奈良交通)",
        "name": "朱雀二丁目",
        "operator": "奈良交通",
        "ref": "",
        "url": "",
        "url2": ""
      }
    },
    {
      "type": "Feature",
      "geometry": {
        "type": "Point",
        "coordinates": [
          135.7963552,
          34.7146212
        ]
      },
      "properties": {
        "内容": "バス停: 朱雀こども園 (奈良交通)",
        "name": "朱雀こども園",
        "operator": "奈良交通",
        "ref": "",
        "url": "",
        "url2": ""
      }
    },
    {
      "type": "Feature",
      "geometry": {
        "type": "Point",
        "coordinates": [
          135.7965713,
          34.7150978
        ]
      },
      "properties": {
        "内容": "バス停: 朱雀こども園 (奈良交通)",
        "name": "朱雀こども園",
        "operator": "奈良交通",
        "ref": "",
        "url": "",
        "url2": ""
      }
    },
    {
      "type": "Feature",
      "geometry": {
        "type": "Point",
        "coordinates": [
          135.7985626,
          34.7125522
        ]
      },
      "properties": {
        "内容": "バス停: 朱雀六丁目 (奈良交通)",
        "name": "朱雀六丁目",
        "operator": "奈良交通",
        "ref": "",
        "url": "",
        "url2": ""
      }
    },
    {
      "type": "Feature",
      "geometry": {
        "type": "Point",
        "coordinates": [
          135.7981155,
          34.712965
        ]
      },
      "properties": {
        "内容": "バス停: 朱雀六丁目 (奈良交通)",
        "name": "朱雀六丁目",
        "operator": "奈良交通",
        "ref": "",
        "url": "",
        "url2": ""
      }
    },
    {
      "type": "Feature",
      "geometry": {
        "type": "Point",
        "coordinates": [
          135.7963357,
          34.7176865
        ]
      },
      "properties": {
        "内容": "バス停: 朱雀第一住宅 (奈良交通)",
        "name": "朱雀第一住宅",
        "operator": "奈良交通",
        "ref": "",
        "url": "",
        "url2": ""
      }
    },
    {
      "type": "Feature",
      "geometry": {
        "type": "Point",
        "coordinates": [
          135.7965343,
          34.7181412
        ]
      },
      "properties": {
        "内容": "バス停: 朱雀第一住宅 (奈良交通)",
        "name": "朱雀第一住宅",
        "operator": "奈良交通",
        "ref": "",
        "url": "",
        "url2": ""
      }
    },
    {
      "type": "Feature",
      "geometry": {
        "type": "Point",
        "coordinates": [
          135.7912897,
          34.7226796
        ]
      },
      "properties": {
        "内容": "バス停: 高の原駅 (奈良交通)",
        "name": "高の原駅",
        "operator": "奈良交通",
        "ref": "2",
        "url": "",
        "url2": ""
      }
    },
    {
      "type": "Feature",
      "geometry": {
        "type": "Point",
        "coordinates": [
          135.7912835,
          34.7228206
        ]
      },
      "properties": {
        "内容": "バス停: 高の原駅 (奈良交通)",
        "name": "高の原駅",
        "operator": "奈良交通",
        "ref": "3",
        "url": "",
        "url2": ""
      }
    },
    {
      "type": "Feature",
      "geometry": {
        "type": "Point",
        "coordinates": [
          135.7912818,
          34.7229739
        ]
      },
      "properties": {
        "内容": "バス停: 高の原駅 (奈良交通)",
        "name": "高の原駅",
        "operator": "奈良交通",
        "ref": "4",
        "url": "",
        "url2": ""
      }
    },
    {
      "type": "Feature",
      "geometry": {
        "type": "Point",
        "coordinates": [
          135.7912633,
          34.7230997
        ]
      },
      "properties": {
        "内容": "バス停: 高の原駅 (奈良交通)",
        "name": "高の原駅",
        "operator": "奈良交通",
        "ref": "",
        "url": "",
        "url2": ""
      }
    },
    {
      "type": "Feature",
      "geometry": {
        "type": "Point",
        "coordinates": [
          135.7911839,
          34.7231891
        ]
      },
      "properties": {
        "内容": "バス停: 高の原駅 (奈良交通)",
        "name": "高の原駅",
        "operator": "奈良交通",
        "ref": "",
        "url": "",
        "url2": ""
      }
    },
    {
      "type": "Feature",
      "geometry": {
        "type": "Point",
        "coordinates": [
          135.8181211,
          34.6806949
        ]
      },
      "properties": {
        "内容": "バス停: JR奈良駅西口 (Nara Kotsu Bus Lines Co., Ltd.)",
        "name": "JR奈良駅西口",
        "operator": "Nara Kotsu Bus Lines Co., Ltd.",
        "ref": "2",
        "url": "",
        "url2": ""
      }
    },
    {
      "type": "Feature",
      "geometry": {
        "type": "Point",
        "coordinates": [
          135.8179792,
          34.6807493
        ]
      },
      "properties": {
        "内容": "バス停: JR奈良駅西口 (Nara Kotsu Bus Lines Co., Ltd.)",
        "name": "JR奈良駅西口",
        "operator": "Nara Kotsu Bus Lines Co., Ltd.",
        "ref": "1",
        "url": "",
        "url2": ""
      }
    },
    {
      "type": "Feature",
      "geometry": {
        "type": "Point",
        "coordinates": [
          135.8182756,
          34.6808141
        ]
      },
      "properties": {
        "内容": "バス停: JR奈良駅西口 (Nara Kotsu Bus Lines Co., Ltd.)",
        "name": "JR奈良駅西口",
        "operator": "Nara Kotsu Bus Lines Co., Ltd.",
        "ref": "6",
        "url": "",
        "url2": ""
      }
    },
    {
      "type": "Feature",
      "geometry": {
        "type": "Point",
        "coordinates": [
          135.8185499,
          34.6809437
        ]
      },
      "properties": {
        "内容": "バス停: JR奈良駅西口 (Nara Kotsu Bus Lines Co., Ltd.)",
        "name": "JR奈良駅西口",
        "operator": "Nara Kotsu Bus Lines Co., Ltd.",
        "ref": "3",
        "url": "",
        "url2": ""
      }
    },
    {
      "type": "Feature",
      "geometry": {
        "type": "Point",
        "coordinates": [
          135.8186161,
          34.6810812
        ]
      },
      "properties": {
        "内容": "バス停: JR奈良駅西口 (Nara Kotsu Bus Lines Co., Ltd.)",
        "name": "JR奈良駅西口",
        "operator": "Nara Kotsu Bus Lines Co., Ltd.",
        "ref": "4",
        "url": "",
        "url2": ""
      }
    },
    {
      "type": "Feature",
      "geometry": {
        "type": "Point",
        "coordinates": [
          135.7879368,
          34.7169497
        ]
      },
      "properties": {
        "内容": "バス停: 右京三丁目 (Ukyō 3-chōme) (Nara Kotsu Bus Lines Co., Ltd.)",
        "name": "右京三丁目 (Ukyō 3-chōme)",
        "operator": "Nara Kotsu Bus Lines Co., Ltd.",
        "ref": "",
        "url": "",
        "url2": ""
      }
    },
    {
      "type": "Feature",
      "geometry": {
        "type": "Point",
        "coordinates": [
          135.7857834,
          34.7171221
        ]
      },
      "properties": {
        "内容": "バス停: 右京三丁目 (Ukyō 3-chōme) (Nara Kotsu Bus Lines Co., Ltd.)",
        "name": "右京三丁目 (Ukyō 3-chōme)",
        "operator": "Nara Kotsu Bus Lines Co., Ltd.",
        "ref": "",
        "url": "",
        "url2": ""
      }
    },
    {
      "type": "Feature",
      "geometry": {
        "type": "Point",
        "coordinates": [
          135.7904694,
          34.7152798
        ]
      },
      "properties": {
        "内容": "バス停: 右京二丁目 (Ukyō 2-chōme) (Nara Kotsu Bus Lines Co., Ltd.)",
        "name": "右京二丁目 (Ukyō 2-chōme)",
        "operator": "Nara Kotsu Bus Lines Co., Ltd.",
        "ref": "",
        "url": "",
        "url2": ""
      }
    },
    {
      "type": "Feature",
      "geometry": {
        "type": "Point",
        "coordinates": [
          135.7918686,
          34.7157295
        ]
      },
      "properties": {
        "内容": "バス停: 右京二丁目 (Ukyō 2-chōme) (Nara Kotsu Bus Lines Co., Ltd.)",
        "name": "右京二丁目 (Ukyō 2-chōme)",
        "operator": "Nara Kotsu Bus Lines Co., Ltd.",
        "ref": "",
        "url": "",
        "url2": ""
      }
    },
    {
      "type": "Feature",
      "geometry": {
        "type": "Point",
        "coordinates": [
          135.7865961,
          34.7137861
        ]
      },
      "properties": {
        "内容": "バス停: 東大寺学園 (Tōdaiji Gakuen) (Nara Kotsu Bus Lines Co., Ltd.)",
        "name": "東大寺学園 (Tōdaiji Gakuen)",
        "operator": "Nara Kotsu Bus Lines Co., Ltd.",
        "ref": "",
        "url": "",
        "url2": ""
      }
    },
    {
      "type": "Feature",
      "geometry": {
        "type": "Point",
        "coordinates": [
          135.7820937,
          34.716727
        ]
      },
      "properties": {
        "内容": "バス停: 神功南口 (Jingū Minamiguchi) (Nara Kotsu Bus Lines Co., Ltd.)",
        "name": "神功南口 (Jingū Minamiguchi)",
        "operator": "Nara Kotsu Bus Lines Co., Ltd.",
        "ref": "",
        "url": "",
        "url2": ""
      }
    },
    {
      "type": "Feature",
      "geometry": {
        "type": "Point",
        "coordinates": [
          135.7829953,
          34.7169727
        ]
      },
      "properties": {
        "内容": "バス停: 神功南口 (Jingū Minamiguchi) (Nara Kotsu Bus Lines Co., Ltd.)",
        "name": "神功南口 (Jingū Minamiguchi)",
        "operator": "Nara Kotsu Bus Lines Co., Ltd.",
        "ref": "",
        "url": "",
        "url2": ""
      }
    },
    {
      "type": "Feature",
      "geometry": {
        "type": "Point",
        "coordinates": [
          135.7596575,
          34.7175244
        ]
      },
      "properties": {
        "内容": "バス停: 東登美ヶ丘一丁目 (Higashitomigaoka 1-chōme) (Nara Kotsu Bus Lines Co., Ltd.)",
        "name": "東登美ヶ丘一丁目 (Higashitomigaoka 1-chōme)",
        "operator": "Nara Kotsu Bus Lines Co., Ltd.",
        "ref": "",
        "url": "",
        "url2": ""
      }
    },
    {
      "type": "Feature",
      "geometry": {
        "type": "Point",
        "coordinates": [
          135.7607626,
          34.7176241
        ]
      },
      "properties": {
        "内容": "バス停: 東登美ヶ丘一丁目 (Higashitomigaoka 1-chōme) (Nara Kotsu Bus Lines Co., Ltd.)",
        "name": "東登美ヶ丘一丁目 (Higashitomigaoka 1-chōme)",
        "operator": "Nara Kotsu Bus Lines Co., Ltd.",
        "ref": "",
        "url": "",
        "url2": ""
      }
    },
    {
      "type": "Feature",
      "geometry": {
        "type": "Point",
        "coordinates": [
          135.7577737,
          34.7176279
        ]
      },
      "properties": {
        "内容": "バス停: 東登美ヶ丘一丁目西口 (Higashitomigaoka 1-chōme Nishiguchi) (Nara Kotsu Bus Lines Co., Ltd.)",
        "name": "東登美ヶ丘一丁目西口 (Higashitomigaoka 1-chōme Nishiguchi)",
        "operator": "Nara Kotsu Bus Lines Co., Ltd.",
        "ref": "",
        "url": "",
        "url2": ""
      }
    },
    {
      "type": "Feature",
      "geometry": {
        "type": "Point",
        "coordinates": [
          135.7580993,
          34.7177616
        ]
      },
      "properties": {
        "内容": "バス停: 東登美ヶ丘一丁目西口 (Higashitomigaoka 1-chōme Nishiguchi) (Nara Kotsu Bus Lines Co., Ltd.)",
        "name": "東登美ヶ丘一丁目西口 (Higashitomigaoka 1-chōme Nishiguchi)",
        "operator": "Nara Kotsu Bus Lines Co., Ltd.",
        "ref": "",
        "url": "",
        "url2": ""
      }
    },
    {
      "type": "Feature",
      "geometry": {
        "type": "Point",
        "coordinates": [
          135.7504407,
          34.7147364
        ]
      },
      "properties": {
        "内容": "バス停: 登美ヶ丘三丁目 (Tomigaoka 3-chōme) (Nara Kotsu Bus Lines Co., Ltd.)",
        "name": "登美ヶ丘三丁目 (Tomigaoka 3-chōme)",
        "operator": "Nara Kotsu Bus Lines Co., Ltd.",
        "ref": "",
        "url": "",
        "url2": ""
      }
    },
    {
      "type": "Feature",
      "geometry": {
        "type": "Point",
        "coordinates": [
          135.7507502,
          34.7153054
        ]
      },
      "properties": {
        "内容": "バス停: 登美ヶ丘三丁目 (Tomigaoka 3-chōme) (Nara Kotsu Bus Lines Co., Ltd.)",
        "name": "登美ヶ丘三丁目 (Tomigaoka 3-chōme)",
        "operator": "Nara Kotsu Bus Lines Co., Ltd.",
        "ref": "",
        "url": "",
        "url2": ""
      }
    },
    {
      "type": "Feature",
      "geometry": {
        "type": "Point",
        "coordinates": [
          135.7503448,
          34.7118898
        ]
      },
      "properties": {
        "内容": "バス停: 登美ヶ丘二丁目 (Tomigaoka 2-chōme) (Nara Kotsu Bus Lines Co., Ltd.)",
        "name": "登美ヶ丘二丁目 (Tomigaoka 2-chōme)",
        "operator": "Nara Kotsu Bus Lines Co., Ltd.",
        "ref": "",
        "url": "",
        "url2": ""
      }
    },
    {
      "type": "Feature",
      "geometry": {
        "type": "Point",
        "coordinates": [
          135.7502787,
          34.7123156
        ]
      },
      "properties": {
        "内容": "バス停: 登美ヶ丘二丁目 (Tomigaoka 2-chōme) (Nara Kotsu Bus Lines Co., Ltd.)",
        "name": "登美ヶ丘二丁目 (Tomigaoka 2-chōme)",
        "operator": "Nara Kotsu Bus Lines Co., Ltd.",
        "ref": "",
        "url": "",
        "url2": ""
      }
    },
    {
      "type": "Feature",
      "geometry": {
        "type": "Point",
        "coordinates": [
          135.7551387,
          34.7163791
        ]
      },
      "properties": {
        "内容": "バス停: 登美ヶ丘五丁目 (Tomigaoka 5-chōme) (Nara Kotsu Bus Lines Co., Ltd.)",
        "name": "登美ヶ丘五丁目 (Tomigaoka 5-chōme)",
        "operator": "Nara Kotsu Bus Lines Co., Ltd.",
        "ref": "",
        "url": "",
        "url2": ""
      }
    },
    {
      "type": "Feature",
      "geometry": {
        "type": "Point",
        "coordinates": [
          135.755114,
          34.7165191
        ]
      },
      "properties": {
        "内容": "バス停: 登美ヶ丘五丁目 (Tomigaoka 5-chōme) (Nara Kotsu Bus Lines Co., Ltd.)",
        "name": "登美ヶ丘五丁目 (Tomigaoka 5-chōme)",
        "operator": "Nara Kotsu Bus Lines Co., Ltd.",
        "ref": "",
        "url": "",
        "url2": ""
      }
    },
    {
      "type": "Feature",
      "geometry": {
        "type": "Point",
        "coordinates": [
          135.7777814,
          34.7162918
        ]
      },
      "properties": {
        "内容": "バス停: 県営平城住宅 (Ken-ei Heijō Jūtaku) (Nara Kotsu Bus Lines Co., Ltd.)",
        "name": "県営平城住宅 (Ken-ei Heijō Jūtaku)",
        "operator": "Nara Kotsu Bus Lines Co., Ltd.",
        "ref": "",
        "url": "",
        "url2": ""
      }
    },
    {
      "type": "Feature",
      "geometry": {
        "type": "Point",
        "coordinates": [
          135.7796232,
          34.716502
        ]
      },
      "properties": {
        "内容": "バス停: 県営平城住宅 (Ken-ei Heijō Jūtaku) (Nara Kotsu Bus Lines Co., Ltd.)",
        "name": "県営平城住宅 (Ken-ei Heijō Jūtaku)",
        "operator": "Nara Kotsu Bus Lines Co., Ltd.",
        "ref": "",
        "url": "",
        "url2": ""
      }
    },
    {
      "type": "Feature",
      "geometry": {
        "type": "Point",
        "coordinates": [
          135.83448,
          34.705182
        ]
      },
      "properties": {
        "内容": "バス停: 奈良阪 (奈良交通)",
        "name": "奈良阪",
        "operator": "奈良交通",
        "ref": "",
        "url": "",
        "url2": ""
      }
    },
    {
      "type": "Feature",
      "geometry": {
        "type": "Point",
        "coordinates": [
          135.834035,
          34.705378
        ]
      },
      "properties": {
        "内容": "バス停: 奈良阪 (奈良交通)",
        "name": "奈良阪",
        "operator": "奈良交通",
        "ref": "",
        "url": "",
        "url2": ""
      }
    },
    {
      "type": "Feature",
      "geometry": {
        "type": "Point",
        "coordinates": [
          135.836694,
          34.701084
        ]
      },
      "properties": {
        "内容": "バス停: 奈良阪南口 (Narazaka Minamiguchi) (奈良交通)",
        "name": "奈良阪南口 (Narazaka Minamiguchi)",
        "operator": "奈良交通",
        "ref": "",
        "url": "",
        "url2": ""
      }
    },
    {
      "type": "Feature",
      "geometry": {
        "type": "Point",
        "coordinates": [
          135.836794,
          34.701171
        ]
      },
      "properties": {
        "内容": "バス停: 奈良阪南口 (Narazaka Minamiguchi) (奈良交通)",
        "name": "奈良阪南口 (Narazaka Minamiguchi)",
        "operator": "奈良交通",
        "ref": "",
        "url": "",
        "url2": ""
      }
    },
    {
      "type": "Feature",
      "geometry": {
        "type": "Point",
        "coordinates": [
          135.8290102,
          34.7098173
        ]
      },
      "properties": {
        "内容": "バス停: 奈良阪町北 (Nara Kotsu Bus Lines Co., Ltd.)",
        "name": "奈良阪町北",
        "operator": "Nara Kotsu Bus Lines Co., Ltd.",
        "ref": "",
        "url": "",
        "url2": ""
      }
    },
    {
      "type": "Feature",
      "geometry": {
        "type": "Point",
        "coordinates": [
          135.8289075,
          34.7099111
        ]
      },
      "properties": {
        "内容": "バス停: 奈良阪町北 (Nara Kotsu Bus Lines Co., Ltd.)",
        "name": "奈良阪町北",
        "operator": "Nara Kotsu Bus Lines Co., Ltd.",
        "ref": "",
        "url": "",
        "url2": ""
      }
    },
    {
      "type": "Feature",
      "geometry": {
        "type": "Point",
        "coordinates": [
          135.83053,
          34.711039
        ]
      },
      "properties": {
        "内容": "バス停: 梅谷口 (奈良交通)",
        "name": "梅谷口",
        "operator": "奈良交通",
        "ref": "",
        "url": "",
        "url2": ""
      }
    },
    {
      "type": "Feature",
      "geometry": {
        "type": "Point",
        "coordinates": [
          135.831215,
          34.711779
        ]
      },
      "properties": {
        "内容": "バス停: 梅谷口 (奈良交通)",
        "name": "梅谷口",
        "operator": "奈良交通",
        "ref": "",
        "url": "",
        "url2": ""
      }
    },
    {
      "type": "Feature",
      "geometry": {
        "type": "Point",
        "coordinates": [
          135.837347,
          34.698717
        ]
      },
      "properties": {
        "内容": "バス停: 般若寺 (Hannya-ji) (Nara Kotsu Bus Lines Co., Ltd.)",
        "name": "般若寺 (Hannya-ji)",
        "operator": "Nara Kotsu Bus Lines Co., Ltd.",
        "ref": "",
        "url": "",
        "url2": ""
      }
    },
    {
      "type": "Feature",
      "geometry": {
        "type": "Point",
        "coordinates": [
          135.837237,
          34.698866
        ]
      },
      "properties": {
        "内容": "バス停: 般若寺 (Hannya-ji) (奈良交通)",
        "name": "般若寺 (Hannya-ji)",
        "operator": "奈良交通",
        "ref": "",
        "url": "",
        "url2": ""
      }
    },
    {
      "type": "Feature",
      "geometry": {
        "type": "Point",
        "coordinates": [
          135.8455821,
          34.7062499
        ]
      },
      "properties": {
        "内容": "バス停: 青山七丁目 (Aoyama 7-chōme) (Nara Kotsu Bus Lines Co., Ltd.)",
        "name": "青山七丁目 (Aoyama 7-chōme)",
        "operator": "Nara Kotsu Bus Lines Co., Ltd.",
        "ref": "",
        "url": "",
        "url2": ""
      }
    },
    {
      "type": "Feature",
      "geometry": {
        "type": "Point",
        "coordinates": [
          135.8446343,
          34.7064521
        ]
      },
      "properties": {
        "内容": "バス停: 青山七丁目 (Aoyama 7-chōme) (Nara Kotsu Bus Lines Co., Ltd.)",
        "name": "青山七丁目 (Aoyama 7-chōme)",
        "operator": "Nara Kotsu Bus Lines Co., Ltd.",
        "ref": "",
        "url": "",
        "url2": ""
      }
    },
    {
      "type": "Feature",
      "geometry": {
        "type": "Point",
        "coordinates": [
          135.832753,
          34.7091234
        ]
      },
      "properties": {
        "内容": "バス停: 青山二丁目 (Nara Kotsu Bus Lines Co., Ltd.)",
        "name": "青山二丁目",
        "operator": "Nara Kotsu Bus Lines Co., Ltd.",
        "ref": "",
        "url": "",
        "url2": ""
      }
    },
    {
      "type": "Feature",
      "geometry": {
        "type": "Point",
        "coordinates": [
          135.8332435,
          34.7096274
        ]
      },
      "properties": {
        "内容": "バス停: 青山二丁目 (Nara Kotsu Bus Lines Co., Ltd.)",
        "name": "青山二丁目",
        "operator": "Nara Kotsu Bus Lines Co., Ltd.",
        "ref": "",
        "url": "",
        "url2": ""
      }
    },
    {
      "type": "Feature",
      "geometry": {
        "type": "Point",
        "coordinates": [
          135.8461185,
          34.7056199
        ]
      },
      "properties": {
        "内容": "バス停: 青山住宅 (Aoyama Jūtaku) (Nara Kotsu Bus Lines Co., Ltd.)",
        "name": "青山住宅 (Aoyama Jūtaku)",
        "operator": "Nara Kotsu Bus Lines Co., Ltd.",
        "ref": "",
        "url": "",
        "url2": ""
      }
    },
    {
      "type": "Feature",
      "geometry": {
        "type": "Point",
        "coordinates": [
          135.8416336,
          34.7071252
        ]
      },
      "properties": {
        "内容": "バス停: 青山六丁目 (Aoyama 6-chōme) (Nara Kotsu Bus Lines Co., Ltd.)",
        "name": "青山六丁目 (Aoyama 6-chōme)",
        "operator": "Nara Kotsu Bus Lines Co., Ltd.",
        "ref": "",
        "url": "",
        "url2": ""
      }
    },
    {
      "type": "Feature",
      "geometry": {
        "type": "Point",
        "coordinates": [
          135.8406979,
          34.707155
        ]
      },
      "properties": {
        "内容": "バス停: 青山六丁目 (Aoyama 6-chōme) (Nara Kotsu Bus Lines Co., Ltd.)",
        "name": "青山六丁目 (Aoyama 6-chōme)",
        "operator": "Nara Kotsu Bus Lines Co., Ltd.",
        "ref": "",
        "url": "",
        "url2": ""
      }
    },
    {
      "type": "Feature",
      "geometry": {
        "type": "Point",
        "coordinates": [
          135.8379917,
          34.707586
        ]
      },
      "properties": {
        "内容": "バス停: 青山四丁目 (Aoyama 4-chōme) (Nara Kotsu Bus Lines Co., Ltd.)",
        "name": "青山四丁目 (Aoyama 4-chōme)",
        "operator": "Nara Kotsu Bus Lines Co., Ltd.",
        "ref": "",
        "url": "",
        "url2": ""
      }
    },
    {
      "type": "Feature",
      "geometry": {
        "type": "Point",
        "coordinates": [
          135.8371286,
          34.7076192
        ]
      },
      "properties": {
        "内容": "バス停: 青山四丁目 (Aoyama 4-chōme) (Nara Kotsu Bus Lines Co., Ltd.)",
        "name": "青山四丁目 (Aoyama 4-chōme)",
        "operator": "Nara Kotsu Bus Lines Co., Ltd.",
        "ref": "",
        "url": "",
        "url2": ""
      }
    },
    {
      "type": "Feature",
      "geometry": {
        "type": "Point",
        "coordinates": [
          135.858525,
          34.5111792
        ]
      },
      "properties": {
        "内容": "バス停: 奈良交通バス　外山",
        "name": "奈良交通バス　外山",
        "operator": "事業者不明",
        "ref": "",
        "url": "",
        "url2": ""
      }
    },
    {
      "type": "Feature",
      "geometry": {
        "type": "Point",
        "coordinates": [
          135.8189391,
          34.6706689
        ]
      },
      "properties": {
        "内容": "バス停: 大安寺 (Nara Kotsu Bus Lines Co., Ltd.)",
        "name": "大安寺",
        "operator": "Nara Kotsu Bus Lines Co., Ltd.",
        "ref": "",
        "url": "",
        "url2": ""
      }
    },
    {
      "type": "Feature",
      "geometry": {
        "type": "Point",
        "coordinates": [
          135.8188048,
          34.6706873
        ]
      },
      "properties": {
        "内容": "バス停: 大安寺 (Nara Kotsu Bus Lines Co., Ltd.)",
        "name": "大安寺",
        "operator": "Nara Kotsu Bus Lines Co., Ltd.",
        "ref": "",
        "url": "",
        "url2": ""
      }
    },
    {
      "type": "Feature",
      "geometry": {
        "type": "Point",
        "coordinates": [
          135.8192467,
          34.6713222
        ]
      },
      "properties": {
        "内容": "バス停: 大安寺 (Nara Kotsu Bus Lines Co., Ltd.)",
        "name": "大安寺",
        "operator": "Nara Kotsu Bus Lines Co., Ltd.",
        "ref": "",
        "url": "",
        "url2": ""
      }
    },
    {
      "type": "Feature",
      "geometry": {
        "type": "Point",
        "coordinates": [
          135.819191,
          34.6737907
        ]
      },
      "properties": {
        "内容": "バス停: 春日中学校 (Nara Kotsu Bus Lines Co., Ltd.)",
        "name": "春日中学校",
        "operator": "Nara Kotsu Bus Lines Co., Ltd.",
        "ref": "",
        "url": "",
        "url2": ""
      }
    },
    {
      "type": "Feature",
      "geometry": {
        "type": "Point",
        "coordinates": [
          135.8191079,
          34.6741453
        ]
      },
      "properties": {
        "内容": "バス停: 春日中学校 (Nara Kotsu Bus Lines Co., Ltd.)",
        "name": "春日中学校",
        "operator": "Nara Kotsu Bus Lines Co., Ltd.",
        "ref": "",
        "url": "",
        "url2": ""
      }
    },
    {
      "type": "Feature",
      "geometry": {
        "type": "Point",
        "coordinates": [
          135.8265877,
          34.6844739
        ]
      },
      "properties": {
        "内容": "バス停: 近鉄奈良駅 (Nara Kotsu Bus Lines Co., Ltd.)",
        "name": "近鉄奈良駅",
        "operator": "Nara Kotsu Bus Lines Co., Ltd.",
        "ref": "",
        "url": "",
        "url2": ""
      }
    },
    {
      "type": "Feature",
      "geometry": {
        "type": "Point",
        "coordinates": [
          135.7890105,
          34.7203268
        ]
      },
      "properties": {
        "内容": "バス停: 右京一丁目 (Ukyō 1-chōme) (Nara Kotsu Bus Lines Co., Ltd.)",
        "name": "右京一丁目 (Ukyō 1-chōme)",
        "operator": "Nara Kotsu Bus Lines Co., Ltd.",
        "ref": "",
        "url": "",
        "url2": ""
      }
    },
    {
      "type": "Feature",
      "geometry": {
        "type": "Point",
        "coordinates": [
          135.7890691,
          34.7203982
        ]
      },
      "properties": {
        "内容": "バス停: 右京一丁目 (Ukyō 1-chōme) (Nara Kotsu Bus Lines Co., Ltd.)",
        "name": "右京一丁目 (Ukyō 1-chōme)",
        "operator": "Nara Kotsu Bus Lines Co., Ltd.",
        "ref": "",
        "url": "",
        "url2": ""
      }
    },
    {
      "type": "Feature",
      "geometry": {
        "type": "Point",
        "coordinates": [
          135.7848488,
          34.723044
        ]
      },
      "properties": {
        "内容": "バス停: 右京五丁目 (Ukyō 5-chōme) (Nara Kotsu Bus Lines Co., Ltd.)",
        "name": "右京五丁目 (Ukyō 5-chōme)",
        "operator": "Nara Kotsu Bus Lines Co., Ltd.",
        "ref": "",
        "url": "",
        "url2": ""
      }
    },
    {
      "type": "Feature",
      "geometry": {
        "type": "Point",
        "coordinates": [
          135.7847198,
          34.723071
        ]
      },
      "properties": {
        "内容": "バス停: 右京五丁目 (Ukyō 5-chōme) (Nara Kotsu Bus Lines Co., Ltd.)",
        "name": "右京五丁目 (Ukyō 5-chōme)",
        "operator": "Nara Kotsu Bus Lines Co., Ltd.",
        "ref": "",
        "url": "",
        "url2": ""
      }
    },
    {
      "type": "Feature",
      "geometry": {
        "type": "Point",
        "coordinates": [
          135.7830625,
          34.7202046
        ]
      },
      "properties": {
        "内容": "バス停: 右京四丁目 (Ukyō 4-chōme) (Nara Kotsu Bus Lines Co., Ltd.)",
        "name": "右京四丁目 (Ukyō 4-chōme)",
        "operator": "Nara Kotsu Bus Lines Co., Ltd.",
        "ref": "",
        "url": "",
        "url2": ""
      }
    },
    {
      "type": "Feature",
      "geometry": {
        "type": "Point",
        "coordinates": [
          135.7829532,
          34.7202711
        ]
      },
      "properties": {
        "内容": "バス停: 右京四丁目 (Ukyō 4-chōme) (Nara Kotsu Bus Lines Co., Ltd.)",
        "name": "右京四丁目 (Ukyō 4-chōme)",
        "operator": "Nara Kotsu Bus Lines Co., Ltd.",
        "ref": "",
        "url": "",
        "url2": ""
      }
    },
    {
      "type": "Feature",
      "geometry": {
        "type": "Point",
        "coordinates": [
          135.7857094,
          34.7204162
        ]
      },
      "properties": {
        "内容": "バス停: 右京小学校 (Ukyō Elementary School) (Nara Kotsu Bus Lines Co., Ltd.)",
        "name": "右京小学校 (Ukyō Elementary School)",
        "operator": "Nara Kotsu Bus Lines Co., Ltd.",
        "ref": "",
        "url": "",
        "url2": ""
      }
    },
    {
      "type": "Feature",
      "geometry": {
        "type": "Point",
        "coordinates": [
          135.7851083,
          34.7204868
        ]
      },
      "properties": {
        "内容": "バス停: 右京小学校 (Ukyō Elementary School) (Nara Kotsu Bus Lines Co., Ltd.)",
        "name": "右京小学校 (Ukyō Elementary School)",
        "operator": "Nara Kotsu Bus Lines Co., Ltd.",
        "ref": "",
        "url": "",
        "url2": ""
      }
    },
    {
      "type": "Feature",
      "geometry": {
        "type": "Point",
        "coordinates": [
          135.7810925,
          34.718765
        ]
      },
      "properties": {
        "内容": "バス停: 神功三丁目 (Jingū 3-chōme) (Nara Kotsu Bus Lines Co., Ltd.)",
        "name": "神功三丁目 (Jingū 3-chōme)",
        "operator": "Nara Kotsu Bus Lines Co., Ltd.",
        "ref": "",
        "url": "",
        "url2": ""
      }
    },
    {
      "type": "Feature",
      "geometry": {
        "type": "Point",
        "coordinates": [
          135.7816479,
          34.7188387
        ]
      },
      "properties": {
        "内容": "バス停: 神功三丁目 (Jingū 3-chōme) (Nara Kotsu Bus Lines Co., Ltd.)",
        "name": "神功三丁目 (Jingū 3-chōme)",
        "operator": "Nara Kotsu Bus Lines Co., Ltd.",
        "ref": "",
        "url": "",
        "url2": ""
      }
    },
    {
      "type": "Feature",
      "geometry": {
        "type": "Point",
        "coordinates": [
          135.8196045,
          34.6615379
        ]
      },
      "properties": {
        "内容": "バス停: 北神殿 (Kita Kodono) (Nara Kotsu Bus Lines Co., Ltd.)",
        "name": "北神殿 (Kita Kodono)",
        "operator": "Nara Kotsu Bus Lines Co., Ltd.",
        "ref": "",
        "url": "",
        "url2": ""
      }
    },
    {
      "type": "Feature",
      "geometry": {
        "type": "Point",
        "coordinates": [
          135.8194252,
          34.6620697
        ]
      },
      "properties": {
        "内容": "バス停: 北神殿 (Kita Kodono) (Nara Kotsu Bus Lines Co., Ltd.)",
        "name": "北神殿 (Kita Kodono)",
        "operator": "Nara Kotsu Bus Lines Co., Ltd.",
        "ref": "",
        "url": "",
        "url2": ""
      }
    },
    {
      "type": "Feature",
      "geometry": {
        "type": "Point",
        "coordinates": [
          135.8187171,
          34.6646065
        ]
      },
      "properties": {
        "内容": "バス停: 南京終町 (Minamikyōbate-chō) (NC Bus)",
        "name": "南京終町 (Minamikyōbate-chō)",
        "operator": "NC Bus",
        "ref": "",
        "url": "",
        "url2": ""
      }
    },
    {
      "type": "Feature",
      "geometry": {
        "type": "Point",
        "coordinates": [
          135.8191216,
          34.6651675
        ]
      },
      "properties": {
        "内容": "バス停: 南京終町 (Minamikyōbate-chō) (Nara Kotsu Bus Lines Co., Ltd.)",
        "name": "南京終町 (Minamikyōbate-chō)",
        "operator": "Nara Kotsu Bus Lines Co., Ltd.",
        "ref": "",
        "url": "",
        "url2": ""
      }
    },
    {
      "type": "Feature",
      "geometry": {
        "type": "Point",
        "coordinates": [
          135.8188947,
          34.6660881
        ]
      },
      "properties": {
        "内容": "バス停: 南京終町 (Minamikyōbate-chō) (Nara Kotsu Bus Lines Co., Ltd.)",
        "name": "南京終町 (Minamikyōbate-chō)",
        "operator": "Nara Kotsu Bus Lines Co., Ltd.",
        "ref": "",
        "url": "",
        "url2": ""
      }
    },
    {
      "type": "Feature",
      "geometry": {
        "type": "Point",
        "coordinates": [
          135.8031205,
          34.6628263
        ]
      },
      "properties": {
        "内容": "バス停: 八条町一丁目 (Hachijō-chō 1-chōme) (NC Bus)",
        "name": "八条町一丁目 (Hachijō-chō 1-chōme)",
        "operator": "NC Bus",
        "ref": "",
        "url": "",
        "url2": ""
      }
    },
    {
      "type": "Feature",
      "geometry": {
        "type": "Point",
        "coordinates": [
          135.8026168,
          34.6629058
        ]
      },
      "properties": {
        "内容": "バス停: 八条町一丁目 (Hachijō-chō 1-chōme) (NC Bus)",
        "name": "八条町一丁目 (Hachijō-chō 1-chōme)",
        "operator": "NC Bus",
        "ref": "",
        "url": "",
        "url2": ""
      }
    },
    {
      "type": "Feature",
      "geometry": {
        "type": "Point",
        "coordinates": [
          135.8004368,
          34.6627771
        ]
      },
      "properties": {
        "内容": "バス停: 八条町四丁目 (Hachijō-chō 4-chōme) (NC Bus)",
        "name": "八条町四丁目 (Hachijō-chō 4-chōme)",
        "operator": "NC Bus",
        "ref": "",
        "url": "",
        "url2": ""
      }
    },
    {
      "type": "Feature",
      "geometry": {
        "type": "Point",
        "coordinates": [
          135.799698,
          34.6627896
        ]
      },
      "properties": {
        "内容": "バス停: 八条町四丁目 (Hachijō-chō 4-chōme) (NC Bus)",
        "name": "八条町四丁目 (Hachijō-chō 4-chōme)",
        "operator": "NC Bus",
        "ref": "",
        "url": "",
        "url2": ""
      }
    },
    {
      "type": "Feature",
      "geometry": {
        "type": "Point",
        "coordinates": [
          135.8053463,
          34.6629007
        ]
      },
      "properties": {
        "内容": "バス停: 八条町地蔵前 (Hachijō-chō Jizō-mae) (NC Bus)",
        "name": "八条町地蔵前 (Hachijō-chō Jizō-mae)",
        "operator": "NC Bus",
        "ref": "",
        "url": "",
        "url2": ""
      }
    },
    {
      "type": "Feature",
      "geometry": {
        "type": "Point",
        "coordinates": [
          135.8064189,
          34.6630052
        ]
      },
      "properties": {
        "内容": "バス停: 八条町地蔵前 (Hachijō-chō Jizō-mae) (NC Bus)",
        "name": "八条町地蔵前 (Hachijō-chō Jizō-mae)",
        "operator": "NC Bus",
        "ref": "",
        "url": "",
        "url2": ""
      }
    },
    {
      "type": "Feature",
      "geometry": {
        "type": "Point",
        "coordinates": [
          135.8159368,
          34.6631012
        ]
      },
      "properties": {
        "内容": "バス停: 宮の森町東口 (Miyanomori-chō Higashiguchi) (NC Bus)",
        "name": "宮の森町東口 (Miyanomori-chō Higashiguchi)",
        "operator": "NC Bus",
        "ref": "",
        "url": "",
        "url2": ""
      }
    },
    {
      "type": "Feature",
      "geometry": {
        "type": "Point",
        "coordinates": [
          135.815216,
          34.6631524
        ]
      },
      "properties": {
        "内容": "バス停: 宮の森町東口 (Miyanomori-chō Higashiguchi) (NC Bus)",
        "name": "宮の森町東口 (Miyanomori-chō Higashiguchi)",
        "operator": "NC Bus",
        "ref": "",
        "url": "",
        "url2": ""
      }
    },
    {
      "type": "Feature",
      "geometry": {
        "type": "Point",
        "coordinates": [
          135.8124588,
          34.6630375
        ]
      },
      "properties": {
        "内容": "バス停: 宮の森町西口 (Miyanomori-chō Nishiguchi) (NC Bus)",
        "name": "宮の森町西口 (Miyanomori-chō Nishiguchi)",
        "operator": "NC Bus",
        "ref": "",
        "url": "",
        "url2": ""
      }
    },
    {
      "type": "Feature",
      "geometry": {
        "type": "Point",
        "coordinates": [
          135.8122723,
          34.6631282
        ]
      },
      "properties": {
        "内容": "バス停: 宮の森町西口 (Miyanomori-chō Nishiguchi) (NC Bus)",
        "name": "宮の森町西口 (Miyanomori-chō Nishiguchi)",
        "operator": "NC Bus",
        "ref": "",
        "url": "",
        "url2": ""
      }
    },
    {
      "type": "Feature",
      "geometry": {
        "type": "Point",
        "coordinates": [
          135.7989255,
          34.6603094
        ]
      },
      "properties": {
        "内容": "バス停: 杏中町 (NC Bus)",
        "name": "杏中町",
        "operator": "NC Bus",
        "ref": "",
        "url": "",
        "url2": ""
      }
    },
    {
      "type": "Feature",
      "geometry": {
        "type": "Point",
        "coordinates": [
          135.8263398,
          34.6840021
        ]
      },
      "properties": {
        "内容": "バス停: 近鉄奈良駅 (Nara Kotsu Bus Lines Co., Ltd.)",
        "name": "近鉄奈良駅",
        "operator": "Nara Kotsu Bus Lines Co., Ltd.",
        "ref": "",
        "url": "",
        "url2": ""
      }
    },
    {
      "type": "Feature",
      "geometry": {
        "type": "Point",
        "coordinates": [
          135.7424163,
          34.7217229
        ]
      },
      "properties": {
        "内容": "バス停: 県立国際高校 (Kenritsu-kokusai-koko) (Nara Kotsu Bus Lines Co., Ltd.)",
        "name": "県立国際高校 (Kenritsu-kokusai-koko)",
        "operator": "Nara Kotsu Bus Lines Co., Ltd.",
        "ref": "",
        "url": "",
        "url2": ""
      }
    },
    {
      "type": "Feature",
      "geometry": {
        "type": "Point",
        "coordinates": [
          135.741193,
          34.7220047
        ]
      },
      "properties": {
        "内容": "バス停: 県立国際高校 (Kenritsu-kokusai-koko) (Nara Kotsu Bus Lines Co., Ltd.)",
        "name": "県立国際高校 (Kenritsu-kokusai-koko)",
        "operator": "Nara Kotsu Bus Lines Co., Ltd.",
        "ref": "",
        "url": "",
        "url2": ""
      }
    },
    {
      "type": "Feature",
      "geometry": {
        "type": "Point",
        "coordinates": [
          135.7458273,
          34.7195286
        ]
      },
      "properties": {
        "内容": "バス停: 中登美ヶ丘三丁目 (Nakatomigaoka 3-chōme) (Nara Kotsu Bus Lines Co., Ltd.)",
        "name": "中登美ヶ丘三丁目 (Nakatomigaoka 3-chōme)",
        "operator": "Nara Kotsu Bus Lines Co., Ltd.",
        "ref": "",
        "url": "",
        "url2": ""
      }
    },
    {
      "type": "Feature",
      "geometry": {
        "type": "Point",
        "coordinates": [
          135.7457049,
          34.7198789
        ]
      },
      "properties": {
        "内容": "バス停: 中登美ヶ丘三丁目 (Nakatomigaoka 3-chōme) (Nara Kotsu Bus Lines Co., Ltd.)",
        "name": "中登美ヶ丘三丁目 (Nakatomigaoka 3-chōme)",
        "operator": "Nara Kotsu Bus Lines Co., Ltd.",
        "ref": "",
        "url": "",
        "url2": ""
      }
    },
    {
      "type": "Feature",
      "geometry": {
        "type": "Point",
        "coordinates": [
          135.7516419,
          34.7191193
        ]
      },
      "properties": {
        "内容": "バス停: 中登美ヶ丘二丁目 (Nara Kotsu Bus Lines Co., Ltd.)",
        "name": "中登美ヶ丘二丁目",
        "operator": "Nara Kotsu Bus Lines Co., Ltd.",
        "ref": "",
        "url": "",
        "url2": ""
      }
    },
    {
      "type": "Feature",
      "geometry": {
        "type": "Point",
        "coordinates": [
          135.7515043,
          34.7193252
        ]
      },
      "properties": {
        "内容": "バス停: 中登美ヶ丘二丁目 (Nara Kotsu Bus Lines Co., Ltd.)",
        "name": "中登美ヶ丘二丁目",
        "operator": "Nara Kotsu Bus Lines Co., Ltd.",
        "ref": "",
        "url": "",
        "url2": ""
      }
    },
    {
      "type": "Feature",
      "geometry": {
        "type": "Point",
        "coordinates": [
          135.745536,
          34.7209792
        ]
      },
      "properties": {
        "内容": "バス停: 中登美ヶ丘四丁目 (Nakatomigaoka 4-chōme) (Nara Kotsu Bus Lines Co., Ltd.)",
        "name": "中登美ヶ丘四丁目 (Nakatomigaoka 4-chōme)",
        "operator": "Nara Kotsu Bus Lines Co., Ltd.",
        "ref": "",
        "url": "",
        "url2": ""
      }
    },
    {
      "type": "Feature",
      "geometry": {
        "type": "Point",
        "coordinates": [
          135.7452326,
          34.7212736
        ]
      },
      "properties": {
        "内容": "バス停: 中登美ヶ丘四丁目 (Nakatomigaoka 4-chōme) (Nara Kotsu Bus Lines Co., Ltd.)",
        "name": "中登美ヶ丘四丁目 (Nakatomigaoka 4-chōme)",
        "operator": "Nara Kotsu Bus Lines Co., Ltd.",
        "ref": "",
        "url": "",
        "url2": ""
      }
    },
    {
      "type": "Feature",
      "geometry": {
        "type": "Point",
        "coordinates": [
          135.7487858,
          34.7227889
        ]
      },
      "properties": {
        "内容": "バス停: 奈良学園登美ヶ丘 (Nara Gakuen Tomigaoka) (Nara Kotsu Bus Lines Co., Ltd.)",
        "name": "奈良学園登美ヶ丘 (Nara Gakuen Tomigaoka)",
        "operator": "Nara Kotsu Bus Lines Co., Ltd.",
        "ref": "",
        "url": "",
        "url2": ""
      }
    },
    {
      "type": "Feature",
      "geometry": {
        "type": "Point",
        "coordinates": [
          135.7128268,
          34.6690667
        ]
      },
      "properties": {
        "内容": "バス停: 第二阪奈生駒 (Nara Kotsu Bus Lines Co., Ltd.)",
        "name": "第二阪奈生駒",
        "operator": "Nara Kotsu Bus Lines Co., Ltd.",
        "ref": "",
        "url": "",
        "url2": ""
      }
    },
    {
      "type": "Feature",
      "geometry": {
        "type": "Point",
        "coordinates": [
          135.7178932,
          34.6640383
        ]
      },
      "properties": {
        "内容": "バス停: 小瀬 (Nara Kotsu Bus Lines Co., Ltd.)",
        "name": "小瀬",
        "operator": "Nara Kotsu Bus Lines Co., Ltd.",
        "ref": "",
        "url": "",
        "url2": ""
      }
    },
    {
      "type": "Feature",
      "geometry": {
        "type": "Point",
        "coordinates": [
          135.7177865,
          34.6644863
        ]
      },
      "properties": {
        "内容": "バス停: 小瀬 (Nara Kotsu Bus Lines Co., Ltd.)",
        "name": "小瀬",
        "operator": "Nara Kotsu Bus Lines Co., Ltd.",
        "ref": "",
        "url": "",
        "url2": ""
      }
    },
    {
      "type": "Feature",
      "geometry": {
        "type": "Point",
        "coordinates": [
          135.7230453,
          34.6643901
        ]
      },
      "properties": {
        "内容": "バス停: 小瀬保険福祉ゾーン (Nara Kotsu Bus Lines Co., Ltd.)",
        "name": "小瀬保険福祉ゾーン",
        "operator": "Nara Kotsu Bus Lines Co., Ltd.",
        "ref": "",
        "url": "",
        "url2": ""
      }
    },
    {
      "type": "Feature",
      "geometry": {
        "type": "Point",
        "coordinates": [
          135.7154381,
          34.6502367
        ]
      },
      "properties": {
        "内容": "バス停: 近畿大学奈良病院 (Kindai University Nara Hospital) (NC Bus)",
        "name": "近畿大学奈良病院 (Kindai University Nara Hospital)",
        "operator": "NC Bus",
        "ref": "",
        "url": "",
        "url2": ""
      }
    },
    {
      "type": "Feature",
      "geometry": {
        "type": "Point",
        "coordinates": [
          135.7081466,
          34.6478188
        ]
      },
      "properties": {
        "内容": "バス停: 東山駅 (Higashiyama Station) (NC Bus)",
        "name": "東山駅 (Higashiyama Station)",
        "operator": "NC Bus",
        "ref": "",
        "url": "",
        "url2": ""
      }
    },
    {
      "type": "Feature",
      "geometry": {
        "type": "Point",
        "coordinates": [
          135.7133825,
          34.6459149
        ]
      },
      "properties": {
        "内容": "バス停: 菊美台四丁目 (NC Bus)",
        "name": "菊美台四丁目",
        "operator": "NC Bus",
        "ref": "",
        "url": "",
        "url2": ""
      }
    },
    {
      "type": "Feature",
      "geometry": {
        "type": "Point",
        "coordinates": [
          135.7135966,
          34.6465341
        ]
      },
      "properties": {
        "内容": "バス停: 菊美台四丁目 (NC Bus)",
        "name": "菊美台四丁目",
        "operator": "NC Bus",
        "ref": "",
        "url": "",
        "url2": ""
      }
    },
    {
      "type": "Feature",
      "geometry": {
        "type": "Point",
        "coordinates": [
          135.7097821,
          34.6912915
        ]
      },
      "properties": {
        "内容": "バス停: 東生駒駅 (Nara Kotsu Bus Lines Co., Ltd.)",
        "name": "東生駒駅",
        "operator": "Nara Kotsu Bus Lines Co., Ltd.",
        "ref": "2",
        "url": "",
        "url2": ""
      }
    },
    {
      "type": "Feature",
      "geometry": {
        "type": "Point",
        "coordinates": [
          135.7096673,
          34.6914182
        ]
      },
      "properties": {
        "内容": "バス停: 東生駒駅 (Nara Kotsu Bus Lines Co., Ltd.)",
        "name": "東生駒駅",
        "operator": "Nara Kotsu Bus Lines Co., Ltd.",
        "ref": "3",
        "url": "",
        "url2": ""
      }
    },
    {
      "type": "Feature",
      "geometry": {
        "type": "Point",
        "coordinates": [
          135.6969273,
          34.6928249
        ]
      },
      "properties": {
        "内容": "バス停: 生駒駅南口 (Nara Kotsu Bus Line Co., Ltd.)",
        "name": "生駒駅南口",
        "operator": "Nara Kotsu Bus Line Co., Ltd.",
        "ref": "",
        "url": "",
        "url2": ""
      }
    },
    {
      "type": "Feature",
      "geometry": {
        "type": "Point",
        "coordinates": [
          135.6972385,
          34.6929085
        ]
      },
      "properties": {
        "内容": "バス停: 生駒駅南口 (Nara Kotsu Bus Line Co., Ltd.)",
        "name": "生駒駅南口",
        "operator": "Nara Kotsu Bus Line Co., Ltd.",
        "ref": "",
        "url": "",
        "url2": ""
      }
    },
    {
      "type": "Feature",
      "geometry": {
        "type": "Point",
        "coordinates": [
          135.7453833,
          34.7179655
        ]
      },
      "properties": {
        "内容": "バス停: 中登美ヶ丘団地 (Nara Kotsu Bus Lines Co., Ltd.)",
        "name": "中登美ヶ丘団地",
        "operator": "Nara Kotsu Bus Lines Co., Ltd.",
        "ref": "",
        "url": "",
        "url2": ""
      }
    },
    {
      "type": "Feature",
      "geometry": {
        "type": "Point",
        "coordinates": [
          135.7453756,
          34.7182837
        ]
      },
      "properties": {
        "内容": "バス停: 中登美ヶ丘団地 (Nara Kotsu Bus Lines Co., Ltd.)",
        "name": "中登美ヶ丘団地",
        "operator": "Nara Kotsu Bus Lines Co., Ltd.",
        "ref": "",
        "url": "",
        "url2": ""
      }
    },
    {
      "type": "Feature",
      "geometry": {
        "type": "Point",
        "coordinates": [
          135.7516759,
          34.7221303
        ]
      },
      "properties": {
        "内容": "バス停: 北登美ヶ丘一丁目 (Kitatomigaoka 1-chōme) (Nara Kotsu Bus Lines Co., Ltd.)",
        "name": "北登美ヶ丘一丁目 (Kitatomigaoka 1-chōme)",
        "operator": "Nara Kotsu Bus Lines Co., Ltd.",
        "ref": "",
        "url": "",
        "url2": ""
      }
    },
    {
      "type": "Feature",
      "geometry": {
        "type": "Point",
        "coordinates": [
          135.7524512,
          34.7224884
        ]
      },
      "properties": {
        "内容": "バス停: 北登美ヶ丘一丁目 (Kitatomigaoka 1-chōme) (Nara Kotsu Bus Lines Co., Ltd.)",
        "name": "北登美ヶ丘一丁目 (Kitatomigaoka 1-chōme)",
        "operator": "Nara Kotsu Bus Lines Co., Ltd.",
        "ref": "",
        "url": "",
        "url2": ""
      }
    },
    {
      "type": "Feature",
      "geometry": {
        "type": "Point",
        "coordinates": [
          135.7519025,
          34.7233238
        ]
      },
      "properties": {
        "内容": "バス停: 北登美ヶ丘一丁目 (Kitatomigaoka 1-chōme) (Nara Kotsu Bus Lines Co., Ltd.)",
        "name": "北登美ヶ丘一丁目 (Kitatomigaoka 1-chōme)",
        "operator": "Nara Kotsu Bus Lines Co., Ltd.",
        "ref": "",
        "url": "",
        "url2": ""
      }
    },
    {
      "type": "Feature",
      "geometry": {
        "type": "Point",
        "coordinates": [
          135.7166119,
          34.7211625
        ]
      },
      "properties": {
        "内容": "バス停: 白庭台駅 (Shiraniwadai Station) (Nara Kotsu Bus Lines Co., Ltd.)",
        "name": "白庭台駅 (Shiraniwadai Station)",
        "operator": "Nara Kotsu Bus Lines Co., Ltd.",
        "ref": "",
        "url": "",
        "url2": ""
      }
    },
    {
      "type": "Feature",
      "geometry": {
        "type": "Point",
        "coordinates": [
          135.7180617,
          34.6697977
        ]
      },
      "properties": {
        "内容": "バス停: 翠光台 (Nara Kotsu Bus Lines Co., Ltd.)",
        "name": "翠光台",
        "operator": "Nara Kotsu Bus Lines Co., Ltd.",
        "ref": "",
        "url": "",
        "url2": ""
      }
    },
    {
      "type": "Feature",
      "geometry": {
        "type": "Point",
        "coordinates": [
          136.0440226,
          34.7089996
        ]
      },
      "properties": {
        "内容": "バス停: 尾山 (Oyama) (Nara Kotsu Bus Lines Co., Ltd.)",
        "name": "尾山 (Oyama)",
        "operator": "Nara Kotsu Bus Lines Co., Ltd.",
        "ref": "",
        "url": "",
        "url2": ""
      }
    },
    {
      "type": "Feature",
      "geometry": {
        "type": "Point",
        "coordinates": [
          136.0445644,
          34.7091846
        ]
      },
      "properties": {
        "内容": "バス停: 尾山 (Oyama) (Nara Kotsu Bus Lines Co., Ltd.)",
        "name": "尾山 (Oyama)",
        "operator": "Nara Kotsu Bus Lines Co., Ltd.",
        "ref": "",
        "url": "",
        "url2": ""
      }
    },
    {
      "type": "Feature",
      "geometry": {
        "type": "Point",
        "coordinates": [
          135.9269906,
          34.753126
        ]
      },
      "properties": {
        "内容": "バス停: 広岡 (Hirooka) (NC Bus)",
        "name": "広岡 (Hirooka)",
        "operator": "NC Bus",
        "ref": "",
        "url": "",
        "url2": ""
      }
    },
    {
      "type": "Feature",
      "geometry": {
        "type": "Point",
        "coordinates": [
          135.7611468,
          34.646246
        ]
      },
      "properties": {
        "内容": "バス停: 奈良高専 (Nara Kotsu Bus Lines Co., Ltd.)",
        "name": "奈良高専",
        "operator": "Nara Kotsu Bus Lines Co., Ltd.",
        "ref": "",
        "url": "",
        "url2": ""
      }
    },
    {
      "type": "Feature",
      "geometry": {
        "type": "Point",
        "coordinates": [
          135.7485117,
          34.6472485
        ]
      },
      "properties": {
        "内容": "バス停: 横山口 (Nara Kotsu Bus Lines Co., Ltd.)",
        "name": "横山口",
        "operator": "Nara Kotsu Bus Lines Co., Ltd.",
        "ref": "",
        "url": "",
        "url2": ""
      }
    },
    {
      "type": "Feature",
      "geometry": {
        "type": "Point",
        "coordinates": [
          135.7440599,
          34.6474084
        ]
      },
      "properties": {
        "内容": "バス停: 矢田 (Nara Kotsu Bus Lines Co., Ltd.)",
        "name": "矢田",
        "operator": "Nara Kotsu Bus Lines Co., Ltd.",
        "ref": "",
        "url": "",
        "url2": ""
      }
    },
    {
      "type": "Feature",
      "geometry": {
        "type": "Point",
        "coordinates": [
          135.7554213,
          34.6465774
        ]
      },
      "properties": {
        "内容": "バス停: 矢田東山 (Nara Kotsu Bus Lines Co., Ltd.)",
        "name": "矢田東山",
        "operator": "Nara Kotsu Bus Lines Co., Ltd.",
        "ref": "",
        "url": "",
        "url2": ""
      }
    },
    {
      "type": "Feature",
      "geometry": {
        "type": "Point",
        "coordinates": [
          135.8590627,
          34.3690666
        ]
      },
      "properties": {
        "内容": "バス停: 金峯山寺前 (吉野大峯ケーブル自動車)",
        "name": "金峯山寺前",
        "operator": "吉野大峯ケーブル自動車",
        "ref": "",
        "url": "",
        "url2": ""
      }
    },
    {
      "type": "Feature",
      "geometry": {
        "type": "Point",
        "coordinates": [
          135.8640684,
          34.3607145
        ]
      },
      "properties": {
        "内容": "バス停: 中千本臨時バス停 (奈良交通)",
        "name": "中千本臨時バス停",
        "operator": "奈良交通",
        "ref": "",
        "url": "",
        "url2": ""
      }
    },
    {
      "type": "Feature",
      "geometry": {
        "type": "Point",
        "coordinates": [
          135.8799172,
          34.3452401
        ]
      },
      "properties": {
        "内容": "バス停: 奥千本口 (吉野大峯ケーブルバス)",
        "name": "奥千本口",
        "operator": "吉野大峯ケーブルバス",
        "ref": "",
        "url": "",
        "url2": ""
      }
    },
    {
      "type": "Feature",
      "geometry": {
        "type": "Point",
        "coordinates": [
          135.8781705,
          34.3495454
        ]
      },
      "properties": {
        "内容": "バス停: 高城山展望台 (吉野大峯ケーブルバス)",
        "name": "高城山展望台",
        "operator": "吉野大峯ケーブルバス",
        "ref": "",
        "url": "",
        "url2": ""
      }
    },
    {
      "type": "Feature",
      "geometry": {
        "type": "Point",
        "coordinates": [
          135.864235,
          34.36026
        ]
      },
      "properties": {
        "内容": "バス停: 吉野上千本口 (吉野町スマイルバス)",
        "name": "吉野上千本口",
        "operator": "吉野町スマイルバス",
        "ref": "",
        "url": "",
        "url2": ""
      }
    },
    {
      "type": "Feature",
      "geometry": {
        "type": "Point",
        "coordinates": [
          135.864052,
          34.360138
        ]
      },
      "properties": {
        "内容": "バス停: 竹林院前 (吉野大峯ケーブルバス)",
        "name": "竹林院前",
        "operator": "吉野大峯ケーブルバス",
        "ref": "",
        "url": "",
        "url2": ""
      }
    },
    {
      "type": "Feature",
      "geometry": {
        "type": "Point",
        "coordinates": [
          135.855055,
          34.374909
        ]
      },
      "properties": {
        "内容": "バス停: 町営住宅前 (吉野町スマイルバス)",
        "name": "町営住宅前",
        "operator": "吉野町スマイルバス",
        "ref": "",
        "url": "",
        "url2": ""
      }
    },
    {
      "type": "Feature",
      "geometry": {
        "type": "Point",
        "coordinates": [
          135.7577665,
          34.7224746
        ]
      },
      "properties": {
        "内容": "バス停: 東登美ヶ丘五丁目 (Higashitomigaoka 5-chōme) (Nara Kotsu Bus Lines Co., Ltd.)",
        "name": "東登美ヶ丘五丁目 (Higashitomigaoka 5-chōme)",
        "operator": "Nara Kotsu Bus Lines Co., Ltd.",
        "ref": "",
        "url": "",
        "url2": ""
      }
    },
    {
      "type": "Feature",
      "geometry": {
        "type": "Point",
        "coordinates": [
          135.7591768,
          34.7226272
        ]
      },
      "properties": {
        "内容": "バス停: 東登美ヶ丘五丁目 (Higashitomigaoka 5-chōme) (Nara Kotsu Bus Lines Co., Ltd.)",
        "name": "東登美ヶ丘五丁目 (Higashitomigaoka 5-chōme)",
        "operator": "Nara Kotsu Bus Lines Co., Ltd.",
        "ref": "",
        "url": "",
        "url2": ""
      }
    },
    {
      "type": "Feature",
      "geometry": {
        "type": "Point",
        "coordinates": [
          135.7611996,
          34.7235394
        ]
      },
      "properties": {
        "内容": "バス停: 東登美ヶ丘六丁目 (Higashitomigaoka 6-chōme) (Nara Kotsu Bus Lines Co., Ltd.)",
        "name": "東登美ヶ丘六丁目 (Higashitomigaoka 6-chōme)",
        "operator": "Nara Kotsu Bus Lines Co., Ltd.",
        "ref": "",
        "url": "",
        "url2": ""
      }
    },
    {
      "type": "Feature",
      "geometry": {
        "type": "Point",
        "coordinates": [
          135.7620826,
          34.7241966
        ]
      },
      "properties": {
        "内容": "バス停: 東登美ヶ丘六丁目 (Higashitomigaoka 6-chōme) (Nara Kotsu Bus Lines Co., Ltd.)",
        "name": "東登美ヶ丘六丁目 (Higashitomigaoka 6-chōme)",
        "operator": "Nara Kotsu Bus Lines Co., Ltd.",
        "ref": "",
        "url": "",
        "url2": ""
      }
    },
    {
      "type": "Feature",
      "geometry": {
        "type": "Point",
        "coordinates": [
          135.764768,
          34.7244527
        ]
      },
      "properties": {
        "内容": "バス停: 東登美ヶ丘六丁目東 (Higashitomigaoka 6-chōme Higashi) (Nara Kotsu Bus Lines Co., Ltd.)",
        "name": "東登美ヶ丘六丁目東 (Higashitomigaoka 6-chōme Higashi)",
        "operator": "Nara Kotsu Bus Lines Co., Ltd.",
        "ref": "",
        "url": "",
        "url2": ""
      }
    },
    {
      "type": "Feature",
      "geometry": {
        "type": "Point",
        "coordinates": [
          135.7646373,
          34.7246467
        ]
      },
      "properties": {
        "内容": "バス停: 東登美ヶ丘六丁目東 (Higashitomigaoka 6-chōme Higashi) (Nara Kotsu Bus Lines Co., Ltd.)",
        "name": "東登美ヶ丘六丁目東 (Higashitomigaoka 6-chōme Higashi)",
        "operator": "Nara Kotsu Bus Lines Co., Ltd.",
        "ref": "",
        "url": "",
        "url2": ""
      }
    },
    {
      "type": "Feature",
      "geometry": {
        "type": "Point",
        "coordinates": [
          135.7546015,
          34.7222969
        ]
      },
      "properties": {
        "内容": "バス停: 東登美ヶ丘四丁目 (Higashitomigaoka 4-chōme) (Nara Kotsu Bus Lines Co., Ltd.)",
        "name": "東登美ヶ丘四丁目 (Higashitomigaoka 4-chōme)",
        "operator": "Nara Kotsu Bus Lines Co., Ltd.",
        "ref": "",
        "url": "",
        "url2": ""
      }
    },
    {
      "type": "Feature",
      "geometry": {
        "type": "Point",
        "coordinates": [
          135.7558838,
          34.7224694
        ]
      },
      "properties": {
        "内容": "バス停: 東登美ヶ丘四丁目 (Higashitomigaoka 4-chōme) (Nara Kotsu Bus Lines Co., Ltd.)",
        "name": "東登美ヶ丘四丁目 (Higashitomigaoka 4-chōme)",
        "operator": "Nara Kotsu Bus Lines Co., Ltd.",
        "ref": "",
        "url": "",
        "url2": ""
      }
    },
    {
      "type": "Feature",
      "geometry": {
        "type": "Point",
        "coordinates": [
          135.7645956,
          34.6696146
        ]
      },
      "properties": {
        "内容": "バス停: 六条西・緑町 (Nara Kotsu Bus Lines Co., Ltd.)",
        "name": "六条西・緑町",
        "operator": "Nara Kotsu Bus Lines Co., Ltd.",
        "ref": "",
        "url": "",
        "url2": ""
      }
    },
    {
      "type": "Feature",
      "geometry": {
        "type": "Point",
        "coordinates": [
          135.7665367,
          34.6697614
        ]
      },
      "properties": {
        "内容": "バス停: 六条西・緑町 (Nara Kotsu Bus Lines Co., Ltd.)",
        "name": "六条西・緑町",
        "operator": "Nara Kotsu Bus Lines Co., Ltd.",
        "ref": "",
        "url": "",
        "url2": ""
      }
    },
    {
      "type": "Feature",
      "geometry": {
        "type": "Point",
        "coordinates": [
          135.7665367,
          34.6690009
        ]
      },
      "properties": {
        "内容": "バス停: 西の京高校 (Nishinokyō Senior Highschool) (Nara Kotsu Bus Lines Co., Ltd.)",
        "name": "西の京高校 (Nishinokyō Senior Highschool)",
        "operator": "Nara Kotsu Bus Lines Co., Ltd.",
        "ref": "",
        "url": "",
        "url2": ""
      }
    },
    {
      "type": "Feature",
      "geometry": {
        "type": "Point",
        "coordinates": [
          135.7592971,
          34.6707882
        ]
      },
      "properties": {
        "内容": "バス停: 青垣台一丁目 (Nara Kotsu Bus Lines Co., Ltd.)",
        "name": "青垣台一丁目",
        "operator": "Nara Kotsu Bus Lines Co., Ltd.",
        "ref": "",
        "url": "",
        "url2": ""
      }
    },
    {
      "type": "Feature",
      "geometry": {
        "type": "Point",
        "coordinates": [
          135.7589645,
          34.6710806
        ]
      },
      "properties": {
        "内容": "バス停: 青垣台一丁目 (Nara Kotsu Bus Lines Co., Ltd.)",
        "name": "青垣台一丁目",
        "operator": "Nara Kotsu Bus Lines Co., Ltd.",
        "ref": "",
        "url": "",
        "url2": ""
      }
    },
    {
      "type": "Feature",
      "geometry": {
        "type": "Point",
        "coordinates": [
          135.7614947,
          34.6698881
        ]
      },
      "properties": {
        "内容": "バス停: 青垣台二丁目 (Nara Kotsu Bus Lines Co., Ltd.)",
        "name": "青垣台二丁目",
        "operator": "Nara Kotsu Bus Lines Co., Ltd.",
        "ref": "",
        "url": "",
        "url2": ""
      }
    },
    {
      "type": "Feature",
      "geometry": {
        "type": "Point",
        "coordinates": [
          135.7615731,
          34.6699437
        ]
      },
      "properties": {
        "内容": "バス停: 青垣台二丁目 (Nara Kotsu Bus Lines Co., Ltd.)",
        "name": "青垣台二丁目",
        "operator": "Nara Kotsu Bus Lines Co., Ltd.",
        "ref": "",
        "url": "",
        "url2": ""
      }
    },
    {
      "type": "Feature",
      "geometry": {
        "type": "Point",
        "coordinates": [
          135.8056078,
          34.6691084
        ]
      },
      "properties": {
        "内容": "バス停: 済生会奈良病院 (Saiseikai Nara Hospital) (NC Bus)",
        "name": "済生会奈良病院 (Saiseikai Nara Hospital)",
        "operator": "NC Bus",
        "ref": "",
        "url": "",
        "url2": ""
      }
    },
    {
      "type": "Feature",
      "geometry": {
        "type": "Point",
        "coordinates": [
          135.8058737,
          34.6760945
        ]
      },
      "properties": {
        "内容": "バス停: 県立図書情報館 (NC Bus)",
        "name": "県立図書情報館",
        "operator": "NC Bus",
        "ref": "",
        "url": "",
        "url2": ""
      }
    },
    {
      "type": "Feature",
      "geometry": {
        "type": "Point",
        "coordinates": [
          135.8531964,
          34.6654992
        ]
      },
      "properties": {
        "内容": "バス停: 奈良春日病院前 (Nara Kasuga Byōin Mae) (Nara Kotsu Bus Lines Co., Ltd.)",
        "name": "奈良春日病院前 (Nara Kasuga Byōin Mae)",
        "operator": "Nara Kotsu Bus Lines Co., Ltd.",
        "ref": "",
        "url": "",
        "url2": ""
      }
    },
    {
      "type": "Feature",
      "geometry": {
        "type": "Point",
        "coordinates": [
          135.852988,
          34.6655239
        ]
      },
      "properties": {
        "内容": "バス停: 奈良春日病院前 (Nara Kasuga Byōin Mae) (Nara Kotsu Bus Lines Co., Ltd.)",
        "name": "奈良春日病院前 (Nara Kasuga Byōin Mae)",
        "operator": "Nara Kotsu Bus Lines Co., Ltd.",
        "ref": "",
        "url": "",
        "url2": ""
      }
    },
    {
      "type": "Feature",
      "geometry": {
        "type": "Point",
        "coordinates": [
          135.8483284,
          34.6689507
        ]
      },
      "properties": {
        "内容": "バス停: 尾上町 (Onoue-chō) (Nara Kotsu Bus Lines Co., Ltd.)",
        "name": "尾上町 (Onoue-chō)",
        "operator": "Nara Kotsu Bus Lines Co., Ltd.",
        "ref": "",
        "url": "",
        "url2": ""
      }
    },
    {
      "type": "Feature",
      "geometry": {
        "type": "Point",
        "coordinates": [
          135.8478271,
          34.6692448
        ]
      },
      "properties": {
        "内容": "バス停: 尾上町 (Onoue-chō) (Nara Kotsu Bus Lines Co., Ltd.)",
        "name": "尾上町 (Onoue-chō)",
        "operator": "Nara Kotsu Bus Lines Co., Ltd.",
        "ref": "",
        "url": "",
        "url2": ""
      }
    },
    {
      "type": "Feature",
      "geometry": {
        "type": "Point",
        "coordinates": [
          135.8450167,
          34.6705292
        ]
      },
      "properties": {
        "内容": "バス停: 白毫寺 (Byakugō-ji) (Nara Kotsu Bus Lines Co., Ltd.)",
        "name": "白毫寺 (Byakugō-ji)",
        "operator": "Nara Kotsu Bus Lines Co., Ltd.",
        "ref": "",
        "url": "",
        "url2": ""
      }
    },
    {
      "type": "Feature",
      "geometry": {
        "type": "Point",
        "coordinates": [
          135.8444167,
          34.671
        ]
      },
      "properties": {
        "内容": "バス停: 白毫寺 (Byakugō-ji) (Nara Kotsu Bus Lines Co., Ltd.)",
        "name": "白毫寺 (Byakugō-ji)",
        "operator": "Nara Kotsu Bus Lines Co., Ltd.",
        "ref": "",
        "url": "",
        "url2": ""
      }
    },
    {
      "type": "Feature",
      "geometry": {
        "type": "Point",
        "coordinates": [
          135.761073,
          34.6752195
        ]
      },
      "properties": {
        "内容": "バス停: 東坂 (Nara Kotsu Bus Lines Co., Ltd.)",
        "name": "東坂",
        "operator": "Nara Kotsu Bus Lines Co., Ltd.",
        "ref": "",
        "url": "",
        "url2": ""
      }
    },
    {
      "type": "Feature",
      "geometry": {
        "type": "Point",
        "coordinates": [
          135.7605022,
          34.6754647
        ]
      },
      "properties": {
        "内容": "バス停: 東坂 (Nara Kotsu Bus Lines Co., Ltd.)",
        "name": "東坂",
        "operator": "Nara Kotsu Bus Lines Co., Ltd.",
        "ref": "",
        "url": "",
        "url2": ""
      }
    },
    {
      "type": "Feature",
      "geometry": {
        "type": "Point",
        "coordinates": [
          135.7619041,
          34.6763423
        ]
      },
      "properties": {
        "内容": "バス停: 東坂 (Higashisaka) (Nara Kotsu Bus Lines Co., Ltd.)",
        "name": "東坂 (Higashisaka)",
        "operator": "Nara Kotsu Bus Lines Co., Ltd.",
        "ref": "",
        "url": "",
        "url2": ""
      }
    },
    {
      "type": "Feature",
      "geometry": {
        "type": "Point",
        "coordinates": [
          135.7623599,
          34.6729838
        ]
      },
      "properties": {
        "内容": "バス停: 赤膚山 (Nara Kotsu Bus Lines Co., Ltd.)",
        "name": "赤膚山",
        "operator": "Nara Kotsu Bus Lines Co., Ltd.",
        "ref": "",
        "url": "",
        "url2": ""
      }
    },
    {
      "type": "Feature",
      "geometry": {
        "type": "Point",
        "coordinates": [
          135.7653508,
          34.6767674
        ]
      },
      "properties": {
        "内容": "バス停: 中町東坂 (Nara Kotsu Bus Lines Co., Ltd.)",
        "name": "中町東坂",
        "operator": "Nara Kotsu Bus Lines Co., Ltd.",
        "ref": "",
        "url": "",
        "url2": ""
      }
    },
    {
      "type": "Feature",
      "geometry": {
        "type": "Point",
        "coordinates": [
          135.7655917,
          34.6768594
        ]
      },
      "properties": {
        "内容": "バス停: 中町東坂 (Nara Kotsu Bus Lines Co., Ltd.)",
        "name": "中町東坂",
        "operator": "Nara Kotsu Bus Lines Co., Ltd.",
        "ref": "",
        "url": "",
        "url2": ""
      }
    },
    {
      "type": "Feature",
      "geometry": {
        "type": "Point",
        "coordinates": [
          135.7736647,
          34.6811342
        ]
      },
      "properties": {
        "内容": "バス停: 宝来 (Nara Kotsu Bus Lines Co., Ltd.)",
        "name": "宝来",
        "operator": "Nara Kotsu Bus Lines Co., Ltd.",
        "ref": "",
        "url": "",
        "url2": ""
      }
    },
    {
      "type": "Feature",
      "geometry": {
        "type": "Point",
        "coordinates": [
          135.7737621,
          34.6812498
        ]
      },
      "properties": {
        "内容": "バス停: 宝来 (Nara Kotsu Bus Lines Co., Ltd.)",
        "name": "宝来",
        "operator": "Nara Kotsu Bus Lines Co., Ltd.",
        "ref": "",
        "url": "",
        "url2": ""
      }
    },
    {
      "type": "Feature",
      "geometry": {
        "type": "Point",
        "coordinates": [
          135.7787687,
          34.6817494
        ]
      },
      "properties": {
        "内容": "バス停: 宝来東口 (Hōrai Higashiguchi) (Nara Kotsu Bus Lines Co., Ltd.)",
        "name": "宝来東口 (Hōrai Higashiguchi)",
        "operator": "Nara Kotsu Bus Lines Co., Ltd.",
        "ref": "",
        "url": "",
        "url2": ""
      }
    },
    {
      "type": "Feature",
      "geometry": {
        "type": "Point",
        "coordinates": [
          135.778641,
          34.6817938
        ]
      },
      "properties": {
        "内容": "バス停: 宝来東口 (Hōrai Higashiguchi) (Nara Kotsu Bus Lines Co., Ltd.)",
        "name": "宝来東口 (Hōrai Higashiguchi)",
        "operator": "Nara Kotsu Bus Lines Co., Ltd.",
        "ref": "",
        "url": "",
        "url2": ""
      }
    },
    {
      "type": "Feature",
      "geometry": {
        "type": "Point",
        "coordinates": [
          135.7709141,
          34.6789134
        ]
      },
      "properties": {
        "内容": "バス停: 畑 (Nara Kotsu Bus Lines Co., Ltd.)",
        "name": "畑",
        "operator": "Nara Kotsu Bus Lines Co., Ltd.",
        "ref": "",
        "url": "",
        "url2": ""
      }
    },
    {
      "type": "Feature",
      "geometry": {
        "type": "Point",
        "coordinates": [
          135.7711067,
          34.6790673
        ]
      },
      "properties": {
        "内容": "バス停: 畑 (Nara Kotsu Bus Lines Co., Ltd.)",
        "name": "畑",
        "operator": "Nara Kotsu Bus Lines Co., Ltd.",
        "ref": "",
        "url": "",
        "url2": ""
      }
    },
    {
      "type": "Feature",
      "geometry": {
        "type": "Point",
        "coordinates": [
          135.775591,
          34.6816938
        ]
      },
      "properties": {
        "内容": "バス停: 宝来三丁目 (Hōrai 3-chōrme) (Nara Kotsu Bus Lines Co., Ltd.)",
        "name": "宝来三丁目 (Hōrai 3-chōrme)",
        "operator": "Nara Kotsu Bus Lines Co., Ltd.",
        "ref": "",
        "url": "",
        "url2": ""
      }
    },
    {
      "type": "Feature",
      "geometry": {
        "type": "Point",
        "coordinates": [
          135.7758282,
          34.6817794
        ]
      },
      "properties": {
        "内容": "バス停: 宝来三丁目 (Hōrai 3-chōrme) (Nara Kotsu Bus Lines Co., Ltd.)",
        "name": "宝来三丁目 (Hōrai 3-chōrme)",
        "operator": "Nara Kotsu Bus Lines Co., Ltd.",
        "ref": "",
        "url": "",
        "url2": ""
      }
    },
    {
      "type": "Feature",
      "geometry": {
        "type": "Point",
        "coordinates": [
          135.7893142,
          34.681727
        ]
      },
      "properties": {
        "内容": "バス停: 三条大路五丁目 (Sanjō-ōji 5-chōme) (Nara Kotsu Bus Lines Co., Ltd.)",
        "name": "三条大路五丁目 (Sanjō-ōji 5-chōme)",
        "operator": "Nara Kotsu Bus Lines Co., Ltd.",
        "ref": "",
        "url": "",
        "url2": ""
      }
    },
    {
      "type": "Feature",
      "geometry": {
        "type": "Point",
        "coordinates": [
          135.789365,
          34.6818773
        ]
      },
      "properties": {
        "内容": "バス停: 三条大路五丁目 (Sanjō-ōji 5-chōme) (Nara Kotsu Bus Lines Co., Ltd.)",
        "name": "三条大路五丁目 (Sanjō-ōji 5-chōme)",
        "operator": "Nara Kotsu Bus Lines Co., Ltd.",
        "ref": "",
        "url": "",
        "url2": ""
      }
    },
    {
      "type": "Feature",
      "geometry": {
        "type": "Point",
        "coordinates": [
          135.7886238,
          34.6827471
        ]
      },
      "properties": {
        "内容": "バス停: 三条大路五丁目 (Sanjō-ōji 5-chōme) (Nara Kotsu Bus Lines Co., Ltd.)",
        "name": "三条大路五丁目 (Sanjō-ōji 5-chōme)",
        "operator": "Nara Kotsu Bus Lines Co., Ltd.",
        "ref": "",
        "url": "",
        "url2": ""
      }
    },
    {
      "type": "Feature",
      "geometry": {
        "type": "Point",
        "coordinates": [
          135.7886187,
          34.6914811
        ]
      },
      "properties": {
        "内容": "バス停: 二条町二丁目 (Nara Kotsu Bus Lines Co., Ltd.)",
        "name": "二条町二丁目",
        "operator": "Nara Kotsu Bus Lines Co., Ltd.",
        "ref": "",
        "url": "",
        "url2": ""
      }
    },
    {
      "type": "Feature",
      "geometry": {
        "type": "Point",
        "coordinates": [
          135.7887651,
          34.6917069
        ]
      },
      "properties": {
        "内容": "バス停: 二条町二丁目 (Nara Kotsu Bus Lines Co., Ltd.)",
        "name": "二条町二丁目",
        "operator": "Nara Kotsu Bus Lines Co., Ltd.",
        "ref": "",
        "url": "",
        "url2": ""
      }
    },
    {
      "type": "Feature",
      "geometry": {
        "type": "Point",
        "coordinates": [
          135.7886457,
          34.6886943
        ]
      },
      "properties": {
        "内容": "バス停: 二条町三丁目 (Nijocho-3-chome) (Nara Kotsu Bus Lines Co., Ltd.)",
        "name": "二条町三丁目 (Nijocho-3-chome)",
        "operator": "Nara Kotsu Bus Lines Co., Ltd.",
        "ref": "",
        "url": "",
        "url2": ""
      }
    },
    {
      "type": "Feature",
      "geometry": {
        "type": "Point",
        "coordinates": [
          135.7887511,
          34.68892
        ]
      },
      "properties": {
        "内容": "バス停: 二条町三丁目 (Nijocho-3-chome) (Nara Kotsu Bus Lines Co., Ltd.)",
        "name": "二条町三丁目 (Nijocho-3-chome)",
        "operator": "Nara Kotsu Bus Lines Co., Ltd.",
        "ref": "",
        "url": "",
        "url2": ""
      }
    },
    {
      "type": "Feature",
      "geometry": {
        "type": "Point",
        "coordinates": [
          135.7885614,
          34.6801846
        ]
      },
      "properties": {
        "内容": "バス停: 都跡小学校 (Miato Elementary School) (Nara Kotsu Bus Lines Co., Ltd.)",
        "name": "都跡小学校 (Miato Elementary School)",
        "operator": "Nara Kotsu Bus Lines Co., Ltd.",
        "ref": "",
        "url": "",
        "url2": ""
      }
    },
    {
      "type": "Feature",
      "geometry": {
        "type": "Point",
        "coordinates": [
          135.7886318,
          34.6804294
        ]
      },
      "properties": {
        "内容": "バス停: 都跡小学校 (Miato Elementary School) (Nara Kotsu Bus Lines Co., Ltd.)",
        "name": "都跡小学校 (Miato Elementary School)",
        "operator": "Nara Kotsu Bus Lines Co., Ltd.",
        "ref": "",
        "url": "",
        "url2": ""
      }
    },
    {
      "type": "Feature",
      "geometry": {
        "type": "Point",
        "coordinates": [
          135.8062232,
          34.711926
        ]
      },
      "properties": {
        "内容": "バス停: 左京六丁目 (Sakyō 6-chōme) (Nara Kotsu Bus Lines Co., Ltd.)",
        "name": "左京六丁目 (Sakyō 6-chōme)",
        "operator": "Nara Kotsu Bus Lines Co., Ltd.",
        "ref": "",
        "url": "",
        "url2": ""
      }
    },
    {
      "type": "Feature",
      "geometry": {
        "type": "Point",
        "coordinates": [
          135.8059935,
          34.7121006
        ]
      },
      "properties": {
        "内容": "バス停: 左京六丁目 (Sakyō 6-chōme) (Nara Kotsu Bus Lines Co., Ltd.)",
        "name": "左京六丁目 (Sakyō 6-chōme)",
        "operator": "Nara Kotsu Bus Lines Co., Ltd.",
        "ref": "",
        "url": "",
        "url2": ""
      }
    },
    {
      "type": "Feature",
      "geometry": {
        "type": "Point",
        "coordinates": [
          135.8096144,
          34.6814132
        ]
      },
      "properties": {
        "内容": "バス停: 北添川 (Kitasoekawa) (Nara Kotsu Bus Lines Co., Ltd.)",
        "name": "北添川 (Kitasoekawa)",
        "operator": "Nara Kotsu Bus Lines Co., Ltd.",
        "ref": "",
        "url": "",
        "url2": ""
      }
    },
    {
      "type": "Feature",
      "geometry": {
        "type": "Point",
        "coordinates": [
          135.8097548,
          34.6816048
        ]
      },
      "properties": {
        "内容": "バス停: 北添川 (Kitasoekawa) (Nara Kotsu Bus Lines Co., Ltd.)",
        "name": "北添川 (Kitasoekawa)",
        "operator": "Nara Kotsu Bus Lines Co., Ltd.",
        "ref": "",
        "url": "",
        "url2": ""
      }
    },
    {
      "type": "Feature",
      "geometry": {
        "type": "Point",
        "coordinates": [
          135.8099024,
          34.6818707
        ]
      },
      "properties": {
        "内容": "バス停: 北添川 (Kitasoekawa) (Nara Kotsu Bus Lines Co., Ltd.)",
        "name": "北添川 (Kitasoekawa)",
        "operator": "Nara Kotsu Bus Lines Co., Ltd.",
        "ref": "",
        "url": "",
        "url2": ""
      }
    },
    {
      "type": "Feature",
      "geometry": {
        "type": "Point",
        "coordinates": [
          135.8096755,
          34.6819448
        ]
      },
      "properties": {
        "内容": "バス停: 北添川 (Kitasoekawa) (Nara Kotsu Bus Lines Co., Ltd.)",
        "name": "北添川 (Kitasoekawa)",
        "operator": "Nara Kotsu Bus Lines Co., Ltd.",
        "ref": "",
        "url": "",
        "url2": ""
      }
    },
    {
      "type": "Feature",
      "geometry": {
        "type": "Point",
        "coordinates": [
          135.8134062,
          34.6783316
        ]
      },
      "properties": {
        "内容": "バス停: 三条大宮町 (Sanjō-Ōmiya chō) (Nara Kotsu Bus Lines Co., Ltd.)",
        "name": "三条大宮町 (Sanjō-Ōmiya chō)",
        "operator": "Nara Kotsu Bus Lines Co., Ltd.",
        "ref": "",
        "url": "",
        "url2": ""
      }
    },
    {
      "type": "Feature",
      "geometry": {
        "type": "Point",
        "coordinates": [
          135.8135372,
          34.6784371
        ]
      },
      "properties": {
        "内容": "バス停: 三条大宮町 (Sanjō-Ōmiya chō) (Nara Kotsu Bus Lines Co., Ltd.)",
        "name": "三条大宮町 (Sanjō-Ōmiya chō)",
        "operator": "Nara Kotsu Bus Lines Co., Ltd.",
        "ref": "",
        "url": "",
        "url2": ""
      }
    },
    {
      "type": "Feature",
      "geometry": {
        "type": "Point",
        "coordinates": [
          135.8011869,
          34.6817811
        ]
      },
      "properties": {
        "内容": "バス停: 三条大路一丁目 (Sanjō-ōji 1-chōme) (Nara Kotsu Bus Lines Co., Ltd.)",
        "name": "三条大路一丁目 (Sanjō-ōji 1-chōme)",
        "operator": "Nara Kotsu Bus Lines Co., Ltd.",
        "ref": "",
        "url": "",
        "url2": ""
      }
    },
    {
      "type": "Feature",
      "geometry": {
        "type": "Point",
        "coordinates": [
          135.8010602,
          34.6819598
        ]
      },
      "properties": {
        "内容": "バス停: 三条大路一丁目 (Nara Kotsu Bus Lines Co., Ltd.)",
        "name": "三条大路一丁目",
        "operator": "Nara Kotsu Bus Lines Co., Ltd.",
        "ref": "",
        "url": "",
        "url2": ""
      }
    },
    {
      "type": "Feature",
      "geometry": {
        "type": "Point",
        "coordinates": [
          135.7976339,
          34.6817662
        ]
      },
      "properties": {
        "内容": "バス停: 三条大路二丁目 (Sanjō-ōji 2-chōme) (Nara Kotsu Bus Lines Co., Ltd.)",
        "name": "三条大路二丁目 (Sanjō-ōji 2-chōme)",
        "operator": "Nara Kotsu Bus Lines Co., Ltd.",
        "ref": "",
        "url": "",
        "url2": ""
      }
    },
    {
      "type": "Feature",
      "geometry": {
        "type": "Point",
        "coordinates": [
          135.7977648,
          34.681942
        ]
      },
      "properties": {
        "内容": "バス停: 三条大路二丁目 (Sanjō-ōji 2-chōme) (Nara Kotsu Bus Lines Co., Ltd.)",
        "name": "三条大路二丁目 (Sanjō-ōji 2-chōme)",
        "operator": "Nara Kotsu Bus Lines Co., Ltd.",
        "ref": "",
        "url": "",
        "url2": ""
      }
    },
    {
      "type": "Feature",
      "geometry": {
        "type": "Point",
        "coordinates": [
          135.7933861,
          34.6817398
        ]
      },
      "properties": {
        "内容": "バス停: 三条大路四丁目 (Sanjō-ōji 4-chōme) (Nara Kotsu Bus Lines Co., Ltd.)",
        "name": "三条大路四丁目 (Sanjō-ōji 4-chōme)",
        "operator": "Nara Kotsu Bus Lines Co., Ltd.",
        "ref": "",
        "url": "",
        "url2": ""
      }
    },
    {
      "type": "Feature",
      "geometry": {
        "type": "Point",
        "coordinates": [
          135.7933219,
          34.6819156
        ]
      },
      "properties": {
        "内容": "バス停: 三条大路四丁目 (Sanjō-ōji 4-chōme) (Nara Kotsu Bus Lines Co., Ltd.)",
        "name": "三条大路四丁目 (Sanjō-ōji 4-chōme)",
        "operator": "Nara Kotsu Bus Lines Co., Ltd.",
        "ref": "",
        "url": "",
        "url2": ""
      }
    },
    {
      "type": "Feature",
      "geometry": {
        "type": "Point",
        "coordinates": [
          135.8059024,
          34.6810905
        ]
      },
      "properties": {
        "内容": "バス停: 三笠中学校前 (エヌシーバス)",
        "name": "三笠中学校前",
        "operator": "エヌシーバス",
        "ref": "",
        "url": "",
        "url2": ""
      }
    },
    {
      "type": "Feature",
      "geometry": {
        "type": "Point",
        "coordinates": [
          135.8050523,
          34.6818027
        ]
      },
      "properties": {
        "内容": "バス停: 三笠中学校前 (Mikasa Junior Highschool) (Nara Kotsu Bus Lines Co., Ltd.)",
        "name": "三笠中学校前 (Mikasa Junior Highschool)",
        "operator": "Nara Kotsu Bus Lines Co., Ltd.",
        "ref": "",
        "url": "",
        "url2": ""
      }
    },
    {
      "type": "Feature",
      "geometry": {
        "type": "Point",
        "coordinates": [
          135.8063515,
          34.6819874
        ]
      },
      "properties": {
        "内容": "バス停: 三笠中学校前 (Nara Kotsu Bus Lines Co., Ltd.)",
        "name": "三笠中学校前",
        "operator": "Nara Kotsu Bus Lines Co., Ltd.",
        "ref": "",
        "url": "",
        "url2": ""
      }
    },
    {
      "type": "Feature",
      "geometry": {
        "type": "Point",
        "coordinates": [
          135.8056858,
          34.6822358
        ]
      },
      "properties": {
        "内容": "バス停: 三笠中学校前 (エヌシーバス)",
        "name": "三笠中学校前",
        "operator": "エヌシーバス",
        "ref": "",
        "url": "",
        "url2": ""
      }
    },
    {
      "type": "Feature",
      "geometry": {
        "type": "Point",
        "coordinates": [
          135.8125267,
          34.6792417
        ]
      },
      "properties": {
        "内容": "バス停: 南添川 (Minamisoekawa) (Nara Kotsu Bus Lines Co., Ltd.)",
        "name": "南添川 (Minamisoekawa)",
        "operator": "Nara Kotsu Bus Lines Co., Ltd.",
        "ref": "",
        "url": "",
        "url2": ""
      }
    },
    {
      "type": "Feature",
      "geometry": {
        "type": "Point",
        "coordinates": [
          135.6968672,
          34.7017488
        ]
      },
      "properties": {
        "内容": "バス停: 俵口 (Nara Kotsu Bus Line Co., Ltd.)",
        "name": "俵口",
        "operator": "Nara Kotsu Bus Line Co., Ltd.",
        "ref": "",
        "url": "",
        "url2": ""
      }
    },
    {
      "type": "Feature",
      "geometry": {
        "type": "Point",
        "coordinates": [
          135.6970242,
          34.7018657
        ]
      },
      "properties": {
        "内容": "バス停: 俵口 (Nara Kotsu Bus Line Co., Ltd.)",
        "name": "俵口",
        "operator": "Nara Kotsu Bus Line Co., Ltd.",
        "ref": "",
        "url": "",
        "url2": ""
      }
    },
    {
      "type": "Feature",
      "geometry": {
        "type": "Point",
        "coordinates": [
          135.6782629,
          34.702302
        ]
      },
      "properties": {
        "内容": "バス停: 生駒山麓公園ふれあいセンター (Nara Kotsu Bus Line Co., Ltd.)",
        "name": "生駒山麓公園ふれあいセンター",
        "operator": "Nara Kotsu Bus Line Co., Ltd.",
        "ref": "",
        "url": "",
        "url2": ""
      }
    },
    {
      "type": "Feature",
      "geometry": {
        "type": "Point",
        "coordinates": [
          135.8119323,
          34.6818449
        ]
      },
      "properties": {
        "内容": "バス停: 三条添川町 (Sanjō-soekawa chō) (NC Bus)",
        "name": "三条添川町 (Sanjō-soekawa chō)",
        "operator": "NC Bus",
        "ref": "",
        "url": "",
        "url2": ""
      }
    },
    {
      "type": "Feature",
      "geometry": {
        "type": "Point",
        "coordinates": [
          135.8119255,
          34.6819455
        ]
      },
      "properties": {
        "内容": "バス停: 三条添川町 (Sanjō-soekawa chō) (NC Bus)",
        "name": "三条添川町 (Sanjō-soekawa chō)",
        "operator": "NC Bus",
        "ref": "",
        "url": "",
        "url2": ""
      }
    },
    {
      "type": "Feature",
      "geometry": {
        "type": "Point",
        "coordinates": [
          135.8038372,
          34.6770632
        ]
      },
      "properties": {
        "内容": "バス停: 四条大路 (エヌシーバス)",
        "name": "四条大路",
        "operator": "エヌシーバス",
        "ref": "",
        "url": "",
        "url2": ""
      }
    },
    {
      "type": "Feature",
      "geometry": {
        "type": "Point",
        "coordinates": [
          135.8037236,
          34.6770758
        ]
      },
      "properties": {
        "内容": "バス停: 四条大路 (エヌシーバス)",
        "name": "四条大路",
        "operator": "エヌシーバス",
        "ref": "",
        "url": "",
        "url2": ""
      }
    },
    {
      "type": "Feature",
      "geometry": {
        "type": "Point",
        "coordinates": [
          135.8038337,
          34.6800474
        ]
      },
      "properties": {
        "内容": "バス停: 四条大路一丁目 (エヌシーバス)",
        "name": "四条大路一丁目",
        "operator": "エヌシーバス",
        "ref": "",
        "url": "",
        "url2": ""
      }
    },
    {
      "type": "Feature",
      "geometry": {
        "type": "Point",
        "coordinates": [
          135.8037761,
          34.6802059
        ]
      },
      "properties": {
        "内容": "バス停: 四条大路一丁目 (エヌシーバス)",
        "name": "四条大路一丁目",
        "operator": "エヌシーバス",
        "ref": "",
        "url": "",
        "url2": ""
      }
    },
    {
      "type": "Feature",
      "geometry": {
        "type": "Point",
        "coordinates": [
          135.8037528,
          34.6783731
        ]
      },
      "properties": {
        "内容": "バス停: 四条大路一丁目東 (エヌシーバス)",
        "name": "四条大路一丁目東",
        "operator": "エヌシーバス",
        "ref": "",
        "url": "",
        "url2": ""
      }
    },
    {
      "type": "Feature",
      "geometry": {
        "type": "Point",
        "coordinates": [
          135.8038179,
          34.6786998
        ]
      },
      "properties": {
        "内容": "バス停: 四条大路一丁目東 (エヌシーバス)",
        "name": "四条大路一丁目東",
        "operator": "エヌシーバス",
        "ref": "",
        "url": "",
        "url2": ""
      }
    },
    {
      "type": "Feature",
      "geometry": {
        "type": "Point",
        "coordinates": [
          135.8037842,
          34.6739236
        ]
      },
      "properties": {
        "内容": "バス停: 四条大路南町 (エヌシーバス)",
        "name": "四条大路南町",
        "operator": "エヌシーバス",
        "ref": "",
        "url": "",
        "url2": ""
      }
    },
    {
      "type": "Feature",
      "geometry": {
        "type": "Point",
        "coordinates": [
          135.8057481,
          34.6837004
        ]
      },
      "properties": {
        "内容": "バス停: 奈良市庁前（南） (エヌシーバス)",
        "name": "奈良市庁前（南）",
        "operator": "エヌシーバス",
        "ref": "",
        "url": "",
        "url2": ""
      }
    },
    {
      "type": "Feature",
      "geometry": {
        "type": "Point",
        "coordinates": [
          135.805915,
          34.6838068
        ]
      },
      "properties": {
        "内容": "バス停: 奈良市庁前（南） (エヌシーバス)",
        "name": "奈良市庁前（南）",
        "operator": "エヌシーバス",
        "ref": "",
        "url": "",
        "url2": ""
      }
    },
    {
      "type": "Feature",
      "geometry": {
        "type": "Point",
        "coordinates": [
          135.8142034,
          34.6818948
        ]
      },
      "properties": {
        "内容": "バス停: 白藤学園 (Shirafuji Gakuen) (NC Bus)",
        "name": "白藤学園 (Shirafuji Gakuen)",
        "operator": "NC Bus",
        "ref": "",
        "url": "",
        "url2": ""
      }
    },
    {
      "type": "Feature",
      "geometry": {
        "type": "Point",
        "coordinates": [
          135.8143086,
          34.6819989
        ]
      },
      "properties": {
        "内容": "バス停: 白藤学園 (Shirafuji Gakuen) (NC Bus)",
        "name": "白藤学園 (Shirafuji Gakuen)",
        "operator": "NC Bus",
        "ref": "",
        "url": "",
        "url2": ""
      }
    },
    {
      "type": "Feature",
      "geometry": {
        "type": "Point",
        "coordinates": [
          135.8037213,
          34.6753777
        ]
      },
      "properties": {
        "内容": "バス停: 県立図書情報館西口 (エヌシーバス)",
        "name": "県立図書情報館西口",
        "operator": "エヌシーバス",
        "ref": "",
        "url": "",
        "url2": ""
      }
    },
    {
      "type": "Feature",
      "geometry": {
        "type": "Point",
        "coordinates": [
          135.8038165,
          34.6755242
        ]
      },
      "properties": {
        "内容": "バス停: 県立図書情報館西口 (エヌシーバス)",
        "name": "県立図書情報館西口",
        "operator": "エヌシーバス",
        "ref": "",
        "url": "",
        "url2": ""
      }
    },
    {
      "type": "Feature",
      "geometry": {
        "type": "Point",
        "coordinates": [
          135.8324016,
          34.6845836
        ]
      },
      "properties": {
        "内容": "バス停: 県庁前1 (奈良交通)",
        "name": "県庁前1",
        "operator": "奈良交通",
        "ref": "1",
        "url": "",
        "url2": ""
      }
    },
    {
      "type": "Feature",
      "geometry": {
        "type": "Point",
        "coordinates": [
          135.8317229,
          34.6172155
        ]
      },
      "properties": {
        "内容": "バス停: 天理（櫟本）",
        "name": "天理（櫟本）",
        "operator": "事業者不明",
        "ref": "",
        "url": "",
        "url2": ""
      }
    },
    {
      "type": "Feature",
      "geometry": {
        "type": "Point",
        "coordinates": [
          135.7327005,
          34.4641143
        ]
      },
      "properties": {
        "内容": "バス停: 近鉄御所駅",
        "name": "近鉄御所駅",
        "operator": "事業者不明",
        "ref": "",
        "url": "",
        "url2": ""
      }
    },
    {
      "type": "Feature",
      "geometry": {
        "type": "Point",
        "coordinates": [
          135.7034238,
          34.5981125
        ]
      },
      "properties": {
        "内容": "バス停: 王寺駅北口（JRバス・奈良交通）",
        "name": "王寺駅北口（JRバス・奈良交通）",
        "operator": "事業者不明",
        "ref": "",
        "url": "",
        "url2": ""
      }
    },
    {
      "type": "Feature",
      "geometry": {
        "type": "Point",
        "coordinates": [
          135.7047694,
          34.5964024
        ]
      },
      "properties": {
        "内容": "バス停: 王寺駅（奈良交通）",
        "name": "王寺駅（奈良交通）",
        "operator": "事業者不明",
        "ref": "",
        "url": "",
        "url2": ""
      }
    },
    {
      "type": "Feature",
      "geometry": {
        "type": "Point",
        "coordinates": [
          135.9800483,
          34.0026206
        ]
      },
      "properties": {
        "内容": "バス停: 地原",
        "name": "地原",
        "operator": "事業者不明",
        "ref": "",
        "url": "",
        "url2": ""
      }
    },
    {
      "type": "Feature",
      "geometry": {
        "type": "Point",
        "coordinates": [
          135.9581524,
          34.0413386
        ]
      },
      "properties": {
        "内容": "バス停: 池原大橋",
        "name": "池原大橋",
        "operator": "事業者不明",
        "ref": "",
        "url": "",
        "url2": ""
      }
    },
    {
      "type": "Feature",
      "geometry": {
        "type": "Point",
        "coordinates": [
          135.9495899,
          34.0106862
        ]
      },
      "properties": {
        "内容": "バス停: 住吉",
        "name": "住吉",
        "operator": "事業者不明",
        "ref": "",
        "url": "",
        "url2": ""
      }
    },
    {
      "type": "Feature",
      "geometry": {
        "type": "Point",
        "coordinates": [
          135.9543717,
          34.0242526
        ]
      },
      "properties": {
        "内容": "バス停: 南垣内",
        "name": "南垣内",
        "operator": "事業者不明",
        "ref": "",
        "url": "",
        "url2": ""
      }
    },
    {
      "type": "Feature",
      "geometry": {
        "type": "Point",
        "coordinates": [
          135.9518132,
          34.008361
        ]
      },
      "properties": {
        "内容": "バス停: 寺垣内駐在所前",
        "name": "寺垣内駐在所前",
        "operator": "事業者不明",
        "ref": "",
        "url": "",
        "url2": ""
      }
    },
    {
      "type": "Feature",
      "geometry": {
        "type": "Point",
        "coordinates": [
          135.9671869,
          34.0024761
        ]
      },
      "properties": {
        "内容": "バス停: 佐田",
        "name": "佐田",
        "operator": "事業者不明",
        "ref": "",
        "url": "",
        "url2": ""
      }
    },
    {
      "type": "Feature",
      "geometry": {
        "type": "Point",
        "coordinates": [
          135.9582792,
          33.9999543
        ]
      },
      "properties": {
        "内容": "バス停: 不動峠口",
        "name": "不動峠口",
        "operator": "事業者不明",
        "ref": "",
        "url": "",
        "url2": ""
      }
    },
    {
      "type": "Feature",
      "geometry": {
        "type": "Point",
        "coordinates": [
          135.9548074,
          34.0048966
        ]
      },
      "properties": {
        "内容": "バス停: 寺垣内",
        "name": "寺垣内",
        "operator": "事業者不明",
        "ref": "",
        "url": "",
        "url2": ""
      }
    },
    {
      "type": "Feature",
      "geometry": {
        "type": "Point",
        "coordinates": [
          135.9557409,
          34.0018196
        ]
      },
      "properties": {
        "内容": "バス停: 浦向",
        "name": "浦向",
        "operator": "事業者不明",
        "ref": "",
        "url": "",
        "url2": ""
      }
    },
    {
      "type": "Feature",
      "geometry": {
        "type": "Point",
        "coordinates": [
          135.9671699,
          34.0047528
        ]
      },
      "properties": {
        "内容": "バス停: 佐田公民館前",
        "name": "佐田公民館前",
        "operator": "事業者不明",
        "ref": "",
        "url": "",
        "url2": ""
      }
    },
    {
      "type": "Feature",
      "geometry": {
        "type": "Point",
        "coordinates": [
          135.9609297,
          34.0033475
        ]
      },
      "properties": {
        "内容": "バス停: 道須",
        "name": "道須",
        "operator": "事業者不明",
        "ref": "",
        "url": "",
        "url2": ""
      }
    },
    {
      "type": "Feature",
      "geometry": {
        "type": "Point",
        "coordinates": [
          135.975991,
          34.0033733
        ]
      },
      "properties": {
        "内容": "バス停: 下深瀬",
        "name": "下深瀬",
        "operator": "事業者不明",
        "ref": "",
        "url": "",
        "url2": ""
      }
    },
    {
      "type": "Feature",
      "geometry": {
        "type": "Point",
        "coordinates": [
          135.9766778,
          34.0008944
        ]
      },
      "properties": {
        "内容": "バス停: 田戸",
        "name": "田戸",
        "operator": "事業者不明",
        "ref": "",
        "url": "",
        "url2": ""
      }
    },
    {
      "type": "Feature",
      "geometry": {
        "type": "Point",
        "coordinates": [
          135.9787825,
          34.0079584
        ]
      },
      "properties": {
        "内容": "バス停: 上桑原",
        "name": "上桑原",
        "operator": "事業者不明",
        "ref": "",
        "url": "",
        "url2": ""
      }
    },
    {
      "type": "Feature",
      "geometry": {
        "type": "Point",
        "coordinates": [
          135.955828,
          34.0276467
        ]
      },
      "properties": {
        "内容": "バス停: 池峰",
        "name": "池峰",
        "operator": "事業者不明",
        "ref": "",
        "url": "",
        "url2": ""
      }
    },
    {
      "type": "Feature",
      "geometry": {
        "type": "Point",
        "coordinates": [
          135.9788856,
          34.0143689
        ]
      },
      "properties": {
        "内容": "バス停: 下桑原",
        "name": "下桑原",
        "operator": "事業者不明",
        "ref": "",
        "url": "",
        "url2": ""
      }
    },
    {
      "type": "Feature",
      "geometry": {
        "type": "Point",
        "coordinates": [
          135.9580998,
          34.0437514
        ]
      },
      "properties": {
        "内容": "バス停: 池原",
        "name": "池原",
        "operator": "事業者不明",
        "ref": "",
        "url": "",
        "url2": ""
      }
    },
    {
      "type": "Feature",
      "geometry": {
        "type": "Point",
        "coordinates": [
          135.9558075,
          34.0295872
        ]
      },
      "properties": {
        "内容": "バス停: 池峯公園",
        "name": "池峯公園",
        "operator": "事業者不明",
        "ref": "",
        "url": "",
        "url2": ""
      }
    },
    {
      "type": "Feature",
      "geometry": {
        "type": "Point",
        "coordinates": [
          135.7969118,
          34.4446145
        ]
      },
      "properties": {
        "内容": "バス停: 鶉町",
        "name": "鶉町",
        "operator": "事業者不明",
        "ref": "",
        "url": "",
        "url2": ""
      }
    },
    {
      "type": "Feature",
      "geometry": {
        "type": "Point",
        "coordinates": [
          135.7679776,
          34.6588417
        ]
      },
      "properties": {
        "内容": "バス停: 木島",
        "name": "木島",
        "operator": "事業者不明",
        "ref": "",
        "url": "",
        "url2": ""
      }
    },
    {
      "type": "Feature",
      "geometry": {
        "type": "Point",
        "coordinates": [
          135.7608844,
          34.6627699
        ]
      },
      "properties": {
        "内容": "バス停: 荒新田",
        "name": "荒新田",
        "operator": "事業者不明",
        "ref": "",
        "url": "",
        "url2": ""
      }
    },
    {
      "type": "Feature",
      "geometry": {
        "type": "Point",
        "coordinates": [
          135.7612643,
          34.6632721
        ]
      },
      "properties": {
        "内容": "バス停: 荒新田",
        "name": "荒新田",
        "operator": "事業者不明",
        "ref": "",
        "url": "",
        "url2": ""
      }
    },
    {
      "type": "Feature",
      "geometry": {
        "type": "Point",
        "coordinates": [
          135.7585663,
          34.6645073
        ]
      },
      "properties": {
        "内容": "バス停: 長芝橋",
        "name": "長芝橋",
        "operator": "事業者不明",
        "ref": "",
        "url": "",
        "url2": ""
      }
    },
    {
      "type": "Feature",
      "geometry": {
        "type": "Point",
        "coordinates": [
          135.759382,
          34.6648213
        ]
      },
      "properties": {
        "内容": "バス停: 長芝橋",
        "name": "長芝橋",
        "operator": "事業者不明",
        "ref": "",
        "url": "",
        "url2": ""
      }
    },
    {
      "type": "Feature",
      "geometry": {
        "type": "Point",
        "coordinates": [
          135.8202759,
          34.6812774
        ]
      },
      "properties": {
        "内容": "バス停: JR奈良駅 2 (Nara Kotsu Bus Lines Co., Ltd.)",
        "name": "JR奈良駅 2",
        "operator": "Nara Kotsu Bus Lines Co., Ltd.",
        "ref": "2",
        "url": "",
        "url2": ""
      }
    },
    {
      "type": "Feature",
      "geometry": {
        "type": "Point",
        "coordinates": [
          135.7215249,
          34.7106001
        ]
      },
      "properties": {
        "内容": "バス停: あすか野南一丁目 (Asukano-minami 1-chōme) (Nara Kotsu Bus Lines Co., Ltd.)",
        "name": "あすか野南一丁目 (Asukano-minami 1-chōme)",
        "operator": "Nara Kotsu Bus Lines Co., Ltd.",
        "ref": "",
        "url": "",
        "url2": ""
      }
    },
    {
      "type": "Feature",
      "geometry": {
        "type": "Point",
        "coordinates": [
          135.7198786,
          34.7078992
        ]
      },
      "properties": {
        "内容": "バス停: あすか野南三丁目 (Asukano-minami 3-chōme) (Nara Kotsu Bus Lines Co., Ltd.)",
        "name": "あすか野南三丁目 (Asukano-minami 3-chōme)",
        "operator": "Nara Kotsu Bus Lines Co., Ltd.",
        "ref": "",
        "url": "",
        "url2": ""
      }
    },
    {
      "type": "Feature",
      "geometry": {
        "type": "Point",
        "coordinates": [
          135.717637,
          34.7099954
        ]
      },
      "properties": {
        "内容": "バス停: あすか野小学校 (Asukano Elementary School) (Nara Kotsu Bus Lines Co., Ltd.)",
        "name": "あすか野小学校 (Asukano Elementary School)",
        "operator": "Nara Kotsu Bus Lines Co., Ltd.",
        "ref": "",
        "url": "",
        "url2": ""
      }
    },
    {
      "type": "Feature",
      "geometry": {
        "type": "Point",
        "coordinates": [
          135.7981181,
          34.6943198
        ]
      },
      "properties": {
        "内容": "バス停: 平城宮跡 (Heijō Palace Site) (Nara Kotsu Bus Lines Co., Ltd.)",
        "name": "平城宮跡 (Heijō Palace Site)",
        "operator": "Nara Kotsu Bus Lines Co., Ltd.",
        "ref": "",
        "url": "",
        "url2": ""
      }
    },
    {
      "type": "Feature",
      "geometry": {
        "type": "Point",
        "coordinates": [
          135.7139087,
          34.7145547
        ]
      },
      "properties": {
        "内容": "バス停: あすか野団地 (Asukano Danchi) (Nara Kotsu Bus Lines Co., Ltd.)",
        "name": "あすか野団地 (Asukano Danchi)",
        "operator": "Nara Kotsu Bus Lines Co., Ltd.",
        "ref": "",
        "url": "",
        "url2": ""
      }
    },
    {
      "type": "Feature",
      "geometry": {
        "type": "Point",
        "coordinates": [
          135.7126193,
          34.7107858
        ]
      },
      "properties": {
        "内容": "バス停: あすか野団地口 (Asukano Danchiguchi) (Nara Kotsu Bus Lines Co., Ltd.)",
        "name": "あすか野団地口 (Asukano Danchiguchi)",
        "operator": "Nara Kotsu Bus Lines Co., Ltd.",
        "ref": "",
        "url": "",
        "url2": ""
      }
    },
    {
      "type": "Feature",
      "geometry": {
        "type": "Point",
        "coordinates": [
          135.7126883,
          34.7110599
        ]
      },
      "properties": {
        "内容": "バス停: あすか野団地口 (Asukano Danchiguchi) (Nara Kotsu Bus Lines Co., Ltd.)",
        "name": "あすか野団地口 (Asukano Danchiguchi)",
        "operator": "Nara Kotsu Bus Lines Co., Ltd.",
        "ref": "",
        "url": "",
        "url2": ""
      }
    },
    {
      "type": "Feature",
      "geometry": {
        "type": "Point",
        "coordinates": [
          135.7070286,
          34.7062905
        ]
      },
      "properties": {
        "内容": "バス停: 稲倉 (Nara Kotsu Bus Lines Co., Ltd.)",
        "name": "稲倉",
        "operator": "Nara Kotsu Bus Lines Co., Ltd.",
        "ref": "",
        "url": "",
        "url2": ""
      }
    },
    {
      "type": "Feature",
      "geometry": {
        "type": "Point",
        "coordinates": [
          135.7070205,
          34.7063835
        ]
      },
      "properties": {
        "内容": "バス停: 稲倉 (Nara Kotsu Bus Lines Co., Ltd.)",
        "name": "稲倉",
        "operator": "Nara Kotsu Bus Lines Co., Ltd.",
        "ref": "",
        "url": "",
        "url2": ""
      }
    },
    {
      "type": "Feature",
      "geometry": {
        "type": "Point",
        "coordinates": [
          135.7061437,
          34.7070679
        ]
      },
      "properties": {
        "内容": "バス停: 稲倉 (Nara Kotsu Bus Lines Co., Ltd.)",
        "name": "稲倉",
        "operator": "Nara Kotsu Bus Lines Co., Ltd.",
        "ref": "",
        "url": "",
        "url2": ""
      }
    },
    {
      "type": "Feature",
      "geometry": {
        "type": "Point",
        "coordinates": [
          135.7063023,
          34.7071146
        ]
      },
      "properties": {
        "内容": "バス停: 稲倉 (Nara Kotsu Bus Lines Co., Ltd.)",
        "name": "稲倉",
        "operator": "Nara Kotsu Bus Lines Co., Ltd.",
        "ref": "",
        "url": "",
        "url2": ""
      }
    },
    {
      "type": "Feature",
      "geometry": {
        "type": "Point",
        "coordinates": [
          135.7685029,
          34.6567231
        ]
      },
      "properties": {
        "内容": "バス停: 旭ヶ丘住宅",
        "name": "旭ヶ丘住宅",
        "operator": "事業者不明",
        "ref": "",
        "url": "",
        "url2": ""
      }
    },
    {
      "type": "Feature",
      "geometry": {
        "type": "Point",
        "coordinates": [
          135.7688967,
          34.6567475
        ]
      },
      "properties": {
        "内容": "バス停: 旭ヶ丘住宅",
        "name": "旭ヶ丘住宅",
        "operator": "事業者不明",
        "ref": "",
        "url": "",
        "url2": ""
      }
    },
    {
      "type": "Feature",
      "geometry": {
        "type": "Point",
        "coordinates": [
          135.7013029,
          34.686808
        ]
      },
      "properties": {
        "内容": "バス停: 湯船",
        "name": "湯船",
        "operator": "事業者不明",
        "ref": "",
        "url": "",
        "url2": ""
      }
    },
    {
      "type": "Feature",
      "geometry": {
        "type": "Point",
        "coordinates": [
          135.7004393,
          34.6875512
        ]
      },
      "properties": {
        "内容": "バス停: 湯船",
        "name": "湯船",
        "operator": "事業者不明",
        "ref": "",
        "url": "",
        "url2": ""
      }
    },
    {
      "type": "Feature",
      "geometry": {
        "type": "Point",
        "coordinates": [
          135.6984061,
          34.6903213
        ]
      },
      "properties": {
        "内容": "バス停: 旭ヶ丘",
        "name": "旭ヶ丘",
        "operator": "事業者不明",
        "ref": "",
        "url": "",
        "url2": ""
      }
    },
    {
      "type": "Feature",
      "geometry": {
        "type": "Point",
        "coordinates": [
          135.6987495,
          34.6898405
        ]
      },
      "properties": {
        "内容": "バス停: 旭ヶ丘",
        "name": "旭ヶ丘",
        "operator": "事業者不明",
        "ref": "",
        "url": "",
        "url2": ""
      }
    },
    {
      "type": "Feature",
      "geometry": {
        "type": "Point",
        "coordinates": [
          135.8723492,
          34.3924016
        ]
      },
      "properties": {
        "内容": "バス停: 津風呂湖口 (吉野町コミュニティバス)",
        "name": "津風呂湖口",
        "operator": "吉野町コミュニティバス",
        "ref": "",
        "url": "",
        "url2": ""
      }
    },
    {
      "type": "Feature",
      "geometry": {
        "type": "Point",
        "coordinates": [
          135.8705048,
          34.3930131
        ]
      },
      "properties": {
        "内容": "バス停: 津風呂湖口 (吉野町コミュニティバス)",
        "name": "津風呂湖口",
        "operator": "吉野町コミュニティバス",
        "ref": "",
        "url": "",
        "url2": ""
      }
    },
    {
      "type": "Feature",
      "geometry": {
        "type": "Point",
        "coordinates": [
          135.7834659,
          34.6699922
        ]
      },
      "properties": {
        "内容": "バス停: 西ノ京駅 (Nishinokyo Staion)",
        "name": "西ノ京駅 (Nishinokyo Staion)",
        "operator": "事業者不明",
        "ref": "",
        "url": "",
        "url2": ""
      }
    },
    {
      "type": "Feature",
      "geometry": {
        "type": "Point",
        "coordinates": [
          135.781814,
          34.6516348
        ]
      },
      "properties": {
        "内容": "バス停: やまと郡山城ホール",
        "name": "やまと郡山城ホール",
        "operator": "事業者不明",
        "ref": "",
        "url": "",
        "url2": ""
      }
    },
    {
      "type": "Feature",
      "geometry": {
        "type": "Point",
        "coordinates": [
          135.8044766,
          34.4652341
        ]
      },
      "properties": {
        "内容": "バス停: 高松塚",
        "name": "高松塚",
        "operator": "事業者不明",
        "ref": "",
        "url": "",
        "url2": ""
      }
    },
    {
      "type": "Feature",
      "geometry": {
        "type": "Point",
        "coordinates": [
          135.8094035,
          34.4691847
        ]
      },
      "properties": {
        "内容": "バス停: 天武・持統陵",
        "name": "天武・持統陵",
        "operator": "事業者不明",
        "ref": "",
        "url": "",
        "url2": ""
      }
    },
    {
      "type": "Feature",
      "geometry": {
        "type": "Point",
        "coordinates": [
          135.8101767,
          34.4714209
        ]
      },
      "properties": {
        "内容": "バス停: 野口",
        "name": "野口",
        "operator": "事業者不明",
        "ref": "",
        "url": "",
        "url2": ""
      }
    },
    {
      "type": "Feature",
      "geometry": {
        "type": "Point",
        "coordinates": [
          135.8101672,
          34.4714708
        ]
      },
      "properties": {
        "内容": "バス停: 野口",
        "name": "野口",
        "operator": "事業者不明",
        "ref": "",
        "url": "",
        "url2": ""
      }
    },
    {
      "type": "Feature",
      "geometry": {
        "type": "Point",
        "coordinates": [
          135.717689,
          34.41384
        ]
      },
      "properties": {
        "内容": "バス停: かもきみの湯",
        "name": "かもきみの湯",
        "operator": "事業者不明",
        "ref": "",
        "url": "",
        "url2": ""
      }
    },
    {
      "type": "Feature",
      "geometry": {
        "type": "Point",
        "coordinates": [
          135.7191901,
          34.7471081
        ]
      },
      "properties": {
        "内容": "バス停: 大北 Ogita (奈良交通)",
        "name": "大北 Ogita",
        "operator": "奈良交通",
        "ref": "",
        "url": "",
        "url2": ""
      }
    },
    {
      "type": "Feature",
      "geometry": {
        "type": "Point",
        "coordinates": [
          135.7185702,
          34.7498309
        ]
      },
      "properties": {
        "内容": "バス停: 上大北 Kamiogita (奈良交通)",
        "name": "上大北 Kamiogita",
        "operator": "奈良交通",
        "ref": "",
        "url": "",
        "url2": ""
      }
    },
    {
      "type": "Feature",
      "geometry": {
        "type": "Point",
        "coordinates": [
          135.7212192,
          34.744291
        ]
      },
      "properties": {
        "内容": "バス停: 高山八幡宮 Takayama Hachiman-gu (奈良交通)",
        "name": "高山八幡宮 Takayama Hachiman-gu",
        "operator": "奈良交通",
        "ref": "",
        "url": "",
        "url2": ""
      }
    },
    {
      "type": "Feature",
      "geometry": {
        "type": "Point",
        "coordinates": [
          135.7222335,
          34.741235
        ]
      },
      "properties": {
        "内容": "バス停: 高山学校前 Takayama Gakkoh Mae (奈良交通)",
        "name": "高山学校前 Takayama Gakkoh Mae",
        "operator": "奈良交通",
        "ref": "",
        "url": "",
        "url2": ""
      }
    },
    {
      "type": "Feature",
      "geometry": {
        "type": "Point",
        "coordinates": [
          135.7494397,
          34.4913863
        ]
      },
      "properties": {
        "内容": "バス停: 名称不明バス停",
        "name": "名称不明バス停",
        "operator": "事業者不明",
        "ref": "",
        "url": "",
        "url2": ""
      }
    },
    {
      "type": "Feature",
      "geometry": {
        "type": "Point",
        "coordinates": [
          135.720187,
          34.72621
        ]
      },
      "properties": {
        "内容": "バス停: 鵄山 (Nara Kotsu Bus Lines Co., Ltd.)",
        "name": "鵄山",
        "operator": "Nara Kotsu Bus Lines Co., Ltd.",
        "ref": "",
        "url": "",
        "url2": ""
      }
    },
    {
      "type": "Feature",
      "geometry": {
        "type": "Point",
        "coordinates": [
          135.7198279,
          34.7255781
        ]
      },
      "properties": {
        "内容": "バス停: 鵄山 (Nara Kotsu Bus Lines Co., Ltd.)",
        "name": "鵄山",
        "operator": "Nara Kotsu Bus Lines Co., Ltd.",
        "ref": "",
        "url": "",
        "url2": ""
      }
    },
    {
      "type": "Feature",
      "geometry": {
        "type": "Point",
        "coordinates": [
          135.8461646,
          34.6816136
        ]
      },
      "properties": {
        "内容": "バス停: 春日大社本殿",
        "name": "春日大社本殿",
        "operator": "事業者不明",
        "ref": "",
        "url": "",
        "url2": ""
      }
    },
    {
      "type": "Feature",
      "geometry": {
        "type": "Point",
        "coordinates": [
          135.7162133,
          34.7421632
        ]
      },
      "properties": {
        "内容": "バス停: ひかりが丘 (Nara Kotsu Bus Lines Co., Ltd.)",
        "name": "ひかりが丘",
        "operator": "Nara Kotsu Bus Lines Co., Ltd.",
        "ref": "",
        "url": "",
        "url2": ""
      }
    },
    {
      "type": "Feature",
      "geometry": {
        "type": "Point",
        "coordinates": [
          135.7136926,
          34.7391255
        ]
      },
      "properties": {
        "内容": "バス停: ひかりが丘住宅口 (奈良交通)",
        "name": "ひかりが丘住宅口",
        "operator": "奈良交通",
        "ref": "",
        "url": "",
        "url2": ""
      }
    },
    {
      "type": "Feature",
      "geometry": {
        "type": "Point",
        "coordinates": [
          135.7067943,
          34.70401
        ]
      },
      "properties": {
        "内容": "バス停: 小明寺垣内 (奈良交通)",
        "name": "小明寺垣内",
        "operator": "奈良交通",
        "ref": "",
        "url": "",
        "url2": ""
      }
    },
    {
      "type": "Feature",
      "geometry": {
        "type": "Point",
        "coordinates": [
          135.7070176,
          34.7041213
        ]
      },
      "properties": {
        "内容": "バス停: 小明寺垣内 (奈良交通)",
        "name": "小明寺垣内",
        "operator": "奈良交通",
        "ref": "",
        "url": "",
        "url2": ""
      }
    },
    {
      "type": "Feature",
      "geometry": {
        "type": "Point",
        "coordinates": [
          135.7237471,
          34.6985325
        ]
      },
      "properties": {
        "内容": "バス停: 三松ヶ丘緑地 (Mimatsugaoka Ryokuchi) (Nara Kotsu Bus Lines Co., Ltd.)",
        "name": "三松ヶ丘緑地 (Mimatsugaoka Ryokuchi)",
        "operator": "Nara Kotsu Bus Lines Co., Ltd.",
        "ref": "",
        "url": "",
        "url2": ""
      }
    },
    {
      "type": "Feature",
      "geometry": {
        "type": "Point",
        "coordinates": [
          135.7236333,
          34.6986454
        ]
      },
      "properties": {
        "内容": "バス停: 三松ヶ丘緑地 (Mimatsugaoka Ryokuchi) (Nara Kotsu Bus Lines Co., Ltd.)",
        "name": "三松ヶ丘緑地 (Mimatsugaoka Ryokuchi)",
        "operator": "Nara Kotsu Bus Lines Co., Ltd.",
        "ref": "",
        "url": "",
        "url2": ""
      }
    },
    {
      "type": "Feature",
      "geometry": {
        "type": "Point",
        "coordinates": [
          135.7228265,
          34.7014852
        ]
      },
      "properties": {
        "内容": "バス停: 三松ヶ丘 (Mimatsugaoka) (Nara Kotsu Bus Lines Co.,Ltd.)",
        "name": "三松ヶ丘 (Mimatsugaoka)",
        "operator": "Nara Kotsu Bus Lines Co.,Ltd.",
        "ref": "",
        "url": "",
        "url2": ""
      }
    },
    {
      "type": "Feature",
      "geometry": {
        "type": "Point",
        "coordinates": [
          135.7245089,
          34.6999858
        ]
      },
      "properties": {
        "内容": "バス停: 三松ヶ丘公園 (Mimatsugaoka Kōen) (Nara Kotsu Bus Lines Co.,Ltd.)",
        "name": "三松ヶ丘公園 (Mimatsugaoka Kōen)",
        "operator": "Nara Kotsu Bus Lines Co.,Ltd.",
        "ref": "",
        "url": "",
        "url2": ""
      }
    },
    {
      "type": "Feature",
      "geometry": {
        "type": "Point",
        "coordinates": [
          135.7198217,
          34.7287665
        ]
      },
      "properties": {
        "内容": "バス停: 西向橋 (Nara Kotsu Bus Lines Co., Ltd.)",
        "name": "西向橋",
        "operator": "Nara Kotsu Bus Lines Co., Ltd.",
        "ref": "",
        "url": "",
        "url2": ""
      }
    },
    {
      "type": "Feature",
      "geometry": {
        "type": "Point",
        "coordinates": [
          135.7200203,
          34.7281643
        ]
      },
      "properties": {
        "内容": "バス停: 西向橋 (Nara Kotsu Bus Lines Co., Ltd.)",
        "name": "西向橋",
        "operator": "Nara Kotsu Bus Lines Co., Ltd.",
        "ref": "",
        "url": "",
        "url2": ""
      }
    },
    {
      "type": "Feature",
      "geometry": {
        "type": "Point",
        "coordinates": [
          135.7209137,
          34.7304814
        ]
      },
      "properties": {
        "内容": "バス停: 高山芝 (Nara Kotsu Bus Lines Co., Ltd.)",
        "name": "高山芝",
        "operator": "Nara Kotsu Bus Lines Co., Ltd.",
        "ref": "",
        "url": "",
        "url2": ""
      }
    },
    {
      "type": "Feature",
      "geometry": {
        "type": "Point",
        "coordinates": [
          135.7213509,
          34.7304418
        ]
      },
      "properties": {
        "内容": "バス停: 高山芝 (Nara Kotsu Bus Lines Co., Ltd.)",
        "name": "高山芝",
        "operator": "Nara Kotsu Bus Lines Co., Ltd.",
        "ref": "",
        "url": "",
        "url2": ""
      }
    },
    {
      "type": "Feature",
      "geometry": {
        "type": "Point",
        "coordinates": [
          135.7214798,
          34.7333414
        ]
      },
      "properties": {
        "内容": "バス停: 高山 (Nara Kotsu Bus Lines Co., Ltd.)",
        "name": "高山",
        "operator": "Nara Kotsu Bus Lines Co., Ltd.",
        "ref": "",
        "url": "",
        "url2": ""
      }
    },
    {
      "type": "Feature",
      "geometry": {
        "type": "Point",
        "coordinates": [
          135.69684,
          34.7075885
        ]
      },
      "properties": {
        "内容": "バス停: 北条 (Nara Kotsu Bus Line Co., Ltd.)",
        "name": "北条",
        "operator": "Nara Kotsu Bus Line Co., Ltd.",
        "ref": "",
        "url": "",
        "url2": ""
      }
    },
    {
      "type": "Feature",
      "geometry": {
        "type": "Point",
        "coordinates": [
          135.6970196,
          34.7076825
        ]
      },
      "properties": {
        "内容": "バス停: 北条 (Nara Kotsu Bus Line Co., Ltd.)",
        "name": "北条",
        "operator": "Nara Kotsu Bus Line Co., Ltd.",
        "ref": "",
        "url": "",
        "url2": ""
      }
    },
    {
      "type": "Feature",
      "geometry": {
        "type": "Point",
        "coordinates": [
          135.7354975,
          34.6937692
        ]
      },
      "properties": {
        "内容": "バス停: 富雄駅 (Nara Kotsu Bus Lines Co., Ltd.)",
        "name": "富雄駅",
        "operator": "Nara Kotsu Bus Lines Co., Ltd.",
        "ref": "2",
        "url": "",
        "url2": ""
      }
    },
    {
      "type": "Feature",
      "geometry": {
        "type": "Point",
        "coordinates": [
          135.6971803,
          34.6934508
        ]
      },
      "properties": {
        "内容": "バス停: 生駒駅北口 (Nara Kotsu Bus Line Co., Ltd.)",
        "name": "生駒駅北口",
        "operator": "Nara Kotsu Bus Line Co., Ltd.",
        "ref": "",
        "url": "",
        "url2": ""
      }
    },
    {
      "type": "Feature",
      "geometry": {
        "type": "Point",
        "coordinates": [
          135.6997414,
          34.6951394
        ]
      },
      "properties": {
        "内容": "バス停: 谷田町 (Nara Kotsu Bus Lines Co.,Ltd.)",
        "name": "谷田町",
        "operator": "Nara Kotsu Bus Lines Co.,Ltd.",
        "ref": "",
        "url": "",
        "url2": ""
      }
    },
    {
      "type": "Feature",
      "geometry": {
        "type": "Point",
        "coordinates": [
          135.7002158,
          34.6951976
        ]
      },
      "properties": {
        "内容": "バス停: 谷田町 (Nara Kotsu Bus Lines Co.,Ltd.)",
        "name": "谷田町",
        "operator": "Nara Kotsu Bus Lines Co.,Ltd.",
        "ref": "",
        "url": "",
        "url2": ""
      }
    },
    {
      "type": "Feature",
      "geometry": {
        "type": "Point",
        "coordinates": [
          135.700205,
          34.6969764
        ]
      },
      "properties": {
        "内容": "バス停: 生駒郵便局 (Nara Kotsu Bus Lines Co.,Ltd.)",
        "name": "生駒郵便局",
        "operator": "Nara Kotsu Bus Lines Co.,Ltd.",
        "ref": "",
        "url": "",
        "url2": ""
      }
    },
    {
      "type": "Feature",
      "geometry": {
        "type": "Point",
        "coordinates": [
          135.6998603,
          34.6972024
        ]
      },
      "properties": {
        "内容": "バス停: 生駒郵便局 (Nara Kotsu Bus Lines Co.,Ltd.)",
        "name": "生駒郵便局",
        "operator": "Nara Kotsu Bus Lines Co.,Ltd.",
        "ref": "",
        "url": "",
        "url2": ""
      }
    },
    {
      "type": "Feature",
      "geometry": {
        "type": "Point",
        "coordinates": [
          135.7957058,
          34.3882942
        ]
      },
      "properties": {
        "内容": "バス停: 大淀バスセンター (Nara Kotsu Bus Lines Co.,Ltd.)",
        "name": "大淀バスセンター",
        "operator": "Nara Kotsu Bus Lines Co.,Ltd.",
        "ref": "",
        "url": "",
        "url2": ""
      }
    },
    {
      "type": "Feature",
      "geometry": {
        "type": "Point",
        "coordinates": [
          135.6723161,
          34.3401212
        ]
      },
      "properties": {
        "内容": "バス停: 上野 (Gojo City)",
        "name": "上野",
        "operator": "Gojo City",
        "ref": "",
        "url": "",
        "url2": ""
      }
    },
    {
      "type": "Feature",
      "geometry": {
        "type": "Point",
        "coordinates": [
          135.6723039,
          34.339997
        ]
      },
      "properties": {
        "内容": "バス停: 上野",
        "name": "上野",
        "operator": "事業者不明",
        "ref": "",
        "url": "",
        "url2": ""
      }
    },
    {
      "type": "Feature",
      "geometry": {
        "type": "Point",
        "coordinates": [
          135.6654415,
          34.3368257
        ]
      },
      "properties": {
        "内容": "バス停: 相谷 (Gojo City)",
        "name": "相谷",
        "operator": "Gojo City",
        "ref": "",
        "url": "",
        "url2": ""
      }
    },
    {
      "type": "Feature",
      "geometry": {
        "type": "Point",
        "coordinates": [
          135.6651165,
          34.3363185
        ]
      },
      "properties": {
        "内容": "バス停: 相谷 (Gojo City)",
        "name": "相谷",
        "operator": "Gojo City",
        "ref": "",
        "url": "",
        "url2": ""
      }
    },
    {
      "type": "Feature",
      "geometry": {
        "type": "Point",
        "coordinates": [
          135.6618776,
          34.3347583
        ]
      },
      "properties": {
        "内容": "バス停: 畑田 (Gojo City)",
        "name": "畑田",
        "operator": "Gojo City",
        "ref": "",
        "url": "",
        "url2": ""
      }
    },
    {
      "type": "Feature",
      "geometry": {
        "type": "Point",
        "coordinates": [
          135.6792984,
          34.3430302
        ]
      },
      "properties": {
        "内容": "バス停: 犬飼 (Gojo City)",
        "name": "犬飼",
        "operator": "Gojo City",
        "ref": "",
        "url": "",
        "url2": ""
      }
    },
    {
      "type": "Feature",
      "geometry": {
        "type": "Point",
        "coordinates": [
          135.6796956,
          34.343065
        ]
      },
      "properties": {
        "内容": "バス停: 犬飼 (Gojo City)",
        "name": "犬飼",
        "operator": "Gojo City",
        "ref": "",
        "url": "",
        "url2": ""
      }
    },
    {
      "type": "Feature",
      "geometry": {
        "type": "Point",
        "coordinates": [
          135.7006415,
          34.345366
        ]
      },
      "properties": {
        "内容": "バス停: 金剛寺 (Nara Kotsu Bus Lines Co.,Ltd.)",
        "name": "金剛寺",
        "operator": "Nara Kotsu Bus Lines Co.,Ltd.",
        "ref": "",
        "url": "",
        "url2": ""
      }
    },
    {
      "type": "Feature",
      "geometry": {
        "type": "Point",
        "coordinates": [
          135.7006984,
          34.345475
        ]
      },
      "properties": {
        "内容": "バス停: 金剛寺 (Nara Kotsu Bus Lines Co.,Ltd.)",
        "name": "金剛寺",
        "operator": "Nara Kotsu Bus Lines Co.,Ltd.",
        "ref": "",
        "url": "",
        "url2": ""
      }
    },
    {
      "type": "Feature",
      "geometry": {
        "type": "Point",
        "coordinates": [
          135.6841712,
          34.3450718
        ]
      },
      "properties": {
        "内容": "バス停: 二見駅前 (Gojo City)",
        "name": "二見駅前",
        "operator": "Gojo City",
        "ref": "",
        "url": "",
        "url2": ""
      }
    },
    {
      "type": "Feature",
      "geometry": {
        "type": "Point",
        "coordinates": [
          135.6836996,
          34.3446307
        ]
      },
      "properties": {
        "内容": "バス停: 二見駅前 (Gojo City)",
        "name": "二見駅前",
        "operator": "Gojo City",
        "ref": "",
        "url": "",
        "url2": ""
      }
    },
    {
      "type": "Feature",
      "geometry": {
        "type": "Point",
        "coordinates": [
          135.6968637,
          34.3520857
        ]
      },
      "properties": {
        "内容": "バス停: 五條町 (Nara Kotsu Bus Lines Co.,Ltd.)",
        "name": "五條町",
        "operator": "Nara Kotsu Bus Lines Co.,Ltd.",
        "ref": "",
        "url": "",
        "url2": ""
      }
    },
    {
      "type": "Feature",
      "geometry": {
        "type": "Point",
        "coordinates": [
          135.6970692,
          34.3522865
        ]
      },
      "properties": {
        "内容": "バス停: 五條町 (Nara Kotsu Bus Lines Co.,Ltd.)",
        "name": "五條町",
        "operator": "Nara Kotsu Bus Lines Co.,Ltd.",
        "ref": "",
        "url": "",
        "url2": ""
      }
    },
    {
      "type": "Feature",
      "geometry": {
        "type": "Point",
        "coordinates": [
          135.7483414,
          34.059785
        ]
      },
      "properties": {
        "内容": "バス停: 川津 (奈良交通;十津川村)",
        "name": "川津",
        "operator": "奈良交通;十津川村",
        "ref": "",
        "url": "",
        "url2": ""
      }
    },
    {
      "type": "Feature",
      "geometry": {
        "type": "Point",
        "coordinates": [
          135.7482601,
          34.0597803
        ]
      },
      "properties": {
        "内容": "バス停: 川津 (奈良交通;十津川村)",
        "name": "川津",
        "operator": "奈良交通;十津川村",
        "ref": "",
        "url": "",
        "url2": ""
      }
    },
    {
      "type": "Feature",
      "geometry": {
        "type": "Point",
        "coordinates": [
          135.7483098,
          34.0593724
        ]
      },
      "properties": {
        "内容": "バス停: 川津 (十津川村)",
        "name": "川津",
        "operator": "十津川村",
        "ref": "",
        "url": "",
        "url2": ""
      }
    },
    {
      "type": "Feature",
      "geometry": {
        "type": "Point",
        "coordinates": [
          135.8017118,
          33.974462
        ]
      },
      "properties": {
        "内容": "バス停: 滝",
        "name": "滝",
        "operator": "事業者不明",
        "ref": "",
        "url": "",
        "url2": ""
      }
    },
    {
      "type": "Feature",
      "geometry": {
        "type": "Point",
        "coordinates": [
          135.7956633,
          33.9828367
        ]
      },
      "properties": {
        "内容": "バス停: 十津川小原",
        "name": "十津川小原",
        "operator": "事業者不明",
        "ref": "",
        "url": "",
        "url2": ""
      }
    },
    {
      "type": "Feature",
      "geometry": {
        "type": "Point",
        "coordinates": [
          135.7937731,
          33.9988746
        ]
      },
      "properties": {
        "内容": "バス停: 湯ノ原 (奈良交通;十津川村)",
        "name": "湯ノ原",
        "operator": "奈良交通;十津川村",
        "ref": "",
        "url": "",
        "url2": ""
      }
    },
    {
      "type": "Feature",
      "geometry": {
        "type": "Point",
        "coordinates": [
          135.7927376,
          33.9890554
        ]
      },
      "properties": {
        "内容": "バス停: 役場",
        "name": "役場",
        "operator": "事業者不明",
        "ref": "",
        "url": "",
        "url2": ""
      }
    },
    {
      "type": "Feature",
      "geometry": {
        "type": "Point",
        "coordinates": [
          135.7762025,
          33.9426956
        ]
      },
      "properties": {
        "内容": "バス停: 鈴入",
        "name": "鈴入",
        "operator": "事業者不明",
        "ref": "",
        "url": "",
        "url2": ""
      }
    },
    {
      "type": "Feature",
      "geometry": {
        "type": "Point",
        "coordinates": [
          135.772568,
          33.9407772
        ]
      },
      "properties": {
        "内容": "バス停: 平谷口",
        "name": "平谷口",
        "operator": "事業者不明",
        "ref": "",
        "url": "",
        "url2": ""
      }
    },
    {
      "type": "Feature",
      "geometry": {
        "type": "Point",
        "coordinates": [
          135.8001026,
          33.9561334
        ]
      },
      "properties": {
        "内容": "バス停: 今戸",
        "name": "今戸",
        "operator": "事業者不明",
        "ref": "",
        "url": "",
        "url2": ""
      }
    },
    {
      "type": "Feature",
      "geometry": {
        "type": "Point",
        "coordinates": [
          135.8039609,
          33.9488809
        ]
      },
      "properties": {
        "内容": "バス停: 折立",
        "name": "折立",
        "operator": "事業者不明",
        "ref": "",
        "url": "",
        "url2": ""
      }
    },
    {
      "type": "Feature",
      "geometry": {
        "type": "Point",
        "coordinates": [
          135.7901049,
          33.945322
        ]
      },
      "properties": {
        "内容": "バス停: 下込之上",
        "name": "下込之上",
        "operator": "事業者不明",
        "ref": "",
        "url": "",
        "url2": ""
      }
    },
    {
      "type": "Feature",
      "geometry": {
        "type": "Point",
        "coordinates": [
          135.8012522,
          33.9523262
        ]
      },
      "properties": {
        "内容": "バス停: 折立口",
        "name": "折立口",
        "operator": "事業者不明",
        "ref": "",
        "url": "",
        "url2": ""
      }
    },
    {
      "type": "Feature",
      "geometry": {
        "type": "Point",
        "coordinates": [
          135.8043305,
          33.9457229
        ]
      },
      "properties": {
        "内容": "バス停: 折立山崎",
        "name": "折立山崎",
        "operator": "事業者不明",
        "ref": "",
        "url": "",
        "url2": ""
      }
    },
    {
      "type": "Feature",
      "geometry": {
        "type": "Point",
        "coordinates": [
          135.7942957,
          33.9430873
        ]
      },
      "properties": {
        "内容": "バス停: 込之上",
        "name": "込之上",
        "operator": "事業者不明",
        "ref": "",
        "url": "",
        "url2": ""
      }
    },
    {
      "type": "Feature",
      "geometry": {
        "type": "Point",
        "coordinates": [
          135.7812039,
          33.9450641
        ]
      },
      "properties": {
        "内容": "バス停: 豆市",
        "name": "豆市",
        "operator": "事業者不明",
        "ref": "",
        "url": "",
        "url2": ""
      }
    },
    {
      "type": "Feature",
      "geometry": {
        "type": "Point",
        "coordinates": [
          135.7075117,
          34.5953979
        ]
      },
      "properties": {
        "内容": "バス停: メガネ本舗;王寺町役場",
        "name": "メガネ本舗;王寺町役場",
        "operator": "事業者不明",
        "ref": "",
        "url": "",
        "url2": ""
      }
    },
    {
      "type": "Feature",
      "geometry": {
        "type": "Point",
        "coordinates": [
          135.703087,
          34.7086109
        ]
      },
      "properties": {
        "内容": "バス停: 生駒台小学校",
        "name": "生駒台小学校",
        "operator": "事業者不明",
        "ref": "",
        "url": "",
        "url2": ""
      }
    },
    {
      "type": "Feature",
      "geometry": {
        "type": "Point",
        "coordinates": [
          135.7008212,
          34.7043667
        ]
      },
      "properties": {
        "内容": "バス停: 生駒台",
        "name": "生駒台",
        "operator": "事業者不明",
        "ref": "",
        "url": "",
        "url2": ""
      }
    },
    {
      "type": "Feature",
      "geometry": {
        "type": "Point",
        "coordinates": [
          135.7032764,
          34.7053669
        ]
      },
      "properties": {
        "内容": "バス停: 生駒台東口",
        "name": "生駒台東口",
        "operator": "事業者不明",
        "ref": "",
        "url": "",
        "url2": ""
      }
    },
    {
      "type": "Feature",
      "geometry": {
        "type": "Point",
        "coordinates": [
          135.7035951,
          34.7054045
        ]
      },
      "properties": {
        "内容": "バス停: 生駒台東口",
        "name": "生駒台東口",
        "operator": "事業者不明",
        "ref": "",
        "url": "",
        "url2": ""
      }
    },
    {
      "type": "Feature",
      "geometry": {
        "type": "Point",
        "coordinates": [
          135.7031021,
          34.708525
        ]
      },
      "properties": {
        "内容": "バス停: 生駒台小学校",
        "name": "生駒台小学校",
        "operator": "事業者不明",
        "ref": "",
        "url": "",
        "url2": ""
      }
    },
    {
      "type": "Feature",
      "geometry": {
        "type": "Point",
        "coordinates": [
          135.7009968,
          34.7045399
        ]
      },
      "properties": {
        "内容": "バス停: 生駒台",
        "name": "生駒台",
        "operator": "事業者不明",
        "ref": "",
        "url": "",
        "url2": ""
      }
    },
    {
      "type": "Feature",
      "geometry": {
        "type": "Point",
        "coordinates": [
          135.8351239,
          34.6843049
        ]
      },
      "properties": {
        "内容": "バス停: 県庁東 (奈良交通)",
        "name": "県庁東",
        "operator": "奈良交通",
        "ref": "",
        "url": "",
        "url2": ""
      }
    },
    {
      "type": "Feature",
      "geometry": {
        "type": "Point",
        "coordinates": [
          135.7926926,
          34.5128242
        ]
      },
      "properties": {
        "内容": "バス停: 大和八木駅",
        "name": "大和八木駅",
        "operator": "事業者不明",
        "ref": "",
        "url": "",
        "url2": ""
      }
    },
    {
      "type": "Feature",
      "geometry": {
        "type": "Point",
        "coordinates": [
          135.819954,
          34.681478
        ]
      },
      "properties": {
        "内容": "バス停: JR奈良駅 5",
        "name": "JR奈良駅 5",
        "operator": "事業者不明",
        "ref": "５",
        "url": "",
        "url2": ""
      }
    },
    {
      "type": "Feature",
      "geometry": {
        "type": "Point",
        "coordinates": [
          135.7584603,
          33.9308065
        ]
      },
      "properties": {
        "内容": "バス停: 世界遺産石碑前",
        "name": "世界遺産石碑前",
        "operator": "事業者不明",
        "ref": "",
        "url": "",
        "url2": ""
      }
    },
    {
      "type": "Feature",
      "geometry": {
        "type": "Point",
        "coordinates": [
          135.6997492,
          34.5843594
        ]
      },
      "properties": {
        "内容": "バス停: 天平台",
        "name": "天平台",
        "operator": "事業者不明",
        "ref": "",
        "url": "",
        "url2": ""
      }
    },
    {
      "type": "Feature",
      "geometry": {
        "type": "Point",
        "coordinates": [
          135.6989082,
          34.3563534
        ]
      },
      "properties": {
        "内容": "バス停: 名称不明バス停",
        "name": "名称不明バス停",
        "operator": "事業者不明",
        "ref": "",
        "url": "",
        "url2": ""
      }
    },
    {
      "type": "Feature",
      "geometry": {
        "type": "Point",
        "coordinates": [
          135.7618418,
          33.9321266
        ]
      },
      "properties": {
        "内容": "バス停: いちざこ",
        "name": "いちざこ",
        "operator": "事業者不明",
        "ref": "",
        "url": "",
        "url2": ""
      }
    },
    {
      "type": "Feature",
      "geometry": {
        "type": "Point",
        "coordinates": [
          135.9287956,
          34.5312564
        ]
      },
      "properties": {
        "内容": "バス停: 吉隠",
        "name": "吉隠",
        "operator": "事業者不明",
        "ref": "",
        "url": "",
        "url2": ""
      }
    },
    {
      "type": "Feature",
      "geometry": {
        "type": "Point",
        "coordinates": [
          135.8898836,
          34.5246478
        ]
      },
      "properties": {
        "内容": "バス停: 出雲",
        "name": "出雲",
        "operator": "事業者不明",
        "ref": "",
        "url": "",
        "url2": ""
      }
    },
    {
      "type": "Feature",
      "geometry": {
        "type": "Point",
        "coordinates": [
          135.8970811,
          34.5262438
        ]
      },
      "properties": {
        "内容": "バス停: 桜井東中学校前",
        "name": "桜井東中学校前",
        "operator": "事業者不明",
        "ref": "",
        "url": "",
        "url2": ""
      }
    },
    {
      "type": "Feature",
      "geometry": {
        "type": "Point",
        "coordinates": [
          135.9991788,
          34.5578715
        ]
      },
      "properties": {
        "内容": "バス停: 緑川半焼",
        "name": "緑川半焼",
        "operator": "事業者不明",
        "ref": "",
        "url": "",
        "url2": ""
      }
    },
    {
      "type": "Feature",
      "geometry": {
        "type": "Point",
        "coordinates": [
          135.836872,
          34.522136
        ]
      },
      "properties": {
        "内容": "バス停: 名称不明バス停",
        "name": "名称不明バス停",
        "operator": "事業者不明",
        "ref": "",
        "url": "",
        "url2": ""
      }
    },
    {
      "type": "Feature",
      "geometry": {
        "type": "Point",
        "coordinates": [
          136.0048675,
          34.560665
        ]
      },
      "properties": {
        "内容": "バス停: 下脇",
        "name": "下脇",
        "operator": "事業者不明",
        "ref": "",
        "url": "",
        "url2": ""
      }
    },
    {
      "type": "Feature",
      "geometry": {
        "type": "Point",
        "coordinates": [
          135.9676915,
          34.5390974
        ]
      },
      "properties": {
        "内容": "バス停: 長峯公民館前",
        "name": "長峯公民館前",
        "operator": "事業者不明",
        "ref": "",
        "url": "",
        "url2": ""
      }
    },
    {
      "type": "Feature",
      "geometry": {
        "type": "Point",
        "coordinates": [
          135.9719039,
          34.541405
        ]
      },
      "properties": {
        "内容": "バス停: 長峯",
        "name": "長峯",
        "operator": "事業者不明",
        "ref": "",
        "url": "",
        "url2": ""
      }
    },
    {
      "type": "Feature",
      "geometry": {
        "type": "Point",
        "coordinates": [
          135.9625059,
          34.5321616
        ]
      },
      "properties": {
        "内容": "バス停: 福地",
        "name": "福地",
        "operator": "事業者不明",
        "ref": "",
        "url": "",
        "url2": ""
      }
    },
    {
      "type": "Feature",
      "geometry": {
        "type": "Point",
        "coordinates": [
          135.9323542,
          34.5314072
        ]
      },
      "properties": {
        "内容": "バス停: 角柄",
        "name": "角柄",
        "operator": "事業者不明",
        "ref": "",
        "url": "",
        "url2": ""
      }
    },
    {
      "type": "Feature",
      "geometry": {
        "type": "Point",
        "coordinates": [
          135.8125795,
          34.52123
        ]
      },
      "properties": {
        "内容": "バス停: 常盤町",
        "name": "常盤町",
        "operator": "事業者不明",
        "ref": "",
        "url": "",
        "url2": ""
      }
    },
    {
      "type": "Feature",
      "geometry": {
        "type": "Point",
        "coordinates": [
          135.8149288,
          34.521212
        ]
      },
      "properties": {
        "内容": "バス停: 常盤町東",
        "name": "常盤町東",
        "operator": "事業者不明",
        "ref": "",
        "url": "",
        "url2": ""
      }
    },
    {
      "type": "Feature",
      "geometry": {
        "type": "Point",
        "coordinates": [
          135.8149003,
          34.5209469
        ]
      },
      "properties": {
        "内容": "バス停: 常盤町東",
        "name": "常盤町東",
        "operator": "事業者不明",
        "ref": "",
        "url": "",
        "url2": ""
      }
    },
    {
      "type": "Feature",
      "geometry": {
        "type": "Point",
        "coordinates": [
          135.8114419,
          34.5209619
        ]
      },
      "properties": {
        "内容": "バス停: 常盤町",
        "name": "常盤町",
        "operator": "事業者不明",
        "ref": "",
        "url": "",
        "url2": ""
      }
    },
    {
      "type": "Feature",
      "geometry": {
        "type": "Point",
        "coordinates": [
          135.8758787,
          34.5157667
        ]
      },
      "properties": {
        "内容": "バス停: 朝倉台東",
        "name": "朝倉台東",
        "operator": "事業者不明",
        "ref": "",
        "url": "",
        "url2": ""
      }
    },
    {
      "type": "Feature",
      "geometry": {
        "type": "Point",
        "coordinates": [
          135.8542307,
          34.5110197
        ]
      },
      "properties": {
        "内容": "バス停: 薬師町",
        "name": "薬師町",
        "operator": "事業者不明",
        "ref": "",
        "url": "",
        "url2": ""
      }
    },
    {
      "type": "Feature",
      "geometry": {
        "type": "Point",
        "coordinates": [
          135.8637626,
          34.517463
        ]
      },
      "properties": {
        "内容": "バス停: 朝倉小学校",
        "name": "朝倉小学校",
        "operator": "事業者不明",
        "ref": "",
        "url": "",
        "url2": ""
      }
    },
    {
      "type": "Feature",
      "geometry": {
        "type": "Point",
        "coordinates": [
          135.8676187,
          34.5109041
        ]
      },
      "properties": {
        "内容": "バス停: 信夫が丘",
        "name": "信夫が丘",
        "operator": "事業者不明",
        "ref": "",
        "url": "",
        "url2": ""
      }
    },
    {
      "type": "Feature",
      "geometry": {
        "type": "Point",
        "coordinates": [
          135.9050213,
          34.5291343
        ]
      },
      "properties": {
        "内容": "バス停: 長谷寺参道口",
        "name": "長谷寺参道口",
        "operator": "事業者不明",
        "ref": "",
        "url": "",
        "url2": ""
      }
    },
    {
      "type": "Feature",
      "geometry": {
        "type": "Point",
        "coordinates": [
          135.9041412,
          34.528806
        ]
      },
      "properties": {
        "内容": "バス停: 長谷寺参道口",
        "name": "長谷寺参道口",
        "operator": "事業者不明",
        "ref": "",
        "url": "",
        "url2": ""
      }
    },
    {
      "type": "Feature",
      "geometry": {
        "type": "Point",
        "coordinates": [
          135.9019951,
          34.5281232
        ]
      },
      "properties": {
        "内容": "バス停: 初瀬観光センター前",
        "name": "初瀬観光センター前",
        "operator": "事業者不明",
        "ref": "",
        "url": "",
        "url2": ""
      }
    },
    {
      "type": "Feature",
      "geometry": {
        "type": "Point",
        "coordinates": [
          135.9120123,
          34.5311814
        ]
      },
      "properties": {
        "内容": "バス停: 与喜浦",
        "name": "与喜浦",
        "operator": "事業者不明",
        "ref": "",
        "url": "",
        "url2": ""
      }
    },
    {
      "type": "Feature",
      "geometry": {
        "type": "Point",
        "coordinates": [
          135.9114073,
          34.5309256
        ]
      },
      "properties": {
        "内容": "バス停: 与喜浦",
        "name": "与喜浦",
        "operator": "事業者不明",
        "ref": "",
        "url": "",
        "url2": ""
      }
    },
    {
      "type": "Feature",
      "geometry": {
        "type": "Point",
        "coordinates": [
          135.9513404,
          34.5369218
        ]
      },
      "properties": {
        "内容": "バス停: 宇陀警察署前",
        "name": "宇陀警察署前",
        "operator": "事業者不明",
        "ref": "",
        "url": "",
        "url2": ""
      }
    },
    {
      "type": "Feature",
      "geometry": {
        "type": "Point",
        "coordinates": [
          135.8061328,
          34.52088
        ]
      },
      "properties": {
        "内容": "バス停: 耳成中学校前",
        "name": "耳成中学校前",
        "operator": "事業者不明",
        "ref": "",
        "url": "",
        "url2": ""
      }
    },
    {
      "type": "Feature",
      "geometry": {
        "type": "Point",
        "coordinates": [
          135.9302887,
          34.498603
        ]
      },
      "properties": {
        "内容": "バス停: 野依",
        "name": "野依",
        "operator": "事業者不明",
        "ref": "",
        "url": "",
        "url2": ""
      }
    },
    {
      "type": "Feature",
      "geometry": {
        "type": "Point",
        "coordinates": [
          135.876645,
          34.5021661
        ]
      },
      "properties": {
        "内容": "バス停: 下尾口",
        "name": "下尾口",
        "operator": "事業者不明",
        "ref": "",
        "url": "",
        "url2": ""
      }
    },
    {
      "type": "Feature",
      "geometry": {
        "type": "Point",
        "coordinates": [
          135.8718436,
          34.5065387
        ]
      },
      "properties": {
        "内容": "バス停: 忍坂",
        "name": "忍坂",
        "operator": "事業者不明",
        "ref": "",
        "url": "",
        "url2": ""
      }
    },
    {
      "type": "Feature",
      "geometry": {
        "type": "Point",
        "coordinates": [
          135.9507398,
          34.5264834
        ]
      },
      "properties": {
        "内容": "バス停: 榛原大橋",
        "name": "榛原大橋",
        "operator": "事業者不明",
        "ref": "",
        "url": "",
        "url2": ""
      }
    },
    {
      "type": "Feature",
      "geometry": {
        "type": "Point",
        "coordinates": [
          135.9007863,
          34.5044153
        ]
      },
      "properties": {
        "内容": "バス停: 中女寄",
        "name": "中女寄",
        "operator": "事業者不明",
        "ref": "",
        "url": "",
        "url2": ""
      }
    },
    {
      "type": "Feature",
      "geometry": {
        "type": "Point",
        "coordinates": [
          135.9479285,
          34.5262263
        ]
      },
      "properties": {
        "内容": "バス停: 中西",
        "name": "中西",
        "operator": "事業者不明",
        "ref": "",
        "url": "",
        "url2": ""
      }
    },
    {
      "type": "Feature",
      "geometry": {
        "type": "Point",
        "coordinates": [
          135.8819364,
          34.5021056
        ]
      },
      "properties": {
        "内容": "バス停: 栗原",
        "name": "栗原",
        "operator": "事業者不明",
        "ref": "",
        "url": "",
        "url2": ""
      }
    },
    {
      "type": "Feature",
      "geometry": {
        "type": "Point",
        "coordinates": [
          135.8866202,
          34.501736
        ]
      },
      "properties": {
        "内容": "バス停: 栗原",
        "name": "栗原",
        "operator": "事業者不明",
        "ref": "",
        "url": "",
        "url2": ""
      }
    },
    {
      "type": "Feature",
      "geometry": {
        "type": "Point",
        "coordinates": [
          135.8864973,
          34.5014236
        ]
      },
      "properties": {
        "内容": "バス停: 栗原",
        "name": "栗原",
        "operator": "事業者不明",
        "ref": "",
        "url": "",
        "url2": ""
      }
    },
    {
      "type": "Feature",
      "geometry": {
        "type": "Point",
        "coordinates": [
          135.9216835,
          34.4998296
        ]
      },
      "properties": {
        "内容": "バス停: 粟原",
        "name": "粟原",
        "operator": "事業者不明",
        "ref": "",
        "url": "",
        "url2": ""
      }
    },
    {
      "type": "Feature",
      "geometry": {
        "type": "Point",
        "coordinates": [
          135.8079968,
          34.5211031
        ]
      },
      "properties": {
        "内容": "バス停: 耳成小学校前",
        "name": "耳成小学校前",
        "operator": "事業者不明",
        "ref": "",
        "url": "",
        "url2": ""
      }
    },
    {
      "type": "Feature",
      "geometry": {
        "type": "Point",
        "coordinates": [
          135.8045619,
          34.5210212
        ]
      },
      "properties": {
        "内容": "バス停: 立正佼成会前",
        "name": "立正佼成会前",
        "operator": "事業者不明",
        "ref": "",
        "url": "",
        "url2": ""
      }
    },
    {
      "type": "Feature",
      "geometry": {
        "type": "Point",
        "coordinates": [
          135.8015825,
          34.5209393
        ]
      },
      "properties": {
        "内容": "バス停: 葛本町新屋敷",
        "name": "葛本町新屋敷",
        "operator": "事業者不明",
        "ref": "",
        "url": "",
        "url2": ""
      }
    },
    {
      "type": "Feature",
      "geometry": {
        "type": "Point",
        "coordinates": [
          135.8043909,
          34.5208306
        ]
      },
      "properties": {
        "内容": "バス停: 立正佼成会前",
        "name": "立正佼成会前",
        "operator": "事業者不明",
        "ref": "",
        "url": "",
        "url2": ""
      }
    },
    {
      "type": "Feature",
      "geometry": {
        "type": "Point",
        "coordinates": [
          136.0233964,
          34.5582881
        ]
      },
      "properties": {
        "内容": "バス停: 三社の森",
        "name": "三社の森",
        "operator": "事業者不明",
        "ref": "",
        "url": "",
        "url2": ""
      }
    },
    {
      "type": "Feature",
      "geometry": {
        "type": "Point",
        "coordinates": [
          136.0223132,
          34.5575786
        ]
      },
      "properties": {
        "内容": "バス停: 三社の森",
        "name": "三社の森",
        "operator": "事業者不明",
        "ref": "",
        "url": "",
        "url2": ""
      }
    },
    {
      "type": "Feature",
      "geometry": {
        "type": "Point",
        "coordinates": [
          135.9671257,
          34.5287451
        ]
      },
      "properties": {
        "内容": "バス停: 五味原",
        "name": "五味原",
        "operator": "事業者不明",
        "ref": "",
        "url": "",
        "url2": ""
      }
    },
    {
      "type": "Feature",
      "geometry": {
        "type": "Point",
        "coordinates": [
          135.9518869,
          34.5267615
        ]
      },
      "properties": {
        "内容": "バス停: 榛原大橋",
        "name": "榛原大橋",
        "operator": "事業者不明",
        "ref": "",
        "url": "",
        "url2": ""
      }
    },
    {
      "type": "Feature",
      "geometry": {
        "type": "Point",
        "coordinates": [
          135.9527335,
          34.5274455
        ]
      },
      "properties": {
        "内容": "バス停: 下井谷口",
        "name": "下井谷口",
        "operator": "事業者不明",
        "ref": "",
        "url": "",
        "url2": ""
      }
    },
    {
      "type": "Feature",
      "geometry": {
        "type": "Point",
        "coordinates": [
          135.934488,
          34.5320754
        ]
      },
      "properties": {
        "内容": "バス停: 吉隠柳口",
        "name": "吉隠柳口",
        "operator": "事業者不明",
        "ref": "",
        "url": "",
        "url2": ""
      }
    },
    {
      "type": "Feature",
      "geometry": {
        "type": "Point",
        "coordinates": [
          135.9514126,
          34.5368193
        ]
      },
      "properties": {
        "内容": "バス停: 宇陀警察署前",
        "name": "宇陀警察署前",
        "operator": "事業者不明",
        "ref": "",
        "url": "",
        "url2": ""
      }
    },
    {
      "type": "Feature",
      "geometry": {
        "type": "Point",
        "coordinates": [
          135.9484505,
          34.5331203
        ]
      },
      "properties": {
        "内容": "バス停: あかね台住宅バス停",
        "name": "あかね台住宅バス停",
        "operator": "事業者不明",
        "ref": "",
        "url": "",
        "url2": ""
      }
    },
    {
      "type": "Feature",
      "geometry": {
        "type": "Point",
        "coordinates": [
          135.939125,
          34.5324686
        ]
      },
      "properties": {
        "内容": "バス停: 角柄",
        "name": "角柄",
        "operator": "事業者不明",
        "ref": "",
        "url": "",
        "url2": ""
      }
    },
    {
      "type": "Feature",
      "geometry": {
        "type": "Point",
        "coordinates": [
          135.867615,
          34.5169072
        ]
      },
      "properties": {
        "内容": "バス停: 慈恩寺",
        "name": "慈恩寺",
        "operator": "事業者不明",
        "ref": "",
        "url": "",
        "url2": ""
      }
    },
    {
      "type": "Feature",
      "geometry": {
        "type": "Point",
        "coordinates": [
          135.8676729,
          34.5171037
        ]
      },
      "properties": {
        "内容": "バス停: 慈恩寺",
        "name": "慈恩寺",
        "operator": "事業者不明",
        "ref": "",
        "url": "",
        "url2": ""
      }
    },
    {
      "type": "Feature",
      "geometry": {
        "type": "Point",
        "coordinates": [
          136.0145773,
          34.5657455
        ]
      },
      "properties": {
        "内容": "バス停: 室生口大野駅",
        "name": "室生口大野駅",
        "operator": "事業者不明",
        "ref": "",
        "url": "",
        "url2": ""
      }
    },
    {
      "type": "Feature",
      "geometry": {
        "type": "Point",
        "coordinates": [
          136.0133879,
          34.5644294
        ]
      },
      "properties": {
        "内容": "バス停: 室生小学校前",
        "name": "室生小学校前",
        "operator": "事業者不明",
        "ref": "",
        "url": "",
        "url2": ""
      }
    },
    {
      "type": "Feature",
      "geometry": {
        "type": "Point",
        "coordinates": [
          136.0158907,
          34.5630144
        ]
      },
      "properties": {
        "内容": "バス停: 大野寺",
        "name": "大野寺",
        "operator": "事業者不明",
        "ref": "",
        "url": "",
        "url2": ""
      }
    },
    {
      "type": "Feature",
      "geometry": {
        "type": "Point",
        "coordinates": [
          135.9795421,
          34.5491324
        ]
      },
      "properties": {
        "内容": "バス停: 天満台東三丁目 (奈良交通)",
        "name": "天満台東三丁目",
        "operator": "奈良交通",
        "ref": "",
        "url": "",
        "url2": ""
      }
    },
    {
      "type": "Feature",
      "geometry": {
        "type": "Point",
        "coordinates": [
          135.9742525,
          34.546696
        ]
      },
      "properties": {
        "内容": "バス停: 天満台東二丁目",
        "name": "天満台東二丁目",
        "operator": "事業者不明",
        "ref": "",
        "url": "",
        "url2": ""
      }
    },
    {
      "type": "Feature",
      "geometry": {
        "type": "Point",
        "coordinates": [
          135.9744714,
          34.5469483
        ]
      },
      "properties": {
        "内容": "バス停: 天満台東二丁目",
        "name": "天満台東二丁目",
        "operator": "事業者不明",
        "ref": "",
        "url": "",
        "url2": ""
      }
    },
    {
      "type": "Feature",
      "geometry": {
        "type": "Point",
        "coordinates": [
          135.970702,
          34.5447934
        ]
      },
      "properties": {
        "内容": "バス停: 天満台西四丁目",
        "name": "天満台西四丁目",
        "operator": "事業者不明",
        "ref": "",
        "url": "",
        "url2": ""
      }
    },
    {
      "type": "Feature",
      "geometry": {
        "type": "Point",
        "coordinates": [
          135.9699992,
          34.5442664
        ]
      },
      "properties": {
        "内容": "バス停: 天満台西四丁目",
        "name": "天満台西四丁目",
        "operator": "事業者不明",
        "ref": "",
        "url": "",
        "url2": ""
      }
    },
    {
      "type": "Feature",
      "geometry": {
        "type": "Point",
        "coordinates": [
          135.9868279,
          34.5529684
        ]
      },
      "properties": {
        "内容": "バス停: 山辺",
        "name": "山辺",
        "operator": "事業者不明",
        "ref": "",
        "url": "",
        "url2": ""
      }
    },
    {
      "type": "Feature",
      "geometry": {
        "type": "Point",
        "coordinates": [
          135.7878575,
          34.3832292
        ]
      },
      "properties": {
        "内容": "バス停: 下市口駅 (奈良交通)",
        "name": "下市口駅",
        "operator": "奈良交通",
        "ref": "",
        "url": "",
        "url2": ""
      }
    },
    {
      "type": "Feature",
      "geometry": {
        "type": "Point",
        "coordinates": [
          135.877287,
          34.2660438
        ]
      },
      "properties": {
        "内容": "バス停: 洞川温泉 (奈良交通)",
        "name": "洞川温泉",
        "operator": "奈良交通",
        "ref": "",
        "url": "",
        "url2": ""
      }
    },
    {
      "type": "Feature",
      "geometry": {
        "type": "Point",
        "coordinates": [
          135.813175,
          34.3350098
        ]
      },
      "properties": {
        "内容": "バス停: 広橋峠 (奈良交通)",
        "name": "広橋峠",
        "operator": "奈良交通",
        "ref": "",
        "url": "",
        "url2": ""
      }
    },
    {
      "type": "Feature",
      "geometry": {
        "type": "Point",
        "coordinates": [
          135.8165412,
          34.3321185
        ]
      },
      "properties": {
        "内容": "バス停: 庄屋辻 (奈良交通)",
        "name": "庄屋辻",
        "operator": "奈良交通",
        "ref": "",
        "url": "",
        "url2": ""
      }
    },
    {
      "type": "Feature",
      "geometry": {
        "type": "Point",
        "coordinates": [
          135.822922,
          34.3063486
        ]
      },
      "properties": {
        "内容": "バス停: 黒滝案内センター (奈良交通)",
        "name": "黒滝案内センター",
        "operator": "奈良交通",
        "ref": "",
        "url": "",
        "url2": ""
      }
    },
    {
      "type": "Feature",
      "geometry": {
        "type": "Point",
        "coordinates": [
          135.8554301,
          34.2456614
        ]
      },
      "properties": {
        "内容": "バス停: 天川川合 (奈良交通)",
        "name": "天川川合",
        "operator": "奈良交通",
        "ref": "",
        "url": "",
        "url2": ""
      }
    },
    {
      "type": "Feature",
      "geometry": {
        "type": "Point",
        "coordinates": [
          135.8703913,
          34.2449574
        ]
      },
      "properties": {
        "内容": "バス停: 観音峰登山口 (奈良交通)",
        "name": "観音峰登山口",
        "operator": "奈良交通",
        "ref": "",
        "url": "",
        "url2": ""
      }
    },
    {
      "type": "Feature",
      "geometry": {
        "type": "Point",
        "coordinates": [
          135.8075466,
          34.3524979
        ]
      },
      "properties": {
        "内容": "バス停: 岩森(下市温泉) (奈良交通)",
        "name": "岩森(下市温泉)",
        "operator": "奈良交通",
        "ref": "",
        "url": "",
        "url2": ""
      }
    },
    {
      "type": "Feature",
      "geometry": {
        "type": "Point",
        "coordinates": [
          136.0380042,
          34.537031
        ]
      },
      "properties": {
        "内容": "バス停: 室生寺 (奈良交通)",
        "name": "室生寺",
        "operator": "奈良交通",
        "ref": "",
        "url": "",
        "url2": ""
      }
    },
    {
      "type": "Feature",
      "geometry": {
        "type": "Point",
        "coordinates": [
          136.0382029,
          34.5367086
        ]
      },
      "properties": {
        "内容": "バス停: おりは (奈良交通)",
        "name": "おりは",
        "operator": "奈良交通",
        "ref": "",
        "url": "",
        "url2": ""
      }
    },
    {
      "type": "Feature",
      "geometry": {
        "type": "Point",
        "coordinates": [
          136.0382166,
          34.5366634
        ]
      },
      "properties": {
        "内容": "バス停: スクールバスのりは (うだし)",
        "name": "スクールバスのりは",
        "operator": "うだし",
        "ref": "",
        "url": "",
        "url2": ""
      }
    },
    {
      "type": "Feature",
      "geometry": {
        "type": "Point",
        "coordinates": [
          135.842787,
          34.5283827
        ]
      },
      "properties": {
        "内容": "バス停: 三輪明神参道口 (奈良交通)",
        "name": "三輪明神参道口",
        "operator": "奈良交通",
        "ref": "",
        "url": "",
        "url2": ""
      }
    },
    {
      "type": "Feature",
      "geometry": {
        "type": "Point",
        "coordinates": [
          135.8426253,
          34.5282943
        ]
      },
      "properties": {
        "内容": "バス停: 三輪明神参道口 (奈良交通)",
        "name": "三輪明神参道口",
        "operator": "奈良交通",
        "ref": "",
        "url": "",
        "url2": ""
      }
    },
    {
      "type": "Feature",
      "geometry": {
        "type": "Point",
        "coordinates": [
          135.8439282,
          34.5213467
        ]
      },
      "properties": {
        "内容": "バス停: 桜井市保健福祉センター (奈良交通)",
        "name": "桜井市保健福祉センター",
        "operator": "奈良交通",
        "ref": "",
        "url": "",
        "url2": ""
      }
    },
    {
      "type": "Feature",
      "geometry": {
        "type": "Point",
        "coordinates": [
          135.843781,
          34.5215445
        ]
      },
      "properties": {
        "内容": "バス停: 桜井市保健福祉センター (桜井市コミュニティバス)",
        "name": "桜井市保健福祉センター",
        "operator": "桜井市コミュニティバス",
        "ref": "",
        "url": "",
        "url2": ""
      }
    },
    {
      "type": "Feature",
      "geometry": {
        "type": "Point",
        "coordinates": [
          135.8437817,
          34.5215514
        ]
      },
      "properties": {
        "内容": "バス停: 桜井市保健福祉センター (奈良交通)",
        "name": "桜井市保健福祉センター",
        "operator": "奈良交通",
        "ref": "",
        "url": "",
        "url2": ""
      }
    },
    {
      "type": "Feature",
      "geometry": {
        "type": "Point",
        "coordinates": [
          135.8380006,
          34.5373355
        ]
      },
      "properties": {
        "内容": "バス停: 箸中 (奈良交通)",
        "name": "箸中",
        "operator": "奈良交通",
        "ref": "",
        "url": "",
        "url2": ""
      }
    },
    {
      "type": "Feature",
      "geometry": {
        "type": "Point",
        "coordinates": [
          135.8395676,
          34.534594
        ]
      },
      "properties": {
        "内容": "バス停: 芝",
        "name": "芝",
        "operator": "事業者不明",
        "ref": "",
        "url": "",
        "url2": ""
      }
    },
    {
      "type": "Feature",
      "geometry": {
        "type": "Point",
        "coordinates": [
          135.9351559,
          34.7124322
        ]
      },
      "properties": {
        "内容": "バス停: 名称不明バス停",
        "name": "名称不明バス停",
        "operator": "事業者不明",
        "ref": "",
        "url": "",
        "url2": ""
      }
    },
    {
      "type": "Feature",
      "geometry": {
        "type": "Point",
        "coordinates": [
          135.7518448,
          34.7259839
        ]
      },
      "properties": {
        "内容": "バス停: 学研奈良登美ヶ丘駅(南)バス停",
        "name": "学研奈良登美ヶ丘駅(南)バス停",
        "operator": "事業者不明",
        "ref": "",
        "url": "",
        "url2": ""
      }
    },
    {
      "type": "Feature",
      "geometry": {
        "type": "Point",
        "coordinates": [
          135.7519769,
          34.7256
        ]
      },
      "properties": {
        "内容": "バス停: 学研奈良登美ヶ丘駅(南)バス停",
        "name": "学研奈良登美ヶ丘駅(南)バス停",
        "operator": "事業者不明",
        "ref": "",
        "url": "",
        "url2": ""
      }
    },
    {
      "type": "Feature",
      "geometry": {
        "type": "Point",
        "coordinates": [
          136.1463735,
          34.5431288
        ]
      },
      "properties": {
        "内容": "バス停: スクールバス乗降所",
        "name": "スクールバス乗降所",
        "operator": "事業者不明",
        "ref": "",
        "url": "",
        "url2": ""
      }
    },
    {
      "type": "Feature",
      "geometry": {
        "type": "Point",
        "coordinates": [
          136.1366245,
          34.5249738
        ]
      },
      "properties": {
        "内容": "バス停: スクールバス乗降所",
        "name": "スクールバス乗降所",
        "operator": "事業者不明",
        "ref": "",
        "url": "",
        "url2": ""
      }
    },
    {
      "type": "Feature",
      "geometry": {
        "type": "Point",
        "coordinates": [
          136.017334,
          34.4885023
        ]
      },
      "properties": {
        "内容": "バス停: 上内牧",
        "name": "上内牧",
        "operator": "事業者不明",
        "ref": "",
        "url": "",
        "url2": ""
      }
    },
    {
      "type": "Feature",
      "geometry": {
        "type": "Point",
        "coordinates": [
          136.1361696,
          34.5236239
        ]
      },
      "properties": {
        "内容": "バス停: 葛",
        "name": "葛",
        "operator": "事業者不明",
        "ref": "",
        "url": "",
        "url2": ""
      }
    },
    {
      "type": "Feature",
      "geometry": {
        "type": "Point",
        "coordinates": [
          136.131237,
          34.5158169
        ]
      },
      "properties": {
        "内容": "バス停: スクールバス乗降所",
        "name": "スクールバス乗降所",
        "operator": "事業者不明",
        "ref": "",
        "url": "",
        "url2": ""
      }
    },
    {
      "type": "Feature",
      "geometry": {
        "type": "Point",
        "coordinates": [
          136.1241893,
          34.5109087
        ]
      },
      "properties": {
        "内容": "バス停: 曽爾村役場",
        "name": "曽爾村役場",
        "operator": "事業者不明",
        "ref": "",
        "url": "",
        "url2": ""
      }
    },
    {
      "type": "Feature",
      "geometry": {
        "type": "Point",
        "coordinates": [
          136.1218111,
          34.5096042
        ]
      },
      "properties": {
        "内容": "バス停: 今井",
        "name": "今井",
        "operator": "事業者不明",
        "ref": "",
        "url": "",
        "url2": ""
      }
    },
    {
      "type": "Feature",
      "geometry": {
        "type": "Point",
        "coordinates": [
          136.1177927,
          34.5073624
        ]
      },
      "properties": {
        "内容": "バス停: 小長尾橋",
        "name": "小長尾橋",
        "operator": "事業者不明",
        "ref": "",
        "url": "",
        "url2": ""
      }
    },
    {
      "type": "Feature",
      "geometry": {
        "type": "Point",
        "coordinates": [
          136.1172358,
          34.505723
        ]
      },
      "properties": {
        "内容": "バス停: 長野",
        "name": "長野",
        "operator": "事業者不明",
        "ref": "",
        "url": "",
        "url2": ""
      }
    },
    {
      "type": "Feature",
      "geometry": {
        "type": "Point",
        "coordinates": [
          136.11644,
          34.5043081
        ]
      },
      "properties": {
        "内容": "バス停: 曽爾長野",
        "name": "曽爾長野",
        "operator": "事業者不明",
        "ref": "",
        "url": "",
        "url2": ""
      }
    },
    {
      "type": "Feature",
      "geometry": {
        "type": "Point",
        "coordinates": [
          136.112656,
          34.4984751
        ]
      },
      "properties": {
        "内容": "バス停: 掛西口",
        "name": "掛西口",
        "operator": "事業者不明",
        "ref": "",
        "url": "",
        "url2": ""
      }
    },
    {
      "type": "Feature",
      "geometry": {
        "type": "Point",
        "coordinates": [
          136.1019491,
          34.4900869
        ]
      },
      "properties": {
        "内容": "バス停: 山粕東口",
        "name": "山粕東口",
        "operator": "事業者不明",
        "ref": "",
        "url": "",
        "url2": ""
      }
    },
    {
      "type": "Feature",
      "geometry": {
        "type": "Point",
        "coordinates": [
          136.1217361,
          34.5096812
        ]
      },
      "properties": {
        "内容": "バス停: 曽爾",
        "name": "曽爾",
        "operator": "事業者不明",
        "ref": "",
        "url": "",
        "url2": ""
      }
    },
    {
      "type": "Feature",
      "geometry": {
        "type": "Point",
        "coordinates": [
          136.1178357,
          34.5072694
        ]
      },
      "properties": {
        "内容": "バス停: 曽爾学校前",
        "name": "曽爾学校前",
        "operator": "事業者不明",
        "ref": "",
        "url": "",
        "url2": ""
      }
    },
    {
      "type": "Feature",
      "geometry": {
        "type": "Point",
        "coordinates": [
          136.1165559,
          34.5015551
        ]
      },
      "properties": {
        "内容": "バス停: 掛東口",
        "name": "掛東口",
        "operator": "事業者不明",
        "ref": "",
        "url": "",
        "url2": ""
      }
    },
    {
      "type": "Feature",
      "geometry": {
        "type": "Point",
        "coordinates": [
          136.1148849,
          34.4995303
        ]
      },
      "properties": {
        "内容": "バス停: 掛",
        "name": "掛",
        "operator": "事業者不明",
        "ref": "",
        "url": "",
        "url2": ""
      }
    },
    {
      "type": "Feature",
      "geometry": {
        "type": "Point",
        "coordinates": [
          136.1158461,
          34.5008164
        ]
      },
      "properties": {
        "内容": "バス停: スクールバス乗降所",
        "name": "スクールバス乗降所",
        "operator": "事業者不明",
        "ref": "",
        "url": "",
        "url2": ""
      }
    },
    {
      "type": "Feature",
      "geometry": {
        "type": "Point",
        "coordinates": [
          136.1102098,
          34.498387
        ]
      },
      "properties": {
        "内容": "バス停: 薮内橋",
        "name": "薮内橋",
        "operator": "事業者不明",
        "ref": "",
        "url": "",
        "url2": ""
      }
    },
    {
      "type": "Feature",
      "geometry": {
        "type": "Point",
        "coordinates": [
          136.1073964,
          34.4959045
        ]
      },
      "properties": {
        "内容": "バス停: 八辻橋",
        "name": "八辻橋",
        "operator": "事業者不明",
        "ref": "",
        "url": "",
        "url2": ""
      }
    },
    {
      "type": "Feature",
      "geometry": {
        "type": "Point",
        "coordinates": [
          136.0969884,
          34.1806498
        ]
      },
      "properties": {
        "内容": "バス停: 大台ヶ原",
        "name": "大台ヶ原",
        "operator": "事業者不明",
        "ref": "",
        "url": "",
        "url2": ""
      }
    },
    {
      "type": "Feature",
      "geometry": {
        "type": "Point",
        "coordinates": [
          135.9961891,
          34.2188511
        ]
      },
      "properties": {
        "内容": "バス停: 和佐又山登山口",
        "name": "和佐又山登山口",
        "operator": "事業者不明",
        "ref": "",
        "url": "",
        "url2": ""
      }
    },
    {
      "type": "Feature",
      "geometry": {
        "type": "Point",
        "coordinates": [
          135.8607951,
          34.2446699
        ]
      },
      "properties": {
        "内容": "バス停: 中越 (Nara-kotsu)",
        "name": "中越",
        "operator": "Nara-kotsu",
        "ref": "",
        "url": "",
        "url2": ""
      }
    },
    {
      "type": "Feature",
      "geometry": {
        "type": "Point",
        "coordinates": [
          135.7446811,
          34.0610655
        ]
      },
      "properties": {
        "内容": "バス停: 川津西 (奈良交通;十津川村)",
        "name": "川津西",
        "operator": "奈良交通;十津川村",
        "ref": "",
        "url": "",
        "url2": ""
      }
    },
    {
      "type": "Feature",
      "geometry": {
        "type": "Point",
        "coordinates": [
          135.755057,
          34.091666
        ]
      },
      "properties": {
        "内容": "バス停: 月谷口 (奈良交通)",
        "name": "月谷口",
        "operator": "奈良交通",
        "ref": "",
        "url": "",
        "url2": ""
      }
    },
    {
      "type": "Feature",
      "geometry": {
        "type": "Point",
        "coordinates": [
          135.7551544,
          34.0916136
        ]
      },
      "properties": {
        "内容": "バス停: 月谷口 (奈良交通)",
        "name": "月谷口",
        "operator": "奈良交通",
        "ref": "",
        "url": "",
        "url2": ""
      }
    },
    {
      "type": "Feature",
      "geometry": {
        "type": "Point",
        "coordinates": [
          135.8576722,
          34.3707991
        ]
      },
      "properties": {
        "内容": "バス停: 銅の鳥居前",
        "name": "銅の鳥居前",
        "operator": "事業者不明",
        "ref": "",
        "url": "",
        "url2": ""
      }
    },
    {
      "type": "Feature",
      "geometry": {
        "type": "Point",
        "coordinates": [
          136.059935,
          34.5732543
        ]
      },
      "properties": {
        "内容": "バス停: 下龍口 (ほっとバス錦)",
        "name": "下龍口",
        "operator": "ほっとバス錦",
        "ref": "",
        "url": "",
        "url2": ""
      }
    },
    {
      "type": "Feature",
      "geometry": {
        "type": "Point",
        "coordinates": [
          135.822495,
          34.3066142
        ]
      },
      "properties": {
        "内容": "バス停: 309案内センター、ふれあいバス、黒滝村",
        "name": "309案内センター、ふれあいバス、黒滝村",
        "operator": "事業者不明",
        "ref": "",
        "url": "",
        "url2": ""
      }
    },
    {
      "type": "Feature",
      "geometry": {
        "type": "Point",
        "coordinates": [
          135.8085439,
          34.4265848
        ]
      },
      "properties": {
        "内容": "バス停: 壷阪寺前 (Nara Kotsu Bus Lines Co.,Ltd.)",
        "name": "壷阪寺前",
        "operator": "Nara Kotsu Bus Lines Co.,Ltd.",
        "ref": "",
        "url": "",
        "url2": ""
      }
    },
    {
      "type": "Feature",
      "geometry": {
        "type": "Point",
        "coordinates": [
          135.7292676,
          34.6850733
        ]
      },
      "properties": {
        "内容": "バス停: 桜公園 (Nara Kotsu Bus Lines Co., Ltd.)",
        "name": "桜公園",
        "operator": "Nara Kotsu Bus Lines Co., Ltd.",
        "ref": "",
        "url": "",
        "url2": ""
      }
    },
    {
      "type": "Feature",
      "geometry": {
        "type": "Point",
        "coordinates": [
          135.9376189,
          34.4464384
        ]
      },
      "properties": {
        "内容": "バス停: 大蔵寺前",
        "name": "大蔵寺前",
        "operator": "事業者不明",
        "ref": "",
        "url": "",
        "url2": ""
      }
    },
    {
      "type": "Feature",
      "geometry": {
        "type": "Point",
        "coordinates": [
          135.937781,
          34.4463965
        ]
      },
      "properties": {
        "内容": "バス停: 大蔵寺前",
        "name": "大蔵寺前",
        "operator": "事業者不明",
        "ref": "",
        "url": "",
        "url2": ""
      }
    },
    {
      "type": "Feature",
      "geometry": {
        "type": "Point",
        "coordinates": [
          135.9823471,
          34.4609239
        ]
      },
      "properties": {
        "内容": "バス停: 宇賀志",
        "name": "宇賀志",
        "operator": "事業者不明",
        "ref": "",
        "url": "",
        "url2": ""
      }
    },
    {
      "type": "Feature",
      "geometry": {
        "type": "Point",
        "coordinates": [
          135.9827242,
          34.4606005
        ]
      },
      "properties": {
        "内容": "バス停: 宇賀志",
        "name": "宇賀志",
        "operator": "事業者不明",
        "ref": "",
        "url": "",
        "url2": ""
      }
    },
    {
      "type": "Feature",
      "geometry": {
        "type": "Point",
        "coordinates": [
          135.7510232,
          34.420969
        ]
      },
      "properties": {
        "内容": "バス停: 吉野口駅",
        "name": "吉野口駅",
        "operator": "事業者不明",
        "ref": "",
        "url": "",
        "url2": ""
      }
    },
    {
      "type": "Feature",
      "geometry": {
        "type": "Point",
        "coordinates": [
          135.7623497,
          34.0995285
        ]
      },
      "properties": {
        "内容": "バス停: Uenoji 上野地（バス）",
        "name": "Uenoji 上野地（バス）",
        "operator": "事業者不明",
        "ref": "",
        "url": "",
        "url2": ""
      }
    },
    {
      "type": "Feature",
      "geometry": {
        "type": "Point",
        "coordinates": [
          135.804428,
          34.6834966
        ]
      },
      "properties": {
        "内容": "バス停: 奈良県コンベンションセンター (奈良交通)",
        "name": "奈良県コンベンションセンター",
        "operator": "奈良交通",
        "ref": "B16",
        "url": "",
        "url2": ""
      }
    },
    {
      "type": "Feature",
      "geometry": {
        "type": "Point",
        "coordinates": [
          135.8274655,
          34.684193
        ]
      },
      "properties": {
        "内容": "バス停: 近鉄奈良駅 (奈良交通)",
        "name": "近鉄奈良駅",
        "operator": "奈良交通",
        "ref": "B13",
        "url": "",
        "url2": ""
      }
    },
    {
      "type": "Feature",
      "geometry": {
        "type": "Point",
        "coordinates": [
          135.8324343,
          34.6844042
        ]
      },
      "properties": {
        "内容": "バス停: 県庁前・奈良公園バスターミナル B12 (奈良交通)",
        "name": "県庁前・奈良公園バスターミナル B12",
        "operator": "奈良交通",
        "ref": "B12",
        "url": "",
        "url2": ""
      }
    },
    {
      "type": "Feature",
      "geometry": {
        "type": "Point",
        "coordinates": [
          135.8325322,
          34.6845839
        ]
      },
      "properties": {
        "内容": "バス停: 県庁前・奈良公園バスターミナル (奈良交通)",
        "name": "県庁前・奈良公園バスターミナル",
        "operator": "奈良交通",
        "ref": "B6;R8",
        "url": "",
        "url2": ""
      }
    },
    {
      "type": "Feature",
      "geometry": {
        "type": "Point",
        "coordinates": [
          135.8285545,
          34.6844339
        ]
      },
      "properties": {
        "内容": "バス停: 近鉄奈良駅B5,R7 (奈良交通)",
        "name": "近鉄奈良駅B5,R7",
        "operator": "奈良交通",
        "ref": "B5;R7",
        "url": "",
        "url2": ""
      }
    },
    {
      "type": "Feature",
      "geometry": {
        "type": "Point",
        "coordinates": [
          135.7932398,
          34.6843363
        ]
      },
      "properties": {
        "内容": "バス停: 朱雀門ひろば前 (奈良交通)",
        "name": "朱雀門ひろば前",
        "operator": "奈良交通",
        "ref": "B18",
        "url": "",
        "url2": ""
      }
    },
    {
      "type": "Feature",
      "geometry": {
        "type": "Point",
        "coordinates": [
          135.7924758,
          34.685474
        ]
      },
      "properties": {
        "内容": "バス停: 朱雀門ひろば (奈良交通)",
        "name": "朱雀門ひろば",
        "operator": "奈良交通",
        "ref": "B1",
        "url": "",
        "url2": ""
      }
    },
    {
      "type": "Feature",
      "geometry": {
        "type": "Point",
        "coordinates": [
          135.7822023,
          34.693212
        ]
      },
      "properties": {
        "内容": "バス停: 大和西大寺駅南口 (奈良交通)",
        "name": "大和西大寺駅南口",
        "operator": "奈良交通",
        "ref": "B0",
        "url": "",
        "url2": ""
      }
    },
    {
      "type": "Feature",
      "geometry": {
        "type": "Point",
        "coordinates": [
          135.8390526,
          34.6850305
        ]
      },
      "properties": {
        "内容": "バス停: 大仏殿前駐車場 (奈良交通)",
        "name": "大仏殿前駐車場",
        "operator": "奈良交通",
        "ref": "B8;O1;R1",
        "url": "",
        "url2": ""
      }
    },
    {
      "type": "Feature",
      "geometry": {
        "type": "Point",
        "coordinates": [
          135.9809027,
          34.4398072
        ]
      },
      "properties": {
        "内容": "バス停: 佐倉峠",
        "name": "佐倉峠",
        "operator": "事業者不明",
        "ref": "",
        "url": "",
        "url2": ""
      }
    },
    {
      "type": "Feature",
      "geometry": {
        "type": "Point",
        "coordinates": [
          135.8195655,
          34.6810212
        ]
      },
      "properties": {
        "内容": "バス停: JR奈良駅 6",
        "name": "JR奈良駅 6",
        "operator": "事業者不明",
        "ref": "6",
        "url": "",
        "url2": ""
      }
    },
    {
      "type": "Feature",
      "geometry": {
        "type": "Point",
        "coordinates": [
          135.819702,
          34.68097
        ]
      },
      "properties": {
        "内容": "バス停: JR奈良駅 7",
        "name": "JR奈良駅 7",
        "operator": "事業者不明",
        "ref": "7",
        "url": "",
        "url2": ""
      }
    },
    {
      "type": "Feature",
      "geometry": {
        "type": "Point",
        "coordinates": [
          135.6967726,
          34.363337
        ]
      },
      "properties": {
        "内容": "バス停: 岡バス停",
        "name": "岡バス停",
        "operator": "事業者不明",
        "ref": "",
        "url": "",
        "url2": ""
      }
    },
    {
      "type": "Feature",
      "geometry": {
        "type": "Point",
        "coordinates": [
          135.8554843,
          34.6313523
        ]
      },
      "properties": {
        "内容": "バス停: 高樋中町 (奈良市)",
        "name": "高樋中町",
        "operator": "奈良市",
        "ref": "",
        "url": "",
        "url2": ""
      }
    },
    {
      "type": "Feature",
      "geometry": {
        "type": "Point",
        "coordinates": [
          135.8457659,
          34.5961102
        ]
      },
      "properties": {
        "内容": "バス停: 天理大学 (奈良交通)",
        "name": "天理大学",
        "operator": "奈良交通",
        "ref": "",
        "url": "",
        "url2": ""
      }
    },
    {
      "type": "Feature",
      "geometry": {
        "type": "Point",
        "coordinates": [
          135.8308201,
          34.6017277
        ]
      },
      "properties": {
        "内容": "バス停: 天理駅 (奈良交通)",
        "name": "天理駅",
        "operator": "奈良交通",
        "ref": "",
        "url": "",
        "url2": ""
      }
    },
    {
      "type": "Feature",
      "geometry": {
        "type": "Point",
        "coordinates": [
          135.8306382,
          34.6014273
        ]
      },
      "properties": {
        "内容": "バス停: 天理駅 (奈良交通)",
        "name": "天理駅",
        "operator": "奈良交通",
        "ref": "",
        "url": "",
        "url2": ""
      }
    },
    {
      "type": "Feature",
      "geometry": {
        "type": "Point",
        "coordinates": [
          135.8310979,
          34.6016478
        ]
      },
      "properties": {
        "内容": "バス停: 天理駅 (奈良交通)",
        "name": "天理駅",
        "operator": "奈良交通",
        "ref": "",
        "url": "",
        "url2": ""
      }
    },
    {
      "type": "Feature",
      "geometry": {
        "type": "Point",
        "coordinates": [
          135.8306283,
          34.6016361
        ]
      },
      "properties": {
        "内容": "バス停: 天理駅 (奈良交通)",
        "name": "天理駅",
        "operator": "奈良交通",
        "ref": "",
        "url": "",
        "url2": ""
      }
    },
    {
      "type": "Feature",
      "geometry": {
        "type": "Point",
        "coordinates": [
          135.837671,
          34.6052679
        ]
      },
      "properties": {
        "内容": "バス停: 憩の家外来棟 (奈良交通)",
        "name": "憩の家外来棟",
        "operator": "奈良交通",
        "ref": "",
        "url": "",
        "url2": ""
      }
    },
    {
      "type": "Feature",
      "geometry": {
        "type": "Point",
        "coordinates": [
          135.8378995,
          34.6022021
        ]
      },
      "properties": {
        "内容": "バス停: 憩の家病院 (奈良交通)",
        "name": "憩の家病院",
        "operator": "奈良交通",
        "ref": "",
        "url": "",
        "url2": ""
      }
    },
    {
      "type": "Feature",
      "geometry": {
        "type": "Point",
        "coordinates": [
          135.8380642,
          34.6025229
        ]
      },
      "properties": {
        "内容": "バス停: 憩の家病院 (奈良交通)",
        "name": "憩の家病院",
        "operator": "奈良交通",
        "ref": "",
        "url": "",
        "url2": ""
      }
    },
    {
      "type": "Feature",
      "geometry": {
        "type": "Point",
        "coordinates": [
          135.8354149,
          34.60102
        ]
      },
      "properties": {
        "内容": "バス停: 中大路 (奈良交通)",
        "name": "中大路",
        "operator": "奈良交通",
        "ref": "",
        "url": "",
        "url2": ""
      }
    },
    {
      "type": "Feature",
      "geometry": {
        "type": "Point",
        "coordinates": [
          135.8353521,
          34.6011555
        ]
      },
      "properties": {
        "内容": "バス停: 中大路 (奈良交通)",
        "name": "中大路",
        "operator": "奈良交通",
        "ref": "",
        "url": "",
        "url2": ""
      }
    },
    {
      "type": "Feature",
      "geometry": {
        "type": "Point",
        "coordinates": [
          135.8317081,
          34.6189385
        ]
      },
      "properties": {
        "内容": "バス停: 櫟本 (奈良交通)",
        "name": "櫟本",
        "operator": "奈良交通",
        "ref": "",
        "url": "",
        "url2": ""
      }
    },
    {
      "type": "Feature",
      "geometry": {
        "type": "Point",
        "coordinates": [
          135.8318952,
          34.6187901
        ]
      },
      "properties": {
        "内容": "バス停: 櫟本 (奈良交通)",
        "name": "櫟本",
        "operator": "奈良交通",
        "ref": "",
        "url": "",
        "url2": ""
      }
    },
    {
      "type": "Feature",
      "geometry": {
        "type": "Point",
        "coordinates": [
          135.8343283,
          34.6091504
        ]
      },
      "properties": {
        "内容": "バス停: 別所 (奈良交通)",
        "name": "別所",
        "operator": "奈良交通",
        "ref": "",
        "url": "",
        "url2": ""
      }
    },
    {
      "type": "Feature",
      "geometry": {
        "type": "Point",
        "coordinates": [
          135.8342689,
          34.6095607
        ]
      },
      "properties": {
        "内容": "バス停: 別所 (奈良交通)",
        "name": "別所",
        "operator": "奈良交通",
        "ref": "",
        "url": "",
        "url2": ""
      }
    },
    {
      "type": "Feature",
      "geometry": {
        "type": "Point",
        "coordinates": [
          135.8370078,
          34.6081916
        ]
      },
      "properties": {
        "内容": "バス停: 山の辺小学校前 (奈良交通)",
        "name": "山の辺小学校前",
        "operator": "奈良交通",
        "ref": "",
        "url": "",
        "url2": ""
      }
    },
    {
      "type": "Feature",
      "geometry": {
        "type": "Point",
        "coordinates": [
          135.837019,
          34.6083123
        ]
      },
      "properties": {
        "内容": "バス停: 山の辺小学校前 (奈良交通)",
        "name": "山の辺小学校前",
        "operator": "奈良交通",
        "ref": "",
        "url": "",
        "url2": ""
      }
    },
    {
      "type": "Feature",
      "geometry": {
        "type": "Point",
        "coordinates": [
          135.7950999,
          34.4498692
        ]
      },
      "properties": {
        "内容": "バス停: 壺阪山駅（壷阪寺ゆき） (奈良交通)",
        "name": "壺阪山駅（壷阪寺ゆき）",
        "operator": "奈良交通",
        "ref": "",
        "url": "",
        "url2": ""
      }
    },
    {
      "type": "Feature",
      "geometry": {
        "type": "Point",
        "coordinates": [
          135.7955977,
          34.4499162
        ]
      },
      "properties": {
        "内容": "バス停: 壺阪山駅",
        "name": "壺阪山駅",
        "operator": "事業者不明",
        "ref": "",
        "url": "",
        "url2": ""
      }
    },
    {
      "type": "Feature",
      "geometry": {
        "type": "Point",
        "coordinates": [
          135.7956084,
          34.4492594
        ]
      },
      "properties": {
        "内容": "バス停: 壺阪山駅（大淀バスセンター・下市口駅行）",
        "name": "壺阪山駅（大淀バスセンター・下市口駅行）",
        "operator": "事業者不明",
        "ref": "",
        "url": "",
        "url2": ""
      }
    },
    {
      "type": "Feature",
      "geometry": {
        "type": "Point",
        "coordinates": [
          135.7241093,
          34.5104273
        ]
      },
      "properties": {
        "内容": "バス停: 名称不明バス停",
        "name": "名称不明バス停",
        "operator": "事業者不明",
        "ref": "",
        "url": "",
        "url2": ""
      }
    },
    {
      "type": "Feature",
      "geometry": {
        "type": "Point",
        "coordinates": [
          135.7221063,
          34.5105091
        ]
      },
      "properties": {
        "内容": "バス停: 名称不明バス停",
        "name": "名称不明バス停",
        "operator": "事業者不明",
        "ref": "",
        "url": "",
        "url2": ""
      }
    },
    {
      "type": "Feature",
      "geometry": {
        "type": "Point",
        "coordinates": [
          135.7167922,
          34.5103809
        ]
      },
      "properties": {
        "内容": "バス停: 名称不明バス停",
        "name": "名称不明バス停",
        "operator": "事業者不明",
        "ref": "",
        "url": "",
        "url2": ""
      }
    },
    {
      "type": "Feature",
      "geometry": {
        "type": "Point",
        "coordinates": [
          135.7329773,
          34.5104964
        ]
      },
      "properties": {
        "内容": "バス停: 新田 (大和高田市)",
        "name": "新田",
        "operator": "大和高田市",
        "ref": "",
        "url": "",
        "url2": ""
      }
    },
    {
      "type": "Feature",
      "geometry": {
        "type": "Point",
        "coordinates": [
          135.8795993,
          34.5228395
        ]
      },
      "properties": {
        "内容": "バス停: 黒崎 (桜井市コミュニティバス)",
        "name": "黒崎",
        "operator": "桜井市コミュニティバス",
        "ref": "",
        "url": "",
        "url2": ""
      }
    },
    {
      "type": "Feature",
      "geometry": {
        "type": "Point",
        "coordinates": [
          135.8796341,
          34.5227685
        ]
      },
      "properties": {
        "内容": "バス停: 黒崎 (桜井市コミュニティバス)",
        "name": "黒崎",
        "operator": "桜井市コミュニティバス",
        "ref": "",
        "url": "",
        "url2": ""
      }
    },
    {
      "type": "Feature",
      "geometry": {
        "type": "Point",
        "coordinates": [
          135.9011317,
          34.5272624
        ]
      },
      "properties": {
        "内容": "バス停: 初瀬観光センター (桜井市コミュニティバス)",
        "name": "初瀬観光センター",
        "operator": "桜井市コミュニティバス",
        "ref": "",
        "url": "",
        "url2": ""
      }
    },
    {
      "type": "Feature",
      "geometry": {
        "type": "Point",
        "coordinates": [
          135.71397,
          34.5869284
        ]
      },
      "properties": {
        "内容": "バス停: 星和台1丁目",
        "name": "星和台1丁目",
        "operator": "事業者不明",
        "ref": "",
        "url": "",
        "url2": ""
      }
    },
    {
      "type": "Feature",
      "geometry": {
        "type": "Point",
        "coordinates": [
          135.7102787,
          34.5910201
        ]
      },
      "properties": {
        "内容": "バス停: 葛下",
        "name": "葛下",
        "operator": "事業者不明",
        "ref": "",
        "url": "",
        "url2": ""
      }
    },
    {
      "type": "Feature",
      "geometry": {
        "type": "Point",
        "coordinates": [
          135.7799866,
          34.505601
        ]
      },
      "properties": {
        "内容": "バス停: 五井",
        "name": "五井",
        "operator": "事業者不明",
        "ref": "",
        "url": "",
        "url2": ""
      }
    },
    {
      "type": "Feature",
      "geometry": {
        "type": "Point",
        "coordinates": [
          135.7776826,
          34.5058962
        ]
      },
      "properties": {
        "内容": "バス停: 五井",
        "name": "五井",
        "operator": "事業者不明",
        "ref": "",
        "url": "",
        "url2": ""
      }
    },
    {
      "type": "Feature",
      "geometry": {
        "type": "Point",
        "coordinates": [
          135.80168,
          34.6844586
        ]
      },
      "properties": {
        "内容": "バス停: 宮跡庭園・ミ・ナーラ前",
        "name": "宮跡庭園・ミ・ナーラ前",
        "operator": "事業者不明",
        "ref": "",
        "url": "",
        "url2": ""
      }
    },
    {
      "type": "Feature",
      "geometry": {
        "type": "Point",
        "coordinates": [
          135.8259714,
          34.6874233
        ]
      },
      "properties": {
        "内容": "バス停: 内侍原町",
        "name": "内侍原町",
        "operator": "事業者不明",
        "ref": "",
        "url": "",
        "url2": ""
      }
    },
    {
      "type": "Feature",
      "geometry": {
        "type": "Point",
        "coordinates": [
          135.8346944,
          34.6711811
        ]
      },
      "properties": {
        "内容": "バス停: 紀寺住宅",
        "name": "紀寺住宅",
        "operator": "事業者不明",
        "ref": "",
        "url": "",
        "url2": ""
      }
    },
    {
      "type": "Feature",
      "geometry": {
        "type": "Point",
        "coordinates": [
          135.7366741,
          34.609457
        ]
      },
      "properties": {
        "内容": "バス停: 法隆寺前 (斑鳩町コミュニティバス)",
        "name": "法隆寺前",
        "operator": "斑鳩町コミュニティバス",
        "ref": "",
        "url": "",
        "url2": ""
      }
    },
    {
      "type": "Feature",
      "geometry": {
        "type": "Point",
        "coordinates": [
          135.7352194,
          34.6098265
        ]
      },
      "properties": {
        "内容": "バス停: 法隆寺参道 (奈良交通)",
        "name": "法隆寺参道",
        "operator": "奈良交通",
        "ref": "",
        "url": "",
        "url2": ""
      }
    },
    {
      "type": "Feature",
      "geometry": {
        "type": "Point",
        "coordinates": [
          135.794988,
          34.4837251
        ]
      },
      "properties": {
        "内容": "バス停: 橿原神宮前駅東口",
        "name": "橿原神宮前駅東口",
        "operator": "事業者不明",
        "ref": "",
        "url": "",
        "url2": ""
      }
    },
    {
      "type": "Feature",
      "geometry": {
        "type": "Point",
        "coordinates": [
          136.0012482,
          34.2878259
        ]
      },
      "properties": {
        "内容": "バス停: 柏木",
        "name": "柏木",
        "operator": "事業者不明",
        "ref": "",
        "url": "",
        "url2": ""
      }
    },
    {
      "type": "Feature",
      "geometry": {
        "type": "Point",
        "coordinates": [
          135.8128944,
          34.3350544
        ]
      },
      "properties": {
        "内容": "バス停: 広橋峠 (奈良交通)",
        "name": "広橋峠",
        "operator": "奈良交通",
        "ref": "",
        "url": "",
        "url2": ""
      }
    },
    {
      "type": "Feature",
      "geometry": {
        "type": "Point",
        "coordinates": [
          135.8119539,
          34.3420125
        ]
      },
      "properties": {
        "内容": "バス停: 惣坂 (奈良交通)",
        "name": "惣坂",
        "operator": "奈良交通",
        "ref": "",
        "url": "",
        "url2": ""
      }
    },
    {
      "type": "Feature",
      "geometry": {
        "type": "Point",
        "coordinates": [
          135.8111563,
          34.344591
        ]
      },
      "properties": {
        "内容": "バス停: (松本宅前) (奈良交通)",
        "name": "(松本宅前)",
        "operator": "奈良交通",
        "ref": "",
        "url": "",
        "url2": ""
      }
    },
    {
      "type": "Feature",
      "geometry": {
        "type": "Point",
        "coordinates": [
          135.8106548,
          34.3472451
        ]
      },
      "properties": {
        "内容": "バス停: 惣坂口 (奈良交通)",
        "name": "惣坂口",
        "operator": "奈良交通",
        "ref": "",
        "url": "",
        "url2": ""
      }
    },
    {
      "type": "Feature",
      "geometry": {
        "type": "Point",
        "coordinates": [
          135.8100043,
          34.3494884
        ]
      },
      "properties": {
        "内容": "バス停: (中嶋垣内) (奈良交通)",
        "name": "(中嶋垣内)",
        "operator": "奈良交通",
        "ref": "",
        "url": "",
        "url2": ""
      }
    },
    {
      "type": "Feature",
      "geometry": {
        "type": "Point",
        "coordinates": [
          135.8092292,
          34.3461201
        ]
      },
      "properties": {
        "内容": "バス停: 乳屋辻 (奈良交通)",
        "name": "乳屋辻",
        "operator": "奈良交通",
        "ref": "",
        "url": "",
        "url2": ""
      }
    },
    {
      "type": "Feature",
      "geometry": {
        "type": "Point",
        "coordinates": [
          135.8024378,
          34.353936
        ]
      },
      "properties": {
        "内容": "バス停: KITO・原谷口 (奈良交通)",
        "name": "KITO・原谷口",
        "operator": "奈良交通",
        "ref": "",
        "url": "",
        "url2": ""
      }
    },
    {
      "type": "Feature",
      "geometry": {
        "type": "Point",
        "coordinates": [
          135.8025907,
          34.353894
        ]
      },
      "properties": {
        "内容": "バス停: KITO・原谷口 (奈良交通)",
        "name": "KITO・原谷口",
        "operator": "奈良交通",
        "ref": "",
        "url": "",
        "url2": ""
      }
    },
    {
      "type": "Feature",
      "geometry": {
        "type": "Point",
        "coordinates": [
          135.795214,
          34.3564521
        ]
      },
      "properties": {
        "内容": "バス停: 善城 (奈良交通)",
        "name": "善城",
        "operator": "奈良交通",
        "ref": "",
        "url": "",
        "url2": ""
      }
    },
    {
      "type": "Feature",
      "geometry": {
        "type": "Point",
        "coordinates": [
          135.7953259,
          34.3564393
        ]
      },
      "properties": {
        "内容": "バス停: 善城 (奈良交通)",
        "name": "善城",
        "operator": "奈良交通",
        "ref": "",
        "url": "",
        "url2": ""
      }
    },
    {
      "type": "Feature",
      "geometry": {
        "type": "Point",
        "coordinates": [
          135.7932016,
          34.3583115
        ]
      },
      "properties": {
        "内容": "バス停: 善城口 (奈良交通)",
        "name": "善城口",
        "operator": "奈良交通",
        "ref": "",
        "url": "",
        "url2": ""
      }
    },
    {
      "type": "Feature",
      "geometry": {
        "type": "Point",
        "coordinates": [
          135.7932901,
          34.3585185
        ]
      },
      "properties": {
        "内容": "バス停: 善城口 (奈良交通)",
        "name": "善城口",
        "operator": "奈良交通",
        "ref": "",
        "url": "",
        "url2": ""
      }
    },
    {
      "type": "Feature",
      "geometry": {
        "type": "Point",
        "coordinates": [
          135.792177,
          34.361863
        ]
      },
      "properties": {
        "内容": "バス停: 下市町役場 (奈良交通)",
        "name": "下市町役場",
        "operator": "奈良交通",
        "ref": "",
        "url": "",
        "url2": ""
      }
    },
    {
      "type": "Feature",
      "geometry": {
        "type": "Point",
        "coordinates": [
          135.7926927,
          34.3606325
        ]
      },
      "properties": {
        "内容": "バス停: 下市町役場 (奈良交通)",
        "name": "下市町役場",
        "operator": "奈良交通",
        "ref": "",
        "url": "",
        "url2": ""
      }
    },
    {
      "type": "Feature",
      "geometry": {
        "type": "Point",
        "coordinates": [
          135.7911484,
          34.3650048
        ]
      },
      "properties": {
        "内容": "バス停: 下市集学校 (奈良交通)",
        "name": "下市集学校",
        "operator": "奈良交通",
        "ref": "",
        "url": "",
        "url2": ""
      }
    },
    {
      "type": "Feature",
      "geometry": {
        "type": "Point",
        "coordinates": [
          135.7911122,
          34.364841
        ]
      },
      "properties": {
        "内容": "バス停: 下市集学校 (奈良交通)",
        "name": "下市集学校",
        "operator": "奈良交通",
        "ref": "",
        "url": "",
        "url2": ""
      }
    },
    {
      "type": "Feature",
      "geometry": {
        "type": "Point",
        "coordinates": [
          135.7919075,
          34.3664174
        ]
      },
      "properties": {
        "内容": "バス停: 上阪 (奈良交通)",
        "name": "上阪",
        "operator": "奈良交通",
        "ref": "",
        "url": "",
        "url2": ""
      }
    },
    {
      "type": "Feature",
      "geometry": {
        "type": "Point",
        "coordinates": [
          135.7919276,
          34.3666244
        ]
      },
      "properties": {
        "内容": "バス停: 上阪 (奈良交通)",
        "name": "上阪",
        "operator": "奈良交通",
        "ref": "",
        "url": "",
        "url2": ""
      }
    },
    {
      "type": "Feature",
      "geometry": {
        "type": "Point",
        "coordinates": [
          135.7913066,
          34.3681675
        ]
      },
      "properties": {
        "内容": "バス停: 下阪 (奈良交通)",
        "name": "下阪",
        "operator": "奈良交通",
        "ref": "",
        "url": "",
        "url2": ""
      }
    },
    {
      "type": "Feature",
      "geometry": {
        "type": "Point",
        "coordinates": [
          135.7914153,
          34.3686203
        ]
      },
      "properties": {
        "内容": "バス停: 下阪 (奈良交通)",
        "name": "下阪",
        "operator": "奈良交通",
        "ref": "",
        "url": "",
        "url2": ""
      }
    },
    {
      "type": "Feature",
      "geometry": {
        "type": "Point",
        "coordinates": [
          135.7903612,
          34.3699852
        ]
      },
      "properties": {
        "内容": "バス停: 大峯町 (奈良交通)",
        "name": "大峯町",
        "operator": "奈良交通",
        "ref": "",
        "url": "",
        "url2": ""
      }
    },
    {
      "type": "Feature",
      "geometry": {
        "type": "Point",
        "coordinates": [
          135.7905409,
          34.3699819
        ]
      },
      "properties": {
        "内容": "バス停: 大峯町 (奈良交通)",
        "name": "大峯町",
        "operator": "奈良交通",
        "ref": "",
        "url": "",
        "url2": ""
      }
    },
    {
      "type": "Feature",
      "geometry": {
        "type": "Point",
        "coordinates": [
          135.7890281,
          34.3714464
        ]
      },
      "properties": {
        "内容": "バス停: 札の辻 (奈良交通)",
        "name": "札の辻",
        "operator": "奈良交通",
        "ref": "",
        "url": "",
        "url2": ""
      }
    },
    {
      "type": "Feature",
      "geometry": {
        "type": "Point",
        "coordinates": [
          135.7888551,
          34.3714995
        ]
      },
      "properties": {
        "内容": "バス停: 札の辻 (奈良交通)",
        "name": "札の辻",
        "operator": "奈良交通",
        "ref": "",
        "url": "",
        "url2": ""
      }
    },
    {
      "type": "Feature",
      "geometry": {
        "type": "Point",
        "coordinates": [
          135.7877929,
          34.374559
        ]
      },
      "properties": {
        "内容": "バス停: 下市本町 (奈良交通)",
        "name": "下市本町",
        "operator": "奈良交通",
        "ref": "",
        "url": "",
        "url2": ""
      }
    },
    {
      "type": "Feature",
      "geometry": {
        "type": "Point",
        "coordinates": [
          135.7877058,
          34.3746332
        ]
      },
      "properties": {
        "内容": "バス停: 下市本町 (奈良交通)",
        "name": "下市本町",
        "operator": "奈良交通",
        "ref": "",
        "url": "",
        "url2": ""
      }
    },
    {
      "type": "Feature",
      "geometry": {
        "type": "Point",
        "coordinates": [
          135.7872954,
          34.378463
        ]
      },
      "properties": {
        "内容": "バス停: 千石橋南詰 (奈良交通)",
        "name": "千石橋南詰",
        "operator": "奈良交通",
        "ref": "",
        "url": "",
        "url2": ""
      }
    },
    {
      "type": "Feature",
      "geometry": {
        "type": "Point",
        "coordinates": [
          135.8354102,
          34.282872
        ]
      },
      "properties": {
        "内容": "バス停: 上笠木 (奈良交通)",
        "name": "上笠木",
        "operator": "奈良交通",
        "ref": "",
        "url": "",
        "url2": ""
      }
    },
    {
      "type": "Feature",
      "geometry": {
        "type": "Point",
        "coordinates": [
          135.8316042,
          34.2855248
        ]
      },
      "properties": {
        "内容": "バス停: (笠木休憩所) (奈良交通)",
        "name": "(笠木休憩所)",
        "operator": "奈良交通",
        "ref": "",
        "url": "",
        "url2": ""
      }
    },
    {
      "type": "Feature",
      "geometry": {
        "type": "Point",
        "coordinates": [
          135.825704,
          34.2994549
        ]
      },
      "properties": {
        "内容": "バス停: 下桂原 (奈良交通)",
        "name": "下桂原",
        "operator": "奈良交通",
        "ref": "",
        "url": "",
        "url2": ""
      }
    },
    {
      "type": "Feature",
      "geometry": {
        "type": "Point",
        "coordinates": [
          135.8232383,
          34.3048086
        ]
      },
      "properties": {
        "内容": "バス停: 蛇が谷 (奈良交通)",
        "name": "蛇が谷",
        "operator": "奈良交通",
        "ref": "",
        "url": "",
        "url2": ""
      }
    },
    {
      "type": "Feature",
      "geometry": {
        "type": "Point",
        "coordinates": [
          135.8183064,
          34.3043405
        ]
      },
      "properties": {
        "内容": "バス停: 丹生橋 (奈良交通)",
        "name": "丹生橋",
        "operator": "奈良交通",
        "ref": "",
        "url": "",
        "url2": ""
      }
    },
    {
      "type": "Feature",
      "geometry": {
        "type": "Point",
        "coordinates": [
          135.8122829,
          34.3052351
        ]
      },
      "properties": {
        "内容": "バス停: 岩阪橋 (奈良交通)",
        "name": "岩阪橋",
        "operator": "奈良交通",
        "ref": "",
        "url": "",
        "url2": ""
      }
    },
    {
      "type": "Feature",
      "geometry": {
        "type": "Point",
        "coordinates": [
          135.8035643,
          34.3099188
        ]
      },
      "properties": {
        "内容": "バス停: 長谷口 (奈良交通)",
        "name": "長谷口",
        "operator": "奈良交通",
        "ref": "",
        "url": "",
        "url2": ""
      }
    },
    {
      "type": "Feature",
      "geometry": {
        "type": "Point",
        "coordinates": [
          135.8106391,
          34.3229439
        ]
      },
      "properties": {
        "内容": "バス停: 高野橋 (奈良交通)",
        "name": "高野橋",
        "operator": "奈良交通",
        "ref": "",
        "url": "",
        "url2": ""
      }
    },
    {
      "type": "Feature",
      "geometry": {
        "type": "Point",
        "coordinates": [
          135.855398,
          34.2456002
        ]
      },
      "properties": {
        "内容": "バス停: 天川川合 (奈良交通)",
        "name": "天川川合",
        "operator": "奈良交通",
        "ref": "",
        "url": "",
        "url2": ""
      }
    },
    {
      "type": "Feature",
      "geometry": {
        "type": "Point",
        "coordinates": [
          135.7498471,
          34.6267342
        ]
      },
      "properties": {
        "内容": "バス停: 小泉出屋敷 (奈良交通)",
        "name": "小泉出屋敷",
        "operator": "奈良交通",
        "ref": "",
        "url": "",
        "url2": ""
      }
    },
    {
      "type": "Feature",
      "geometry": {
        "type": "Point",
        "coordinates": [
          135.7459277,
          34.6232987
        ]
      },
      "properties": {
        "内容": "バス停: 法起寺前 (奈良交通)",
        "name": "法起寺前",
        "operator": "奈良交通",
        "ref": "",
        "url": "",
        "url2": ""
      }
    },
    {
      "type": "Feature",
      "geometry": {
        "type": "Point",
        "coordinates": [
          135.7456125,
          34.6232739
        ]
      },
      "properties": {
        "内容": "バス停: 法起寺前 (奈良交通)",
        "name": "法起寺前",
        "operator": "奈良交通",
        "ref": "",
        "url": "",
        "url2": ""
      }
    },
    {
      "type": "Feature",
      "geometry": {
        "type": "Point",
        "coordinates": [
          135.7298901,
          34.6118486
        ]
      },
      "properties": {
        "内容": "バス停: 西里 (斑鳩町コミュニティバス)",
        "name": "西里",
        "operator": "斑鳩町コミュニティバス",
        "ref": "",
        "url": "",
        "url2": ""
      }
    },
    {
      "type": "Feature",
      "geometry": {
        "type": "Point",
        "coordinates": [
          135.7492382,
          34.6259644
        ]
      },
      "properties": {
        "内容": "バス停: 小泉出屋敷 (奈良交通)",
        "name": "小泉出屋敷",
        "operator": "奈良交通",
        "ref": "",
        "url": "",
        "url2": ""
      }
    },
    {
      "type": "Feature",
      "geometry": {
        "type": "Point",
        "coordinates": [
          135.7391457,
          34.6212752
        ]
      },
      "properties": {
        "内容": "バス停: 法輪寺 (斑鳩町コミュニティバス)",
        "name": "法輪寺",
        "operator": "斑鳩町コミュニティバス",
        "ref": "",
        "url": "",
        "url2": ""
      }
    },
    {
      "type": "Feature",
      "geometry": {
        "type": "Point",
        "coordinates": [
          135.7392684,
          34.621262
        ]
      },
      "properties": {
        "内容": "バス停: 法輪寺 (斑鳩町コミュニティバス)",
        "name": "法輪寺",
        "operator": "斑鳩町コミュニティバス",
        "ref": "",
        "url": "",
        "url2": ""
      }
    },
    {
      "type": "Feature",
      "geometry": {
        "type": "Point",
        "coordinates": [
          135.7818165,
          34.6517089
        ]
      },
      "properties": {
        "内容": "バス停: やまと郡山城ホール",
        "name": "やまと郡山城ホール",
        "operator": "事業者不明",
        "ref": "",
        "url": "",
        "url2": ""
      }
    },
    {
      "type": "Feature",
      "geometry": {
        "type": "Point",
        "coordinates": [
          135.7818031,
          34.6523752
        ]
      },
      "properties": {
        "内容": "バス停: やまと郡山城ホール",
        "name": "やまと郡山城ホール",
        "operator": "事業者不明",
        "ref": "",
        "url": "",
        "url2": ""
      }
    },
    {
      "type": "Feature",
      "geometry": {
        "type": "Point",
        "coordinates": [
          135.7817871,
          34.6523522
        ]
      },
      "properties": {
        "内容": "バス停: やまと郡山城ホール",
        "name": "やまと郡山城ホール",
        "operator": "事業者不明",
        "ref": "",
        "url": "",
        "url2": ""
      }
    },
    {
      "type": "Feature",
      "geometry": {
        "type": "Point",
        "coordinates": [
          135.7820981,
          34.6484947
        ]
      },
      "properties": {
        "内容": "バス停: 郡山市役所",
        "name": "郡山市役所",
        "operator": "事業者不明",
        "ref": "",
        "url": "",
        "url2": ""
      }
    },
    {
      "type": "Feature",
      "geometry": {
        "type": "Point",
        "coordinates": [
          135.7820981,
          34.6484711
        ]
      },
      "properties": {
        "内容": "バス停: 郡山市役所",
        "name": "郡山市役所",
        "operator": "事業者不明",
        "ref": "",
        "url": "",
        "url2": ""
      }
    },
    {
      "type": "Feature",
      "geometry": {
        "type": "Point",
        "coordinates": [
          135.7819152,
          34.6484175
        ]
      },
      "properties": {
        "内容": "バス停: 郡山市役所",
        "name": "郡山市役所",
        "operator": "事業者不明",
        "ref": "",
        "url": "",
        "url2": ""
      }
    },
    {
      "type": "Feature",
      "geometry": {
        "type": "Point",
        "coordinates": [
          135.7677078,
          34.6590527
        ]
      },
      "properties": {
        "内容": "バス停: 木島",
        "name": "木島",
        "operator": "事業者不明",
        "ref": "",
        "url": "",
        "url2": ""
      }
    },
    {
      "type": "Feature",
      "geometry": {
        "type": "Point",
        "coordinates": [
          135.7673142,
          34.6629241
        ]
      },
      "properties": {
        "内容": "バス停: 奈良県総合医療センター",
        "name": "奈良県総合医療センター",
        "operator": "事業者不明",
        "ref": "",
        "url": "",
        "url2": ""
      }
    },
    {
      "type": "Feature",
      "geometry": {
        "type": "Point",
        "coordinates": [
          135.7673129,
          34.6629962
        ]
      },
      "properties": {
        "内容": "バス停: 奈良県総合医療センター",
        "name": "奈良県総合医療センター",
        "operator": "事業者不明",
        "ref": "",
        "url": "",
        "url2": ""
      }
    },
    {
      "type": "Feature",
      "geometry": {
        "type": "Point",
        "coordinates": [
          135.7673119,
          34.6630628
        ]
      },
      "properties": {
        "内容": "バス停: 奈良県総合医療センター",
        "name": "奈良県総合医療センター",
        "operator": "事業者不明",
        "ref": "",
        "url": "",
        "url2": ""
      }
    },
    {
      "type": "Feature",
      "geometry": {
        "type": "Point",
        "coordinates": [
          135.7733575,
          34.6558703
        ]
      },
      "properties": {
        "内容": "バス停: 泉ヶ丘住宅前",
        "name": "泉ヶ丘住宅前",
        "operator": "事業者不明",
        "ref": "",
        "url": "",
        "url2": ""
      }
    },
    {
      "type": "Feature",
      "geometry": {
        "type": "Point",
        "coordinates": [
          135.7750444,
          34.655008
        ]
      },
      "properties": {
        "内容": "バス停: 大阪口",
        "name": "大阪口",
        "operator": "事業者不明",
        "ref": "",
        "url": "",
        "url2": ""
      }
    },
    {
      "type": "Feature",
      "geometry": {
        "type": "Point",
        "coordinates": [
          135.7751019,
          34.6550129
        ]
      },
      "properties": {
        "内容": "バス停: 大阪口",
        "name": "大阪口",
        "operator": "事業者不明",
        "ref": "",
        "url": "",
        "url2": ""
      }
    },
    {
      "type": "Feature",
      "geometry": {
        "type": "Point",
        "coordinates": [
          135.7761516,
          34.6530226
        ]
      },
      "properties": {
        "内容": "バス停: 郡山天理教",
        "name": "郡山天理教",
        "operator": "事業者不明",
        "ref": "",
        "url": "",
        "url2": ""
      }
    },
    {
      "type": "Feature",
      "geometry": {
        "type": "Point",
        "coordinates": [
          135.7767792,
          34.6529263
        ]
      },
      "properties": {
        "内容": "バス停: 郡山天理教",
        "name": "郡山天理教",
        "operator": "事業者不明",
        "ref": "",
        "url": "",
        "url2": ""
      }
    },
    {
      "type": "Feature",
      "geometry": {
        "type": "Point",
        "coordinates": [
          135.7819152,
          34.6483914
        ]
      },
      "properties": {
        "内容": "バス停: 郡山市役所",
        "name": "郡山市役所",
        "operator": "事業者不明",
        "ref": "",
        "url": "",
        "url2": ""
      }
    },
    {
      "type": "Feature",
      "geometry": {
        "type": "Point",
        "coordinates": [
          135.7818084,
          34.6475783
        ]
      },
      "properties": {
        "内容": "バス停: 近鉄郡山駅",
        "name": "近鉄郡山駅",
        "operator": "事業者不明",
        "ref": "",
        "url": "",
        "url2": ""
      }
    },
    {
      "type": "Feature",
      "geometry": {
        "type": "Point",
        "coordinates": [
          135.7817112,
          34.647494
        ]
      },
      "properties": {
        "内容": "バス停: 近鉄郡山駅",
        "name": "近鉄郡山駅",
        "operator": "事業者不明",
        "ref": "",
        "url": "",
        "url2": ""
      }
    },
    {
      "type": "Feature",
      "geometry": {
        "type": "Point",
        "coordinates": [
          135.7816611,
          34.6473667
        ]
      },
      "properties": {
        "内容": "バス停: 近鉄郡山駅",
        "name": "近鉄郡山駅",
        "operator": "事業者不明",
        "ref": "",
        "url": "",
        "url2": ""
      }
    },
    {
      "type": "Feature",
      "geometry": {
        "type": "Point",
        "coordinates": [
          135.7736609,
          34.6515157
        ]
      },
      "properties": {
        "内容": "バス停: 大職冠",
        "name": "大職冠",
        "operator": "事業者不明",
        "ref": "",
        "url": "",
        "url2": ""
      }
    },
    {
      "type": "Feature",
      "geometry": {
        "type": "Point",
        "coordinates": [
          135.7734983,
          34.6510798
        ]
      },
      "properties": {
        "内容": "バス停: 大職冠",
        "name": "大職冠",
        "operator": "事業者不明",
        "ref": "",
        "url": "",
        "url2": ""
      }
    },
    {
      "type": "Feature",
      "geometry": {
        "type": "Point",
        "coordinates": [
          135.7735733,
          34.6468043
        ]
      },
      "properties": {
        "内容": "バス停: 矢田筋",
        "name": "矢田筋",
        "operator": "事業者不明",
        "ref": "",
        "url": "",
        "url2": ""
      }
    },
    {
      "type": "Feature",
      "geometry": {
        "type": "Point",
        "coordinates": [
          135.7734778,
          34.6465843
        ]
      },
      "properties": {
        "内容": "バス停: 矢田筋",
        "name": "矢田筋",
        "operator": "事業者不明",
        "ref": "",
        "url": "",
        "url2": ""
      }
    },
    {
      "type": "Feature",
      "geometry": {
        "type": "Point",
        "coordinates": [
          135.7697819,
          34.6436049
        ]
      },
      "properties": {
        "内容": "バス停: アピタ",
        "name": "アピタ",
        "operator": "事業者不明",
        "ref": "",
        "url": "",
        "url2": ""
      }
    },
    {
      "type": "Feature",
      "geometry": {
        "type": "Point",
        "coordinates": [
          135.7700827,
          34.6463975
        ]
      },
      "properties": {
        "内容": "バス停: 矢田口町西口",
        "name": "矢田口町西口",
        "operator": "事業者不明",
        "ref": "",
        "url": "",
        "url2": ""
      }
    },
    {
      "type": "Feature",
      "geometry": {
        "type": "Point",
        "coordinates": [
          135.7701717,
          34.6465791
        ]
      },
      "properties": {
        "内容": "バス停: 矢田口町西口",
        "name": "矢田口町西口",
        "operator": "事業者不明",
        "ref": "",
        "url": "",
        "url2": ""
      }
    },
    {
      "type": "Feature",
      "geometry": {
        "type": "Point",
        "coordinates": [
          135.7643814,
          34.6466713
        ]
      },
      "properties": {
        "内容": "バス停: 外川町",
        "name": "外川町",
        "operator": "事業者不明",
        "ref": "",
        "url": "",
        "url2": ""
      }
    },
    {
      "type": "Feature",
      "geometry": {
        "type": "Point",
        "coordinates": [
          135.7644882,
          34.646746
        ]
      },
      "properties": {
        "内容": "バス停: 外川町",
        "name": "外川町",
        "operator": "事業者不明",
        "ref": "",
        "url": "",
        "url2": ""
      }
    },
    {
      "type": "Feature",
      "geometry": {
        "type": "Point",
        "coordinates": [
          135.7604026,
          34.6464063
        ]
      },
      "properties": {
        "内容": "バス停: 奈良高専 (Nara Kotsu Bus Lines Co., Ltd.)",
        "name": "奈良高専",
        "operator": "Nara Kotsu Bus Lines Co., Ltd.",
        "ref": "",
        "url": "",
        "url2": ""
      }
    },
    {
      "type": "Feature",
      "geometry": {
        "type": "Point",
        "coordinates": [
          135.7540735,
          34.6464926
        ]
      },
      "properties": {
        "内容": "バス停: 矢田東山 (Nara Kotsu Bus Lines Co., Ltd.)",
        "name": "矢田東山",
        "operator": "Nara Kotsu Bus Lines Co., Ltd.",
        "ref": "",
        "url": "",
        "url2": ""
      }
    },
    {
      "type": "Feature",
      "geometry": {
        "type": "Point",
        "coordinates": [
          135.7486907,
          34.6473157
        ]
      },
      "properties": {
        "内容": "バス停: 横山口 (Nara Kotsu Bus Lines Co., Ltd.)",
        "name": "横山口",
        "operator": "Nara Kotsu Bus Lines Co., Ltd.",
        "ref": "",
        "url": "",
        "url2": ""
      }
    },
    {
      "type": "Feature",
      "geometry": {
        "type": "Point",
        "coordinates": [
          135.7476615,
          34.6473986
        ]
      },
      "properties": {
        "内容": "バス停: 横山口 (Nara Kotsu Bus Lines Co., Ltd.)",
        "name": "横山口",
        "operator": "Nara Kotsu Bus Lines Co., Ltd.",
        "ref": "",
        "url": "",
        "url2": ""
      }
    },
    {
      "type": "Feature",
      "geometry": {
        "type": "Point",
        "coordinates": [
          135.747996,
          34.6444672
        ]
      },
      "properties": {
        "内容": "バス停: 市営グランド前",
        "name": "市営グランド前",
        "operator": "事業者不明",
        "ref": "",
        "url": "",
        "url2": ""
      }
    },
    {
      "type": "Feature",
      "geometry": {
        "type": "Point",
        "coordinates": [
          135.7481034,
          34.6441944
        ]
      },
      "properties": {
        "内容": "バス停: 市営グランド前",
        "name": "市営グランド前",
        "operator": "事業者不明",
        "ref": "",
        "url": "",
        "url2": ""
      }
    },
    {
      "type": "Feature",
      "geometry": {
        "type": "Point",
        "coordinates": [
          135.7472708,
          34.641465
        ]
      },
      "properties": {
        "内容": "バス停: 矢田山町",
        "name": "矢田山町",
        "operator": "事業者不明",
        "ref": "",
        "url": "",
        "url2": ""
      }
    },
    {
      "type": "Feature",
      "geometry": {
        "type": "Point",
        "coordinates": [
          135.7475984,
          34.6412512
        ]
      },
      "properties": {
        "内容": "バス停: 矢田山町",
        "name": "矢田山町",
        "operator": "事業者不明",
        "ref": "",
        "url": "",
        "url2": ""
      }
    },
    {
      "type": "Feature",
      "geometry": {
        "type": "Point",
        "coordinates": [
          135.7473512,
          34.6389353
        ]
      },
      "properties": {
        "内容": "バス停: 新町",
        "name": "新町",
        "operator": "事業者不明",
        "ref": "",
        "url": "",
        "url2": ""
      }
    },
    {
      "type": "Feature",
      "geometry": {
        "type": "Point",
        "coordinates": [
          135.7471281,
          34.6393498
        ]
      },
      "properties": {
        "内容": "バス停: 新町",
        "name": "新町",
        "operator": "事業者不明",
        "ref": "",
        "url": "",
        "url2": ""
      }
    },
    {
      "type": "Feature",
      "geometry": {
        "type": "Point",
        "coordinates": [
          135.7458758,
          34.6355523
        ]
      },
      "properties": {
        "内容": "バス停: 泉原町",
        "name": "泉原町",
        "operator": "事業者不明",
        "ref": "",
        "url": "",
        "url2": ""
      }
    },
    {
      "type": "Feature",
      "geometry": {
        "type": "Point",
        "coordinates": [
          135.7459301,
          34.6355362
        ]
      },
      "properties": {
        "内容": "バス停: 泉原町",
        "name": "泉原町",
        "operator": "事業者不明",
        "ref": "",
        "url": "",
        "url2": ""
      }
    },
    {
      "type": "Feature",
      "geometry": {
        "type": "Point",
        "coordinates": [
          135.7478187,
          34.6330579
        ]
      },
      "properties": {
        "内容": "バス停: 泉原南口",
        "name": "泉原南口",
        "operator": "事業者不明",
        "ref": "",
        "url": "",
        "url2": ""
      }
    },
    {
      "type": "Feature",
      "geometry": {
        "type": "Point",
        "coordinates": [
          135.7476811,
          34.6326115
        ]
      },
      "properties": {
        "内容": "バス停: 泉原南口",
        "name": "泉原南口",
        "operator": "事業者不明",
        "ref": "",
        "url": "",
        "url2": ""
      }
    },
    {
      "type": "Feature",
      "geometry": {
        "type": "Point",
        "coordinates": [
          135.7486019,
          34.6297506
        ]
      },
      "properties": {
        "内容": "バス停: 松尾寺口",
        "name": "松尾寺口",
        "operator": "事業者不明",
        "ref": "",
        "url": "",
        "url2": ""
      }
    },
    {
      "type": "Feature",
      "geometry": {
        "type": "Point",
        "coordinates": [
          135.749384,
          34.6293295
        ]
      },
      "properties": {
        "内容": "バス停: 松尾寺口",
        "name": "松尾寺口",
        "operator": "事業者不明",
        "ref": "",
        "url": "",
        "url2": ""
      }
    },
    {
      "type": "Feature",
      "geometry": {
        "type": "Point",
        "coordinates": [
          135.7567187,
          34.6297383
        ]
      },
      "properties": {
        "内容": "バス停: 片桐西小学校",
        "name": "片桐西小学校",
        "operator": "事業者不明",
        "ref": "",
        "url": "",
        "url2": ""
      }
    },
    {
      "type": "Feature",
      "geometry": {
        "type": "Point",
        "coordinates": [
          135.7575747,
          34.6301682
        ]
      },
      "properties": {
        "内容": "バス停: 片桐西小学校",
        "name": "片桐西小学校",
        "operator": "事業者不明",
        "ref": "",
        "url": "",
        "url2": ""
      }
    },
    {
      "type": "Feature",
      "geometry": {
        "type": "Point",
        "coordinates": [
          135.7611557,
          34.6304461
        ]
      },
      "properties": {
        "内容": "バス停: 慈光院",
        "name": "慈光院",
        "operator": "事業者不明",
        "ref": "",
        "url": "",
        "url2": ""
      }
    },
    {
      "type": "Feature",
      "geometry": {
        "type": "Point",
        "coordinates": [
          135.7613827,
          34.630349
        ]
      },
      "properties": {
        "内容": "バス停: 慈光院",
        "name": "慈光院",
        "operator": "事業者不明",
        "ref": "",
        "url": "",
        "url2": ""
      }
    },
    {
      "type": "Feature",
      "geometry": {
        "type": "Point",
        "coordinates": [
          135.7643477,
          34.6308123
        ]
      },
      "properties": {
        "内容": "バス停: 片桐小学校",
        "name": "片桐小学校",
        "operator": "事業者不明",
        "ref": "",
        "url": "",
        "url2": ""
      }
    },
    {
      "type": "Feature",
      "geometry": {
        "type": "Point",
        "coordinates": [
          135.7644715,
          34.6309796
        ]
      },
      "properties": {
        "内容": "バス停: 片桐小学校",
        "name": "片桐小学校",
        "operator": "事業者不明",
        "ref": "",
        "url": "",
        "url2": ""
      }
    },
    {
      "type": "Feature",
      "geometry": {
        "type": "Point",
        "coordinates": [
          135.7640711,
          34.6225387
        ]
      },
      "properties": {
        "内容": "バス停: 大和小泉駅東口",
        "name": "大和小泉駅東口",
        "operator": "事業者不明",
        "ref": "",
        "url": "",
        "url2": ""
      }
    },
    {
      "type": "Feature",
      "geometry": {
        "type": "Point",
        "coordinates": [
          135.7641472,
          34.6226263
        ]
      },
      "properties": {
        "内容": "バス停: 大和小泉駅東口",
        "name": "大和小泉駅東口",
        "operator": "事業者不明",
        "ref": "",
        "url": "",
        "url2": ""
      }
    },
    {
      "type": "Feature",
      "geometry": {
        "type": "Point",
        "coordinates": [
          135.7633205,
          34.6223098
        ]
      },
      "properties": {
        "内容": "バス停: 大和小泉駅",
        "name": "大和小泉駅",
        "operator": "事業者不明",
        "ref": "",
        "url": "",
        "url2": ""
      }
    },
    {
      "type": "Feature",
      "geometry": {
        "type": "Point",
        "coordinates": [
          135.7743475,
          34.6436156
        ]
      },
      "properties": {
        "内容": "バス停: 南郡山",
        "name": "南郡山",
        "operator": "事業者不明",
        "ref": "",
        "url": "",
        "url2": ""
      }
    },
    {
      "type": "Feature",
      "geometry": {
        "type": "Point",
        "coordinates": [
          135.7740325,
          34.6441016
        ]
      },
      "properties": {
        "内容": "バス停: 南郡山",
        "name": "南郡山",
        "operator": "事業者不明",
        "ref": "",
        "url": "",
        "url2": ""
      }
    },
    {
      "type": "Feature",
      "geometry": {
        "type": "Point",
        "coordinates": [
          135.7720039,
          34.6393585
        ]
      },
      "properties": {
        "内容": "バス停: 片桐田中町",
        "name": "片桐田中町",
        "operator": "事業者不明",
        "ref": "",
        "url": "",
        "url2": ""
      }
    },
    {
      "type": "Feature",
      "geometry": {
        "type": "Point",
        "coordinates": [
          135.7718102,
          34.6393259
        ]
      },
      "properties": {
        "内容": "バス停: 片桐田中町",
        "name": "片桐田中町",
        "operator": "事業者不明",
        "ref": "",
        "url": "",
        "url2": ""
      }
    },
    {
      "type": "Feature",
      "geometry": {
        "type": "Point",
        "coordinates": [
          135.7714143,
          34.6376378
        ]
      },
      "properties": {
        "内容": "バス停: 小南町",
        "name": "小南町",
        "operator": "事業者不明",
        "ref": "",
        "url": "",
        "url2": ""
      }
    },
    {
      "type": "Feature",
      "geometry": {
        "type": "Point",
        "coordinates": [
          135.7714698,
          34.6371651
        ]
      },
      "properties": {
        "内容": "バス停: 小南町",
        "name": "小南町",
        "operator": "事業者不明",
        "ref": "",
        "url": "",
        "url2": ""
      }
    },
    {
      "type": "Feature",
      "geometry": {
        "type": "Point",
        "coordinates": [
          135.7675164,
          34.6322946
        ]
      },
      "properties": {
        "内容": "バス停: 片桐池の内",
        "name": "片桐池の内",
        "operator": "事業者不明",
        "ref": "",
        "url": "",
        "url2": ""
      }
    },
    {
      "type": "Feature",
      "geometry": {
        "type": "Point",
        "coordinates": [
          135.7678159,
          34.632176
        ]
      },
      "properties": {
        "内容": "バス停: 片桐池の内",
        "name": "片桐池の内",
        "operator": "事業者不明",
        "ref": "",
        "url": "",
        "url2": ""
      }
    },
    {
      "type": "Feature",
      "geometry": {
        "type": "Point",
        "coordinates": [
          135.7649635,
          34.6347642
        ]
      },
      "properties": {
        "内容": "バス停: 郡山総合庁舎",
        "name": "郡山総合庁舎",
        "operator": "事業者不明",
        "ref": "",
        "url": "",
        "url2": ""
      }
    },
    {
      "type": "Feature",
      "geometry": {
        "type": "Point",
        "coordinates": [
          135.7608158,
          34.6259219
        ]
      },
      "properties": {
        "内容": "バス停: 小泉",
        "name": "小泉",
        "operator": "事業者不明",
        "ref": "",
        "url": "",
        "url2": ""
      }
    },
    {
      "type": "Feature",
      "geometry": {
        "type": "Point",
        "coordinates": [
          135.7609405,
          34.6259175
        ]
      },
      "properties": {
        "内容": "バス停: 小泉",
        "name": "小泉",
        "operator": "事業者不明",
        "ref": "",
        "url": "",
        "url2": ""
      }
    },
    {
      "type": "Feature",
      "geometry": {
        "type": "Point",
        "coordinates": [
          135.7387869,
          34.6343329
        ]
      },
      "properties": {
        "内容": "バス停: 奈良学園",
        "name": "奈良学園",
        "operator": "事業者不明",
        "ref": "",
        "url": "",
        "url2": ""
      }
    },
    {
      "type": "Feature",
      "geometry": {
        "type": "Point",
        "coordinates": [
          135.7389003,
          34.6343084
        ]
      },
      "properties": {
        "内容": "バス停: 奈良学園",
        "name": "奈良学園",
        "operator": "事業者不明",
        "ref": "",
        "url": "",
        "url2": ""
      }
    },
    {
      "type": "Feature",
      "geometry": {
        "type": "Point",
        "coordinates": [
          135.7389667,
          34.6325637
        ]
      },
      "properties": {
        "内容": "バス停: 山田町",
        "name": "山田町",
        "operator": "事業者不明",
        "ref": "",
        "url": "",
        "url2": ""
      }
    },
    {
      "type": "Feature",
      "geometry": {
        "type": "Point",
        "coordinates": [
          135.7388629,
          34.6326491
        ]
      },
      "properties": {
        "内容": "バス停: 山田町",
        "name": "山田町",
        "operator": "事業者不明",
        "ref": "",
        "url": "",
        "url2": ""
      }
    },
    {
      "type": "Feature",
      "geometry": {
        "type": "Point",
        "coordinates": [
          135.7593362,
          34.6216656
        ]
      },
      "properties": {
        "内容": "バス停: 東和苑住宅",
        "name": "東和苑住宅",
        "operator": "事業者不明",
        "ref": "",
        "url": "",
        "url2": ""
      }
    },
    {
      "type": "Feature",
      "geometry": {
        "type": "Point",
        "coordinates": [
          135.7433912,
          34.6150534
        ]
      },
      "properties": {
        "内容": "バス停: 中宮寺東 (斑鳩町コミュニティバス)",
        "name": "中宮寺東",
        "operator": "斑鳩町コミュニティバス",
        "ref": "",
        "url": "",
        "url2": ""
      }
    },
    {
      "type": "Feature",
      "geometry": {
        "type": "Point",
        "coordinates": [
          135.7435438,
          34.6138763
        ]
      },
      "properties": {
        "内容": "バス停: 中宮寺東口",
        "name": "中宮寺東口",
        "operator": "事業者不明",
        "ref": "",
        "url": "",
        "url2": ""
      }
    },
    {
      "type": "Feature",
      "geometry": {
        "type": "Point",
        "coordinates": [
          135.7403931,
          34.6107257
        ]
      },
      "properties": {
        "内容": "バス停: 中宮寺前",
        "name": "中宮寺前",
        "operator": "事業者不明",
        "ref": "",
        "url": "",
        "url2": ""
      }
    },
    {
      "type": "Feature",
      "geometry": {
        "type": "Point",
        "coordinates": [
          135.7406018,
          34.6107272
        ]
      },
      "properties": {
        "内容": "バス停: 中宮寺前",
        "name": "中宮寺前",
        "operator": "事業者不明",
        "ref": "",
        "url": "",
        "url2": ""
      }
    },
    {
      "type": "Feature",
      "geometry": {
        "type": "Point",
        "coordinates": [
          135.7433899,
          34.6150993
        ]
      },
      "properties": {
        "内容": "バス停: 中宮寺東口",
        "name": "中宮寺東口",
        "operator": "事業者不明",
        "ref": "",
        "url": "",
        "url2": ""
      }
    },
    {
      "type": "Feature",
      "geometry": {
        "type": "Point",
        "coordinates": [
          135.7356701,
          34.609509
        ]
      },
      "properties": {
        "内容": "バス停: 法隆寺前",
        "name": "法隆寺前",
        "operator": "事業者不明",
        "ref": "",
        "url": "",
        "url2": ""
      }
    },
    {
      "type": "Feature",
      "geometry": {
        "type": "Point",
        "coordinates": [
          135.7366117,
          34.6094544
        ]
      },
      "properties": {
        "内容": "バス停: 法隆寺前",
        "name": "法隆寺前",
        "operator": "事業者不明",
        "ref": "",
        "url": "",
        "url2": ""
      }
    },
    {
      "type": "Feature",
      "geometry": {
        "type": "Point",
        "coordinates": [
          135.7399807,
          34.6054935
        ]
      },
      "properties": {
        "内容": "バス停: 興留",
        "name": "興留",
        "operator": "事業者不明",
        "ref": "",
        "url": "",
        "url2": ""
      }
    },
    {
      "type": "Feature",
      "geometry": {
        "type": "Point",
        "coordinates": [
          135.739901,
          34.6055313
        ]
      },
      "properties": {
        "内容": "バス停: 興留",
        "name": "興留",
        "operator": "事業者不明",
        "ref": "",
        "url": "",
        "url2": ""
      }
    },
    {
      "type": "Feature",
      "geometry": {
        "type": "Point",
        "coordinates": [
          135.7396681,
          34.6018042
        ]
      },
      "properties": {
        "内容": "バス停: 法隆寺駅 (斑鳩町コミュニティバス)",
        "name": "法隆寺駅",
        "operator": "斑鳩町コミュニティバス",
        "ref": "",
        "url": "",
        "url2": ""
      }
    },
    {
      "type": "Feature",
      "geometry": {
        "type": "Point",
        "coordinates": [
          135.7395841,
          34.6017484
        ]
      },
      "properties": {
        "内容": "バス停: 法隆寺駅",
        "name": "法隆寺駅",
        "operator": "事業者不明",
        "ref": "",
        "url": "",
        "url2": ""
      }
    },
    {
      "type": "Feature",
      "geometry": {
        "type": "Point",
        "coordinates": [
          135.7397565,
          34.601866
        ]
      },
      "properties": {
        "内容": "バス停: 法隆寺駅",
        "name": "法隆寺駅",
        "operator": "事業者不明",
        "ref": "",
        "url": "",
        "url2": ""
      }
    },
    {
      "type": "Feature",
      "geometry": {
        "type": "Point",
        "coordinates": [
          135.73982,
          34.5540753
        ]
      },
      "properties": {
        "内容": "バス停: 竹取公園東",
        "name": "竹取公園東",
        "operator": "事業者不明",
        "ref": "",
        "url": "",
        "url2": ""
      }
    },
    {
      "type": "Feature",
      "geometry": {
        "type": "Point",
        "coordinates": [
          135.7398773,
          34.5495973
        ]
      },
      "properties": {
        "内容": "バス停: 赤部 (Nara-kotsu)",
        "name": "赤部",
        "operator": "Nara-kotsu",
        "ref": "",
        "url": "",
        "url2": ""
      }
    },
    {
      "type": "Feature",
      "geometry": {
        "type": "Point",
        "coordinates": [
          135.7397428,
          34.5496947
        ]
      },
      "properties": {
        "内容": "バス停: 赤部 (Nara-kotsu)",
        "name": "赤部",
        "operator": "Nara-kotsu",
        "ref": "",
        "url": "",
        "url2": ""
      }
    },
    {
      "type": "Feature",
      "geometry": {
        "type": "Point",
        "coordinates": [
          135.8195967,
          34.6585519
        ]
      },
      "properties": {
        "内容": "バス停: 神殿",
        "name": "神殿",
        "operator": "事業者不明",
        "ref": "",
        "url": "",
        "url2": ""
      }
    },
    {
      "type": "Feature",
      "geometry": {
        "type": "Point",
        "coordinates": [
          135.8196418,
          34.6576442
        ]
      },
      "properties": {
        "内容": "バス停: 神殿",
        "name": "神殿",
        "operator": "事業者不明",
        "ref": "",
        "url": "",
        "url2": ""
      }
    },
    {
      "type": "Feature",
      "geometry": {
        "type": "Point",
        "coordinates": [
          135.8191278,
          34.6538265
        ]
      },
      "properties": {
        "内容": "バス停: 永井町",
        "name": "永井町",
        "operator": "事業者不明",
        "ref": "",
        "url": "",
        "url2": ""
      }
    },
    {
      "type": "Feature",
      "geometry": {
        "type": "Point",
        "coordinates": [
          135.8192444,
          34.6537799
        ]
      },
      "properties": {
        "内容": "バス停: 永井町",
        "name": "永井町",
        "operator": "事業者不明",
        "ref": "",
        "url": "",
        "url2": ""
      }
    },
    {
      "type": "Feature",
      "geometry": {
        "type": "Point",
        "coordinates": [
          135.8186926,
          34.6506376
        ]
      },
      "properties": {
        "内容": "バス停: 北の庄",
        "name": "北の庄",
        "operator": "事業者不明",
        "ref": "",
        "url": "",
        "url2": ""
      }
    },
    {
      "type": "Feature",
      "geometry": {
        "type": "Point",
        "coordinates": [
          135.8186299,
          34.6501352
        ]
      },
      "properties": {
        "内容": "バス停: 北の庄",
        "name": "北の庄",
        "operator": "事業者不明",
        "ref": "",
        "url": "",
        "url2": ""
      }
    },
    {
      "type": "Feature",
      "geometry": {
        "type": "Point",
        "coordinates": [
          135.8164833,
          34.6466963
        ]
      },
      "properties": {
        "内容": "バス停: 上三橋",
        "name": "上三橋",
        "operator": "事業者不明",
        "ref": "",
        "url": "",
        "url2": ""
      }
    },
    {
      "type": "Feature",
      "geometry": {
        "type": "Point",
        "coordinates": [
          135.8165648,
          34.6465596
        ]
      },
      "properties": {
        "内容": "バス停: 上三橋",
        "name": "上三橋",
        "operator": "事業者不明",
        "ref": "",
        "url": "",
        "url2": ""
      }
    },
    {
      "type": "Feature",
      "geometry": {
        "type": "Point",
        "coordinates": [
          135.8145346,
          34.6434198
        ]
      },
      "properties": {
        "内容": "バス停: シャープ前",
        "name": "シャープ前",
        "operator": "事業者不明",
        "ref": "",
        "url": "",
        "url2": ""
      }
    },
    {
      "type": "Feature",
      "geometry": {
        "type": "Point",
        "coordinates": [
          135.8142926,
          34.6427489
        ]
      },
      "properties": {
        "内容": "バス停: シャープ前",
        "name": "シャープ前",
        "operator": "事業者不明",
        "ref": "",
        "url": "",
        "url2": ""
      }
    },
    {
      "type": "Feature",
      "geometry": {
        "type": "Point",
        "coordinates": [
          135.8138038,
          34.641798
        ]
      },
      "properties": {
        "内容": "バス停: シャープ前",
        "name": "シャープ前",
        "operator": "事業者不明",
        "ref": "",
        "url": "",
        "url2": ""
      }
    },
    {
      "type": "Feature",
      "geometry": {
        "type": "Point",
        "coordinates": [
          135.8120661,
          34.6392969
        ]
      },
      "properties": {
        "内容": "バス停: 美濃庄",
        "name": "美濃庄",
        "operator": "事業者不明",
        "ref": "",
        "url": "",
        "url2": ""
      }
    },
    {
      "type": "Feature",
      "geometry": {
        "type": "Point",
        "coordinates": [
          135.8115776,
          34.6382325
        ]
      },
      "properties": {
        "内容": "バス停: 美濃庄",
        "name": "美濃庄",
        "operator": "事業者不明",
        "ref": "",
        "url": "",
        "url2": ""
      }
    },
    {
      "type": "Feature",
      "geometry": {
        "type": "Point",
        "coordinates": [
          135.8090293,
          34.6339099
        ]
      },
      "properties": {
        "内容": "バス停: 井戸野町・DMG森精機前",
        "name": "井戸野町・DMG森精機前",
        "operator": "事業者不明",
        "ref": "",
        "url": "",
        "url2": ""
      }
    },
    {
      "type": "Feature",
      "geometry": {
        "type": "Point",
        "coordinates": [
          135.8088445,
          34.6339217
        ]
      },
      "properties": {
        "内容": "バス停: 井戸野町・DMG森精機前",
        "name": "井戸野町・DMG森精機前",
        "operator": "事業者不明",
        "ref": "",
        "url": "",
        "url2": ""
      }
    },
    {
      "type": "Feature",
      "geometry": {
        "type": "Point",
        "coordinates": [
          135.8081321,
          34.6323737
        ]
      },
      "properties": {
        "内容": "バス停: 番匠田中",
        "name": "番匠田中",
        "operator": "事業者不明",
        "ref": "",
        "url": "",
        "url2": ""
      }
    },
    {
      "type": "Feature",
      "geometry": {
        "type": "Point",
        "coordinates": [
          135.8081767,
          34.6327199
        ]
      },
      "properties": {
        "内容": "バス停: 番匠田中",
        "name": "番匠田中",
        "operator": "事業者不明",
        "ref": "",
        "url": "",
        "url2": ""
      }
    },
    {
      "type": "Feature",
      "geometry": {
        "type": "Point",
        "coordinates": [
          135.8096216,
          34.6301559
        ]
      },
      "properties": {
        "内容": "バス停: 白土町",
        "name": "白土町",
        "operator": "事業者不明",
        "ref": "",
        "url": "",
        "url2": ""
      }
    },
    {
      "type": "Feature",
      "geometry": {
        "type": "Point",
        "coordinates": [
          135.8044656,
          34.4973748
        ]
      },
      "properties": {
        "内容": "バス停: 飛騨町",
        "name": "飛騨町",
        "operator": "事業者不明",
        "ref": "",
        "url": "",
        "url2": ""
      }
    },
    {
      "type": "Feature",
      "geometry": {
        "type": "Point",
        "coordinates": [
          135.804593,
          34.4973822
        ]
      },
      "properties": {
        "内容": "バス停: 飛騨町",
        "name": "飛騨町",
        "operator": "事業者不明",
        "ref": "",
        "url": "",
        "url2": ""
      }
    },
    {
      "type": "Feature",
      "geometry": {
        "type": "Point",
        "coordinates": [
          135.7130715,
          34.7253023
        ]
      },
      "properties": {
        "内容": "バス停: 白庭台住宅 (Nara Kotsu Bus Lines Co., Ltd.)",
        "name": "白庭台住宅",
        "operator": "Nara Kotsu Bus Lines Co., Ltd.",
        "ref": "",
        "url": "",
        "url2": ""
      }
    },
    {
      "type": "Feature",
      "geometry": {
        "type": "Point",
        "coordinates": [
          135.713309,
          34.7251482
        ]
      },
      "properties": {
        "内容": "バス停: 白庭台住宅 (Nara Kotsu Bus Lines Co., Ltd.)",
        "name": "白庭台住宅",
        "operator": "Nara Kotsu Bus Lines Co., Ltd.",
        "ref": "",
        "url": "",
        "url2": ""
      }
    },
    {
      "type": "Feature",
      "geometry": {
        "type": "Point",
        "coordinates": [
          135.7149695,
          34.72603
        ]
      },
      "properties": {
        "内容": "バス停: かえで通り中央 (Nara Kotsu Bus Lines Co., Ltd.)",
        "name": "かえで通り中央",
        "operator": "Nara Kotsu Bus Lines Co., Ltd.",
        "ref": "",
        "url": "",
        "url2": ""
      }
    },
    {
      "type": "Feature",
      "geometry": {
        "type": "Point",
        "coordinates": [
          135.7146772,
          34.7260767
        ]
      },
      "properties": {
        "内容": "バス停: かえで通り中央 (Nara Kotsu Bus Lines Co., Ltd.)",
        "name": "かえで通り中央",
        "operator": "Nara Kotsu Bus Lines Co., Ltd.",
        "ref": "",
        "url": "",
        "url2": ""
      }
    },
    {
      "type": "Feature",
      "geometry": {
        "type": "Point",
        "coordinates": [
          135.7158729,
          34.7233054
        ]
      },
      "properties": {
        "内容": "バス停: けやき通り北 (Nara Kotsu Bus Lines Co., Ltd.)",
        "name": "けやき通り北",
        "operator": "Nara Kotsu Bus Lines Co., Ltd.",
        "ref": "",
        "url": "",
        "url2": ""
      }
    },
    {
      "type": "Feature",
      "geometry": {
        "type": "Point",
        "coordinates": [
          135.7160629,
          34.7223105
        ]
      },
      "properties": {
        "内容": "バス停: けやき通り北 (Nara Kotsu Bus Lines Co., Ltd.)",
        "name": "けやき通り北",
        "operator": "Nara Kotsu Bus Lines Co., Ltd.",
        "ref": "",
        "url": "",
        "url2": ""
      }
    },
    {
      "type": "Feature",
      "geometry": {
        "type": "Point",
        "coordinates": [
          135.7097409,
          34.7232134
        ]
      },
      "properties": {
        "内容": "バス停: 白谷 (Nara Kotsu Bus Lines Co., Ltd.)",
        "name": "白谷",
        "operator": "Nara Kotsu Bus Lines Co., Ltd.",
        "ref": "",
        "url": "",
        "url2": ""
      }
    },
    {
      "type": "Feature",
      "geometry": {
        "type": "Point",
        "coordinates": [
          135.7105768,
          34.7233505
        ]
      },
      "properties": {
        "内容": "バス停: 白谷 (Nara Kotsu Bus Lines Co., Ltd.)",
        "name": "白谷",
        "operator": "Nara Kotsu Bus Lines Co., Ltd.",
        "ref": "",
        "url": "",
        "url2": ""
      }
    },
    {
      "type": "Feature",
      "geometry": {
        "type": "Point",
        "coordinates": [
          135.7062848,
          34.7228617
        ]
      },
      "properties": {
        "内容": "バス停: 稲葉 (Nara Kotsu Bus Lines Co., Ltd.)",
        "name": "稲葉",
        "operator": "Nara Kotsu Bus Lines Co., Ltd.",
        "ref": "",
        "url": "",
        "url2": ""
      }
    },
    {
      "type": "Feature",
      "geometry": {
        "type": "Point",
        "coordinates": [
          135.7066108,
          34.7226808
        ]
      },
      "properties": {
        "内容": "バス停: 稲葉 (Nara Kotsu Bus Lines Co., Ltd.)",
        "name": "稲葉",
        "operator": "Nara Kotsu Bus Lines Co., Ltd.",
        "ref": "",
        "url": "",
        "url2": ""
      }
    },
    {
      "type": "Feature",
      "geometry": {
        "type": "Point",
        "coordinates": [
          135.7087575,
          34.7235969
        ]
      },
      "properties": {
        "内容": "バス停: しらたに公園 (Nara Kotsu Bus Lines Co., Ltd.)",
        "name": "しらたに公園",
        "operator": "Nara Kotsu Bus Lines Co., Ltd.",
        "ref": "",
        "url": "",
        "url2": ""
      }
    },
    {
      "type": "Feature",
      "geometry": {
        "type": "Point",
        "coordinates": [
          135.7087319,
          34.723324
        ]
      },
      "properties": {
        "内容": "バス停: しらたに公園 (Nara Kotsu Bus Lines Co., Ltd.)",
        "name": "しらたに公園",
        "operator": "Nara Kotsu Bus Lines Co., Ltd.",
        "ref": "",
        "url": "",
        "url2": ""
      }
    },
    {
      "type": "Feature",
      "geometry": {
        "type": "Point",
        "coordinates": [
          135.7065605,
          34.7269704
        ]
      },
      "properties": {
        "内容": "バス停: 西白庭台一丁目 (Nara Kotsu Bus Lines Co., Ltd.)",
        "name": "西白庭台一丁目",
        "operator": "Nara Kotsu Bus Lines Co., Ltd.",
        "ref": "",
        "url": "",
        "url2": ""
      }
    },
    {
      "type": "Feature",
      "geometry": {
        "type": "Point",
        "coordinates": [
          135.7064384,
          34.7269564
        ]
      },
      "properties": {
        "内容": "バス停: 西白庭台一丁目 (Nara Kotsu Bus Lines Co., Ltd.)",
        "name": "西白庭台一丁目",
        "operator": "Nara Kotsu Bus Lines Co., Ltd.",
        "ref": "",
        "url": "",
        "url2": ""
      }
    },
    {
      "type": "Feature",
      "geometry": {
        "type": "Point",
        "coordinates": [
          135.7078264,
          34.7299914
        ]
      },
      "properties": {
        "内容": "バス停: 西白庭台二丁目 (Nara Kotsu Bus Lines Co., Ltd.)",
        "name": "西白庭台二丁目",
        "operator": "Nara Kotsu Bus Lines Co., Ltd.",
        "ref": "",
        "url": "",
        "url2": ""
      }
    },
    {
      "type": "Feature",
      "geometry": {
        "type": "Point",
        "coordinates": [
          135.7077044,
          34.7300101
        ]
      },
      "properties": {
        "内容": "バス停: 西白庭台二丁目 (Nara Kotsu Bus Lines Co., Ltd.)",
        "name": "西白庭台二丁目",
        "operator": "Nara Kotsu Bus Lines Co., Ltd.",
        "ref": "",
        "url": "",
        "url2": ""
      }
    },
    {
      "type": "Feature",
      "geometry": {
        "type": "Point",
        "coordinates": [
          135.7100259,
          34.7315606
        ]
      },
      "properties": {
        "内容": "バス停: イモ山 (Nara Kotsu Bus Lines Co., Ltd.)",
        "name": "イモ山",
        "operator": "Nara Kotsu Bus Lines Co., Ltd.",
        "ref": "",
        "url": "",
        "url2": ""
      }
    },
    {
      "type": "Feature",
      "geometry": {
        "type": "Point",
        "coordinates": [
          135.7100787,
          34.731427
        ]
      },
      "properties": {
        "内容": "バス停: イモ山 (Nara Kotsu Bus Lines Co., Ltd.)",
        "name": "イモ山",
        "operator": "Nara Kotsu Bus Lines Co., Ltd.",
        "ref": "",
        "url": "",
        "url2": ""
      }
    },
    {
      "type": "Feature",
      "geometry": {
        "type": "Point",
        "coordinates": [
          135.7140791,
          34.7387945
        ]
      },
      "properties": {
        "内容": "バス停: ひかりが丘住宅口 (奈良交通)",
        "name": "ひかりが丘住宅口",
        "operator": "奈良交通",
        "ref": "",
        "url": "",
        "url2": ""
      }
    },
    {
      "type": "Feature",
      "geometry": {
        "type": "Point",
        "coordinates": [
          135.7006478,
          34.7348482
        ]
      },
      "properties": {
        "内容": "バス停: 北田原口 (Nara Kotsu Bus Lines Co., Ltd.)",
        "name": "北田原口",
        "operator": "Nara Kotsu Bus Lines Co., Ltd.",
        "ref": "",
        "url": "",
        "url2": ""
      }
    },
    {
      "type": "Feature",
      "geometry": {
        "type": "Point",
        "coordinates": [
          135.6976446,
          34.7410593
        ]
      },
      "properties": {
        "内容": "バス停: 北田原 (Nara Kotsu Bus Lines Co., Ltd.)",
        "name": "北田原",
        "operator": "Nara Kotsu Bus Lines Co., Ltd.",
        "ref": "",
        "url": "",
        "url2": ""
      }
    },
    {
      "type": "Feature",
      "geometry": {
        "type": "Point",
        "coordinates": [
          135.7004907,
          34.7343875
        ]
      },
      "properties": {
        "内容": "バス停: 北田原口 (Nara Kotsu Bus Lines Co., Ltd.)",
        "name": "北田原口",
        "operator": "Nara Kotsu Bus Lines Co., Ltd.",
        "ref": "",
        "url": "",
        "url2": ""
      }
    },
    {
      "type": "Feature",
      "geometry": {
        "type": "Point",
        "coordinates": [
          135.7004907,
          34.7313141
        ]
      },
      "properties": {
        "内容": "バス停: 下田原 (Nara Kotsu Bus Lines Co., Ltd.)",
        "name": "下田原",
        "operator": "Nara Kotsu Bus Lines Co., Ltd.",
        "ref": "",
        "url": "",
        "url2": ""
      }
    },
    {
      "type": "Feature",
      "geometry": {
        "type": "Point",
        "coordinates": [
          135.7006157,
          34.7313335
        ]
      },
      "properties": {
        "内容": "バス停: 下田原 (Nara Kotsu Bus Lines Co., Ltd.)",
        "name": "下田原",
        "operator": "Nara Kotsu Bus Lines Co., Ltd.",
        "ref": "",
        "url": "",
        "url2": ""
      }
    },
    {
      "type": "Feature",
      "geometry": {
        "type": "Point",
        "coordinates": [
          135.7017085,
          34.7285505
        ]
      },
      "properties": {
        "内容": "バス停: 山口川 (Nara Kotsu Bus Lines Co., Ltd.)",
        "name": "山口川",
        "operator": "Nara Kotsu Bus Lines Co., Ltd.",
        "ref": "",
        "url": "",
        "url2": ""
      }
    },
    {
      "type": "Feature",
      "geometry": {
        "type": "Point",
        "coordinates": [
          135.7020635,
          34.7280347
        ]
      },
      "properties": {
        "内容": "バス停: 山口川 (Nara Kotsu Bus Lines Co., Ltd.)",
        "name": "山口川",
        "operator": "Nara Kotsu Bus Lines Co., Ltd.",
        "ref": "",
        "url": "",
        "url2": ""
      }
    },
    {
      "type": "Feature",
      "geometry": {
        "type": "Point",
        "coordinates": [
          135.7045934,
          34.7218971
        ]
      },
      "properties": {
        "内容": "バス停: 出店 (Nara Kotsu Bus Lines Co., Ltd.)",
        "name": "出店",
        "operator": "Nara Kotsu Bus Lines Co., Ltd.",
        "ref": "",
        "url": "",
        "url2": ""
      }
    },
    {
      "type": "Feature",
      "geometry": {
        "type": "Point",
        "coordinates": [
          135.7044757,
          34.7218954
        ]
      },
      "properties": {
        "内容": "バス停: 出店 (Nara Kotsu Bus Lines Co., Ltd.)",
        "name": "出店",
        "operator": "Nara Kotsu Bus Lines Co., Ltd.",
        "ref": "",
        "url": "",
        "url2": ""
      }
    },
    {
      "type": "Feature",
      "geometry": {
        "type": "Point",
        "coordinates": [
          135.704395,
          34.7195605
        ]
      },
      "properties": {
        "内容": "バス停: 岩屋口 (Nara Kotsu Bus Lines Co., Ltd.)",
        "name": "岩屋口",
        "operator": "Nara Kotsu Bus Lines Co., Ltd.",
        "ref": "",
        "url": "",
        "url2": ""
      }
    },
    {
      "type": "Feature",
      "geometry": {
        "type": "Point",
        "coordinates": [
          135.7042841,
          34.7195895
        ]
      },
      "properties": {
        "内容": "バス停: 岩屋口 (Nara Kotsu Bus Lines Co., Ltd.)",
        "name": "岩屋口",
        "operator": "Nara Kotsu Bus Lines Co., Ltd.",
        "ref": "",
        "url": "",
        "url2": ""
      }
    },
    {
      "type": "Feature",
      "geometry": {
        "type": "Point",
        "coordinates": [
          135.7034035,
          34.7170742
        ]
      },
      "properties": {
        "内容": "バス停: お松の宮 (Nara Kotsu Bus Lines Co., Ltd.)",
        "name": "お松の宮",
        "operator": "Nara Kotsu Bus Lines Co., Ltd.",
        "ref": "",
        "url": "",
        "url2": ""
      }
    },
    {
      "type": "Feature",
      "geometry": {
        "type": "Point",
        "coordinates": [
          135.7036135,
          34.7173938
        ]
      },
      "properties": {
        "内容": "バス停: お松の宮 (Nara Kotsu Bus Lines Co., Ltd.)",
        "name": "お松の宮",
        "operator": "Nara Kotsu Bus Lines Co., Ltd.",
        "ref": "",
        "url": "",
        "url2": ""
      }
    },
    {
      "type": "Feature",
      "geometry": {
        "type": "Point",
        "coordinates": [
          135.7043405,
          34.7127278
        ]
      },
      "properties": {
        "内容": "バス停: 宛の木 (Nara Kotsu Bus Lines Co., Ltd.)",
        "name": "宛の木",
        "operator": "Nara Kotsu Bus Lines Co., Ltd.",
        "ref": "",
        "url": "",
        "url2": ""
      }
    },
    {
      "type": "Feature",
      "geometry": {
        "type": "Point",
        "coordinates": [
          135.7049351,
          34.7117969
        ]
      },
      "properties": {
        "内容": "バス停: 宛の木 (Nara Kotsu Bus Lines Co., Ltd.)",
        "name": "宛の木",
        "operator": "Nara Kotsu Bus Lines Co., Ltd.",
        "ref": "",
        "url": "",
        "url2": ""
      }
    },
    {
      "type": "Feature",
      "geometry": {
        "type": "Point",
        "coordinates": [
          135.7032658,
          34.7133803
        ]
      },
      "properties": {
        "内容": "バス停: 南田原 (Nara Kotsu Bus Lines Co., Ltd.)",
        "name": "南田原",
        "operator": "Nara Kotsu Bus Lines Co., Ltd.",
        "ref": "",
        "url": "",
        "url2": ""
      }
    },
    {
      "type": "Feature",
      "geometry": {
        "type": "Point",
        "coordinates": [
          135.7034844,
          34.7134055
        ]
      },
      "properties": {
        "内容": "バス停: 南田原 (Nara Kotsu Bus Lines Co., Ltd.)",
        "name": "南田原",
        "operator": "Nara Kotsu Bus Lines Co., Ltd.",
        "ref": "",
        "url": "",
        "url2": ""
      }
    },
    {
      "type": "Feature",
      "geometry": {
        "type": "Point",
        "coordinates": [
          135.7024049,
          34.7118187
        ]
      },
      "properties": {
        "内容": "バス停: 新生駒台北口 (Nara Kotsu Bus Lines Co., Ltd.)",
        "name": "新生駒台北口",
        "operator": "Nara Kotsu Bus Lines Co., Ltd.",
        "ref": "",
        "url": "",
        "url2": ""
      }
    },
    {
      "type": "Feature",
      "geometry": {
        "type": "Point",
        "coordinates": [
          135.7006035,
          34.7102116
        ]
      },
      "properties": {
        "内容": "バス停: 松美台 (Nara Kotsu Bus Lines Co., Ltd.)",
        "name": "松美台",
        "operator": "Nara Kotsu Bus Lines Co., Ltd.",
        "ref": "",
        "url": "",
        "url2": ""
      }
    },
    {
      "type": "Feature",
      "geometry": {
        "type": "Point",
        "coordinates": [
          135.7002654,
          34.7097541
        ]
      },
      "properties": {
        "内容": "バス停: 松美台 (Nara Kotsu Bus Lines Co., Ltd.)",
        "name": "松美台",
        "operator": "Nara Kotsu Bus Lines Co., Ltd.",
        "ref": "",
        "url": "",
        "url2": ""
      }
    },
    {
      "type": "Feature",
      "geometry": {
        "type": "Point",
        "coordinates": [
          135.6969305,
          34.706168
        ]
      },
      "properties": {
        "内容": "バス停: 俵口阪奈中央病院 (Nara Kotsu Bus Lines Co., Ltd.)",
        "name": "俵口阪奈中央病院",
        "operator": "Nara Kotsu Bus Lines Co., Ltd.",
        "ref": "",
        "url": "",
        "url2": ""
      }
    },
    {
      "type": "Feature",
      "geometry": {
        "type": "Point",
        "coordinates": [
          135.6968031,
          34.7060846
        ]
      },
      "properties": {
        "内容": "バス停: 俵口阪奈中央病院 (Nara Kotsu Bus Lines Co., Ltd.)",
        "name": "俵口阪奈中央病院",
        "operator": "Nara Kotsu Bus Lines Co., Ltd.",
        "ref": "",
        "url": "",
        "url2": ""
      }
    },
    {
      "type": "Feature",
      "geometry": {
        "type": "Point",
        "coordinates": [
          135.6984559,
          34.6988252
        ]
      },
      "properties": {
        "内容": "バス停: 東松ケ丘 (Nara Kotsu Bus Lines Co., Ltd.)",
        "name": "東松ケ丘",
        "operator": "Nara Kotsu Bus Lines Co., Ltd.",
        "ref": "",
        "url": "",
        "url2": ""
      }
    },
    {
      "type": "Feature",
      "geometry": {
        "type": "Point",
        "coordinates": [
          135.6987084,
          34.6987321
        ]
      },
      "properties": {
        "内容": "バス停: 東松ケ丘 (Nara Kotsu Bus Lines Co., Ltd.)",
        "name": "東松ケ丘",
        "operator": "Nara Kotsu Bus Lines Co., Ltd.",
        "ref": "",
        "url": "",
        "url2": ""
      }
    },
    {
      "type": "Feature",
      "geometry": {
        "type": "Point",
        "coordinates": [
          135.7016352,
          34.6951965
        ]
      },
      "properties": {
        "内容": "バス停: 谷田町 (Nara Kotsu Bus Lines Co., Ltd.)",
        "name": "谷田町",
        "operator": "Nara Kotsu Bus Lines Co., Ltd.",
        "ref": "",
        "url": "",
        "url2": ""
      }
    },
    {
      "type": "Feature",
      "geometry": {
        "type": "Point",
        "coordinates": [
          135.7016993,
          34.6948931
        ]
      },
      "properties": {
        "内容": "バス停: 谷田町 (Nara Kotsu Bus Lines Co., Ltd.)",
        "name": "谷田町",
        "operator": "Nara Kotsu Bus Lines Co., Ltd.",
        "ref": "",
        "url": "",
        "url2": ""
      }
    },
    {
      "type": "Feature",
      "geometry": {
        "type": "Point",
        "coordinates": [
          135.7080684,
          34.7007836
        ]
      },
      "properties": {
        "内容": "バス停: 島田 (Nara Kotsu Bus Lines Co., Ltd.)",
        "name": "島田",
        "operator": "Nara Kotsu Bus Lines Co., Ltd.",
        "ref": "",
        "url": "",
        "url2": ""
      }
    },
    {
      "type": "Feature",
      "geometry": {
        "type": "Point",
        "coordinates": [
          135.7078624,
          34.7007466
        ]
      },
      "properties": {
        "内容": "バス停: 島田 (Nara Kotsu Bus Lines Co., Ltd.)",
        "name": "島田",
        "operator": "Nara Kotsu Bus Lines Co., Ltd.",
        "ref": "",
        "url": "",
        "url2": ""
      }
    },
    {
      "type": "Feature",
      "geometry": {
        "type": "Point",
        "coordinates": [
          135.7091604,
          34.6967486
        ]
      },
      "properties": {
        "内容": "バス停: 生駒市図書会館 (Nara Kotsu Bus Lines Co., Ltd.)",
        "name": "生駒市図書会館",
        "operator": "Nara Kotsu Bus Lines Co., Ltd.",
        "ref": "",
        "url": "",
        "url2": ""
      }
    },
    {
      "type": "Feature",
      "geometry": {
        "type": "Point",
        "coordinates": [
          135.7088458,
          34.6962805
        ]
      },
      "properties": {
        "内容": "バス停: 生駒市図書会館 (Nara Kotsu Bus Lines Co., Ltd.)",
        "name": "生駒市図書会館",
        "operator": "Nara Kotsu Bus Lines Co., Ltd.",
        "ref": "",
        "url": "",
        "url2": ""
      }
    },
    {
      "type": "Feature",
      "geometry": {
        "type": "Point",
        "coordinates": [
          135.7094224,
          34.6944104
        ]
      },
      "properties": {
        "内容": "バス停: 生駒辻町 (Nara Kotsu Bus Lines Co., Ltd.)",
        "name": "生駒辻町",
        "operator": "Nara Kotsu Bus Lines Co., Ltd.",
        "ref": "",
        "url": "",
        "url2": ""
      }
    },
    {
      "type": "Feature",
      "geometry": {
        "type": "Point",
        "coordinates": [
          135.7092354,
          34.6943012
        ]
      },
      "properties": {
        "内容": "バス停: 生駒辻町 (Nara Kotsu Bus Lines Co., Ltd.)",
        "name": "生駒辻町",
        "operator": "Nara Kotsu Bus Lines Co., Ltd.",
        "ref": "",
        "url": "",
        "url2": ""
      }
    },
    {
      "type": "Feature",
      "geometry": {
        "type": "Point",
        "coordinates": [
          135.6945762,
          34.708086
        ]
      },
      "properties": {
        "内容": "バス停: 喜里が丘南口 (Nara Kotsu Bus Lines Co., Ltd.)",
        "name": "喜里が丘南口",
        "operator": "Nara Kotsu Bus Lines Co., Ltd.",
        "ref": "",
        "url": "",
        "url2": ""
      }
    },
    {
      "type": "Feature",
      "geometry": {
        "type": "Point",
        "coordinates": [
          135.6940355,
          34.7090193
        ]
      },
      "properties": {
        "内容": "バス停: 喜里が丘南口 (Nara Kotsu Bus Lines Co., Ltd.)",
        "name": "喜里が丘南口",
        "operator": "Nara Kotsu Bus Lines Co., Ltd.",
        "ref": "",
        "url": "",
        "url2": ""
      }
    },
    {
      "type": "Feature",
      "geometry": {
        "type": "Point",
        "coordinates": [
          135.6942129,
          34.7098915
        ]
      },
      "properties": {
        "内容": "バス停: 喜里が丘一丁目 (Nara Kotsu Bus Lines Co., Ltd.)",
        "name": "喜里が丘一丁目",
        "operator": "Nara Kotsu Bus Lines Co., Ltd.",
        "ref": "",
        "url": "",
        "url2": ""
      }
    },
    {
      "type": "Feature",
      "geometry": {
        "type": "Point",
        "coordinates": [
          135.6941431,
          34.7106057
        ]
      },
      "properties": {
        "内容": "バス停: 喜里が丘一丁目 (Nara Kotsu Bus Lines Co., Ltd.)",
        "name": "喜里が丘一丁目",
        "operator": "Nara Kotsu Bus Lines Co., Ltd.",
        "ref": "",
        "url": "",
        "url2": ""
      }
    },
    {
      "type": "Feature",
      "geometry": {
        "type": "Point",
        "coordinates": [
          135.6938568,
          34.7151206
        ]
      },
      "properties": {
        "内容": "バス停: 池谷 (Nara Kotsu Bus Lines Co., Ltd.)",
        "name": "池谷",
        "operator": "Nara Kotsu Bus Lines Co., Ltd.",
        "ref": "",
        "url": "",
        "url2": ""
      }
    },
    {
      "type": "Feature",
      "geometry": {
        "type": "Point",
        "coordinates": [
          135.6936637,
          34.715481
        ]
      },
      "properties": {
        "内容": "バス停: 池谷 (Nara Kotsu Bus Lines Co., Ltd.)",
        "name": "池谷",
        "operator": "Nara Kotsu Bus Lines Co., Ltd.",
        "ref": "",
        "url": "",
        "url2": ""
      }
    },
    {
      "type": "Feature",
      "geometry": {
        "type": "Point",
        "coordinates": [
          135.7040312,
          34.7103515
        ]
      },
      "properties": {
        "内容": "バス停: 新生駒台 (Nara Kotsu Bus Lines Co., Ltd.)",
        "name": "新生駒台",
        "operator": "Nara Kotsu Bus Lines Co., Ltd.",
        "ref": "",
        "url": "",
        "url2": ""
      }
    },
    {
      "type": "Feature",
      "geometry": {
        "type": "Point",
        "coordinates": [
          135.7041097,
          34.7103515
        ]
      },
      "properties": {
        "内容": "バス停: 新生駒台 (Nara Kotsu Bus Lines Co., Ltd.)",
        "name": "新生駒台",
        "operator": "Nara Kotsu Bus Lines Co., Ltd.",
        "ref": "",
        "url": "",
        "url2": ""
      }
    },
    {
      "type": "Feature",
      "geometry": {
        "type": "Point",
        "coordinates": [
          135.7021724,
          34.6851951
        ]
      },
      "properties": {
        "内容": "バス停: 新旭ヶ丘 (Nara Kotsu Bus Line Co., Ltd.)",
        "name": "新旭ヶ丘",
        "operator": "Nara Kotsu Bus Line Co., Ltd.",
        "ref": "",
        "url": "",
        "url2": ""
      }
    },
    {
      "type": "Feature",
      "geometry": {
        "type": "Point",
        "coordinates": [
          135.7023132,
          34.6850325
        ]
      },
      "properties": {
        "内容": "バス停: 新旭ヶ丘 (Nara Kotsu Bus Line Co., Ltd.)",
        "name": "新旭ヶ丘",
        "operator": "Nara Kotsu Bus Line Co., Ltd.",
        "ref": "",
        "url": "",
        "url2": ""
      }
    },
    {
      "type": "Feature",
      "geometry": {
        "type": "Point",
        "coordinates": [
          135.7029512,
          34.6840253
        ]
      },
      "properties": {
        "内容": "バス停: 緑ヶ丘 (Nara Kotsu Bus Line Co., Ltd.)",
        "name": "緑ヶ丘",
        "operator": "Nara Kotsu Bus Line Co., Ltd.",
        "ref": "",
        "url": "",
        "url2": ""
      }
    },
    {
      "type": "Feature",
      "geometry": {
        "type": "Point",
        "coordinates": [
          135.7030832,
          34.684051
        ]
      },
      "properties": {
        "内容": "バス停: 緑ヶ丘 (Nara Kotsu Bus Line Co., Ltd.)",
        "name": "緑ヶ丘",
        "operator": "Nara Kotsu Bus Line Co., Ltd.",
        "ref": "",
        "url": "",
        "url2": ""
      }
    },
    {
      "type": "Feature",
      "geometry": {
        "type": "Point",
        "coordinates": [
          135.7049358,
          34.6834179
        ]
      },
      "properties": {
        "内容": "バス停: 新旭ヶ丘南口 (Nara Kotsu Bus Line Co., Ltd.)",
        "name": "新旭ヶ丘南口",
        "operator": "Nara Kotsu Bus Line Co., Ltd.",
        "ref": "",
        "url": "",
        "url2": ""
      }
    },
    {
      "type": "Feature",
      "geometry": {
        "type": "Point",
        "coordinates": [
          135.7048592,
          34.6833305
        ]
      },
      "properties": {
        "内容": "バス停: 新旭ヶ丘南口 (Nara Kotsu Bus Line Co., Ltd.)",
        "name": "新旭ヶ丘南口",
        "operator": "Nara Kotsu Bus Line Co., Ltd.",
        "ref": "",
        "url": "",
        "url2": ""
      }
    },
    {
      "type": "Feature",
      "geometry": {
        "type": "Point",
        "coordinates": [
          135.7821896,
          34.6931894
        ]
      },
      "properties": {
        "内容": "バス停: 大和西大寺駅南口",
        "name": "大和西大寺駅南口",
        "operator": "事業者不明",
        "ref": "12",
        "url": "",
        "url2": ""
      }
    },
    {
      "type": "Feature",
      "geometry": {
        "type": "Point",
        "coordinates": [
          135.7820948,
          34.6929691
        ]
      },
      "properties": {
        "内容": "バス停: 大和西大寺駅南口",
        "name": "大和西大寺駅南口",
        "operator": "事業者不明",
        "ref": "13",
        "url": "",
        "url2": ""
      }
    },
    {
      "type": "Feature",
      "geometry": {
        "type": "Point",
        "coordinates": [
          135.7823187,
          34.6933606
        ]
      },
      "properties": {
        "内容": "バス停: 大和西大寺駅南口 (関西空港線リムジンバス)",
        "name": "大和西大寺駅南口",
        "operator": "関西空港線リムジンバス",
        "ref": "11",
        "url": "",
        "url2": ""
      }
    },
    {
      "type": "Feature",
      "geometry": {
        "type": "Point",
        "coordinates": [
          135.7809119,
          34.6685872
        ]
      },
      "properties": {
        "内容": "バス停: 六条柳町",
        "name": "六条柳町",
        "operator": "事業者不明",
        "ref": "",
        "url": "",
        "url2": ""
      }
    },
    {
      "type": "Feature",
      "geometry": {
        "type": "Point",
        "coordinates": [
          135.7885809,
          34.6749541
        ]
      },
      "properties": {
        "内容": "バス停: 唐招提寺東口 (奈良交通)",
        "name": "唐招提寺東口",
        "operator": "奈良交通",
        "ref": "",
        "url": "",
        "url2": ""
      }
    },
    {
      "type": "Feature",
      "geometry": {
        "type": "Point",
        "coordinates": [
          135.7886812,
          34.6750902
        ]
      },
      "properties": {
        "内容": "バス停: 唐招提寺東口 (奈良交通)",
        "name": "唐招提寺東口",
        "operator": "奈良交通",
        "ref": "",
        "url": "",
        "url2": ""
      }
    },
    {
      "type": "Feature",
      "geometry": {
        "type": "Point",
        "coordinates": [
          135.7986168,
          34.4646764
        ]
      },
      "properties": {
        "内容": "バス停: 飛鳥駅",
        "name": "飛鳥駅",
        "operator": "事業者不明",
        "ref": "",
        "url": "",
        "url2": ""
      }
    },
    {
      "type": "Feature",
      "geometry": {
        "type": "Point",
        "coordinates": [
          135.7844693,
          34.5045115
        ]
      },
      "properties": {
        "内容": "バス停: 四条 (奈良交通)",
        "name": "四条",
        "operator": "奈良交通",
        "ref": "",
        "url": "",
        "url2": ""
      }
    },
    {
      "type": "Feature",
      "geometry": {
        "type": "Point",
        "coordinates": [
          135.7860489,
          34.5039941
        ]
      },
      "properties": {
        "内容": "バス停: 四条 (奈良交通)",
        "name": "四条",
        "operator": "奈良交通",
        "ref": "",
        "url": "",
        "url2": ""
      }
    },
    {
      "type": "Feature",
      "geometry": {
        "type": "Point",
        "coordinates": [
          135.7923308,
          34.5044434
        ]
      },
      "properties": {
        "内容": "バス停: 医大病院玄関口 (奈良交通、橿原市コミュニティバス)",
        "name": "医大病院玄関口",
        "operator": "奈良交通、橿原市コミュニティバス",
        "ref": "",
        "url": "",
        "url2": ""
      }
    },
    {
      "type": "Feature",
      "geometry": {
        "type": "Point",
        "coordinates": [
          135.7915956,
          34.5051009
        ]
      },
      "properties": {
        "内容": "バス停: 医大病院前（南行き） (奈良交通)",
        "name": "医大病院前（南行き）",
        "operator": "奈良交通",
        "ref": "",
        "url": "",
        "url2": ""
      }
    },
    {
      "type": "Feature",
      "geometry": {
        "type": "Point",
        "coordinates": [
          135.7914222,
          34.5051023
        ]
      },
      "properties": {
        "内容": "バス停: 医大病院前（北行き） (奈良交通)",
        "name": "医大病院前（北行き）",
        "operator": "奈良交通",
        "ref": "",
        "url": "",
        "url2": ""
      }
    },
    {
      "type": "Feature",
      "geometry": {
        "type": "Point",
        "coordinates": [
          135.7904707,
          34.4985622
        ]
      },
      "properties": {
        "内容": "バス停: 農業試験場前",
        "name": "農業試験場前",
        "operator": "事業者不明",
        "ref": "",
        "url": "",
        "url2": ""
      }
    },
    {
      "type": "Feature",
      "geometry": {
        "type": "Point",
        "coordinates": [
          135.7906211,
          34.4985694
        ]
      },
      "properties": {
        "内容": "バス停: 農業試験場前",
        "name": "農業試験場前",
        "operator": "事業者不明",
        "ref": "",
        "url": "",
        "url2": ""
      }
    },
    {
      "type": "Feature",
      "geometry": {
        "type": "Point",
        "coordinates": [
          135.8045076,
          34.4830298
        ]
      },
      "properties": {
        "内容": "バス停: 和田町西",
        "name": "和田町西",
        "operator": "事業者不明",
        "ref": "",
        "url": "",
        "url2": ""
      }
    },
    {
      "type": "Feature",
      "geometry": {
        "type": "Point",
        "coordinates": [
          135.8074866,
          34.4830828
        ]
      },
      "properties": {
        "内容": "バス停: 橿原和田",
        "name": "橿原和田",
        "operator": "事業者不明",
        "ref": "",
        "url": "",
        "url2": ""
      }
    },
    {
      "type": "Feature",
      "geometry": {
        "type": "Point",
        "coordinates": [
          135.8131638,
          34.4832454
        ]
      },
      "properties": {
        "内容": "バス停: 豊浦",
        "name": "豊浦",
        "operator": "事業者不明",
        "ref": "",
        "url": "",
        "url2": ""
      }
    },
    {
      "type": "Feature",
      "geometry": {
        "type": "Point",
        "coordinates": [
          135.8145805,
          34.4817577
        ]
      },
      "properties": {
        "内容": "バス停: 甘樫丘",
        "name": "甘樫丘",
        "operator": "事業者不明",
        "ref": "",
        "url": "",
        "url2": ""
      }
    },
    {
      "type": "Feature",
      "geometry": {
        "type": "Point",
        "coordinates": [
          135.8175519,
          34.4803176
        ]
      },
      "properties": {
        "内容": "バス停: 飛鳥",
        "name": "飛鳥",
        "operator": "事業者不明",
        "ref": "",
        "url": "",
        "url2": ""
      }
    },
    {
      "type": "Feature",
      "geometry": {
        "type": "Point",
        "coordinates": [
          135.8155048,
          34.4883277
        ]
      },
      "properties": {
        "内容": "バス停: 明日香小山",
        "name": "明日香小山",
        "operator": "事業者不明",
        "ref": "",
        "url": "",
        "url2": ""
      }
    },
    {
      "type": "Feature",
      "geometry": {
        "type": "Point",
        "coordinates": [
          135.8227686,
          34.483562
        ]
      },
      "properties": {
        "内容": "バス停: 飛鳥奥山・飛鳥資料館西",
        "name": "飛鳥奥山・飛鳥資料館西",
        "operator": "事業者不明",
        "ref": "",
        "url": "",
        "url2": ""
      }
    },
    {
      "type": "Feature",
      "geometry": {
        "type": "Point",
        "coordinates": [
          135.8175818,
          34.4812693
        ]
      },
      "properties": {
        "内容": "バス停: 飛鳥",
        "name": "飛鳥",
        "operator": "事業者不明",
        "ref": "",
        "url": "",
        "url2": ""
      }
    },
    {
      "type": "Feature",
      "geometry": {
        "type": "Point",
        "coordinates": [
          135.8210553,
          34.4784856
        ]
      },
      "properties": {
        "内容": "バス停: 飛鳥大仏",
        "name": "飛鳥大仏",
        "operator": "事業者不明",
        "ref": "",
        "url": "",
        "url2": ""
      }
    },
    {
      "type": "Feature",
      "geometry": {
        "type": "Point",
        "coordinates": [
          135.8223505,
          34.4759372
        ]
      },
      "properties": {
        "内容": "バス停: 万葉文化館西口",
        "name": "万葉文化館西口",
        "operator": "事業者不明",
        "ref": "",
        "url": "",
        "url2": ""
      }
    },
    {
      "type": "Feature",
      "geometry": {
        "type": "Point",
        "coordinates": [
          135.8223733,
          34.4736609
        ]
      },
      "properties": {
        "内容": "バス停: 丘天理教前",
        "name": "丘天理教前",
        "operator": "事業者不明",
        "ref": "",
        "url": "",
        "url2": ""
      }
    },
    {
      "type": "Feature",
      "geometry": {
        "type": "Point",
        "coordinates": [
          135.8226759,
          34.4724655
        ]
      },
      "properties": {
        "内容": "バス停: 岡戎前",
        "name": "岡戎前",
        "operator": "事業者不明",
        "ref": "",
        "url": "",
        "url2": ""
      }
    },
    {
      "type": "Feature",
      "geometry": {
        "type": "Point",
        "coordinates": [
          135.8190623,
          34.4714313
        ]
      },
      "properties": {
        "内容": "バス停: 岡橋本",
        "name": "岡橋本",
        "operator": "事業者不明",
        "ref": "",
        "url": "",
        "url2": ""
      }
    },
    {
      "type": "Feature",
      "geometry": {
        "type": "Point",
        "coordinates": [
          135.8222774,
          34.4690722
        ]
      },
      "properties": {
        "内容": "バス停: 島庄",
        "name": "島庄",
        "operator": "事業者不明",
        "ref": "",
        "url": "",
        "url2": ""
      }
    },
    {
      "type": "Feature",
      "geometry": {
        "type": "Point",
        "coordinates": [
          135.8225054,
          34.4700776
        ]
      },
      "properties": {
        "内容": "バス停: 岡寺前",
        "name": "岡寺前",
        "operator": "事業者不明",
        "ref": "",
        "url": "",
        "url2": ""
      }
    },
    {
      "type": "Feature",
      "geometry": {
        "type": "Point",
        "coordinates": [
          135.8060819,
          34.4816958
        ]
      },
      "properties": {
        "内容": "バス停: 菖蒲町一丁目",
        "name": "菖蒲町一丁目",
        "operator": "事業者不明",
        "ref": "",
        "url": "",
        "url2": ""
      }
    },
    {
      "type": "Feature",
      "geometry": {
        "type": "Point",
        "coordinates": [
          135.8061813,
          34.4812634
        ]
      },
      "properties": {
        "内容": "バス停: 菖蒲町一丁目",
        "name": "菖蒲町一丁目",
        "operator": "事業者不明",
        "ref": "",
        "url": "",
        "url2": ""
      }
    },
    {
      "type": "Feature",
      "geometry": {
        "type": "Point",
        "coordinates": [
          135.8063635,
          34.4778601
        ]
      },
      "properties": {
        "内容": "バス停: 菖蒲町三丁目",
        "name": "菖蒲町三丁目",
        "operator": "事業者不明",
        "ref": "",
        "url": "",
        "url2": ""
      }
    },
    {
      "type": "Feature",
      "geometry": {
        "type": "Point",
        "coordinates": [
          135.8064097,
          34.4782126
        ]
      },
      "properties": {
        "内容": "バス停: 菖蒲町三丁目",
        "name": "菖蒲町三丁目",
        "operator": "事業者不明",
        "ref": "",
        "url": "",
        "url2": ""
      }
    },
    {
      "type": "Feature",
      "geometry": {
        "type": "Point",
        "coordinates": [
          135.806904,
          34.4759873
        ]
      },
      "properties": {
        "内容": "バス停: 菖蒲町四丁目",
        "name": "菖蒲町四丁目",
        "operator": "事業者不明",
        "ref": "",
        "url": "",
        "url2": ""
      }
    },
    {
      "type": "Feature",
      "geometry": {
        "type": "Point",
        "coordinates": [
          135.8074374,
          34.4753886
        ]
      },
      "properties": {
        "内容": "バス停: 菖蒲町四丁目",
        "name": "菖蒲町四丁目",
        "operator": "事業者不明",
        "ref": "",
        "url": "",
        "url2": ""
      }
    },
    {
      "type": "Feature",
      "geometry": {
        "type": "Point",
        "coordinates": [
          135.8072618,
          34.4719653
        ]
      },
      "properties": {
        "内容": "バス停: 菖蒲町四丁目南",
        "name": "菖蒲町四丁目南",
        "operator": "事業者不明",
        "ref": "",
        "url": "",
        "url2": ""
      }
    },
    {
      "type": "Feature",
      "geometry": {
        "type": "Point",
        "coordinates": [
          135.8101597,
          34.4715083
        ]
      },
      "properties": {
        "内容": "バス停: 野口",
        "name": "野口",
        "operator": "事業者不明",
        "ref": "",
        "url": "",
        "url2": ""
      }
    },
    {
      "type": "Feature",
      "geometry": {
        "type": "Point",
        "coordinates": [
          135.8161048,
          34.4714744
        ]
      },
      "properties": {
        "内容": "バス停: 川原",
        "name": "川原",
        "operator": "事業者不明",
        "ref": "",
        "url": "",
        "url2": ""
      }
    },
    {
      "type": "Feature",
      "geometry": {
        "type": "Point",
        "coordinates": [
          135.8158364,
          34.4714504
        ]
      },
      "properties": {
        "内容": "バス停: 川原",
        "name": "川原",
        "operator": "事業者不明",
        "ref": "",
        "url": "",
        "url2": ""
      }
    },
    {
      "type": "Feature",
      "geometry": {
        "type": "Point",
        "coordinates": [
          135.7961347,
          34.4869507
        ]
      },
      "properties": {
        "内容": "バス停: 久米町東",
        "name": "久米町東",
        "operator": "事業者不明",
        "ref": "",
        "url": "",
        "url2": ""
      }
    },
    {
      "type": "Feature",
      "geometry": {
        "type": "Point",
        "coordinates": [
          135.7960422,
          34.4865937
        ]
      },
      "properties": {
        "内容": "バス停: 久米町東",
        "name": "久米町東",
        "operator": "事業者不明",
        "ref": "",
        "url": "",
        "url2": ""
      }
    },
    {
      "type": "Feature",
      "geometry": {
        "type": "Point",
        "coordinates": [
          135.7961168,
          34.4896119
        ]
      },
      "properties": {
        "内容": "バス停: 栄和町",
        "name": "栄和町",
        "operator": "事業者不明",
        "ref": "",
        "url": "",
        "url2": ""
      }
    },
    {
      "type": "Feature",
      "geometry": {
        "type": "Point",
        "coordinates": [
          135.7960185,
          34.4887302
        ]
      },
      "properties": {
        "内容": "バス停: 栄和町",
        "name": "栄和町",
        "operator": "事業者不明",
        "ref": "",
        "url": "",
        "url2": ""
      }
    },
    {
      "type": "Feature",
      "geometry": {
        "type": "Point",
        "coordinates": [
          135.7959314,
          34.4934292
        ]
      },
      "properties": {
        "内容": "バス停: 城殿口",
        "name": "城殿口",
        "operator": "事業者不明",
        "ref": "",
        "url": "",
        "url2": ""
      }
    },
    {
      "type": "Feature",
      "geometry": {
        "type": "Point",
        "coordinates": [
          135.7960555,
          34.4926052
        ]
      },
      "properties": {
        "内容": "バス停: 城殿口",
        "name": "城殿口",
        "operator": "事業者不明",
        "ref": "",
        "url": "",
        "url2": ""
      }
    },
    {
      "type": "Feature",
      "geometry": {
        "type": "Point",
        "coordinates": [
          135.7960405,
          34.4996894
        ]
      },
      "properties": {
        "内容": "バス停: 小房",
        "name": "小房",
        "operator": "事業者不明",
        "ref": "",
        "url": "",
        "url2": ""
      }
    },
    {
      "type": "Feature",
      "geometry": {
        "type": "Point",
        "coordinates": [
          135.795922,
          34.5001412
        ]
      },
      "properties": {
        "内容": "バス停: 小房",
        "name": "小房",
        "operator": "事業者不明",
        "ref": "",
        "url": "",
        "url2": ""
      }
    },
    {
      "type": "Feature",
      "geometry": {
        "type": "Point",
        "coordinates": [
          135.7928513,
          34.5096533
        ]
      },
      "properties": {
        "内容": "バス停: 橿原市役所前",
        "name": "橿原市役所前",
        "operator": "事業者不明",
        "ref": "",
        "url": "",
        "url2": ""
      }
    },
    {
      "type": "Feature",
      "geometry": {
        "type": "Point",
        "coordinates": [
          135.7925321,
          34.5097617
        ]
      },
      "properties": {
        "内容": "バス停: 橿原市役所前",
        "name": "橿原市役所前",
        "operator": "事業者不明",
        "ref": "",
        "url": "",
        "url2": ""
      }
    },
    {
      "type": "Feature",
      "geometry": {
        "type": "Point",
        "coordinates": [
          135.7928289,
          34.511502
        ]
      },
      "properties": {
        "内容": "バス停: ミグランス橿原市役所分庁舎",
        "name": "ミグランス橿原市役所分庁舎",
        "operator": "事業者不明",
        "ref": "",
        "url": "",
        "url2": ""
      }
    },
    {
      "type": "Feature",
      "geometry": {
        "type": "Point",
        "coordinates": [
          135.7960068,
          34.4806792
        ]
      },
      "properties": {
        "内容": "バス停: 見瀬",
        "name": "見瀬",
        "operator": "事業者不明",
        "ref": "",
        "url": "",
        "url2": ""
      }
    },
    {
      "type": "Feature",
      "geometry": {
        "type": "Point",
        "coordinates": [
          135.7961308,
          34.480472
        ]
      },
      "properties": {
        "内容": "バス停: 見瀬",
        "name": "見瀬",
        "operator": "事業者不明",
        "ref": "",
        "url": "",
        "url2": ""
      }
    },
    {
      "type": "Feature",
      "geometry": {
        "type": "Point",
        "coordinates": [
          135.7969596,
          34.473971
        ]
      },
      "properties": {
        "内容": "バス停: 岡寺駅",
        "name": "岡寺駅",
        "operator": "事業者不明",
        "ref": "",
        "url": "",
        "url2": ""
      }
    },
    {
      "type": "Feature",
      "geometry": {
        "type": "Point",
        "coordinates": [
          135.7970753,
          34.473975
        ]
      },
      "properties": {
        "内容": "バス停: 岡寺駅",
        "name": "岡寺駅",
        "operator": "事業者不明",
        "ref": "",
        "url": "",
        "url2": ""
      }
    },
    {
      "type": "Feature",
      "geometry": {
        "type": "Point",
        "coordinates": [
          135.7996818,
          34.4711025
        ]
      },
      "properties": {
        "内容": "バス停: 朱鳳台西",
        "name": "朱鳳台西",
        "operator": "事業者不明",
        "ref": "",
        "url": "",
        "url2": ""
      }
    },
    {
      "type": "Feature",
      "geometry": {
        "type": "Point",
        "coordinates": [
          135.7997982,
          34.4710323
        ]
      },
      "properties": {
        "内容": "バス停: 朱鳳台西",
        "name": "朱鳳台西",
        "operator": "事業者不明",
        "ref": "",
        "url": "",
        "url2": ""
      }
    },
    {
      "type": "Feature",
      "geometry": {
        "type": "Point",
        "coordinates": [
          135.8018211,
          34.4719662
        ]
      },
      "properties": {
        "内容": "バス停: 朱鳳台",
        "name": "朱鳳台",
        "operator": "事業者不明",
        "ref": "",
        "url": "",
        "url2": ""
      }
    },
    {
      "type": "Feature",
      "geometry": {
        "type": "Point",
        "coordinates": [
          135.8020708,
          34.4720169
        ]
      },
      "properties": {
        "内容": "バス停: 朱鳳台",
        "name": "朱鳳台",
        "operator": "事業者不明",
        "ref": "",
        "url": "",
        "url2": ""
      }
    },
    {
      "type": "Feature",
      "geometry": {
        "type": "Point",
        "coordinates": [
          135.8136269,
          34.4712657
        ]
      },
      "properties": {
        "内容": "バス停: 明日香村役場",
        "name": "明日香村役場",
        "operator": "事業者不明",
        "ref": "",
        "url": "",
        "url2": ""
      }
    },
    {
      "type": "Feature",
      "geometry": {
        "type": "Point",
        "coordinates": [
          135.8135237,
          34.4712197
        ]
      },
      "properties": {
        "内容": "バス停: 明日香村役場",
        "name": "明日香村役場",
        "operator": "事業者不明",
        "ref": "",
        "url": "",
        "url2": ""
      }
    },
    {
      "type": "Feature",
      "geometry": {
        "type": "Point",
        "coordinates": [
          135.813938,
          34.4675585
        ]
      },
      "properties": {
        "内容": "バス停: 健康福祉センター",
        "name": "健康福祉センター",
        "operator": "事業者不明",
        "ref": "",
        "url": "",
        "url2": ""
      }
    },
    {
      "type": "Feature",
      "geometry": {
        "type": "Point",
        "coordinates": [
          135.8095501,
          34.4690981
        ]
      },
      "properties": {
        "内容": "バス停: 天武・持統陵",
        "name": "天武・持統陵",
        "operator": "事業者不明",
        "ref": "",
        "url": "",
        "url2": ""
      }
    },
    {
      "type": "Feature",
      "geometry": {
        "type": "Point",
        "coordinates": [
          135.7993194,
          34.4656786
        ]
      },
      "properties": {
        "内容": "バス停: 飛鳥駅",
        "name": "飛鳥駅",
        "operator": "事業者不明",
        "ref": "",
        "url": "",
        "url2": ""
      }
    },
    {
      "type": "Feature",
      "geometry": {
        "type": "Point",
        "coordinates": [
          135.7991579,
          34.4658688
        ]
      },
      "properties": {
        "内容": "バス停: 飛鳥駅",
        "name": "飛鳥駅",
        "operator": "事業者不明",
        "ref": "",
        "url": "",
        "url2": ""
      }
    },
    {
      "type": "Feature",
      "geometry": {
        "type": "Point",
        "coordinates": [
          135.8025563,
          34.4603268
        ]
      },
      "properties": {
        "内容": "バス停: 檜前",
        "name": "檜前",
        "operator": "事業者不明",
        "ref": "",
        "url": "",
        "url2": ""
      }
    },
    {
      "type": "Feature",
      "geometry": {
        "type": "Point",
        "coordinates": [
          135.8238052,
          34.4672777
        ]
      },
      "properties": {
        "内容": "バス停: 石舞台",
        "name": "石舞台",
        "operator": "事業者不明",
        "ref": "",
        "url": "",
        "url2": ""
      }
    },
    {
      "type": "Feature",
      "geometry": {
        "type": "Point",
        "coordinates": [
          135.8111706,
          34.4833607
        ]
      },
      "properties": {
        "内容": "バス停: 豊浦駐車場",
        "name": "豊浦駐車場",
        "operator": "事業者不明",
        "ref": "",
        "url": "",
        "url2": ""
      }
    },
    {
      "type": "Feature",
      "geometry": {
        "type": "Point",
        "coordinates": [
          135.7970001,
          34.444271
        ]
      },
      "properties": {
        "内容": "バス停: 鶉町",
        "name": "鶉町",
        "operator": "事業者不明",
        "ref": "",
        "url": "",
        "url2": ""
      }
    },
    {
      "type": "Feature",
      "geometry": {
        "type": "Point",
        "coordinates": [
          135.7990326,
          34.4381675
        ]
      },
      "properties": {
        "内容": "バス停: 清水谷",
        "name": "清水谷",
        "operator": "事業者不明",
        "ref": "",
        "url": "",
        "url2": ""
      }
    },
    {
      "type": "Feature",
      "geometry": {
        "type": "Point",
        "coordinates": [
          135.7991562,
          34.4381808
        ]
      },
      "properties": {
        "内容": "バス停: 清水谷",
        "name": "清水谷",
        "operator": "事業者不明",
        "ref": "",
        "url": "",
        "url2": ""
      }
    },
    {
      "type": "Feature",
      "geometry": {
        "type": "Point",
        "coordinates": [
          135.7999936,
          34.4346674
        ]
      },
      "properties": {
        "内容": "バス停: 壷阪寺口",
        "name": "壷阪寺口",
        "operator": "事業者不明",
        "ref": "",
        "url": "",
        "url2": ""
      }
    },
    {
      "type": "Feature",
      "geometry": {
        "type": "Point",
        "coordinates": [
          135.800273,
          34.4354578
        ]
      },
      "properties": {
        "内容": "バス停: 壷阪寺口",
        "name": "壷阪寺口",
        "operator": "事業者不明",
        "ref": "",
        "url": "",
        "url2": ""
      }
    },
    {
      "type": "Feature",
      "geometry": {
        "type": "Point",
        "coordinates": [
          135.800734,
          34.4357401
        ]
      },
      "properties": {
        "内容": "バス停: 壷阪寺口",
        "name": "壷阪寺口",
        "operator": "事業者不明",
        "ref": "",
        "url": "",
        "url2": ""
      }
    },
    {
      "type": "Feature",
      "geometry": {
        "type": "Point",
        "coordinates": [
          135.7929187,
          34.4827549
        ]
      },
      "properties": {
        "内容": "バス停: 橿原神宮前駅西口",
        "name": "橿原神宮前駅西口",
        "operator": "事業者不明",
        "ref": "",
        "url": "",
        "url2": ""
      }
    },
    {
      "type": "Feature",
      "geometry": {
        "type": "Point",
        "coordinates": [
          135.7883829,
          34.4816912
        ]
      },
      "properties": {
        "内容": "バス停: 久米南口",
        "name": "久米南口",
        "operator": "事業者不明",
        "ref": "",
        "url": "",
        "url2": ""
      }
    },
    {
      "type": "Feature",
      "geometry": {
        "type": "Point",
        "coordinates": [
          135.7883482,
          34.4815753
        ]
      },
      "properties": {
        "内容": "バス停: 久米南口",
        "name": "久米南口",
        "operator": "事業者不明",
        "ref": "",
        "url": "",
        "url2": ""
      }
    },
    {
      "type": "Feature",
      "geometry": {
        "type": "Point",
        "coordinates": [
          135.7883534,
          34.4796223
        ]
      },
      "properties": {
        "内容": "バス停: 自由乗降指定地",
        "name": "自由乗降指定地",
        "operator": "事業者不明",
        "ref": "",
        "url": "",
        "url2": ""
      }
    },
    {
      "type": "Feature",
      "geometry": {
        "type": "Point",
        "coordinates": [
          135.7884864,
          34.4795133
        ]
      },
      "properties": {
        "内容": "バス停: 自由乗降指定地",
        "name": "自由乗降指定地",
        "operator": "事業者不明",
        "ref": "",
        "url": "",
        "url2": ""
      }
    },
    {
      "type": "Feature",
      "geometry": {
        "type": "Point",
        "coordinates": [
          135.7888988,
          34.4779909
        ]
      },
      "properties": {
        "内容": "バス停: 久米橋",
        "name": "久米橋",
        "operator": "事業者不明",
        "ref": "",
        "url": "",
        "url2": ""
      }
    },
    {
      "type": "Feature",
      "geometry": {
        "type": "Point",
        "coordinates": [
          135.7886487,
          34.4785249
        ]
      },
      "properties": {
        "内容": "バス停: 久米橋",
        "name": "久米橋",
        "operator": "事業者不明",
        "ref": "",
        "url": "",
        "url2": ""
      }
    },
    {
      "type": "Feature",
      "geometry": {
        "type": "Point",
        "coordinates": [
          135.7889764,
          34.4766919
        ]
      },
      "properties": {
        "内容": "バス停: 自由乗降指定地",
        "name": "自由乗降指定地",
        "operator": "事業者不明",
        "ref": "",
        "url": "",
        "url2": ""
      }
    },
    {
      "type": "Feature",
      "geometry": {
        "type": "Point",
        "coordinates": [
          135.789244,
          34.4764701
        ]
      },
      "properties": {
        "内容": "バス停: 自由乗降指定地",
        "name": "自由乗降指定地",
        "operator": "事業者不明",
        "ref": "",
        "url": "",
        "url2": ""
      }
    },
    {
      "type": "Feature",
      "geometry": {
        "type": "Point",
        "coordinates": [
          135.7897221,
          34.475465
        ]
      },
      "properties": {
        "内容": "バス停: 公団住宅センター",
        "name": "公団住宅センター",
        "operator": "事業者不明",
        "ref": "",
        "url": "",
        "url2": ""
      }
    },
    {
      "type": "Feature",
      "geometry": {
        "type": "Point",
        "coordinates": [
          135.7899795,
          34.4753088
        ]
      },
      "properties": {
        "内容": "バス停: 公団住宅センター",
        "name": "公団住宅センター",
        "operator": "事業者不明",
        "ref": "",
        "url": "",
        "url2": ""
      }
    },
    {
      "type": "Feature",
      "geometry": {
        "type": "Point",
        "coordinates": [
          135.789934,
          34.4741854
        ]
      },
      "properties": {
        "内容": "バス停: 自由乗降指定地",
        "name": "自由乗降指定地",
        "operator": "事業者不明",
        "ref": "",
        "url": "",
        "url2": ""
      }
    },
    {
      "type": "Feature",
      "geometry": {
        "type": "Point",
        "coordinates": [
          135.7897686,
          34.4740375
        ]
      },
      "properties": {
        "内容": "バス停: 自由乗降指定地",
        "name": "自由乗降指定地",
        "operator": "事業者不明",
        "ref": "",
        "url": "",
        "url2": ""
      }
    },
    {
      "type": "Feature",
      "geometry": {
        "type": "Point",
        "coordinates": [
          135.7884538,
          34.4737213
        ]
      },
      "properties": {
        "内容": "バス停: 南妙法寺町",
        "name": "南妙法寺町",
        "operator": "事業者不明",
        "ref": "",
        "url": "",
        "url2": ""
      }
    },
    {
      "type": "Feature",
      "geometry": {
        "type": "Point",
        "coordinates": [
          135.7911677,
          34.4732718
        ]
      },
      "properties": {
        "内容": "バス停: 自由乗降指定地",
        "name": "自由乗降指定地",
        "operator": "事業者不明",
        "ref": "",
        "url": "",
        "url2": ""
      }
    },
    {
      "type": "Feature",
      "geometry": {
        "type": "Point",
        "coordinates": [
          135.7922596,
          34.4714066
        ]
      },
      "properties": {
        "内容": "バス停: 石舟下",
        "name": "石舟下",
        "operator": "事業者不明",
        "ref": "",
        "url": "",
        "url2": ""
      }
    },
    {
      "type": "Feature",
      "geometry": {
        "type": "Point",
        "coordinates": [
          135.7926998,
          34.4710112
        ]
      },
      "properties": {
        "内容": "バス停: 石舟下",
        "name": "石舟下",
        "operator": "事業者不明",
        "ref": "",
        "url": "",
        "url2": ""
      }
    },
    {
      "type": "Feature",
      "geometry": {
        "type": "Point",
        "coordinates": [
          135.791723,
          34.469377
        ]
      },
      "properties": {
        "内容": "バス停: 南白橿",
        "name": "南白橿",
        "operator": "事業者不明",
        "ref": "",
        "url": "",
        "url2": ""
      }
    },
    {
      "type": "Feature",
      "geometry": {
        "type": "Point",
        "coordinates": [
          135.7912688,
          34.484233
        ]
      },
      "properties": {
        "内容": "バス停: 久米寺前",
        "name": "久米寺前",
        "operator": "事業者不明",
        "ref": "",
        "url": "",
        "url2": ""
      }
    },
    {
      "type": "Feature",
      "geometry": {
        "type": "Point",
        "coordinates": [
          135.7912636,
          34.4840482
        ]
      },
      "properties": {
        "内容": "バス停: 久米寺前",
        "name": "久米寺前",
        "operator": "事業者不明",
        "ref": "",
        "url": "",
        "url2": ""
      }
    },
    {
      "type": "Feature",
      "geometry": {
        "type": "Point",
        "coordinates": [
          135.7938568,
          34.4837822
        ]
      },
      "properties": {
        "内容": "バス停: 橿原神宮前駅中央口",
        "name": "橿原神宮前駅中央口",
        "operator": "事業者不明",
        "ref": "",
        "url": "",
        "url2": ""
      }
    },
    {
      "type": "Feature",
      "geometry": {
        "type": "Point",
        "coordinates": [
          135.7914254,
          34.4867244
        ]
      },
      "properties": {
        "内容": "バス停: 橿原神宮前",
        "name": "橿原神宮前",
        "operator": "事業者不明",
        "ref": "",
        "url": "",
        "url2": ""
      }
    },
    {
      "type": "Feature",
      "geometry": {
        "type": "Point",
        "coordinates": [
          135.7906866,
          34.4903553
        ]
      },
      "properties": {
        "内容": "バス停: 橿原体育館",
        "name": "橿原体育館",
        "operator": "事業者不明",
        "ref": "",
        "url": "",
        "url2": ""
      }
    },
    {
      "type": "Feature",
      "geometry": {
        "type": "Point",
        "coordinates": [
          135.7902727,
          34.4911131
        ]
      },
      "properties": {
        "内容": "バス停: 橿原体育館",
        "name": "橿原体育館",
        "operator": "事業者不明",
        "ref": "",
        "url": "",
        "url2": ""
      }
    },
    {
      "type": "Feature",
      "geometry": {
        "type": "Point",
        "coordinates": [
          135.7897143,
          34.4943914
        ]
      },
      "properties": {
        "内容": "バス停: 畝傍御陵",
        "name": "畝傍御陵",
        "operator": "事業者不明",
        "ref": "",
        "url": "",
        "url2": ""
      }
    },
    {
      "type": "Feature",
      "geometry": {
        "type": "Point",
        "coordinates": [
          135.7898753,
          34.4943871
        ]
      },
      "properties": {
        "内容": "バス停: 畝傍御陵",
        "name": "畝傍御陵",
        "operator": "事業者不明",
        "ref": "",
        "url": "",
        "url2": ""
      }
    },
    {
      "type": "Feature",
      "geometry": {
        "type": "Point",
        "coordinates": [
          135.7833043,
          34.4807614
        ]
      },
      "properties": {
        "内容": "バス停: 鳥屋",
        "name": "鳥屋",
        "operator": "事業者不明",
        "ref": "",
        "url": "",
        "url2": ""
      }
    },
    {
      "type": "Feature",
      "geometry": {
        "type": "Point",
        "coordinates": [
          135.782427,
          34.4805877
        ]
      },
      "properties": {
        "内容": "バス停: 鳥屋",
        "name": "鳥屋",
        "operator": "事業者不明",
        "ref": "",
        "url": "",
        "url2": ""
      }
    },
    {
      "type": "Feature",
      "geometry": {
        "type": "Point",
        "coordinates": [
          135.779711,
          34.4801972
        ]
      },
      "properties": {
        "内容": "バス停: 船付山口",
        "name": "船付山口",
        "operator": "事業者不明",
        "ref": "",
        "url": "",
        "url2": ""
      }
    },
    {
      "type": "Feature",
      "geometry": {
        "type": "Point",
        "coordinates": [
          135.7804588,
          34.4803552
        ]
      },
      "properties": {
        "内容": "バス停: 船付山口",
        "name": "船付山口",
        "operator": "事業者不明",
        "ref": "",
        "url": "",
        "url2": ""
      }
    },
    {
      "type": "Feature",
      "geometry": {
        "type": "Point",
        "coordinates": [
          135.773176,
          34.4794713
        ]
      },
      "properties": {
        "内容": "バス停: シルクの杜",
        "name": "シルクの杜",
        "operator": "事業者不明",
        "ref": "",
        "url": "",
        "url2": ""
      }
    },
    {
      "type": "Feature",
      "geometry": {
        "type": "Point",
        "coordinates": [
          135.7733718,
          34.4793105
        ]
      },
      "properties": {
        "内容": "バス停: シルクの杜",
        "name": "シルクの杜",
        "operator": "事業者不明",
        "ref": "",
        "url": "",
        "url2": ""
      }
    },
    {
      "type": "Feature",
      "geometry": {
        "type": "Point",
        "coordinates": [
          135.771586,
          34.4790416
        ]
      },
      "properties": {
        "内容": "バス停: 川西",
        "name": "川西",
        "operator": "事業者不明",
        "ref": "",
        "url": "",
        "url2": ""
      }
    },
    {
      "type": "Feature",
      "geometry": {
        "type": "Point",
        "coordinates": [
          135.7713711,
          34.479576
        ]
      },
      "properties": {
        "内容": "バス停: 川西",
        "name": "川西",
        "operator": "事業者不明",
        "ref": "",
        "url": "",
        "url2": ""
      }
    },
    {
      "type": "Feature",
      "geometry": {
        "type": "Point",
        "coordinates": [
          135.7710969,
          34.4785497
        ]
      },
      "properties": {
        "内容": "バス停: 川西",
        "name": "川西",
        "operator": "事業者不明",
        "ref": "",
        "url": "",
        "url2": ""
      }
    },
    {
      "type": "Feature",
      "geometry": {
        "type": "Point",
        "coordinates": [
          135.7713568,
          34.4834394
        ]
      },
      "properties": {
        "内容": "バス停: 光場町",
        "name": "光場町",
        "operator": "事業者不明",
        "ref": "",
        "url": "",
        "url2": ""
      }
    },
    {
      "type": "Feature",
      "geometry": {
        "type": "Point",
        "coordinates": [
          135.7711544,
          34.4831603
        ]
      },
      "properties": {
        "内容": "バス停: 光場町",
        "name": "光場町",
        "operator": "事業者不明",
        "ref": "",
        "url": "",
        "url2": ""
      }
    },
    {
      "type": "Feature",
      "geometry": {
        "type": "Point",
        "coordinates": [
          135.7724077,
          34.486868
        ]
      },
      "properties": {
        "内容": "バス停: 光場中学校",
        "name": "光場中学校",
        "operator": "事業者不明",
        "ref": "",
        "url": "",
        "url2": ""
      }
    },
    {
      "type": "Feature",
      "geometry": {
        "type": "Point",
        "coordinates": [
          135.7722701,
          34.4867758
        ]
      },
      "properties": {
        "内容": "バス停: 光場中学校",
        "name": "光場中学校",
        "operator": "事業者不明",
        "ref": "",
        "url": "",
        "url2": ""
      }
    },
    {
      "type": "Feature",
      "geometry": {
        "type": "Point",
        "coordinates": [
          135.7715217,
          34.488835
        ]
      },
      "properties": {
        "内容": "バス停: 光場中学校北",
        "name": "光場中学校北",
        "operator": "事業者不明",
        "ref": "",
        "url": "",
        "url2": ""
      }
    },
    {
      "type": "Feature",
      "geometry": {
        "type": "Point",
        "coordinates": [
          135.7706837,
          34.4887782
        ]
      },
      "properties": {
        "内容": "バス停: 光場中学校北",
        "name": "光場中学校北",
        "operator": "事業者不明",
        "ref": "",
        "url": "",
        "url2": ""
      }
    },
    {
      "type": "Feature",
      "geometry": {
        "type": "Point",
        "coordinates": [
          135.7651732,
          34.4887758
        ]
      },
      "properties": {
        "内容": "バス停: 東坊城町南",
        "name": "東坊城町南",
        "operator": "事業者不明",
        "ref": "",
        "url": "",
        "url2": ""
      }
    },
    {
      "type": "Feature",
      "geometry": {
        "type": "Point",
        "coordinates": [
          135.7651588,
          34.4886894
        ]
      },
      "properties": {
        "内容": "バス停: 東坊城町南",
        "name": "東坊城町南",
        "operator": "事業者不明",
        "ref": "",
        "url": "",
        "url2": ""
      }
    },
    {
      "type": "Feature",
      "geometry": {
        "type": "Point",
        "coordinates": [
          135.7617133,
          34.4919828
        ]
      },
      "properties": {
        "内容": "バス停: 東坊城町",
        "name": "東坊城町",
        "operator": "事業者不明",
        "ref": "",
        "url": "",
        "url2": ""
      }
    },
    {
      "type": "Feature",
      "geometry": {
        "type": "Point",
        "coordinates": [
          135.7613159,
          34.4920475
        ]
      },
      "properties": {
        "内容": "バス停: 東坊城町",
        "name": "東坊城町",
        "operator": "事業者不明",
        "ref": "",
        "url": "",
        "url2": ""
      }
    },
    {
      "type": "Feature",
      "geometry": {
        "type": "Point",
        "coordinates": [
          135.7633387,
          34.5050205
        ]
      },
      "properties": {
        "内容": "バス停: イオンモール橿原",
        "name": "イオンモール橿原",
        "operator": "事業者不明",
        "ref": "",
        "url": "",
        "url2": ""
      }
    },
    {
      "type": "Feature",
      "geometry": {
        "type": "Point",
        "coordinates": [
          135.7669582,
          34.4746353
        ]
      },
      "properties": {
        "内容": "バス停: 一町",
        "name": "一町",
        "operator": "事業者不明",
        "ref": "",
        "url": "",
        "url2": ""
      }
    },
    {
      "type": "Feature",
      "geometry": {
        "type": "Point",
        "coordinates": [
          135.7668248,
          34.4745673
        ]
      },
      "properties": {
        "内容": "バス停: 一町",
        "name": "一町",
        "operator": "事業者不明",
        "ref": "",
        "url": "",
        "url2": ""
      }
    },
    {
      "type": "Feature",
      "geometry": {
        "type": "Point",
        "coordinates": [
          135.7625772,
          34.4747954
        ]
      },
      "properties": {
        "内容": "バス停: JA新沢支店",
        "name": "JA新沢支店",
        "operator": "事業者不明",
        "ref": "",
        "url": "",
        "url2": ""
      }
    },
    {
      "type": "Feature",
      "geometry": {
        "type": "Point",
        "coordinates": [
          135.7572386,
          34.4707136
        ]
      },
      "properties": {
        "内容": "バス停: 観音寺",
        "name": "観音寺",
        "operator": "事業者不明",
        "ref": "",
        "url": "",
        "url2": ""
      }
    },
    {
      "type": "Feature",
      "geometry": {
        "type": "Point",
        "coordinates": [
          135.7566649,
          34.4736891
        ]
      },
      "properties": {
        "内容": "バス停: 古作",
        "name": "古作",
        "operator": "事業者不明",
        "ref": "",
        "url": "",
        "url2": ""
      }
    },
    {
      "type": "Feature",
      "geometry": {
        "type": "Point",
        "coordinates": [
          135.7720663,
          34.5069641
        ]
      },
      "properties": {
        "内容": "バス停: 忌部",
        "name": "忌部",
        "operator": "事業者不明",
        "ref": "",
        "url": "",
        "url2": ""
      }
    },
    {
      "type": "Feature",
      "geometry": {
        "type": "Point",
        "coordinates": [
          135.7710639,
          34.5070261
        ]
      },
      "properties": {
        "内容": "バス停: 忌部",
        "name": "忌部",
        "operator": "事業者不明",
        "ref": "",
        "url": "",
        "url2": ""
      }
    },
    {
      "type": "Feature",
      "geometry": {
        "type": "Point",
        "coordinates": [
          135.7665774,
          34.5075877
        ]
      },
      "properties": {
        "内容": "バス停: 国道曲川",
        "name": "国道曲川",
        "operator": "事業者不明",
        "ref": "",
        "url": "",
        "url2": ""
      }
    },
    {
      "type": "Feature",
      "geometry": {
        "type": "Point",
        "coordinates": [
          135.7650696,
          34.5078827
        ]
      },
      "properties": {
        "内容": "バス停: 国道曲川",
        "name": "国道曲川",
        "operator": "事業者不明",
        "ref": "",
        "url": "",
        "url2": ""
      }
    },
    {
      "type": "Feature",
      "geometry": {
        "type": "Point",
        "coordinates": [
          135.762941,
          34.5081583
        ]
      },
      "properties": {
        "内容": "バス停: イオンモール橿原北",
        "name": "イオンモール橿原北",
        "operator": "事業者不明",
        "ref": "",
        "url": "",
        "url2": ""
      }
    },
    {
      "type": "Feature",
      "geometry": {
        "type": "Point",
        "coordinates": [
          135.7623357,
          34.5081214
        ]
      },
      "properties": {
        "内容": "バス停: イオンモール橿原北",
        "name": "イオンモール橿原北",
        "operator": "事業者不明",
        "ref": "",
        "url": "",
        "url2": ""
      }
    },
    {
      "type": "Feature",
      "geometry": {
        "type": "Point",
        "coordinates": [
          135.7603799,
          34.5046379
        ]
      },
      "properties": {
        "内容": "バス停: イオンモール橿原ウエスト・ビレッジ",
        "name": "イオンモール橿原ウエスト・ビレッジ",
        "operator": "事業者不明",
        "ref": "",
        "url": "",
        "url2": ""
      }
    },
    {
      "type": "Feature",
      "geometry": {
        "type": "Point",
        "coordinates": [
          135.7963917,
          34.458276
        ]
      },
      "properties": {
        "内容": "バス停: 増屋橋",
        "name": "増屋橋",
        "operator": "事業者不明",
        "ref": "",
        "url": "",
        "url2": ""
      }
    },
    {
      "type": "Feature",
      "geometry": {
        "type": "Point",
        "coordinates": [
          135.7964558,
          34.4581347
        ]
      },
      "properties": {
        "内容": "バス停: 増屋橋",
        "name": "増屋橋",
        "operator": "事業者不明",
        "ref": "",
        "url": "",
        "url2": ""
      }
    },
    {
      "type": "Feature",
      "geometry": {
        "type": "Point",
        "coordinates": [
          135.7961361,
          34.4139691
        ]
      },
      "properties": {
        "内容": "バス停: 芦原",
        "name": "芦原",
        "operator": "事業者不明",
        "ref": "",
        "url": "",
        "url2": ""
      }
    },
    {
      "type": "Feature",
      "geometry": {
        "type": "Point",
        "coordinates": [
          135.7958774,
          34.413926
        ]
      },
      "properties": {
        "内容": "バス停: 芦原",
        "name": "芦原",
        "operator": "事業者不明",
        "ref": "",
        "url": "",
        "url2": ""
      }
    },
    {
      "type": "Feature",
      "geometry": {
        "type": "Point",
        "coordinates": [
          135.795969,
          34.4044838
        ]
      },
      "properties": {
        "内容": "バス停: 畑屋口",
        "name": "畑屋口",
        "operator": "事業者不明",
        "ref": "",
        "url": "",
        "url2": ""
      }
    },
    {
      "type": "Feature",
      "geometry": {
        "type": "Point",
        "coordinates": [
          135.7955049,
          34.403889
        ]
      },
      "properties": {
        "内容": "バス停: 畑屋口",
        "name": "畑屋口",
        "operator": "事業者不明",
        "ref": "",
        "url": "",
        "url2": ""
      }
    },
    {
      "type": "Feature",
      "geometry": {
        "type": "Point",
        "coordinates": [
          135.7939438,
          34.4019065
        ]
      },
      "properties": {
        "内容": "バス停: 矢走口",
        "name": "矢走口",
        "operator": "事業者不明",
        "ref": "",
        "url": "",
        "url2": ""
      }
    },
    {
      "type": "Feature",
      "geometry": {
        "type": "Point",
        "coordinates": [
          135.7939322,
          34.4012279
        ]
      },
      "properties": {
        "内容": "バス停: 矢走口",
        "name": "矢走口",
        "operator": "事業者不明",
        "ref": "",
        "url": "",
        "url2": ""
      }
    },
    {
      "type": "Feature",
      "geometry": {
        "type": "Point",
        "coordinates": [
          135.793706,
          34.3974145
        ]
      },
      "properties": {
        "内容": "バス停: 桧垣本市場",
        "name": "桧垣本市場",
        "operator": "事業者不明",
        "ref": "",
        "url": "",
        "url2": ""
      }
    },
    {
      "type": "Feature",
      "geometry": {
        "type": "Point",
        "coordinates": [
          135.7938184,
          34.3972387
        ]
      },
      "properties": {
        "内容": "バス停: 桧垣本市場",
        "name": "桧垣本市場",
        "operator": "事業者不明",
        "ref": "",
        "url": "",
        "url2": ""
      }
    },
    {
      "type": "Feature",
      "geometry": {
        "type": "Point",
        "coordinates": [
          135.7950172,
          34.3909656
        ]
      },
      "properties": {
        "内容": "バス停: 髪桧垣本",
        "name": "髪桧垣本",
        "operator": "事業者不明",
        "ref": "",
        "url": "",
        "url2": ""
      }
    },
    {
      "type": "Feature",
      "geometry": {
        "type": "Point",
        "coordinates": [
          135.7951808,
          34.3904177
        ]
      },
      "properties": {
        "内容": "バス停: 髪桧垣本",
        "name": "髪桧垣本",
        "operator": "事業者不明",
        "ref": "",
        "url": "",
        "url2": ""
      }
    },
    {
      "type": "Feature",
      "geometry": {
        "type": "Point",
        "coordinates": [
          135.794031,
          34.3833422
        ]
      },
      "properties": {
        "内容": "バス停: 桧垣本",
        "name": "桧垣本",
        "operator": "事業者不明",
        "ref": "",
        "url": "",
        "url2": ""
      }
    },
    {
      "type": "Feature",
      "geometry": {
        "type": "Point",
        "coordinates": [
          135.7937758,
          34.383159
        ]
      },
      "properties": {
        "内容": "バス停: 桧垣本",
        "name": "桧垣本",
        "operator": "事業者不明",
        "ref": "",
        "url": "",
        "url2": ""
      }
    },
    {
      "type": "Feature",
      "geometry": {
        "type": "Point",
        "coordinates": [
          135.7870884,
          34.3818494
        ]
      },
      "properties": {
        "内容": "バス停: 岡崎町",
        "name": "岡崎町",
        "operator": "事業者不明",
        "ref": "",
        "url": "",
        "url2": ""
      }
    },
    {
      "type": "Feature",
      "geometry": {
        "type": "Point",
        "coordinates": [
          135.7871192,
          34.3816212
        ]
      },
      "properties": {
        "内容": "バス停: 岡崎町",
        "name": "岡崎町",
        "operator": "事業者不明",
        "ref": "",
        "url": "",
        "url2": ""
      }
    },
    {
      "type": "Feature",
      "geometry": {
        "type": "Point",
        "coordinates": [
          135.8002879,
          34.4068809
        ]
      },
      "properties": {
        "内容": "バス停: 畑屋",
        "name": "畑屋",
        "operator": "事業者不明",
        "ref": "",
        "url": "",
        "url2": ""
      }
    },
    {
      "type": "Feature",
      "geometry": {
        "type": "Point",
        "coordinates": [
          135.7999643,
          34.4070309
        ]
      },
      "properties": {
        "内容": "バス停: 畑屋",
        "name": "畑屋",
        "operator": "事業者不明",
        "ref": "",
        "url": "",
        "url2": ""
      }
    },
    {
      "type": "Feature",
      "geometry": {
        "type": "Point",
        "coordinates": [
          135.8022794,
          34.4005393
        ]
      },
      "properties": {
        "内容": "バス停: 自由乗降指定地",
        "name": "自由乗降指定地",
        "operator": "事業者不明",
        "ref": "",
        "url": "",
        "url2": ""
      }
    },
    {
      "type": "Feature",
      "geometry": {
        "type": "Point",
        "coordinates": [
          135.802385,
          34.4005152
        ]
      },
      "properties": {
        "内容": "バス停: 自由乗降指定地",
        "name": "自由乗降指定地",
        "operator": "事業者不明",
        "ref": "",
        "url": "",
        "url2": ""
      }
    },
    {
      "type": "Feature",
      "geometry": {
        "type": "Point",
        "coordinates": [
          135.8018944,
          34.3964996
        ]
      },
      "properties": {
        "内容": "バス停: 自由乗降指定地",
        "name": "自由乗降指定地",
        "operator": "事業者不明",
        "ref": "",
        "url": "",
        "url2": ""
      }
    },
    {
      "type": "Feature",
      "geometry": {
        "type": "Point",
        "coordinates": [
          135.8020132,
          34.3965901
        ]
      },
      "properties": {
        "内容": "バス停: 自由乗降指定地",
        "name": "自由乗降指定地",
        "operator": "事業者不明",
        "ref": "",
        "url": "",
        "url2": ""
      }
    },
    {
      "type": "Feature",
      "geometry": {
        "type": "Point",
        "coordinates": [
          135.8034102,
          34.4018707
        ]
      },
      "properties": {
        "内容": "バス停: 南大和三丁目",
        "name": "南大和三丁目",
        "operator": "事業者不明",
        "ref": "",
        "url": "",
        "url2": ""
      }
    },
    {
      "type": "Feature",
      "geometry": {
        "type": "Point",
        "coordinates": [
          135.8027228,
          34.3986151
        ]
      },
      "properties": {
        "内容": "バス停: 南大和二丁目",
        "name": "南大和二丁目",
        "operator": "事業者不明",
        "ref": "",
        "url": "",
        "url2": ""
      }
    },
    {
      "type": "Feature",
      "geometry": {
        "type": "Point",
        "coordinates": [
          135.8028661,
          34.3986797
        ]
      },
      "properties": {
        "内容": "バス停: 南大和二丁目",
        "name": "南大和二丁目",
        "operator": "事業者不明",
        "ref": "",
        "url": "",
        "url2": ""
      }
    },
    {
      "type": "Feature",
      "geometry": {
        "type": "Point",
        "coordinates": [
          135.8012739,
          34.3949557
        ]
      },
      "properties": {
        "内容": "バス停: 南大和一丁目",
        "name": "南大和一丁目",
        "operator": "事業者不明",
        "ref": "",
        "url": "",
        "url2": ""
      }
    },
    {
      "type": "Feature",
      "geometry": {
        "type": "Point",
        "coordinates": [
          135.8015472,
          34.3953244
        ]
      },
      "properties": {
        "内容": "バス停: 南大和一丁目",
        "name": "南大和一丁目",
        "operator": "事業者不明",
        "ref": "",
        "url": "",
        "url2": ""
      }
    },
    {
      "type": "Feature",
      "geometry": {
        "type": "Point",
        "coordinates": [
          135.7984345,
          34.3894524
        ]
      },
      "properties": {
        "内容": "バス停: 土田",
        "name": "土田",
        "operator": "事業者不明",
        "ref": "",
        "url": "",
        "url2": ""
      }
    },
    {
      "type": "Feature",
      "geometry": {
        "type": "Point",
        "coordinates": [
          135.7988229,
          34.3893808
        ]
      },
      "properties": {
        "内容": "バス停: 土田",
        "name": "土田",
        "operator": "事業者不明",
        "ref": "",
        "url": "",
        "url2": ""
      }
    },
    {
      "type": "Feature",
      "geometry": {
        "type": "Point",
        "coordinates": [
          135.7672901,
          34.4724851
        ]
      },
      "properties": {
        "内容": "バス停: 一町東口",
        "name": "一町東口",
        "operator": "事業者不明",
        "ref": "",
        "url": "",
        "url2": ""
      }
    },
    {
      "type": "Feature",
      "geometry": {
        "type": "Point",
        "coordinates": [
          135.7676385,
          34.4730463
        ]
      },
      "properties": {
        "内容": "バス停: 一町東口",
        "name": "一町東口",
        "operator": "事業者不明",
        "ref": "",
        "url": "",
        "url2": ""
      }
    },
    {
      "type": "Feature",
      "geometry": {
        "type": "Point",
        "coordinates": [
          135.7646155,
          34.466157
        ]
      },
      "properties": {
        "内容": "バス停: 東観音寺口",
        "name": "東観音寺口",
        "operator": "事業者不明",
        "ref": "",
        "url": "",
        "url2": ""
      }
    },
    {
      "type": "Feature",
      "geometry": {
        "type": "Point",
        "coordinates": [
          135.7649535,
          34.4658285
        ]
      },
      "properties": {
        "内容": "バス停: 東観音寺口",
        "name": "東観音寺口",
        "operator": "事業者不明",
        "ref": "",
        "url": "",
        "url2": ""
      }
    },
    {
      "type": "Feature",
      "geometry": {
        "type": "Point",
        "coordinates": [
          135.764642,
          34.4636122
        ]
      },
      "properties": {
        "内容": "バス停: 越智",
        "name": "越智",
        "operator": "事業者不明",
        "ref": "",
        "url": "",
        "url2": ""
      }
    },
    {
      "type": "Feature",
      "geometry": {
        "type": "Point",
        "coordinates": [
          135.7644575,
          34.4633451
        ]
      },
      "properties": {
        "内容": "バス停: 越智",
        "name": "越智",
        "operator": "事業者不明",
        "ref": "",
        "url": "",
        "url2": ""
      }
    },
    {
      "type": "Feature",
      "geometry": {
        "type": "Point",
        "coordinates": [
          135.7639178,
          34.4618014
        ]
      },
      "properties": {
        "内容": "バス停: 東橋",
        "name": "東橋",
        "operator": "事業者不明",
        "ref": "",
        "url": "",
        "url2": ""
      }
    },
    {
      "type": "Feature",
      "geometry": {
        "type": "Point",
        "coordinates": [
          135.7639407,
          34.4616356
        ]
      },
      "properties": {
        "内容": "バス停: 東橋",
        "name": "東橋",
        "operator": "事業者不明",
        "ref": "",
        "url": "",
        "url2": ""
      }
    },
    {
      "type": "Feature",
      "geometry": {
        "type": "Point",
        "coordinates": [
          135.7632295,
          34.4579949
        ]
      },
      "properties": {
        "内容": "バス停: 郡界橋",
        "name": "郡界橋",
        "operator": "事業者不明",
        "ref": "",
        "url": "",
        "url2": ""
      }
    },
    {
      "type": "Feature",
      "geometry": {
        "type": "Point",
        "coordinates": [
          135.7630502,
          34.4579177
        ]
      },
      "properties": {
        "内容": "バス停: 郡界橋",
        "name": "郡界橋",
        "operator": "事業者不明",
        "ref": "",
        "url": "",
        "url2": ""
      }
    },
    {
      "type": "Feature",
      "geometry": {
        "type": "Point",
        "coordinates": [
          135.7600205,
          34.4583234
        ]
      },
      "properties": {
        "内容": "バス停: 掖上農協",
        "name": "掖上農協",
        "operator": "事業者不明",
        "ref": "",
        "url": "",
        "url2": ""
      }
    },
    {
      "type": "Feature",
      "geometry": {
        "type": "Point",
        "coordinates": [
          135.7589203,
          34.4583173
        ]
      },
      "properties": {
        "内容": "バス停: 掖上農協",
        "name": "掖上農協",
        "operator": "事業者不明",
        "ref": "",
        "url": "",
        "url2": ""
      }
    },
    {
      "type": "Feature",
      "geometry": {
        "type": "Point",
        "coordinates": [
          135.7540604,
          34.4593382
        ]
      },
      "properties": {
        "内容": "バス停: 東寺田",
        "name": "東寺田",
        "operator": "事業者不明",
        "ref": "",
        "url": "",
        "url2": ""
      }
    },
    {
      "type": "Feature",
      "geometry": {
        "type": "Point",
        "coordinates": [
          135.7541661,
          34.459215
        ]
      },
      "properties": {
        "内容": "バス停: 東寺田",
        "name": "東寺田",
        "operator": "事業者不明",
        "ref": "",
        "url": "",
        "url2": ""
      }
    },
    {
      "type": "Feature",
      "geometry": {
        "type": "Point",
        "coordinates": [
          135.7487502,
          34.459791
        ]
      },
      "properties": {
        "内容": "バス停: 茅原",
        "name": "茅原",
        "operator": "事業者不明",
        "ref": "",
        "url": "",
        "url2": ""
      }
    },
    {
      "type": "Feature",
      "geometry": {
        "type": "Point",
        "coordinates": [
          135.7485455,
          34.4597088
        ]
      },
      "properties": {
        "内容": "バス停: 茅原",
        "name": "茅原",
        "operator": "事業者不明",
        "ref": "",
        "url": "",
        "url2": ""
      }
    },
    {
      "type": "Feature",
      "geometry": {
        "type": "Point",
        "coordinates": [
          135.7444967,
          34.4596298
        ]
      },
      "properties": {
        "内容": "バス停: 馬橋",
        "name": "馬橋",
        "operator": "事業者不明",
        "ref": "",
        "url": "",
        "url2": ""
      }
    },
    {
      "type": "Feature",
      "geometry": {
        "type": "Point",
        "coordinates": [
          135.7444235,
          34.4595458
        ]
      },
      "properties": {
        "内容": "バス停: 馬橋",
        "name": "馬橋",
        "operator": "事業者不明",
        "ref": "",
        "url": "",
        "url2": ""
      }
    },
    {
      "type": "Feature",
      "geometry": {
        "type": "Point",
        "coordinates": [
          135.7410458,
          34.4595037
        ]
      },
      "properties": {
        "内容": "バス停: 代官町",
        "name": "代官町",
        "operator": "事業者不明",
        "ref": "",
        "url": "",
        "url2": ""
      }
    },
    {
      "type": "Feature",
      "geometry": {
        "type": "Point",
        "coordinates": [
          135.7412686,
          34.459587
        ]
      },
      "properties": {
        "内容": "バス停: 代官町",
        "name": "代官町",
        "operator": "事業者不明",
        "ref": "",
        "url": "",
        "url2": ""
      }
    },
    {
      "type": "Feature",
      "geometry": {
        "type": "Point",
        "coordinates": [
          135.7373854,
          34.4600513
        ]
      },
      "properties": {
        "内容": "バス停: 豊年橋",
        "name": "豊年橋",
        "operator": "事業者不明",
        "ref": "",
        "url": "",
        "url2": ""
      }
    },
    {
      "type": "Feature",
      "geometry": {
        "type": "Point",
        "coordinates": [
          135.7375611,
          34.4600839
        ]
      },
      "properties": {
        "内容": "バス停: 豊年橋",
        "name": "豊年橋",
        "operator": "事業者不明",
        "ref": "",
        "url": "",
        "url2": ""
      }
    },
    {
      "type": "Feature",
      "geometry": {
        "type": "Point",
        "coordinates": [
          135.7344368,
          34.4585413
        ]
      },
      "properties": {
        "内容": "バス停: 瑞駈橋",
        "name": "瑞駈橋",
        "operator": "事業者不明",
        "ref": "",
        "url": "",
        "url2": ""
      }
    },
    {
      "type": "Feature",
      "geometry": {
        "type": "Point",
        "coordinates": [
          135.734698,
          34.4585772
        ]
      },
      "properties": {
        "内容": "バス停: 瑞駈橋",
        "name": "瑞駈橋",
        "operator": "事業者不明",
        "ref": "",
        "url": "",
        "url2": ""
      }
    },
    {
      "type": "Feature",
      "geometry": {
        "type": "Point",
        "coordinates": [
          135.7325343,
          34.4574286
        ]
      },
      "properties": {
        "内容": "バス停: 御所橋",
        "name": "御所橋",
        "operator": "事業者不明",
        "ref": "",
        "url": "",
        "url2": ""
      }
    },
    {
      "type": "Feature",
      "geometry": {
        "type": "Point",
        "coordinates": [
          135.7324202,
          34.4572584
        ]
      },
      "properties": {
        "内容": "バス停: 御所橋",
        "name": "御所橋",
        "operator": "事業者不明",
        "ref": "",
        "url": "",
        "url2": ""
      }
    },
    {
      "type": "Feature",
      "geometry": {
        "type": "Point",
        "coordinates": [
          135.7322918,
          34.4612674
        ]
      },
      "properties": {
        "内容": "バス停: 御所済生会病院",
        "name": "御所済生会病院",
        "operator": "事業者不明",
        "ref": "",
        "url": "",
        "url2": ""
      }
    },
    {
      "type": "Feature",
      "geometry": {
        "type": "Point",
        "coordinates": [
          135.7322948,
          34.4606068
        ]
      },
      "properties": {
        "内容": "バス停: 御所済生会病院",
        "name": "御所済生会病院",
        "operator": "事業者不明",
        "ref": "",
        "url": "",
        "url2": ""
      }
    },
    {
      "type": "Feature",
      "geometry": {
        "type": "Point",
        "coordinates": [
          135.7326339,
          34.4640466
        ]
      },
      "properties": {
        "内容": "バス停: 近鉄御所駅",
        "name": "近鉄御所駅",
        "operator": "事業者不明",
        "ref": "",
        "url": "",
        "url2": ""
      }
    },
    {
      "type": "Feature",
      "geometry": {
        "type": "Point",
        "coordinates": [
          135.7925123,
          34.5133277
        ]
      },
      "properties": {
        "内容": "バス停: 大和八木駅北口",
        "name": "大和八木駅北口",
        "operator": "事業者不明",
        "ref": "",
        "url": "",
        "url2": ""
      }
    },
    {
      "type": "Feature",
      "geometry": {
        "type": "Point",
        "coordinates": [
          135.7975052,
          34.5202475
        ]
      },
      "properties": {
        "内容": "バス停: 新賀町",
        "name": "新賀町",
        "operator": "事業者不明",
        "ref": "",
        "url": "",
        "url2": ""
      }
    },
    {
      "type": "Feature",
      "geometry": {
        "type": "Point",
        "coordinates": [
          135.7974728,
          34.5195625
        ]
      },
      "properties": {
        "内容": "バス停: 新賀町",
        "name": "新賀町",
        "operator": "事業者不明",
        "ref": "",
        "url": "",
        "url2": ""
      }
    },
    {
      "type": "Feature",
      "geometry": {
        "type": "Point",
        "coordinates": [
          135.7997418,
          34.5268908
        ]
      },
      "properties": {
        "内容": "バス停: 安楽寺前",
        "name": "安楽寺前",
        "operator": "事業者不明",
        "ref": "",
        "url": "",
        "url2": ""
      }
    },
    {
      "type": "Feature",
      "geometry": {
        "type": "Point",
        "coordinates": [
          135.7998646,
          34.5267863
        ]
      },
      "properties": {
        "内容": "バス停: 安楽寺前",
        "name": "安楽寺前",
        "operator": "事業者不明",
        "ref": "",
        "url": "",
        "url2": ""
      }
    },
    {
      "type": "Feature",
      "geometry": {
        "type": "Point",
        "coordinates": [
          135.8035008,
          34.5268539
        ]
      },
      "properties": {
        "内容": "バス停: 運転免許センター",
        "name": "運転免許センター",
        "operator": "事業者不明",
        "ref": "",
        "url": "",
        "url2": ""
      }
    },
    {
      "type": "Feature",
      "geometry": {
        "type": "Point",
        "coordinates": [
          135.8024459,
          34.5267824
        ]
      },
      "properties": {
        "内容": "バス停: 運転免許センター",
        "name": "運転免許センター",
        "operator": "事業者不明",
        "ref": "",
        "url": "",
        "url2": ""
      }
    },
    {
      "type": "Feature",
      "geometry": {
        "type": "Point",
        "coordinates": [
          135.8055893,
          34.5267937
        ]
      },
      "properties": {
        "内容": "バス停: くちなし幼稚園前",
        "name": "くちなし幼稚園前",
        "operator": "事業者不明",
        "ref": "",
        "url": "",
        "url2": ""
      }
    },
    {
      "type": "Feature",
      "geometry": {
        "type": "Point",
        "coordinates": [
          135.8063869,
          34.52687
        ]
      },
      "properties": {
        "内容": "バス停: くちなし幼稚園前",
        "name": "くちなし幼稚園前",
        "operator": "事業者不明",
        "ref": "",
        "url": "",
        "url2": ""
      }
    },
    {
      "type": "Feature",
      "geometry": {
        "type": "Point",
        "coordinates": [
          135.8068054,
          34.5286479
        ]
      },
      "properties": {
        "内容": "バス停: 十市団地",
        "name": "十市団地",
        "operator": "事業者不明",
        "ref": "",
        "url": "",
        "url2": ""
      }
    },
    {
      "type": "Feature",
      "geometry": {
        "type": "Point",
        "coordinates": [
          135.8067696,
          34.5284071
        ]
      },
      "properties": {
        "内容": "バス停: 十市団地",
        "name": "十市団地",
        "operator": "事業者不明",
        "ref": "",
        "url": "",
        "url2": ""
      }
    },
    {
      "type": "Feature",
      "geometry": {
        "type": "Point",
        "coordinates": [
          135.8081095,
          34.5301062
        ]
      },
      "properties": {
        "内容": "バス停: 大門橋",
        "name": "大門橋",
        "operator": "事業者不明",
        "ref": "",
        "url": "",
        "url2": ""
      }
    },
    {
      "type": "Feature",
      "geometry": {
        "type": "Point",
        "coordinates": [
          135.8069053,
          34.5301437
        ]
      },
      "properties": {
        "内容": "バス停: 大門橋",
        "name": "大門橋",
        "operator": "事業者不明",
        "ref": "",
        "url": "",
        "url2": ""
      }
    },
    {
      "type": "Feature",
      "geometry": {
        "type": "Point",
        "coordinates": [
          135.8144783,
          34.5299216
        ]
      },
      "properties": {
        "内容": "バス停: 太田市町",
        "name": "太田市町",
        "operator": "事業者不明",
        "ref": "",
        "url": "",
        "url2": ""
      }
    },
    {
      "type": "Feature",
      "geometry": {
        "type": "Point",
        "coordinates": [
          135.815063,
          34.5298428
        ]
      },
      "properties": {
        "内容": "バス停: 太田市町",
        "name": "太田市町",
        "operator": "事業者不明",
        "ref": "",
        "url": "",
        "url2": ""
      }
    },
    {
      "type": "Feature",
      "geometry": {
        "type": "Point",
        "coordinates": [
          135.8148081,
          34.5262077
        ]
      },
      "properties": {
        "内容": "バス停: 東竹田町",
        "name": "東竹田町",
        "operator": "事業者不明",
        "ref": "",
        "url": "",
        "url2": ""
      }
    },
    {
      "type": "Feature",
      "geometry": {
        "type": "Point",
        "coordinates": [
          135.8150722,
          34.5256351
        ]
      },
      "properties": {
        "内容": "バス停: 東竹田町",
        "name": "東竹田町",
        "operator": "事業者不明",
        "ref": "",
        "url": "",
        "url2": ""
      }
    },
    {
      "type": "Feature",
      "geometry": {
        "type": "Point",
        "coordinates": [
          135.8176177,
          34.522517
        ]
      },
      "properties": {
        "内容": "バス停: 橿原総合庁舎",
        "name": "橿原総合庁舎",
        "operator": "事業者不明",
        "ref": "",
        "url": "",
        "url2": ""
      }
    },
    {
      "type": "Feature",
      "geometry": {
        "type": "Point",
        "coordinates": [
          135.8007895,
          34.5207727
        ]
      },
      "properties": {
        "内容": "バス停: 葛本町新屋敷",
        "name": "葛本町新屋敷",
        "operator": "事業者不明",
        "ref": "",
        "url": "",
        "url2": ""
      }
    },
    {
      "type": "Feature",
      "geometry": {
        "type": "Point",
        "coordinates": [
          135.7975088,
          34.5262687
        ]
      },
      "properties": {
        "内容": "バス停: 新ノ口",
        "name": "新ノ口",
        "operator": "事業者不明",
        "ref": "",
        "url": "",
        "url2": ""
      }
    },
    {
      "type": "Feature",
      "geometry": {
        "type": "Point",
        "coordinates": [
          135.8261676,
          34.4835521
        ]
      },
      "properties": {
        "内容": "バス停: 飛鳥資料館 (Nara-kotsu)",
        "name": "飛鳥資料館",
        "operator": "Nara-kotsu",
        "ref": "",
        "url": "",
        "url2": ""
      }
    },
    {
      "type": "Feature",
      "geometry": {
        "type": "Point",
        "coordinates": [
          135.8251201,
          34.4833879
        ]
      },
      "properties": {
        "内容": "バス停: 飛鳥資料館 (Nara-kotsu)",
        "name": "飛鳥資料館",
        "operator": "Nara-kotsu",
        "ref": "",
        "url": "",
        "url2": ""
      }
    },
    {
      "type": "Feature",
      "geometry": {
        "type": "Point",
        "coordinates": [
          135.8294186,
          34.4853016
        ]
      },
      "properties": {
        "内容": "バス停: 山田寺 (Nara-kotsu)",
        "name": "山田寺",
        "operator": "Nara-kotsu",
        "ref": "",
        "url": "",
        "url2": ""
      }
    },
    {
      "type": "Feature",
      "geometry": {
        "type": "Point",
        "coordinates": [
          135.8292953,
          34.485084
        ]
      },
      "properties": {
        "内容": "バス停: 山田寺 (Nara-kotsu)",
        "name": "山田寺",
        "operator": "Nara-kotsu",
        "ref": "",
        "url": "",
        "url2": ""
      }
    },
    {
      "type": "Feature",
      "geometry": {
        "type": "Point",
        "coordinates": [
          135.833126,
          34.4883308
        ]
      },
      "properties": {
        "内容": "バス停: 山田北口 (Nara-kotsu)",
        "name": "山田北口",
        "operator": "Nara-kotsu",
        "ref": "",
        "url": "",
        "url2": ""
      }
    },
    {
      "type": "Feature",
      "geometry": {
        "type": "Point",
        "coordinates": [
          135.8331432,
          34.4885476
        ]
      },
      "properties": {
        "内容": "バス停: 山田北口 (Nara-kotsu)",
        "name": "山田北口",
        "operator": "Nara-kotsu",
        "ref": "",
        "url": "",
        "url2": ""
      }
    },
    {
      "type": "Feature",
      "geometry": {
        "type": "Point",
        "coordinates": [
          135.8384006,
          34.4970734
        ]
      },
      "properties": {
        "内容": "バス停: 安倍小学校 (Nara-kotsu)",
        "name": "安倍小学校",
        "operator": "Nara-kotsu",
        "ref": "",
        "url": "",
        "url2": ""
      }
    },
    {
      "type": "Feature",
      "geometry": {
        "type": "Point",
        "coordinates": [
          135.838321,
          34.4972315
        ]
      },
      "properties": {
        "内容": "バス停: 安倍小学校 (Nara-kotsu)",
        "name": "安倍小学校",
        "operator": "Nara-kotsu",
        "ref": "",
        "url": "",
        "url2": ""
      }
    },
    {
      "type": "Feature",
      "geometry": {
        "type": "Point",
        "coordinates": [
          135.8403138,
          34.5008664
        ]
      },
      "properties": {
        "内容": "バス停: 生田 (Nara-kotsu)",
        "name": "生田",
        "operator": "Nara-kotsu",
        "ref": "",
        "url": "",
        "url2": ""
      }
    },
    {
      "type": "Feature",
      "geometry": {
        "type": "Point",
        "coordinates": [
          135.840668,
          34.5028712
        ]
      },
      "properties": {
        "内容": "バス停: 安倍文殊院 (Nara-kotsu)",
        "name": "安倍文殊院",
        "operator": "Nara-kotsu",
        "ref": "",
        "url": "",
        "url2": ""
      }
    },
    {
      "type": "Feature",
      "geometry": {
        "type": "Point",
        "coordinates": [
          135.8405533,
          34.507866
        ]
      },
      "properties": {
        "内容": "バス停: 仁王堂 (Nara-kotsu)",
        "name": "仁王堂",
        "operator": "Nara-kotsu",
        "ref": "",
        "url": "",
        "url2": ""
      }
    },
    {
      "type": "Feature",
      "geometry": {
        "type": "Point",
        "coordinates": [
          135.8467888,
          34.510687
        ]
      },
      "properties": {
        "内容": "バス停: 桜井駅筋 (Nara-kotsu)",
        "name": "桜井駅筋",
        "operator": "Nara-kotsu",
        "ref": "",
        "url": "",
        "url2": ""
      }
    },
    {
      "type": "Feature",
      "geometry": {
        "type": "Point",
        "coordinates": [
          135.8466503,
          34.5107482
        ]
      },
      "properties": {
        "内容": "バス停: 桜井駅筋 (Nara-kotsu)",
        "name": "桜井駅筋",
        "operator": "Nara-kotsu",
        "ref": "",
        "url": "",
        "url2": ""
      }
    },
    {
      "type": "Feature",
      "geometry": {
        "type": "Point",
        "coordinates": [
          135.8458569,
          34.3954767
        ]
      },
      "properties": {
        "内容": "バス停: 大和上市駅",
        "name": "大和上市駅",
        "operator": "事業者不明",
        "ref": "",
        "url": "",
        "url2": ""
      }
    },
    {
      "type": "Feature",
      "geometry": {
        "type": "Point",
        "coordinates": [
          135.8473031,
          34.3944554
        ]
      },
      "properties": {
        "内容": "バス停: 上市 (Nara-kotsu)",
        "name": "上市",
        "operator": "Nara-kotsu",
        "ref": "",
        "url": "",
        "url2": ""
      }
    },
    {
      "type": "Feature",
      "geometry": {
        "type": "Point",
        "coordinates": [
          135.8468387,
          34.3943593
        ]
      },
      "properties": {
        "内容": "バス停: 上市 (Nara-kotsu)",
        "name": "上市",
        "operator": "Nara-kotsu",
        "ref": "",
        "url": "",
        "url2": ""
      }
    },
    {
      "type": "Feature",
      "geometry": {
        "type": "Point",
        "coordinates": [
          135.850099,
          34.3942804
        ]
      },
      "properties": {
        "内容": "バス停: 上市橋 (Nara-kotsu)",
        "name": "上市橋",
        "operator": "Nara-kotsu",
        "ref": "",
        "url": "",
        "url2": ""
      }
    },
    {
      "type": "Feature",
      "geometry": {
        "type": "Point",
        "coordinates": [
          135.8515669,
          34.3946265
        ]
      },
      "properties": {
        "内容": "バス停: 上市橋 (Nara-kotsu)",
        "name": "上市橋",
        "operator": "Nara-kotsu",
        "ref": "",
        "url": "",
        "url2": ""
      }
    },
    {
      "type": "Feature",
      "geometry": {
        "type": "Point",
        "coordinates": [
          135.8533199,
          34.3947908
        ]
      },
      "properties": {
        "内容": "バス停: リバーフィールドよしの (Nara-kotsu)",
        "name": "リバーフィールドよしの",
        "operator": "Nara-kotsu",
        "ref": "",
        "url": "",
        "url2": ""
      }
    },
    {
      "type": "Feature",
      "geometry": {
        "type": "Point",
        "coordinates": [
          135.8535146,
          34.3947152
        ]
      },
      "properties": {
        "内容": "バス停: リバーフィールドよしの (Nara-kotsu)",
        "name": "リバーフィールドよしの",
        "operator": "Nara-kotsu",
        "ref": "",
        "url": "",
        "url2": ""
      }
    },
    {
      "type": "Feature",
      "geometry": {
        "type": "Point",
        "coordinates": [
          135.8551507,
          34.3949005
        ]
      },
      "properties": {
        "内容": "バス停: 上市局前 (Nara-kotsu)",
        "name": "上市局前",
        "operator": "Nara-kotsu",
        "ref": "",
        "url": "",
        "url2": ""
      }
    },
    {
      "type": "Feature",
      "geometry": {
        "type": "Point",
        "coordinates": [
          135.8554863,
          34.3948728
        ]
      },
      "properties": {
        "内容": "バス停: 上市局前 (Nara-kotsu)",
        "name": "上市局前",
        "operator": "Nara-kotsu",
        "ref": "",
        "url": "",
        "url2": ""
      }
    },
    {
      "type": "Feature",
      "geometry": {
        "type": "Point",
        "coordinates": [
          135.8572386,
          34.3952941
        ]
      },
      "properties": {
        "内容": "バス停: 吉野町役場",
        "name": "吉野町役場",
        "operator": "事業者不明",
        "ref": "",
        "url": "",
        "url2": ""
      }
    },
    {
      "type": "Feature",
      "geometry": {
        "type": "Point",
        "coordinates": [
          135.8590635,
          34.3954085
        ]
      },
      "properties": {
        "内容": "バス停: 吉野町役場",
        "name": "吉野町役場",
        "operator": "事業者不明",
        "ref": "",
        "url": "",
        "url2": ""
      }
    },
    {
      "type": "Feature",
      "geometry": {
        "type": "Point",
        "coordinates": [
          135.8607022,
          34.3958945
        ]
      },
      "properties": {
        "内容": "バス停: 上市水泳場 (Nara-kotsu)",
        "name": "上市水泳場",
        "operator": "Nara-kotsu",
        "ref": "",
        "url": "",
        "url2": ""
      }
    },
    {
      "type": "Feature",
      "geometry": {
        "type": "Point",
        "coordinates": [
          135.8606251,
          34.3959431
        ]
      },
      "properties": {
        "内容": "バス停: 上市水泳場 (Nara-kotsu)",
        "name": "上市水泳場",
        "operator": "Nara-kotsu",
        "ref": "",
        "url": "",
        "url2": ""
      }
    },
    {
      "type": "Feature",
      "geometry": {
        "type": "Point",
        "coordinates": [
          135.8620155,
          34.3962557
        ]
      },
      "properties": {
        "内容": "バス停: 轟 (Nara-kotsu)",
        "name": "轟",
        "operator": "Nara-kotsu",
        "ref": "",
        "url": "",
        "url2": ""
      }
    },
    {
      "type": "Feature",
      "geometry": {
        "type": "Point",
        "coordinates": [
          135.8621862,
          34.3961945
        ]
      },
      "properties": {
        "内容": "バス停: 轟 (Nara-kotsu)",
        "name": "轟",
        "operator": "Nara-kotsu",
        "ref": "",
        "url": "",
        "url2": ""
      }
    },
    {
      "type": "Feature",
      "geometry": {
        "type": "Point",
        "coordinates": [
          135.864989,
          34.3960139
        ]
      },
      "properties": {
        "内容": "バス停: 立野 (Nara-kotsu)",
        "name": "立野",
        "operator": "Nara-kotsu",
        "ref": "",
        "url": "",
        "url2": ""
      }
    },
    {
      "type": "Feature",
      "geometry": {
        "type": "Point",
        "coordinates": [
          135.8652643,
          34.3959217
        ]
      },
      "properties": {
        "内容": "バス停: 立野 (Nara-kotsu)",
        "name": "立野",
        "operator": "Nara-kotsu",
        "ref": "",
        "url": "",
        "url2": ""
      }
    },
    {
      "type": "Feature",
      "geometry": {
        "type": "Point",
        "coordinates": [
          135.8670306,
          34.3948133
        ]
      },
      "properties": {
        "内容": "バス停: 立野口 (Nara-kotsu)",
        "name": "立野口",
        "operator": "Nara-kotsu",
        "ref": "",
        "url": "",
        "url2": ""
      }
    },
    {
      "type": "Feature",
      "geometry": {
        "type": "Point",
        "coordinates": [
          135.8669676,
          34.3947357
        ]
      },
      "properties": {
        "内容": "バス停: 立野口 (Nara-kotsu)",
        "name": "立野口",
        "operator": "Nara-kotsu",
        "ref": "",
        "url": "",
        "url2": ""
      }
    },
    {
      "type": "Feature",
      "geometry": {
        "type": "Point",
        "coordinates": [
          135.862363,
          34.3945874
        ]
      },
      "properties": {
        "内容": "バス停: 奈良南高校吉野学舎",
        "name": "奈良南高校吉野学舎",
        "operator": "事業者不明",
        "ref": "",
        "url": "",
        "url2": ""
      }
    },
    {
      "type": "Feature",
      "geometry": {
        "type": "Point",
        "coordinates": [
          135.7875944,
          34.3777584
        ]
      },
      "properties": {
        "内容": "バス停: 千石橋南詰 (奈良交通)",
        "name": "千石橋南詰",
        "operator": "奈良交通",
        "ref": "",
        "url": "",
        "url2": ""
      }
    },
    {
      "type": "Feature",
      "geometry": {
        "type": "Point",
        "coordinates": [
          135.7881595,
          34.3764921
        ]
      },
      "properties": {
        "内容": "バス停: 西迎院前 (Nara-kotsu)",
        "name": "西迎院前",
        "operator": "Nara-kotsu",
        "ref": "",
        "url": "",
        "url2": ""
      }
    },
    {
      "type": "Feature",
      "geometry": {
        "type": "Point",
        "coordinates": [
          135.78818,
          34.3734908
        ]
      },
      "properties": {
        "内容": "バス停: 下市今在家 (Nara-kotsu)",
        "name": "下市今在家",
        "operator": "Nara-kotsu",
        "ref": "",
        "url": "",
        "url2": ""
      }
    },
    {
      "type": "Feature",
      "geometry": {
        "type": "Point",
        "coordinates": [
          135.7882334,
          34.3731495
        ]
      },
      "properties": {
        "内容": "バス停: 下市今在家 (Nara-kotsu)",
        "name": "下市今在家",
        "operator": "Nara-kotsu",
        "ref": "",
        "url": "",
        "url2": ""
      }
    },
    {
      "type": "Feature",
      "geometry": {
        "type": "Point",
        "coordinates": [
          135.8049928,
          34.3534051
        ]
      },
      "properties": {
        "内容": "バス停: 岩森 (Nara-kotsu)",
        "name": "岩森",
        "operator": "Nara-kotsu",
        "ref": "",
        "url": "",
        "url2": ""
      }
    },
    {
      "type": "Feature",
      "geometry": {
        "type": "Point",
        "coordinates": [
          135.8051508,
          34.3533095
        ]
      },
      "properties": {
        "内容": "バス停: 岩森 (Nara-kotsu)",
        "name": "岩森",
        "operator": "Nara-kotsu",
        "ref": "",
        "url": "",
        "url2": ""
      }
    },
    {
      "type": "Feature",
      "geometry": {
        "type": "Point",
        "coordinates": [
          135.8069473,
          34.3464704
        ]
      },
      "properties": {
        "内容": "バス停: 栃本口 (Nara-kotsu)",
        "name": "栃本口",
        "operator": "Nara-kotsu",
        "ref": "",
        "url": "",
        "url2": ""
      }
    },
    {
      "type": "Feature",
      "geometry": {
        "type": "Point",
        "coordinates": [
          135.8134351,
          34.3371346
        ]
      },
      "properties": {
        "内容": "バス停: 大杉 (Nara-kotsu)",
        "name": "大杉",
        "operator": "Nara-kotsu",
        "ref": "",
        "url": "",
        "url2": ""
      }
    },
    {
      "type": "Feature",
      "geometry": {
        "type": "Point",
        "coordinates": [
          135.8057392,
          34.3162194
        ]
      },
      "properties": {
        "内容": "バス停: 宮前橋 (Nara-kotsu)",
        "name": "宮前橋",
        "operator": "Nara-kotsu",
        "ref": "",
        "url": "",
        "url2": ""
      }
    },
    {
      "type": "Feature",
      "geometry": {
        "type": "Point",
        "coordinates": [
          135.8020646,
          34.3059748
        ]
      },
      "properties": {
        "内容": "バス停: 長谷 (Nara-kotsu)",
        "name": "長谷",
        "operator": "Nara-kotsu",
        "ref": "",
        "url": "",
        "url2": ""
      }
    },
    {
      "type": "Feature",
      "geometry": {
        "type": "Point",
        "coordinates": [
          135.8068461,
          34.3072034
        ]
      },
      "properties": {
        "内容": "バス停: 丹生口 (Nara-kotsu)",
        "name": "丹生口",
        "operator": "Nara-kotsu",
        "ref": "",
        "url": "",
        "url2": ""
      }
    },
    {
      "type": "Feature",
      "geometry": {
        "type": "Point",
        "coordinates": [
          135.8148733,
          34.3041055
        ]
      },
      "properties": {
        "内容": "バス停: 丹生 (Nara-kotsu)",
        "name": "丹生",
        "operator": "Nara-kotsu",
        "ref": "",
        "url": "",
        "url2": ""
      }
    },
    {
      "type": "Feature",
      "geometry": {
        "type": "Point",
        "coordinates": [
          135.8309906,
          34.2904998
        ]
      },
      "properties": {
        "内容": "バス停: 下笠木",
        "name": "下笠木",
        "operator": "事業者不明",
        "ref": "",
        "url": "",
        "url2": ""
      }
    },
    {
      "type": "Feature",
      "geometry": {
        "type": "Point",
        "coordinates": [
          135.8306862,
          34.2870196
        ]
      },
      "properties": {
        "内容": "バス停: 笠木",
        "name": "笠木",
        "operator": "事業者不明",
        "ref": "",
        "url": "",
        "url2": ""
      }
    },
    {
      "type": "Feature",
      "geometry": {
        "type": "Point",
        "coordinates": [
          135.7882819,
          34.3712545
        ]
      },
      "properties": {
        "内容": "バス停: 寺内 (Nara-kotsu)",
        "name": "寺内",
        "operator": "Nara-kotsu",
        "ref": "",
        "url": "",
        "url2": ""
      }
    },
    {
      "type": "Feature",
      "geometry": {
        "type": "Point",
        "coordinates": [
          135.7883329,
          34.3710466
        ]
      },
      "properties": {
        "内容": "バス停: 寺内 (Nara-kotsu)",
        "name": "寺内",
        "operator": "Nara-kotsu",
        "ref": "",
        "url": "",
        "url2": ""
      }
    },
    {
      "type": "Feature",
      "geometry": {
        "type": "Point",
        "coordinates": [
          135.7883825,
          34.3688886
        ]
      },
      "properties": {
        "内容": "バス停: 田中口 (Nara-kotsu)",
        "name": "田中口",
        "operator": "Nara-kotsu",
        "ref": "",
        "url": "",
        "url2": ""
      }
    },
    {
      "type": "Feature",
      "geometry": {
        "type": "Point",
        "coordinates": [
          135.7902922,
          34.3666637
        ]
      },
      "properties": {
        "内容": "バス停: 下市田中 (Nara-kotsu)",
        "name": "下市田中",
        "operator": "Nara-kotsu",
        "ref": "",
        "url": "",
        "url2": ""
      }
    },
    {
      "type": "Feature",
      "geometry": {
        "type": "Point",
        "coordinates": [
          135.7841649,
          34.3584681
        ]
      },
      "properties": {
        "内容": "バス停: 地蔵 (Nara-kotsu)",
        "name": "地蔵",
        "operator": "Nara-kotsu",
        "ref": "",
        "url": "",
        "url2": ""
      }
    },
    {
      "type": "Feature",
      "geometry": {
        "type": "Point",
        "coordinates": [
          135.7857288,
          34.3543387
        ]
      },
      "properties": {
        "内容": "バス停: 下市栃原 (Nara-kotsu)",
        "name": "下市栃原",
        "operator": "Nara-kotsu",
        "ref": "",
        "url": "",
        "url2": ""
      }
    },
    {
      "type": "Feature",
      "geometry": {
        "type": "Point",
        "coordinates": [
          135.7830491,
          34.3513397
        ]
      },
      "properties": {
        "内容": "バス停: 桃木 (Nara-kotsu)",
        "name": "桃木",
        "operator": "Nara-kotsu",
        "ref": "",
        "url": "",
        "url2": ""
      }
    },
    {
      "type": "Feature",
      "geometry": {
        "type": "Point",
        "coordinates": [
          135.7838859,
          34.3478194
        ]
      },
      "properties": {
        "内容": "バス停: 栃原 (Nara-kotsu)",
        "name": "栃原",
        "operator": "Nara-kotsu",
        "ref": "",
        "url": "",
        "url2": ""
      }
    },
    {
      "type": "Feature",
      "geometry": {
        "type": "Point",
        "coordinates": [
          135.7817365,
          34.3415823
        ]
      },
      "properties": {
        "内容": "バス停: 上栃原 (Nara-kotsu)",
        "name": "上栃原",
        "operator": "Nara-kotsu",
        "ref": "",
        "url": "",
        "url2": ""
      }
    },
    {
      "type": "Feature",
      "geometry": {
        "type": "Point",
        "coordinates": [
          135.7820982,
          34.3393889
        ]
      },
      "properties": {
        "内容": "バス停: 平原口 (Nara-kotsu)",
        "name": "平原口",
        "operator": "Nara-kotsu",
        "ref": "",
        "url": "",
        "url2": ""
      }
    },
    {
      "type": "Feature",
      "geometry": {
        "type": "Point",
        "coordinates": [
          135.7771959,
          34.331497
        ]
      },
      "properties": {
        "内容": "バス停: 平原 (Nara-kotsu)",
        "name": "平原",
        "operator": "Nara-kotsu",
        "ref": "",
        "url": "",
        "url2": ""
      }
    },
    {
      "type": "Feature",
      "geometry": {
        "type": "Point",
        "coordinates": [
          135.777672,
          34.3319775
        ]
      },
      "properties": {
        "内容": "バス停: 平原 (Nara-kotsu)",
        "name": "平原",
        "operator": "Nara-kotsu",
        "ref": "",
        "url": "",
        "url2": ""
      }
    },
    {
      "type": "Feature",
      "geometry": {
        "type": "Point",
        "coordinates": [
          135.8533756,
          34.2414857
        ]
      },
      "properties": {
        "内容": "バス停: 沖金 (Nara-kotsu)",
        "name": "沖金",
        "operator": "Nara-kotsu",
        "ref": "",
        "url": "",
        "url2": ""
      }
    },
    {
      "type": "Feature",
      "geometry": {
        "type": "Point",
        "coordinates": [
          135.8495143,
          34.2385338
        ]
      },
      "properties": {
        "内容": "バス停: 中谷 (Nara-kotsu)",
        "name": "中谷",
        "operator": "Nara-kotsu",
        "ref": "",
        "url": "",
        "url2": ""
      }
    },
    {
      "type": "Feature",
      "geometry": {
        "type": "Point",
        "coordinates": [
          135.8476403,
          34.2362591
        ]
      },
      "properties": {
        "内容": "バス停: 上沢原 (Nara-kotsu)",
        "name": "上沢原",
        "operator": "Nara-kotsu",
        "ref": "",
        "url": "",
        "url2": ""
      }
    },
    {
      "type": "Feature",
      "geometry": {
        "type": "Point",
        "coordinates": [
          135.8465374,
          34.2333013
        ]
      },
      "properties": {
        "内容": "バス停: 沢原 (Nara-kotsu)",
        "name": "沢原",
        "operator": "Nara-kotsu",
        "ref": "",
        "url": "",
        "url2": ""
      }
    },
    {
      "type": "Feature",
      "geometry": {
        "type": "Point",
        "coordinates": [
          135.8409261,
          34.2266727
        ]
      },
      "properties": {
        "内容": "バス停: 南日裏 (Nara-kotsu)",
        "name": "南日裏",
        "operator": "Nara-kotsu",
        "ref": "",
        "url": "",
        "url2": ""
      }
    },
    {
      "type": "Feature",
      "geometry": {
        "type": "Point",
        "coordinates": [
          135.8420791,
          34.227811
        ]
      },
      "properties": {
        "内容": "バス停: 南日裏口 (Nara-kotsu)",
        "name": "南日裏口",
        "operator": "Nara-kotsu",
        "ref": "",
        "url": "",
        "url2": ""
      }
    },
    {
      "type": "Feature",
      "geometry": {
        "type": "Point",
        "coordinates": [
          135.8411572,
          34.2232809
        ]
      },
      "properties": {
        "内容": "バス停: 天河大弁財天社 (Nara-kotsu)",
        "name": "天河大弁財天社",
        "operator": "Nara-kotsu",
        "ref": "",
        "url": "",
        "url2": ""
      }
    },
    {
      "type": "Feature",
      "geometry": {
        "type": "Point",
        "coordinates": [
          135.8407678,
          34.2218635
        ]
      },
      "properties": {
        "内容": "バス停: 天の川温泉 (Nara-kotsu)",
        "name": "天の川温泉",
        "operator": "Nara-kotsu",
        "ref": "",
        "url": "",
        "url2": ""
      }
    },
    {
      "type": "Feature",
      "geometry": {
        "type": "Point",
        "coordinates": [
          135.8401628,
          34.2212246
        ]
      },
      "properties": {
        "内容": "バス停: 坪内 (Nara-kotsu)",
        "name": "坪内",
        "operator": "Nara-kotsu",
        "ref": "",
        "url": "",
        "url2": ""
      }
    },
    {
      "type": "Feature",
      "geometry": {
        "type": "Point",
        "coordinates": [
          135.832479,
          34.213218
        ]
      },
      "properties": {
        "内容": "バス停: 九尾 (Nara-kotsu)",
        "name": "九尾",
        "operator": "Nara-kotsu",
        "ref": "",
        "url": "",
        "url2": ""
      }
    },
    {
      "type": "Feature",
      "geometry": {
        "type": "Point",
        "coordinates": [
          135.8251643,
          34.2057769
        ]
      },
      "properties": {
        "内容": "バス停: 髪栃尾 (Nara-kotsu)",
        "name": "髪栃尾",
        "operator": "Nara-kotsu",
        "ref": "",
        "url": "",
        "url2": ""
      }
    },
    {
      "type": "Feature",
      "geometry": {
        "type": "Point",
        "coordinates": [
          135.8222841,
          34.2037085
        ]
      },
      "properties": {
        "内容": "バス停: 栃尾 (Nara-kotsu)",
        "name": "栃尾",
        "operator": "Nara-kotsu",
        "ref": "",
        "url": "",
        "url2": ""
      }
    },
    {
      "type": "Feature",
      "geometry": {
        "type": "Point",
        "coordinates": [
          135.8212479,
          34.2015461
        ]
      },
      "properties": {
        "内容": "バス停: 下栃尾 (Nara-kotsu)",
        "name": "下栃尾",
        "operator": "Nara-kotsu",
        "ref": "",
        "url": "",
        "url2": ""
      }
    },
    {
      "type": "Feature",
      "geometry": {
        "type": "Point",
        "coordinates": [
          135.8192185,
          34.1946824
        ]
      },
      "properties": {
        "内容": "バス停: 天川和田 (Nara-kotsu)",
        "name": "天川和田",
        "operator": "Nara-kotsu",
        "ref": "",
        "url": "",
        "url2": ""
      }
    },
    {
      "type": "Feature",
      "geometry": {
        "type": "Point",
        "coordinates": [
          135.8186008,
          34.1963675
        ]
      },
      "properties": {
        "内容": "バス停: 中和田 (Nara-kotsu)",
        "name": "中和田",
        "operator": "Nara-kotsu",
        "ref": "",
        "url": "",
        "url2": ""
      }
    },
    {
      "type": "Feature",
      "geometry": {
        "type": "Point",
        "coordinates": [
          135.8132341,
          34.1966298
        ]
      },
      "properties": {
        "内容": "バス停: 下和田",
        "name": "下和田",
        "operator": "事業者不明",
        "ref": "",
        "url": "",
        "url2": ""
      }
    },
    {
      "type": "Feature",
      "geometry": {
        "type": "Point",
        "coordinates": [
          135.8075161,
          34.1977494
        ]
      },
      "properties": {
        "内容": "バス停: 天川西谷口 (Nara-kotsu)",
        "name": "天川西谷口",
        "operator": "Nara-kotsu",
        "ref": "",
        "url": "",
        "url2": ""
      }
    },
    {
      "type": "Feature",
      "geometry": {
        "type": "Point",
        "coordinates": [
          135.8043097,
          34.1964065
        ]
      },
      "properties": {
        "内容": "バス停: 上庵住 (Nara-kotsu)",
        "name": "上庵住",
        "operator": "Nara-kotsu",
        "ref": "",
        "url": "",
        "url2": ""
      }
    },
    {
      "type": "Feature",
      "geometry": {
        "type": "Point",
        "coordinates": [
          135.8005543,
          34.1940337
        ]
      },
      "properties": {
        "内容": "バス停: 中庵住 (Nara-kotsu)",
        "name": "中庵住",
        "operator": "Nara-kotsu",
        "ref": "",
        "url": "",
        "url2": ""
      }
    },
    {
      "type": "Feature",
      "geometry": {
        "type": "Point",
        "coordinates": [
          135.7910582,
          34.7229057
        ]
      },
      "properties": {
        "内容": "バス停: 名称不明バス停",
        "name": "名称不明バス停",
        "operator": "事業者不明",
        "ref": "",
        "url": "",
        "url2": ""
      }
    },
    {
      "type": "Feature",
      "geometry": {
        "type": "Point",
        "coordinates": [
          135.7397947,
          34.5525925
        ]
      },
      "properties": {
        "内容": "バス停: 新家 (Nara-kotsu)",
        "name": "新家",
        "operator": "Nara-kotsu",
        "ref": "",
        "url": "",
        "url2": ""
      }
    },
    {
      "type": "Feature",
      "geometry": {
        "type": "Point",
        "coordinates": [
          135.7398908,
          34.5522296
        ]
      },
      "properties": {
        "内容": "バス停: 新家 (Nara-kotsu)",
        "name": "新家",
        "operator": "Nara-kotsu",
        "ref": "",
        "url": "",
        "url2": ""
      }
    },
    {
      "type": "Feature",
      "geometry": {
        "type": "Point",
        "coordinates": [
          135.7398766,
          34.5464052
        ]
      },
      "properties": {
        "内容": "バス停: 大垣内 (Nara-kotsu)",
        "name": "大垣内",
        "operator": "Nara-kotsu",
        "ref": "",
        "url": "",
        "url2": ""
      }
    },
    {
      "type": "Feature",
      "geometry": {
        "type": "Point",
        "coordinates": [
          135.7395261,
          34.5440899
        ]
      },
      "properties": {
        "内容": "バス停: 疋相 (Nara-kotsu)",
        "name": "疋相",
        "operator": "Nara-kotsu",
        "ref": "",
        "url": "",
        "url2": ""
      }
    },
    {
      "type": "Feature",
      "geometry": {
        "type": "Point",
        "coordinates": [
          135.7396114,
          34.5438883
        ]
      },
      "properties": {
        "内容": "バス停: 疋相 (Nara-kotsu)",
        "name": "疋相",
        "operator": "Nara-kotsu",
        "ref": "",
        "url": "",
        "url2": ""
      }
    },
    {
      "type": "Feature",
      "geometry": {
        "type": "Point",
        "coordinates": [
          135.739641,
          34.5414129
        ]
      },
      "properties": {
        "内容": "バス停: 疋相南口 (Nara-kotsu)",
        "name": "疋相南口",
        "operator": "Nara-kotsu",
        "ref": "",
        "url": "",
        "url2": ""
      }
    },
    {
      "type": "Feature",
      "geometry": {
        "type": "Point",
        "coordinates": [
          135.7396568,
          34.5400657
        ]
      },
      "properties": {
        "内容": "バス停: 広陵平尾 (Nara-kotsu)",
        "name": "広陵平尾",
        "operator": "Nara-kotsu",
        "ref": "",
        "url": "",
        "url2": ""
      }
    },
    {
      "type": "Feature",
      "geometry": {
        "type": "Point",
        "coordinates": [
          135.7395852,
          34.5397261
        ]
      },
      "properties": {
        "内容": "バス停: 広陵平尾 (Nara-kotsu)",
        "name": "広陵平尾",
        "operator": "Nara-kotsu",
        "ref": "",
        "url": "",
        "url2": ""
      }
    },
    {
      "type": "Feature",
      "geometry": {
        "type": "Point",
        "coordinates": [
          135.739627,
          34.5371285
        ]
      },
      "properties": {
        "内容": "バス停: 安部 (Nara-kotsu)",
        "name": "安部",
        "operator": "Nara-kotsu",
        "ref": "",
        "url": "",
        "url2": ""
      }
    },
    {
      "type": "Feature",
      "geometry": {
        "type": "Point",
        "coordinates": [
          135.7397027,
          34.537264
        ]
      },
      "properties": {
        "内容": "バス停: 安部 (Nara-kotsu)",
        "name": "安部",
        "operator": "Nara-kotsu",
        "ref": "",
        "url": "",
        "url2": ""
      }
    },
    {
      "type": "Feature",
      "geometry": {
        "type": "Point",
        "coordinates": [
          135.7372921,
          34.5346323
        ]
      },
      "properties": {
        "内容": "バス停: 大塚 (Nara-kotsu)",
        "name": "大塚",
        "operator": "Nara-kotsu",
        "ref": "",
        "url": "",
        "url2": ""
      }
    },
    {
      "type": "Feature",
      "geometry": {
        "type": "Point",
        "coordinates": [
          135.7374556,
          34.5345703
        ]
      },
      "properties": {
        "内容": "バス停: 大塚 (Nara-kotsu)",
        "name": "大塚",
        "operator": "Nara-kotsu",
        "ref": "",
        "url": "",
        "url2": ""
      }
    },
    {
      "type": "Feature",
      "geometry": {
        "type": "Point",
        "coordinates": [
          135.7362151,
          34.5313072
        ]
      },
      "properties": {
        "内容": "バス停: 六道山北口 (Nara-kotsu)",
        "name": "六道山北口",
        "operator": "Nara-kotsu",
        "ref": "",
        "url": "",
        "url2": ""
      }
    },
    {
      "type": "Feature",
      "geometry": {
        "type": "Point",
        "coordinates": [
          135.7359791,
          34.5311412
        ]
      },
      "properties": {
        "内容": "バス停: 六道山北口 (Nara-kotsu)",
        "name": "六道山北口",
        "operator": "Nara-kotsu",
        "ref": "",
        "url": "",
        "url2": ""
      }
    },
    {
      "type": "Feature",
      "geometry": {
        "type": "Point",
        "coordinates": [
          135.7358623,
          34.5298717
        ]
      },
      "properties": {
        "内容": "バス停: 六道山 (Nara-kotsu)",
        "name": "六道山",
        "operator": "Nara-kotsu",
        "ref": "",
        "url": "",
        "url2": ""
      }
    },
    {
      "type": "Feature",
      "geometry": {
        "type": "Point",
        "coordinates": [
          135.7358702,
          34.5288898
        ]
      },
      "properties": {
        "内容": "バス停: 六道山 (Nara-kotsu)",
        "name": "六道山",
        "operator": "Nara-kotsu",
        "ref": "",
        "url": "",
        "url2": ""
      }
    },
    {
      "type": "Feature",
      "geometry": {
        "type": "Point",
        "coordinates": [
          135.7378434,
          34.5243668
        ]
      },
      "properties": {
        "内容": "バス停: 築山 (Nara-kotsu)",
        "name": "築山",
        "operator": "Nara-kotsu",
        "ref": "",
        "url": "",
        "url2": ""
      }
    },
    {
      "type": "Feature",
      "geometry": {
        "type": "Point",
        "coordinates": [
          135.7380583,
          34.5242945
        ]
      },
      "properties": {
        "内容": "バス停: 築山 (Nara-kotsu)",
        "name": "築山",
        "operator": "Nara-kotsu",
        "ref": "",
        "url": "",
        "url2": ""
      }
    },
    {
      "type": "Feature",
      "geometry": {
        "type": "Point",
        "coordinates": [
          135.743169,
          34.5191578
        ]
      },
      "properties": {
        "内容": "バス停: 近鉄大和高田駅 (Nara-kotsu)",
        "name": "近鉄大和高田駅",
        "operator": "Nara-kotsu",
        "ref": "",
        "url": "",
        "url2": ""
      }
    },
    {
      "type": "Feature",
      "geometry": {
        "type": "Point",
        "coordinates": [
          135.743007,
          34.5161403
        ]
      },
      "properties": {
        "内容": "バス停: 高砂町 (Nara-kotsu)",
        "name": "高砂町",
        "operator": "Nara-kotsu",
        "ref": "",
        "url": "",
        "url2": ""
      }
    },
    {
      "type": "Feature",
      "geometry": {
        "type": "Point",
        "coordinates": [
          135.7431148,
          34.516242
        ]
      },
      "properties": {
        "内容": "バス停: 高砂町 (Nara-kotsu)",
        "name": "高砂町",
        "operator": "Nara-kotsu",
        "ref": "",
        "url": "",
        "url2": ""
      }
    },
    {
      "type": "Feature",
      "geometry": {
        "type": "Point",
        "coordinates": [
          135.7434206,
          34.5151827
        ]
      },
      "properties": {
        "内容": "バス停: 天神橋 (Nara-kotsu)",
        "name": "天神橋",
        "operator": "Nara-kotsu",
        "ref": "",
        "url": "",
        "url2": ""
      }
    },
    {
      "type": "Feature",
      "geometry": {
        "type": "Point",
        "coordinates": [
          135.7434956,
          34.5149725
        ]
      },
      "properties": {
        "内容": "バス停: 天神橋 (Nara-kotsu)",
        "name": "天神橋",
        "operator": "Nara-kotsu",
        "ref": "",
        "url": "",
        "url2": ""
      }
    },
    {
      "type": "Feature",
      "geometry": {
        "type": "Point",
        "coordinates": [
          135.7437222,
          34.511802
        ]
      },
      "properties": {
        "内容": "バス停: 古川町 (Nara-kotsu)",
        "name": "古川町",
        "operator": "Nara-kotsu",
        "ref": "",
        "url": "",
        "url2": ""
      }
    },
    {
      "type": "Feature",
      "geometry": {
        "type": "Point",
        "coordinates": [
          135.7436331,
          34.5118622
        ]
      },
      "properties": {
        "内容": "バス停: 古川町 (Nara-kotsu)",
        "name": "古川町",
        "operator": "Nara-kotsu",
        "ref": "",
        "url": "",
        "url2": ""
      }
    },
    {
      "type": "Feature",
      "geometry": {
        "type": "Point",
        "coordinates": [
          135.7421009,
          34.5100706
        ]
      },
      "properties": {
        "内容": "バス停: 片塩町 (Nara-kotsu)",
        "name": "片塩町",
        "operator": "Nara-kotsu",
        "ref": "",
        "url": "",
        "url2": ""
      }
    },
    {
      "type": "Feature",
      "geometry": {
        "type": "Point",
        "coordinates": [
          135.7421626,
          34.5098186
        ]
      },
      "properties": {
        "内容": "バス停: 片塩町 (Nara-kotsu)",
        "name": "片塩町",
        "operator": "Nara-kotsu",
        "ref": "",
        "url": "",
        "url2": ""
      }
    },
    {
      "type": "Feature",
      "geometry": {
        "type": "Point",
        "coordinates": [
          135.7419268,
          34.5076595
        ]
      },
      "properties": {
        "内容": "バス停: 高田市駅 (Nara-kotsu)",
        "name": "高田市駅",
        "operator": "Nara-kotsu",
        "ref": "",
        "url": "",
        "url2": ""
      }
    },
    {
      "type": "Feature",
      "geometry": {
        "type": "Point",
        "coordinates": [
          135.7420907,
          34.5077061
        ]
      },
      "properties": {
        "内容": "バス停: 高田市駅 (Nara-kotsu)",
        "name": "高田市駅",
        "operator": "Nara-kotsu",
        "ref": "",
        "url": "",
        "url2": ""
      }
    },
    {
      "type": "Feature",
      "geometry": {
        "type": "Point",
        "coordinates": [
          135.7400532,
          34.50402
        ]
      },
      "properties": {
        "内容": "バス停: 栄町 (Nara-kotsu)",
        "name": "栄町",
        "operator": "Nara-kotsu",
        "ref": "",
        "url": "",
        "url2": ""
      }
    },
    {
      "type": "Feature",
      "geometry": {
        "type": "Point",
        "coordinates": [
          135.7404992,
          34.5042012
        ]
      },
      "properties": {
        "内容": "バス停: 栄町 (Nara-kotsu)",
        "name": "栄町",
        "operator": "Nara-kotsu",
        "ref": "",
        "url": "",
        "url2": ""
      }
    },
    {
      "type": "Feature",
      "geometry": {
        "type": "Point",
        "coordinates": [
          135.7362322,
          34.5012618
        ]
      },
      "properties": {
        "内容": "バス停: 東中 (Nara-kotsu)",
        "name": "東中",
        "operator": "Nara-kotsu",
        "ref": "",
        "url": "",
        "url2": ""
      }
    },
    {
      "type": "Feature",
      "geometry": {
        "type": "Point",
        "coordinates": [
          135.737089,
          34.5017939
        ]
      },
      "properties": {
        "内容": "バス停: 東中 (Nara-kotsu)",
        "name": "東中",
        "operator": "Nara-kotsu",
        "ref": "",
        "url": "",
        "url2": ""
      }
    },
    {
      "type": "Feature",
      "geometry": {
        "type": "Point",
        "coordinates": [
          135.7314506,
          34.5002652
        ]
      },
      "properties": {
        "内容": "バス停: 奈良文化高校 (Nara-kotsu)",
        "name": "奈良文化高校",
        "operator": "Nara-kotsu",
        "ref": "",
        "url": "",
        "url2": ""
      }
    },
    {
      "type": "Feature",
      "geometry": {
        "type": "Point",
        "coordinates": [
          136.011123,
          34.709775
        ]
      },
      "properties": {
        "内容": "バス停: 桃香野自治会館",
        "name": "桃香野自治会館",
        "operator": "事業者不明",
        "ref": "",
        "url": "",
        "url2": ""
      }
    },
    {
      "type": "Feature",
      "geometry": {
        "type": "Point",
        "coordinates": [
          135.7426459,
          34.5094617
        ]
      },
      "properties": {
        "内容": "バス停: 片塩町 (Nara-kotsu)",
        "name": "片塩町",
        "operator": "Nara-kotsu",
        "ref": "",
        "url": "",
        "url2": ""
      }
    },
    {
      "type": "Feature",
      "geometry": {
        "type": "Point",
        "coordinates": [
          135.742633,
          34.5093028
        ]
      },
      "properties": {
        "内容": "バス停: 片塩町 (Nara-kotsu)",
        "name": "片塩町",
        "operator": "Nara-kotsu",
        "ref": "",
        "url": "",
        "url2": ""
      }
    },
    {
      "type": "Feature",
      "geometry": {
        "type": "Point",
        "coordinates": [
          135.748453,
          34.5094789
        ]
      },
      "properties": {
        "内容": "バス停: 今里 (Nara-kotsu)",
        "name": "今里",
        "operator": "Nara-kotsu",
        "ref": "",
        "url": "",
        "url2": ""
      }
    },
    {
      "type": "Feature",
      "geometry": {
        "type": "Point",
        "coordinates": [
          135.7483898,
          34.5093471
        ]
      },
      "properties": {
        "内容": "バス停: 今里 (Nara-kotsu)",
        "name": "今里",
        "operator": "Nara-kotsu",
        "ref": "",
        "url": "",
        "url2": ""
      }
    },
    {
      "type": "Feature",
      "geometry": {
        "type": "Point",
        "coordinates": [
          135.7549903,
          34.5091847
        ]
      },
      "properties": {
        "内容": "バス停: 今里東 (Nara-kotsu)",
        "name": "今里東",
        "operator": "Nara-kotsu",
        "ref": "",
        "url": "",
        "url2": ""
      }
    },
    {
      "type": "Feature",
      "geometry": {
        "type": "Point",
        "coordinates": [
          135.7549369,
          34.5090473
        ]
      },
      "properties": {
        "内容": "バス停: 今里東 (Nara-kotsu)",
        "name": "今里東",
        "operator": "Nara-kotsu",
        "ref": "",
        "url": "",
        "url2": ""
      }
    },
    {
      "type": "Feature",
      "geometry": {
        "type": "Point",
        "coordinates": [
          135.7348371,
          34.494909
        ]
      },
      "properties": {
        "内容": "バス停: 粗大根 (Nara-kotsu)",
        "name": "粗大根",
        "operator": "Nara-kotsu",
        "ref": "",
        "url": "",
        "url2": ""
      }
    },
    {
      "type": "Feature",
      "geometry": {
        "type": "Point",
        "coordinates": [
          135.735022,
          34.4938759
        ]
      },
      "properties": {
        "内容": "バス停: 粗大根 (Nara-kotsu)",
        "name": "粗大根",
        "operator": "Nara-kotsu",
        "ref": "",
        "url": "",
        "url2": ""
      }
    },
    {
      "type": "Feature",
      "geometry": {
        "type": "Point",
        "coordinates": [
          135.7337708,
          34.4893651
        ]
      },
      "properties": {
        "内容": "バス停: 新庄 (Nara-kotsu)",
        "name": "新庄",
        "operator": "Nara-kotsu",
        "ref": "",
        "url": "",
        "url2": ""
      }
    },
    {
      "type": "Feature",
      "geometry": {
        "type": "Point",
        "coordinates": [
          135.7334137,
          34.4880342
        ]
      },
      "properties": {
        "内容": "バス停: 新庄 (Nara-kotsu)",
        "name": "新庄",
        "operator": "Nara-kotsu",
        "ref": "",
        "url": "",
        "url2": ""
      }
    },
    {
      "type": "Feature",
      "geometry": {
        "type": "Point",
        "coordinates": [
          135.7323411,
          34.4832171
        ]
      },
      "properties": {
        "内容": "バス停: 北花内 (Nara-kotsu)",
        "name": "北花内",
        "operator": "Nara-kotsu",
        "ref": "",
        "url": "",
        "url2": ""
      }
    },
    {
      "type": "Feature",
      "geometry": {
        "type": "Point",
        "coordinates": [
          135.7324641,
          34.4838546
        ]
      },
      "properties": {
        "内容": "バス停: 北花内 (Nara-kotsu)",
        "name": "北花内",
        "operator": "Nara-kotsu",
        "ref": "",
        "url": "",
        "url2": ""
      }
    },
    {
      "type": "Feature",
      "geometry": {
        "type": "Point",
        "coordinates": [
          135.7326112,
          34.4783692
        ]
      },
      "properties": {
        "内容": "バス停: 忍海 (Nara-kotsu)",
        "name": "忍海",
        "operator": "Nara-kotsu",
        "ref": "",
        "url": "",
        "url2": ""
      }
    },
    {
      "type": "Feature",
      "geometry": {
        "type": "Point",
        "coordinates": [
          135.7324007,
          34.4780659
        ]
      },
      "properties": {
        "内容": "バス停: 忍海 (Nara-kotsu)",
        "name": "忍海",
        "operator": "Nara-kotsu",
        "ref": "",
        "url": "",
        "url2": ""
      }
    },
    {
      "type": "Feature",
      "geometry": {
        "type": "Point",
        "coordinates": [
          135.7320751,
          34.4762195
        ]
      },
      "properties": {
        "内容": "バス停: 忍海駅 (Nara-kotsu)",
        "name": "忍海駅",
        "operator": "Nara-kotsu",
        "ref": "",
        "url": "",
        "url2": ""
      }
    },
    {
      "type": "Feature",
      "geometry": {
        "type": "Point",
        "coordinates": [
          135.7325889,
          34.4761496
        ]
      },
      "properties": {
        "内容": "バス停: 忍海駅 (Nara-kotsu)",
        "name": "忍海駅",
        "operator": "Nara-kotsu",
        "ref": "",
        "url": "",
        "url2": ""
      }
    },
    {
      "type": "Feature",
      "geometry": {
        "type": "Point",
        "coordinates": [
          135.7327825,
          34.4719864
        ]
      },
      "properties": {
        "内容": "バス停: 御所元町 (Nara-kotsu)",
        "name": "御所元町",
        "operator": "Nara-kotsu",
        "ref": "",
        "url": "",
        "url2": ""
      }
    },
    {
      "type": "Feature",
      "geometry": {
        "type": "Point",
        "coordinates": [
          135.732998,
          34.4710008
        ]
      },
      "properties": {
        "内容": "バス停: 御所元町 (Nara-kotsu)",
        "name": "御所元町",
        "operator": "Nara-kotsu",
        "ref": "",
        "url": "",
        "url2": ""
      }
    },
    {
      "type": "Feature",
      "geometry": {
        "type": "Point",
        "coordinates": [
          135.7313841,
          34.4502977
        ]
      },
      "properties": {
        "内容": "バス停: 御所幸町 (Nara-kotsu)",
        "name": "御所幸町",
        "operator": "Nara-kotsu",
        "ref": "",
        "url": "",
        "url2": ""
      }
    },
    {
      "type": "Feature",
      "geometry": {
        "type": "Point",
        "coordinates": [
          135.731028,
          34.449342
        ]
      },
      "properties": {
        "内容": "バス停: 御所幸町 (Nara-kotsu)",
        "name": "御所幸町",
        "operator": "Nara-kotsu",
        "ref": "",
        "url": "",
        "url2": ""
      }
    },
    {
      "type": "Feature",
      "geometry": {
        "type": "Point",
        "coordinates": [
          135.7291579,
          34.4446549
        ]
      },
      "properties": {
        "内容": "バス停: 宮戸橋 (Nara-kotsu)",
        "name": "宮戸橋",
        "operator": "Nara-kotsu",
        "ref": "",
        "url": "",
        "url2": ""
      }
    },
    {
      "type": "Feature",
      "geometry": {
        "type": "Point",
        "coordinates": [
          135.7291991,
          34.4443979
        ]
      },
      "properties": {
        "内容": "バス停: 宮戸橋 (Nara-kotsu)",
        "name": "宮戸橋",
        "operator": "Nara-kotsu",
        "ref": "",
        "url": "",
        "url2": ""
      }
    },
    {
      "type": "Feature",
      "geometry": {
        "type": "Point",
        "coordinates": [
          135.7275001,
          34.4392017
        ]
      },
      "properties": {
        "内容": "バス停: 寺田橋 (Nara-kotsu)",
        "name": "寺田橋",
        "operator": "Nara-kotsu",
        "ref": "",
        "url": "",
        "url2": ""
      }
    },
    {
      "type": "Feature",
      "geometry": {
        "type": "Point",
        "coordinates": [
          135.7273891,
          34.4392796
        ]
      },
      "properties": {
        "内容": "バス停: 寺田橋 (Nara-kotsu)",
        "name": "寺田橋",
        "operator": "Nara-kotsu",
        "ref": "",
        "url": "",
        "url2": ""
      }
    },
    {
      "type": "Feature",
      "geometry": {
        "type": "Point",
        "coordinates": [
          135.720317,
          34.429694
        ]
      },
      "properties": {
        "内容": "バス停: 小殿 (Nara-kotsu)",
        "name": "小殿",
        "operator": "Nara-kotsu",
        "ref": "",
        "url": "",
        "url2": ""
      }
    },
    {
      "type": "Feature",
      "geometry": {
        "type": "Point",
        "coordinates": [
          135.720341,
          34.4299918
        ]
      },
      "properties": {
        "内容": "バス停: 小殿 (Nara-kotsu)",
        "name": "小殿",
        "operator": "Nara-kotsu",
        "ref": "",
        "url": "",
        "url2": ""
      }
    },
    {
      "type": "Feature",
      "geometry": {
        "type": "Point",
        "coordinates": [
          135.7194005,
          34.4205447
        ]
      },
      "properties": {
        "内容": "バス停: 鳥井戸 (Nara-kotsu)",
        "name": "鳥井戸",
        "operator": "Nara-kotsu",
        "ref": "",
        "url": "",
        "url2": ""
      }
    },
    {
      "type": "Feature",
      "geometry": {
        "type": "Point",
        "coordinates": [
          135.7190244,
          34.4213024
        ]
      },
      "properties": {
        "内容": "バス停: 鳥井戸 (Nara-kotsu)",
        "name": "鳥井戸",
        "operator": "Nara-kotsu",
        "ref": "",
        "url": "",
        "url2": ""
      }
    },
    {
      "type": "Feature",
      "geometry": {
        "type": "Point",
        "coordinates": [
          135.7186258,
          34.4148951
        ]
      },
      "properties": {
        "内容": "バス停: 船路 (Nara-kotsu)",
        "name": "船路",
        "operator": "Nara-kotsu",
        "ref": "",
        "url": "",
        "url2": ""
      }
    },
    {
      "type": "Feature",
      "geometry": {
        "type": "Point",
        "coordinates": [
          135.7185045,
          34.4149067
        ]
      },
      "properties": {
        "内容": "バス停: 船路 (Nara-kotsu)",
        "name": "船路",
        "operator": "Nara-kotsu",
        "ref": "",
        "url": "",
        "url2": ""
      }
    },
    {
      "type": "Feature",
      "geometry": {
        "type": "Point",
        "coordinates": [
          135.7152078,
          34.4041318
        ]
      },
      "properties": {
        "内容": "バス停: 風の森 (Nara-kotsu)",
        "name": "風の森",
        "operator": "Nara-kotsu",
        "ref": "",
        "url": "",
        "url2": ""
      }
    },
    {
      "type": "Feature",
      "geometry": {
        "type": "Point",
        "coordinates": [
          135.7153502,
          34.4041188
        ]
      },
      "properties": {
        "内容": "バス停: 風の森 (Nara-kotsu)",
        "name": "風の森",
        "operator": "Nara-kotsu",
        "ref": "",
        "url": "",
        "url2": ""
      }
    },
    {
      "type": "Feature",
      "geometry": {
        "type": "Point",
        "coordinates": [
          135.7149384,
          34.3996562
        ]
      },
      "properties": {
        "内容": "バス停: 東佐味 (Nara-kotsu)",
        "name": "東佐味",
        "operator": "Nara-kotsu",
        "ref": "",
        "url": "",
        "url2": ""
      }
    },
    {
      "type": "Feature",
      "geometry": {
        "type": "Point",
        "coordinates": [
          135.7148547,
          34.3997691
        ]
      },
      "properties": {
        "内容": "バス停: 東佐味 (Nara-kotsu)",
        "name": "東佐味",
        "operator": "Nara-kotsu",
        "ref": "",
        "url": "",
        "url2": ""
      }
    },
    {
      "type": "Feature",
      "geometry": {
        "type": "Point",
        "coordinates": [
          135.7146425,
          34.3927716
        ]
      },
      "properties": {
        "内容": "バス停: 小山 (Nara-kotsu)",
        "name": "小山",
        "operator": "Nara-kotsu",
        "ref": "",
        "url": "",
        "url2": ""
      }
    },
    {
      "type": "Feature",
      "geometry": {
        "type": "Point",
        "coordinates": [
          135.7149485,
          34.3922556
        ]
      },
      "properties": {
        "内容": "バス停: 小山 (Nara-kotsu)",
        "name": "小山",
        "operator": "Nara-kotsu",
        "ref": "",
        "url": "",
        "url2": ""
      }
    },
    {
      "type": "Feature",
      "geometry": {
        "type": "Point",
        "coordinates": [
          135.7148254,
          34.3877433
        ]
      },
      "properties": {
        "内容": "バス停: 居伝町 (Nara-kotsu)",
        "name": "居伝町",
        "operator": "Nara-kotsu",
        "ref": "",
        "url": "",
        "url2": ""
      }
    },
    {
      "type": "Feature",
      "geometry": {
        "type": "Point",
        "coordinates": [
          135.7145667,
          34.3872052
        ]
      },
      "properties": {
        "内容": "バス停: 居伝町 (Nara-kotsu)",
        "name": "居伝町",
        "operator": "Nara-kotsu",
        "ref": "",
        "url": "",
        "url2": ""
      }
    },
    {
      "type": "Feature",
      "geometry": {
        "type": "Point",
        "coordinates": [
          135.7256056,
          34.3862378
        ]
      },
      "properties": {
        "内容": "バス停: テクノ東通り北 (Nara-kotsu)",
        "name": "テクノ東通り北",
        "operator": "Nara-kotsu",
        "ref": "",
        "url": "",
        "url2": ""
      }
    },
    {
      "type": "Feature",
      "geometry": {
        "type": "Point",
        "coordinates": [
          135.7255468,
          34.3861239
        ]
      },
      "properties": {
        "内容": "バス停: テクノ東通り北 (Nara-kotsu)",
        "name": "テクノ東通り北",
        "operator": "Nara-kotsu",
        "ref": "",
        "url": "",
        "url2": ""
      }
    },
    {
      "type": "Feature",
      "geometry": {
        "type": "Point",
        "coordinates": [
          135.72767,
          34.3852531
        ]
      },
      "properties": {
        "内容": "バス停: テクノ東通り中 (Nara-kotsu)",
        "name": "テクノ東通り中",
        "operator": "Nara-kotsu",
        "ref": "Techno-higashi-dori-naka",
        "url": "",
        "url2": ""
      }
    },
    {
      "type": "Feature",
      "geometry": {
        "type": "Point",
        "coordinates": [
          135.7252472,
          34.3843271
        ]
      },
      "properties": {
        "内容": "バス停: テクノ中央通り中 (Nara-kotsu)",
        "name": "テクノ中央通り中",
        "operator": "Nara-kotsu",
        "ref": "",
        "url": "",
        "url2": ""
      }
    },
    {
      "type": "Feature",
      "geometry": {
        "type": "Point",
        "coordinates": [
          135.7262604,
          34.3853865
        ]
      },
      "properties": {
        "内容": "バス停: テクノ中央通り東 (Nara-kotsu)",
        "name": "テクノ中央通り東",
        "operator": "Nara-kotsu",
        "ref": "",
        "url": "",
        "url2": ""
      }
    },
    {
      "type": "Feature",
      "geometry": {
        "type": "Point",
        "coordinates": [
          135.7160927,
          34.3823972
        ]
      },
      "properties": {
        "内容": "バス停: 住川 (Nara-kotsu)",
        "name": "住川",
        "operator": "Nara-kotsu",
        "ref": "",
        "url": "",
        "url2": ""
      }
    },
    {
      "type": "Feature",
      "geometry": {
        "type": "Point",
        "coordinates": [
          135.7162058,
          34.3823237
        ]
      },
      "properties": {
        "内容": "バス停: 住川 (Nara-kotsu)",
        "name": "住川",
        "operator": "Nara-kotsu",
        "ref": "",
        "url": "",
        "url2": ""
      }
    },
    {
      "type": "Feature",
      "geometry": {
        "type": "Point",
        "coordinates": [
          135.7167517,
          34.3691539
        ]
      },
      "properties": {
        "内容": "バス停: 国道三在 (Nara-kotsu)",
        "name": "国道三在",
        "operator": "Nara-kotsu",
        "ref": "",
        "url": "",
        "url2": ""
      }
    },
    {
      "type": "Feature",
      "geometry": {
        "type": "Point",
        "coordinates": [
          135.7168372,
          34.3689644
        ]
      },
      "properties": {
        "内容": "バス停: 国道三在 (Nara-kotsu)",
        "name": "国道三在",
        "operator": "Nara-kotsu",
        "ref": "",
        "url": "",
        "url2": ""
      }
    },
    {
      "type": "Feature",
      "geometry": {
        "type": "Point",
        "coordinates": [
          135.716464,
          34.3660743
        ]
      },
      "properties": {
        "内容": "バス停: 宇野 (Nara-kotsu)",
        "name": "宇野",
        "operator": "Nara-kotsu",
        "ref": "",
        "url": "",
        "url2": ""
      }
    },
    {
      "type": "Feature",
      "geometry": {
        "type": "Point",
        "coordinates": [
          135.7163396,
          34.366121
        ]
      },
      "properties": {
        "内容": "バス停: 宇野 (Nara-kotsu)",
        "name": "宇野",
        "operator": "Nara-kotsu",
        "ref": "",
        "url": "",
        "url2": ""
      }
    },
    {
      "type": "Feature",
      "geometry": {
        "type": "Point",
        "coordinates": [
          135.7146528,
          34.3614571
        ]
      },
      "properties": {
        "内容": "バス停: 上今井 (Nara-kotsu)",
        "name": "上今井",
        "operator": "Nara-kotsu",
        "ref": "",
        "url": "",
        "url2": ""
      }
    },
    {
      "type": "Feature",
      "geometry": {
        "type": "Point",
        "coordinates": [
          135.7141726,
          34.3612524
        ]
      },
      "properties": {
        "内容": "バス停: 上今井 (Nara-kotsu)",
        "name": "上今井",
        "operator": "Nara-kotsu",
        "ref": "",
        "url": "",
        "url2": ""
      }
    },
    {
      "type": "Feature",
      "geometry": {
        "type": "Point",
        "coordinates": [
          135.710478,
          34.3584613
        ]
      },
      "properties": {
        "内容": "バス停: 栄山寺口 (Nara-kotsu)",
        "name": "栄山寺口",
        "operator": "Nara-kotsu",
        "ref": "",
        "url": "",
        "url2": ""
      }
    },
    {
      "type": "Feature",
      "geometry": {
        "type": "Point",
        "coordinates": [
          135.7105512,
          34.358327
        ]
      },
      "properties": {
        "内容": "バス停: 栄山寺口 (Nara-kotsu)",
        "name": "栄山寺口",
        "operator": "Nara-kotsu",
        "ref": "",
        "url": "",
        "url2": ""
      }
    },
    {
      "type": "Feature",
      "geometry": {
        "type": "Point",
        "coordinates": [
          135.70787,
          34.3568015
        ]
      },
      "properties": {
        "内容": "バス停: 今井 (Nara-kotsu)",
        "name": "今井",
        "operator": "Nara-kotsu",
        "ref": "",
        "url": "",
        "url2": ""
      }
    },
    {
      "type": "Feature",
      "geometry": {
        "type": "Point",
        "coordinates": [
          135.707822,
          34.3569008
        ]
      },
      "properties": {
        "内容": "バス停: 今井 (Nara-kotsu)",
        "name": "今井",
        "operator": "Nara-kotsu",
        "ref": "",
        "url": "",
        "url2": ""
      }
    },
    {
      "type": "Feature",
      "geometry": {
        "type": "Point",
        "coordinates": [
          135.701197,
          34.3533641
        ]
      },
      "properties": {
        "内容": "バス停: 五條バスセンター (Nara-kotsu)",
        "name": "五條バスセンター",
        "operator": "Nara-kotsu",
        "ref": "",
        "url": "",
        "url2": "Q11372502"
      }
    },
    {
      "type": "Feature",
      "geometry": {
        "type": "Point",
        "coordinates": [
          135.7266097,
          34.4636406
        ]
      },
      "properties": {
        "内容": "バス停: 大正農協 (Nara-kotsu)",
        "name": "大正農協",
        "operator": "Nara-kotsu",
        "ref": "",
        "url": "",
        "url2": ""
      }
    },
    {
      "type": "Feature",
      "geometry": {
        "type": "Point",
        "coordinates": [
          135.7239035,
          34.4635882
        ]
      },
      "properties": {
        "内容": "バス停: 新屋敷 (Nara-kotsu)",
        "name": "新屋敷",
        "operator": "Nara-kotsu",
        "ref": "",
        "url": "",
        "url2": ""
      }
    },
    {
      "type": "Feature",
      "geometry": {
        "type": "Point",
        "coordinates": [
          135.7184684,
          34.463265
        ]
      },
      "properties": {
        "内容": "バス停: 櫛羅口 (Nara-kotsu)",
        "name": "櫛羅口",
        "operator": "Nara-kotsu",
        "ref": "",
        "url": "",
        "url2": ""
      }
    },
    {
      "type": "Feature",
      "geometry": {
        "type": "Point",
        "coordinates": [
          135.7160734,
          34.46349
        ]
      },
      "properties": {
        "内容": "バス停: 櫛羅 (Nara-kotsu)",
        "name": "櫛羅",
        "operator": "Nara-kotsu",
        "ref": "",
        "url": "",
        "url2": ""
      }
    },
    {
      "type": "Feature",
      "geometry": {
        "type": "Point",
        "coordinates": [
          135.7142874,
          34.4663286
        ]
      },
      "properties": {
        "内容": "バス停: 小林",
        "name": "小林",
        "operator": "事業者不明",
        "ref": "",
        "url": "",
        "url2": ""
      }
    },
    {
      "type": "Feature",
      "geometry": {
        "type": "Point",
        "coordinates": [
          135.7131946,
          34.4631541
        ]
      },
      "properties": {
        "内容": "バス停: 小林口 (Nara-kotsu)",
        "name": "小林口",
        "operator": "Nara-kotsu",
        "ref": "",
        "url": "",
        "url2": ""
      }
    },
    {
      "type": "Feature",
      "geometry": {
        "type": "Point",
        "coordinates": [
          135.7103529,
          34.461758
        ]
      },
      "properties": {
        "内容": "バス停: 猿目橋 (Nara-kotsu)",
        "name": "猿目橋",
        "operator": "Nara-kotsu",
        "ref": "",
        "url": "",
        "url2": ""
      }
    },
    {
      "type": "Feature",
      "geometry": {
        "type": "Point",
        "coordinates": [
          135.7065982,
          34.464243
        ]
      },
      "properties": {
        "内容": "バス停: 梅室口 (Nara-kotsu)",
        "name": "梅室口",
        "operator": "Nara-kotsu",
        "ref": "",
        "url": "",
        "url2": ""
      }
    },
    {
      "type": "Feature",
      "geometry": {
        "type": "Point",
        "coordinates": [
          135.7003175,
          34.4636545
        ]
      },
      "properties": {
        "内容": "バス停: 葛城ロープウェイ前 (Nara-kotsu)",
        "name": "葛城ロープウェイ前",
        "operator": "Nara-kotsu",
        "ref": "",
        "url": "",
        "url2": ""
      }
    },
    {
      "type": "Feature",
      "geometry": {
        "type": "Point",
        "coordinates": [
          135.6957219,
          34.3507446
        ]
      },
      "properties": {
        "内容": "バス停: 戎神社前",
        "name": "戎神社前",
        "operator": "事業者不明",
        "ref": "",
        "url": "",
        "url2": ""
      }
    },
    {
      "type": "Feature",
      "geometry": {
        "type": "Point",
        "coordinates": [
          135.6956087,
          34.3505428
        ]
      },
      "properties": {
        "内容": "バス停: 戎神社前",
        "name": "戎神社前",
        "operator": "事業者不明",
        "ref": "",
        "url": "",
        "url2": ""
      }
    },
    {
      "type": "Feature",
      "geometry": {
        "type": "Point",
        "coordinates": [
          135.6960922,
          34.3461527
        ]
      },
      "properties": {
        "内容": "バス停: 大川橋南詰 (Nara-kotsu)",
        "name": "大川橋南詰",
        "operator": "Nara-kotsu",
        "ref": "",
        "url": "",
        "url2": ""
      }
    },
    {
      "type": "Feature",
      "geometry": {
        "type": "Point",
        "coordinates": [
          135.6962095,
          34.3464169
        ]
      },
      "properties": {
        "内容": "バス停: 大川橋南詰 (Nara-kotsu)",
        "name": "大川橋南詰",
        "operator": "Nara-kotsu",
        "ref": "",
        "url": "",
        "url2": ""
      }
    },
    {
      "type": "Feature",
      "geometry": {
        "type": "Point",
        "coordinates": [
          135.6980501,
          34.3441223
        ]
      },
      "properties": {
        "内容": "バス停: 野原 (Nara-kotsu)",
        "name": "野原",
        "operator": "Nara-kotsu",
        "ref": "",
        "url": "",
        "url2": ""
      }
    },
    {
      "type": "Feature",
      "geometry": {
        "type": "Point",
        "coordinates": [
          135.6978984,
          34.342619
        ]
      },
      "properties": {
        "内容": "バス停: 野原南口 (Nara-kotsu)",
        "name": "野原南口",
        "operator": "Nara-kotsu",
        "ref": "",
        "url": "",
        "url2": ""
      }
    },
    {
      "type": "Feature",
      "geometry": {
        "type": "Point",
        "coordinates": [
          135.6980046,
          34.3426581
        ]
      },
      "properties": {
        "内容": "バス停: 野原南口 (Nara-kotsu)",
        "name": "野原南口",
        "operator": "Nara-kotsu",
        "ref": "",
        "url": "",
        "url2": ""
      }
    },
    {
      "type": "Feature",
      "geometry": {
        "type": "Point",
        "coordinates": [
          135.6990129,
          34.3413801
        ]
      },
      "properties": {
        "内容": "バス停: 五條病院玄関口 (Nara-kotsu)",
        "name": "五條病院玄関口",
        "operator": "Nara-kotsu",
        "ref": "",
        "url": "",
        "url2": ""
      }
    },
    {
      "type": "Feature",
      "geometry": {
        "type": "Point",
        "coordinates": [
          135.6986434,
          34.3406345
        ]
      },
      "properties": {
        "内容": "バス停: 五條病院前 (Nara-kotsu)",
        "name": "五條病院前",
        "operator": "Nara-kotsu",
        "ref": "",
        "url": "",
        "url2": ""
      }
    },
    {
      "type": "Feature",
      "geometry": {
        "type": "Point",
        "coordinates": [
          135.6987237,
          34.3408297
        ]
      },
      "properties": {
        "内容": "バス停: 五條病院前 (Nara-kotsu)",
        "name": "五條病院前",
        "operator": "Nara-kotsu",
        "ref": "",
        "url": "",
        "url2": ""
      }
    },
    {
      "type": "Feature",
      "geometry": {
        "type": "Point",
        "coordinates": [
          135.6974205,
          34.3350933
        ]
      },
      "properties": {
        "内容": "バス停: 霊安寺 (Nara-kotsu)",
        "name": "霊安寺",
        "operator": "Nara-kotsu",
        "ref": "",
        "url": "",
        "url2": ""
      }
    },
    {
      "type": "Feature",
      "geometry": {
        "type": "Point",
        "coordinates": [
          135.6973314,
          34.3351114
        ]
      },
      "properties": {
        "内容": "バス停: 霊安寺 (Nara-kotsu)",
        "name": "霊安寺",
        "operator": "Nara-kotsu",
        "ref": "",
        "url": "",
        "url2": ""
      }
    },
    {
      "type": "Feature",
      "geometry": {
        "type": "Point",
        "coordinates": [
          135.7011818,
          34.3292352
        ]
      },
      "properties": {
        "内容": "バス停: 丹原 (Nara-kotsu)",
        "name": "丹原",
        "operator": "Nara-kotsu",
        "ref": "",
        "url": "",
        "url2": ""
      }
    },
    {
      "type": "Feature",
      "geometry": {
        "type": "Point",
        "coordinates": [
          135.7013193,
          34.3292208
        ]
      },
      "properties": {
        "内容": "バス停: 丹原 (Nara-kotsu)",
        "name": "丹原",
        "operator": "Nara-kotsu",
        "ref": "",
        "url": "",
        "url2": ""
      }
    },
    {
      "type": "Feature",
      "geometry": {
        "type": "Point",
        "coordinates": [
          135.7022693,
          34.3243429
        ]
      },
      "properties": {
        "内容": "バス停: 上丹原 (Nara-kotsu)",
        "name": "上丹原",
        "operator": "Nara-kotsu",
        "ref": "",
        "url": "",
        "url2": ""
      }
    },
    {
      "type": "Feature",
      "geometry": {
        "type": "Point",
        "coordinates": [
          135.7076005,
          34.3140262
        ]
      },
      "properties": {
        "内容": "バス停: 生子 (Nara-kotsu)",
        "name": "生子",
        "operator": "Nara-kotsu",
        "ref": "",
        "url": "",
        "url2": ""
      }
    },
    {
      "type": "Feature",
      "geometry": {
        "type": "Point",
        "coordinates": [
          135.7109874,
          34.3138417
        ]
      },
      "properties": {
        "内容": "バス停: 老野 (Nara-kotsu)",
        "name": "老野",
        "operator": "Nara-kotsu",
        "ref": "",
        "url": "",
        "url2": ""
      }
    },
    {
      "type": "Feature",
      "geometry": {
        "type": "Point",
        "coordinates": [
          135.7124239,
          34.3108192
        ]
      },
      "properties": {
        "内容": "バス停: 老野南口 (Nara-kotsu)",
        "name": "老野南口",
        "operator": "Nara-kotsu",
        "ref": "",
        "url": "",
        "url2": ""
      }
    },
    {
      "type": "Feature",
      "geometry": {
        "type": "Point",
        "coordinates": [
          135.7145469,
          34.3023869
        ]
      },
      "properties": {
        "内容": "バス停: 神野 (Nara-kotsu)",
        "name": "神野",
        "operator": "Nara-kotsu",
        "ref": "",
        "url": "",
        "url2": ""
      }
    },
    {
      "type": "Feature",
      "geometry": {
        "type": "Point",
        "coordinates": [
          135.7203346,
          34.2978683
        ]
      },
      "properties": {
        "内容": "バス停: 賀名生和田北口 (Nara-kotsu)",
        "name": "賀名生和田北口",
        "operator": "Nara-kotsu",
        "ref": "",
        "url": "",
        "url2": ""
      }
    },
    {
      "type": "Feature",
      "geometry": {
        "type": "Point",
        "coordinates": [
          135.721784,
          34.2966688
        ]
      },
      "properties": {
        "内容": "バス停: 賀名生和田 (Nara-kotsu)",
        "name": "賀名生和田",
        "operator": "Nara-kotsu",
        "ref": "",
        "url": "",
        "url2": ""
      }
    },
    {
      "type": "Feature",
      "geometry": {
        "type": "Point",
        "coordinates": [
          135.7237445,
          34.294779
        ]
      },
      "properties": {
        "内容": "バス停: 賀名生農協前 (Nara-kotsu)",
        "name": "賀名生農協前",
        "operator": "Nara-kotsu",
        "ref": "",
        "url": "",
        "url2": ""
      }
    },
    {
      "type": "Feature",
      "geometry": {
        "type": "Point",
        "coordinates": [
          135.7241546,
          34.2930252
        ]
      },
      "properties": {
        "内容": "バス停: 上和田 (Nara-kotsu)",
        "name": "上和田",
        "operator": "Nara-kotsu",
        "ref": "",
        "url": "",
        "url2": ""
      }
    },
    {
      "type": "Feature",
      "geometry": {
        "type": "Point",
        "coordinates": [
          135.7255883,
          34.2865795
        ]
      },
      "properties": {
        "内容": "バス停: 大日川 (Nara-kotsu)",
        "name": "大日川",
        "operator": "Nara-kotsu",
        "ref": "",
        "url": "",
        "url2": ""
      }
    },
    {
      "type": "Feature",
      "geometry": {
        "type": "Point",
        "coordinates": [
          135.7343082,
          34.2903125
        ]
      },
      "properties": {
        "内容": "バス停: 黒渕 (Nara-kotsu)",
        "name": "黒渕",
        "operator": "Nara-kotsu",
        "ref": "",
        "url": "",
        "url2": ""
      }
    },
    {
      "type": "Feature",
      "geometry": {
        "type": "Point",
        "coordinates": [
          135.7457999,
          34.2841859
        ]
      },
      "properties": {
        "内容": "バス停: 黒渕口 (Nara-kotsu)",
        "name": "黒渕口",
        "operator": "Nara-kotsu",
        "ref": "",
        "url": "",
        "url2": ""
      }
    },
    {
      "type": "Feature",
      "geometry": {
        "type": "Point",
        "coordinates": [
          135.7488307,
          34.2817795
        ]
      },
      "properties": {
        "内容": "バス停: 城戸 (Nara-kotsu)",
        "name": "城戸",
        "operator": "Nara-kotsu",
        "ref": "",
        "url": "",
        "url2": ""
      }
    },
    {
      "type": "Feature",
      "geometry": {
        "type": "Point",
        "coordinates": [
          135.7253473,
          34.3040927
        ]
      },
      "properties": {
        "内容": "バス停: 西吉野農業高校 (Nara-kotsu)",
        "name": "西吉野農業高校",
        "operator": "Nara-kotsu",
        "ref": "",
        "url": "",
        "url2": ""
      }
    },
    {
      "type": "Feature",
      "geometry": {
        "type": "Point",
        "coordinates": [
          135.6979549,
          34.3441985
        ]
      },
      "properties": {
        "内容": "バス停: 野原 (Nara-kotsu)",
        "name": "野原",
        "operator": "Nara-kotsu",
        "ref": "",
        "url": "",
        "url2": ""
      }
    },
    {
      "type": "Feature",
      "geometry": {
        "type": "Point",
        "coordinates": [
          135.7046199,
          34.3417937
        ]
      },
      "properties": {
        "内容": "バス停: 智辯学園 (Nara-kotsu)",
        "name": "智辯学園",
        "operator": "Nara-kotsu",
        "ref": "",
        "url": "",
        "url2": ""
      }
    },
    {
      "type": "Feature",
      "geometry": {
        "type": "Point",
        "coordinates": [
          135.7821144,
          34.6894628
        ]
      },
      "properties": {
        "内容": "バス停: 西大寺南町 (奈良交通)",
        "name": "西大寺南町",
        "operator": "奈良交通",
        "ref": "",
        "url": "",
        "url2": ""
      }
    },
    {
      "type": "Feature",
      "geometry": {
        "type": "Point",
        "coordinates": [
          135.9516531,
          34.7338577
        ]
      },
      "properties": {
        "内容": "バス停: 名称不明バス停",
        "name": "名称不明バス停",
        "operator": "事業者不明",
        "ref": "",
        "url": "",
        "url2": ""
      }
    },
    {
      "type": "Feature",
      "geometry": {
        "type": "Point",
        "coordinates": [
          135.7233605,
          34.7244448
        ]
      },
      "properties": {
        "内容": "バス停: 学研北生駒駅",
        "name": "学研北生駒駅",
        "operator": "事業者不明",
        "ref": "",
        "url": "",
        "url2": ""
      }
    },
    {
      "type": "Feature",
      "geometry": {
        "type": "Point",
        "coordinates": [
          135.7232396,
          34.7245378
        ]
      },
      "properties": {
        "内容": "バス停: 学研北生駒駅",
        "name": "学研北生駒駅",
        "operator": "事業者不明",
        "ref": "",
        "url": "",
        "url2": ""
      }
    },
    {
      "type": "Feature",
      "geometry": {
        "type": "Point",
        "coordinates": [
          135.6676928,
          34.6064093
        ]
      },
      "properties": {
        "内容": "バス停: 名称不明バス停",
        "name": "名称不明バス停",
        "operator": "事業者不明",
        "ref": "",
        "url": "",
        "url2": ""
      }
    },
    {
      "type": "Feature",
      "geometry": {
        "type": "Point",
        "coordinates": [
          135.9528393,
          34.7343686
        ]
      },
      "properties": {
        "内容": "バス停: 柳生東",
        "name": "柳生東",
        "operator": "事業者不明",
        "ref": "",
        "url": "",
        "url2": ""
      }
    },
    {
      "type": "Feature",
      "geometry": {
        "type": "Point",
        "coordinates": [
          135.9636295,
          34.5741742
        ]
      },
      "properties": {
        "内容": "バス停: 吐山",
        "name": "吐山",
        "operator": "事業者不明",
        "ref": "",
        "url": "",
        "url2": ""
      }
    },
    {
      "type": "Feature",
      "geometry": {
        "type": "Point",
        "coordinates": [
          135.807494,
          34.6732333
        ]
      },
      "properties": {
        "内容": "バス停: 恋の窪町 (Koinokubo-cho) (Nara Kotsu Bus Lines Co., Ltd.)",
        "name": "恋の窪町 (Koinokubo-cho)",
        "operator": "Nara Kotsu Bus Lines Co., Ltd.",
        "ref": "",
        "url": "",
        "url2": ""
      }
    },
    {
      "type": "Feature",
      "geometry": {
        "type": "Point",
        "coordinates": [
          135.8078669,
          34.6742642
        ]
      },
      "properties": {
        "内容": "バス停: 恋の窪町二丁目 (Koinokubo-cho 2-chome) (Nara Kotsu Bus Lines Co., Ltd.)",
        "name": "恋の窪町二丁目 (Koinokubo-cho 2-chome)",
        "operator": "Nara Kotsu Bus Lines Co., Ltd.",
        "ref": "",
        "url": "",
        "url2": ""
      }
    },
    {
      "type": "Feature",
      "geometry": {
        "type": "Point",
        "coordinates": [
          135.8075929,
          34.6750374
        ]
      },
      "properties": {
        "内容": "バス停: 恋の窪町二丁目 (Koinokubo-cho 2-chome) (Nara Kotsu Bus Lines Co., Ltd.)",
        "name": "恋の窪町二丁目 (Koinokubo-cho 2-chome)",
        "operator": "Nara Kotsu Bus Lines Co., Ltd.",
        "ref": "",
        "url": "",
        "url2": ""
      }
    },
    {
      "type": "Feature",
      "geometry": {
        "type": "Point",
        "coordinates": [
          135.8085202,
          34.6772404
        ]
      },
      "properties": {
        "内容": "バス停: 恋の窪町一丁目 (Koinokubo-cho-1-chome) (Nara Kotsu Bus Lines Co., Ltd.)",
        "name": "恋の窪町一丁目 (Koinokubo-cho-1-chome)",
        "operator": "Nara Kotsu Bus Lines Co., Ltd.",
        "ref": "",
        "url": "",
        "url2": ""
      }
    },
    {
      "type": "Feature",
      "geometry": {
        "type": "Point",
        "coordinates": [
          135.8093647,
          34.6773241
        ]
      },
      "properties": {
        "内容": "バス停: 恋の窪町一丁目 (Koinokubo-cho-1-chome) (Nara Kotsu Bus Lines Co., Ltd.)",
        "name": "恋の窪町一丁目 (Koinokubo-cho-1-chome)",
        "operator": "Nara Kotsu Bus Lines Co., Ltd.",
        "ref": "",
        "url": "",
        "url2": ""
      }
    },
    {
      "type": "Feature",
      "geometry": {
        "type": "Point",
        "coordinates": [
          135.7129794,
          34.6695637
        ]
      },
      "properties": {
        "内容": "バス停: 第二阪奈生駒 (Nara Kotsu Bus Lines Co., Ltd.)",
        "name": "第二阪奈生駒",
        "operator": "Nara Kotsu Bus Lines Co., Ltd.",
        "ref": "",
        "url": "",
        "url2": ""
      }
    }
  ]
}