{
"type": "FeatureCollection",
"name": "geo_29_3",
"crs": { "type": "name", "properties": { "name": "urn:ogc:def:crs:OGC:1.3:CRS84" } },
"features": [
{ "type": "Feature", "properties": { "ID": 2932310800000, "正式名称": "ウエダデンタルクリニック", "機関区分": 3, "都道府県コード": 29, "市区町村コード": 425, "所在地": "奈良県北葛城郡王寺町久度２ー３ー１リーベル王寺西館３０１", "緯度": 34.598362, "経度": 135.7035, "url": "https://www.iryou.teikyouseido.mhlw.go.jp/znk-web/juminkanja/S2430/initialize?prefCd=29&kikanCd=2310800000&kikanKbn=3", "url2": "https://www.ueda-shika.net/", "内容": "ウエダデンタルクリニック【3:歯科】奈良県北葛城郡王寺町久度２ー３ー１リーベル王寺西館３０１" }, "geometry": { "type": "Point", "coordinates": [ 135.7035, 34.598362 ] } },
{ "type": "Feature", "properties": { "ID": 2932359800000, "正式名称": "いこまななほし歯科クリニック", "機関区分": 3, "都道府県コード": 29, "市区町村コード": 209, "所在地": "奈良県生駒市北新町１０－３６ベルテラスいこま４０１", "緯度": 34.694239, "経度": 135.696956, "url": "https://www.iryou.teikyouseido.mhlw.go.jp/znk-web/juminkanja/S2430/initialize?prefCd=29&kikanCd=2359800000&kikanKbn=3", "url2": null, "内容": "いこまななほし歯科クリニック【3:歯科】奈良県生駒市北新町１０－３６ベルテラスいこま４０１" }, "geometry": { "type": "Point", "coordinates": [ 135.696956, 34.694239 ] } },
{ "type": "Feature", "properties": { "ID": 2932368500000, "正式名称": "山路歯科", "機関区分": 3, "都道府県コード": 29, "市区町村コード": 209, "所在地": "奈良県生駒市北大和４丁目１－８", "緯度": 34.726755, "経度": 135.72971, "url": "https://www.iryou.teikyouseido.mhlw.go.jp/znk-web/juminkanja/S2430/initialize?prefCd=29&kikanCd=2368500000&kikanKbn=3", "url2": "https://www.yamaji-dental.com", "内容": "山路歯科【3:歯科】奈良県生駒市北大和４丁目１－８" }, "geometry": { "type": "Point", "coordinates": [ 135.72971, 34.726755 ] } },
{ "type": "Feature", "properties": { "ID": 2932931200065, "正式名称": "ならやま歯科クリニック", "機関区分": 3, "都道府県コード": 29, "市区町村コード": 201, "所在地": "奈良県奈良市右京３－２－１", "緯度": 34.717311, "経度": 135.787125, "url": "https://www.iryou.teikyouseido.mhlw.go.jp/znk-web/juminkanja/S2430/initialize?prefCd=29&kikanCd=2931200065&kikanKbn=3", "url2": null, "内容": "ならやま歯科クリニック【3:歯科】奈良県奈良市右京３－２－１" }, "geometry": { "type": "Point", "coordinates": [ 135.787125, 34.717311 ] } },
{ "type": "Feature", "properties": { "ID": 2932931400126, "正式名称": "福岡歯科・矯正歯科", "機関区分": 3, "都道府県コード": 29, "市区町村コード": 201, "所在地": "奈良県奈良市西大寺町２丁目１－６３サンワシティ西大寺３階", "緯度": 34.686097, "経度": 135.783992, "url": "https://www.iryou.teikyouseido.mhlw.go.jp/znk-web/juminkanja/S2430/initialize?prefCd=29&kikanCd=2931400126&kikanKbn=3", "url2": "https://fukuoka-dc-saidaiji.jp/", "内容": "福岡歯科・矯正歯科【3:歯科】奈良県奈良市西大寺町２丁目１－６３サンワシティ西大寺３階" }, "geometry": { "type": "Point", "coordinates": [ 135.783992, 34.686097 ] } },
{ "type": "Feature", "properties": { "ID": 2932931700963, "正式名称": "榎本歯科医院", "機関区分": 3, "都道府県コード": 29, "市区町村コード": 443, "所在地": "奈良県吉野郡下市町下市３５－１３", "緯度": 34.371994, "経度": 135.787383, "url": "https://www.iryou.teikyouseido.mhlw.go.jp/znk-web/juminkanja/S2430/initialize?prefCd=29&kikanCd=2931700963&kikanKbn=3", "url2": null, "内容": "榎本歯科医院【3:歯科】奈良県吉野郡下市町下市３５－１３" }, "geometry": { "type": "Point", "coordinates": [ 135.787383, 34.371994 ] } },
{ "type": "Feature", "properties": { "ID": 2932931900176, "正式名称": "ひだまりファミリー歯科", "機関区分": 3, "都道府県コード": 29, "市区町村コード": 201, "所在地": "奈良県奈良市大安寺町５１４－１ＰＡＫＥＴテラス大安寺２階Ｃ－５号室", "緯度": 34.674454, "経度": 135.801729, "url": "https://www.iryou.teikyouseido.mhlw.go.jp/znk-web/juminkanja/S2430/initialize?prefCd=29&kikanCd=2931900176&kikanKbn=3", "url2": "https://hidamari-family-dc.net/", "内容": "ひだまりファミリー歯科【3:歯科】奈良県奈良市大安寺町５１４－１ＰＡＫＥＴテラス大安寺２階Ｃ－５号室" }, "geometry": { "type": "Point", "coordinates": [ 135.801729, 34.674454 ] } },
{ "type": "Feature", "properties": { "ID": 2932952100139, "正式名称": "医療法人徳和会　なごみ歯科クリニック", "機関区分": 3, "都道府県コード": 29, "市区町村コード": 209, "所在地": "奈良県生駒市白庭台４−９−１２", "緯度": 34.72191, "経度": 135.71605, "url": "https://www.iryou.teikyouseido.mhlw.go.jp/znk-web/juminkanja/S2430/initialize?prefCd=29&kikanCd=2952100139&kikanKbn=3", "url2": null, "内容": "医療法人徳和会　なごみ歯科クリニック【3:歯科】奈良県生駒市白庭台４−９−１２" }, "geometry": { "type": "Point", "coordinates": [ 135.71605, 34.72191 ] } },
{ "type": "Feature", "properties": { "ID": 2932952200161, "正式名称": "ことぶき歯科", "機関区分": 3, "都道府県コード": 29, "市区町村コード": 344, "所在地": "奈良県生駒郡斑鳩町龍田西８－９－３０", "緯度": 34.603006, "経度": 135.712456, "url": "https://www.iryou.teikyouseido.mhlw.go.jp/znk-web/juminkanja/S2430/initialize?prefCd=29&kikanCd=2952200161&kikanKbn=3", "url2": null, "内容": "ことぶき歯科【3:歯科】奈良県生駒郡斑鳩町龍田西８－９－３０" }, "geometry": { "type": "Point", "coordinates": [ 135.712456, 34.603006 ] } },
{ "type": "Feature", "properties": { "ID": 2932952500157, "正式名称": "島野歯科クリニック", "機関区分": 3, "都道府県コード": 29, "市区町村コード": 209, "所在地": "奈良県生駒市西白庭台２－２０－４", "緯度": 34.728731, "経度": 135.706645, "url": "https://www.iryou.teikyouseido.mhlw.go.jp/znk-web/juminkanja/S2430/initialize?prefCd=29&kikanCd=2952500157&kikanKbn=3", "url2": null, "内容": "島野歯科クリニック【3:歯科】奈良県生駒市西白庭台２－２０－４" }, "geometry": { "type": "Point", "coordinates": [ 135.706645, 34.728731 ] } },
{ "type": "Feature", "properties": { "ID": 2932957000306, "正式名称": "あおのスマイル歯科", "機関区分": 3, "都道府県コード": 29, "市区町村コード": 426, "所在地": "奈良県北葛城郡広陵町馬見中２丁目１５－３２", "緯度": 34.549097, "経度": 135.731678, "url": "https://www.iryou.teikyouseido.mhlw.go.jp/znk-web/juminkanja/S2430/initialize?prefCd=29&kikanCd=2957000306&kikanKbn=3", "url2": null, "内容": "あおのスマイル歯科【3:歯科】奈良県北葛城郡広陵町馬見中２丁目１５－３２" }, "geometry": { "type": "Point", "coordinates": [ 135.731678, 34.549097 ] } },
{ "type": "Feature", "properties": { "ID": 2932957400120, "正式名称": "たいよう歯科", "機関区分": 3, "都道府県コード": 29, "市区町村コード": 363, "所在地": "奈良県磯城郡田原本町阪手１８７－６", "緯度": 34.557681, "経度": 135.797183, "url": "https://www.iryou.teikyouseido.mhlw.go.jp/znk-web/juminkanja/S2430/initialize?prefCd=29&kikanCd=2957400120&kikanKbn=3", "url2": null, "内容": "たいよう歯科【3:歯科】奈良県磯城郡田原本町阪手１８７－６" }, "geometry": { "type": "Point", "coordinates": [ 135.797183, 34.557681 ] } },
{ "type": "Feature", "properties": { "ID": 2932957400227, "正式名称": "中西歯科", "機関区分": 3, "都道府県コード": 29, "市区町村コード": 426, "所在地": "奈良県北葛城郡広陵町寺戸１１－２", "緯度": 34.578647, "経度": 135.738997, "url": "https://www.iryou.teikyouseido.mhlw.go.jp/znk-web/juminkanja/S2430/initialize?prefCd=29&kikanCd=2957400227&kikanKbn=3", "url2": null, "内容": "中西歯科【3:歯科】奈良県北葛城郡広陵町寺戸１１－２" }, "geometry": { "type": "Point", "coordinates": [ 135.738997, 34.578647 ] } },
{ "type": "Feature", "properties": { "ID": 2933000400000, "正式名称": "杉政歯科医院", "機関区分": 3, "都道府県コード": 29, "市区町村コード": 201, "所在地": "奈良県奈良市あやめ池南６－１－５", "緯度": 34.696703, "経度": 135.761557, "url": "https://www.iryou.teikyouseido.mhlw.go.jp/znk-web/juminkanja/S2430/initialize?prefCd=29&kikanCd=3000400000&kikanKbn=3", "url2": null, "内容": "杉政歯科医院【3:歯科】奈良県奈良市あやめ池南６－１－５" }, "geometry": { "type": "Point", "coordinates": [ 135.761557, 34.696703 ] } },
{ "type": "Feature", "properties": { "ID": 2933000500000, "正式名称": "きたおり歯科医院", "機関区分": 3, "都道府県コード": 29, "市区町村コード": 201, "所在地": "奈良県奈良市神功四丁目６番地９", "緯度": 34.720583, "経度": 135.77619, "url": "https://www.iryou.teikyouseido.mhlw.go.jp/znk-web/juminkanja/S2430/initialize?prefCd=29&kikanCd=3000500000&kikanKbn=3", "url2": null, "内容": "きたおり歯科医院【3:歯科】奈良県奈良市神功四丁目６番地９" }, "geometry": { "type": "Point", "coordinates": [ 135.77619, 34.720583 ] } },
{ "type": "Feature", "properties": { "ID": 2933000900000, "正式名称": "いずみ歯科医院", "機関区分": 3, "都道府県コード": 29, "市区町村コード": 201, "所在地": "奈良県奈良市右京４丁目１３ー２", "緯度": 34.720478, "経度": 135.787832, "url": "https://www.iryou.teikyouseido.mhlw.go.jp/znk-web/juminkanja/S2430/initialize?prefCd=29&kikanCd=3000900000&kikanKbn=3", "url2": "http://izumishika.web.fc2.com/", "内容": "いずみ歯科医院【3:歯科】奈良県奈良市右京４丁目１３ー２" }, "geometry": { "type": "Point", "coordinates": [ 135.787832, 34.720478 ] } },
{ "type": "Feature", "properties": { "ID": 2933001100000, "正式名称": "医療法人おだ歯科クリニック", "機関区分": 3, "都道府県コード": 29, "市区町村コード": 201, "所在地": "奈良県奈良市押熊町１２７７－１", "緯度": 34.7222, "経度": 135.769361, "url": "https://www.iryou.teikyouseido.mhlw.go.jp/znk-web/juminkanja/S2430/initialize?prefCd=29&kikanCd=3001100000&kikanKbn=3", "url2": null, "内容": "医療法人おだ歯科クリニック【3:歯科】奈良県奈良市押熊町１２７７－１" }, "geometry": { "type": "Point", "coordinates": [ 135.769361, 34.7222 ] } },
{ "type": "Feature", "properties": { "ID": 2933001200000, "正式名称": "たちばな歯科医院", "機関区分": 3, "都道府県コード": 29, "市区町村コード": 201, "所在地": "奈良県奈良市押熊町３９６－３", "緯度": 34.715173, "経度": 135.771695, "url": "https://www.iryou.teikyouseido.mhlw.go.jp/znk-web/juminkanja/S2430/initialize?prefCd=29&kikanCd=3001200000&kikanKbn=3", "url2": null, "内容": "たちばな歯科医院【3:歯科】奈良県奈良市押熊町３９６－３" }, "geometry": { "type": "Point", "coordinates": [ 135.771695, 34.715173 ] } },
{ "type": "Feature", "properties": { "ID": 2933001300000, "正式名称": "医療法人冨森会　冨森歯科医院", "機関区分": 3, "都道府県コード": 29, "市区町村コード": 201, "所在地": "奈良県奈良市押上町２０番２", "緯度": 34.688649, "経度": 135.834968, "url": "https://www.iryou.teikyouseido.mhlw.go.jp/znk-web/juminkanja/S2430/initialize?prefCd=29&kikanCd=3001300000&kikanKbn=3", "url2": "https://www.tomimori-shika.net", "内容": "医療法人冨森会　冨森歯科医院【3:歯科】奈良県奈良市押上町２０番２" }, "geometry": { "type": "Point", "coordinates": [ 135.834968, 34.688649 ] } },
{ "type": "Feature", "properties": { "ID": 2933001500000, "正式名称": "はしづめ歯科", "機関区分": 3, "都道府県コード": 29, "市区町村コード": 201, "所在地": "奈良県奈良市角振町２８", "緯度": 34.682567, "経度": 135.82733, "url": "https://www.iryou.teikyouseido.mhlw.go.jp/znk-web/juminkanja/S2430/initialize?prefCd=29&kikanCd=3001500000&kikanKbn=3", "url2": null, "内容": "はしづめ歯科【3:歯科】奈良県奈良市角振町２８" }, "geometry": { "type": "Point", "coordinates": [ 135.82733, 34.682567 ] } },
{ "type": "Feature", "properties": { "ID": 2933001600000, "正式名称": "河野歯科医院", "機関区分": 3, "都道府県コード": 29, "市区町村コード": 201, "所在地": "奈良県奈良市学園大和町１丁目１３６７番３", "緯度": 34.690953, "経度": 135.746059, "url": "https://www.iryou.teikyouseido.mhlw.go.jp/znk-web/juminkanja/S2430/initialize?prefCd=29&kikanCd=3001600000&kikanKbn=3", "url2": null, "内容": "河野歯科医院【3:歯科】奈良県奈良市学園大和町１丁目１３６７番３" }, "geometry": { "type": "Point", "coordinates": [ 135.746059, 34.690953 ] } },
{ "type": "Feature", "properties": { "ID": 2933001800000, "正式名称": "福岡歯科学園前診療所", "機関区分": 3, "都道府県コード": 29, "市区町村コード": 201, "所在地": "奈良県奈良市学園大和町　５－１　堀ビル２階", "緯度": 34.687676, "経度": 135.746226, "url": "https://www.iryou.teikyouseido.mhlw.go.jp/znk-web/juminkanja/S2430/initialize?prefCd=29&kikanCd=3001800000&kikanKbn=3", "url2": null, "内容": "福岡歯科学園前診療所【3:歯科】奈良県奈良市学園大和町　５－１　堀ビル２階" }, "geometry": { "type": "Point", "coordinates": [ 135.746226, 34.687676 ] } },
{ "type": "Feature", "properties": { "ID": 2933002000000, "正式名称": "藤本歯科医院", "機関区分": 3, "都道府県コード": 29, "市区町村コード": 201, "所在地": "奈良県奈良市学園中４丁目５３９番地１　イズミヤ学園前店", "緯度": 34.695314, "経度": 135.741948, "url": "https://www.iryou.teikyouseido.mhlw.go.jp/znk-web/juminkanja/S2430/initialize?prefCd=29&kikanCd=3002000000&kikanKbn=3", "url2": null, "内容": "藤本歯科医院【3:歯科】奈良県奈良市学園中４丁目５３９番地１　イズミヤ学園前店" }, "geometry": { "type": "Point", "coordinates": [ 135.741948, 34.695314 ] } },
{ "type": "Feature", "properties": { "ID": 2933002100000, "正式名称": "貞光歯科医院", "機関区分": 3, "都道府県コード": 29, "市区町村コード": 201, "所在地": "奈良県奈良市学園朝日町２－３　貞光ビル１０２", "緯度": 34.700539, "経度": 135.751503, "url": "https://www.iryou.teikyouseido.mhlw.go.jp/znk-web/juminkanja/S2430/initialize?prefCd=29&kikanCd=3002100000&kikanKbn=3", "url2": null, "内容": "貞光歯科医院【3:歯科】奈良県奈良市学園朝日町２－３　貞光ビル１０２" }, "geometry": { "type": "Point", "coordinates": [ 135.751503, 34.700539 ] } },
{ "type": "Feature", "properties": { "ID": 2933002300000, "正式名称": "学園前歯科", "機関区分": 3, "都道府県コード": 29, "市区町村コード": 201, "所在地": "奈良県奈良市学園北１－１１－３レナビル４Ｆ", "緯度": 34.69898, "経度": 135.750308, "url": "https://www.iryou.teikyouseido.mhlw.go.jp/znk-web/juminkanja/S2430/initialize?prefCd=29&kikanCd=3002300000&kikanKbn=3", "url2": "http://www.gakuenmaeshika.com", "内容": "学園前歯科【3:歯科】奈良県奈良市学園北１－１１－３レナビル４Ｆ" }, "geometry": { "type": "Point", "coordinates": [ 135.750308, 34.69898 ] } },
{ "type": "Feature", "properties": { "ID": 2933002500000, "正式名称": "学園前アップル歯科おとなこども矯正歯科", "機関区分": 3, "都道府県コード": 29, "市区町村コード": 201, "所在地": "奈良県奈良市学園北１－９－１パラディ２　５Ｆ", "緯度": 34.698175, "経度": 135.75053, "url": "https://www.iryou.teikyouseido.mhlw.go.jp/znk-web/juminkanja/S2430/initialize?prefCd=29&kikanCd=3002500000&kikanKbn=3", "url2": null, "内容": "学園前アップル歯科おとなこども矯正歯科【3:歯科】奈良県奈良市学園北１－９－１パラディ２　５Ｆ" }, "geometry": { "type": "Point", "coordinates": [ 135.75053, 34.698175 ] } },
{ "type": "Feature", "properties": { "ID": 2933002800000, "正式名称": "うえなか歯科クリニック", "機関区分": 3, "都道府県コード": 29, "市区町村コード": 201, "所在地": "奈良県奈良市学園北二丁目１番８号", "緯度": 34.69779, "経度": 135.752387, "url": "https://www.iryou.teikyouseido.mhlw.go.jp/znk-web/juminkanja/S2430/initialize?prefCd=29&kikanCd=3002800000&kikanKbn=3", "url2": "https://uenakadentalclinic.jp/", "内容": "うえなか歯科クリニック【3:歯科】奈良県奈良市学園北二丁目１番８号" }, "geometry": { "type": "Point", "coordinates": [ 135.752387, 34.69779 ] } },
{ "type": "Feature", "properties": { "ID": 2933003200000, "正式名称": "学園前山田兄弟歯科", "機関区分": 3, "都道府県コード": 29, "市区町村コード": 201, "所在地": "奈良県奈良市学園北一丁目１番１－３０１号", "緯度": 34.697203, "経度": 135.750003, "url": "https://www.iryou.teikyouseido.mhlw.go.jp/znk-web/juminkanja/S2430/initialize?prefCd=29&kikanCd=3003200000&kikanKbn=3", "url2": "htttp//:www.yamadabr.com", "内容": "学園前山田兄弟歯科【3:歯科】奈良県奈良市学園北一丁目１番１－３０１号" }, "geometry": { "type": "Point", "coordinates": [ 135.750003, 34.697203 ] } },
{ "type": "Feature", "properties": { "ID": 2933003500000, "正式名称": "望月歯科医院", "機関区分": 3, "都道府県コード": 29, "市区町村コード": 201, "所在地": "奈良県奈良市紀寺町６７３番地", "緯度": 34.673707, "経度": 135.834441, "url": "https://www.iryou.teikyouseido.mhlw.go.jp/znk-web/juminkanja/S2430/initialize?prefCd=29&kikanCd=3003500000&kikanKbn=3", "url2": null, "内容": "望月歯科医院【3:歯科】奈良県奈良市紀寺町６７３番地" }, "geometry": { "type": "Point", "coordinates": [ 135.834441, 34.673707 ] } },
{ "type": "Feature", "properties": { "ID": 2933004300000, "正式名称": "寺田歯科診療所", "機関区分": 3, "都道府県コード": 29, "市区町村コード": 201, "所在地": "奈良県奈良市高天町３８－３／近鉄高天ビル６階", "緯度": 34.683955, "経度": 135.82583, "url": "https://www.iryou.teikyouseido.mhlw.go.jp/znk-web/juminkanja/S2430/initialize?prefCd=29&kikanCd=3004300000&kikanKbn=3", "url2": null, "内容": "寺田歯科診療所【3:歯科】奈良県奈良市高天町３８－３／近鉄高天ビル６階" }, "geometry": { "type": "Point", "coordinates": [ 135.82583, 34.683955 ] } },
{ "type": "Feature", "properties": { "ID": 2933004400000, "正式名称": "薬師寺歯科・矯正歯科", "機関区分": 3, "都道府県コード": 29, "市区町村コード": 201, "所在地": "奈良県奈良市高天町３８－５佐川ビル１階", "緯度": 34.6839, "経度": 135.825803, "url": "https://www.iryou.teikyouseido.mhlw.go.jp/znk-web/juminkanja/S2430/initialize?prefCd=29&kikanCd=3004400000&kikanKbn=3", "url2": "http://yakushijishika.com", "内容": "薬師寺歯科・矯正歯科【3:歯科】奈良県奈良市高天町３８－５佐川ビル１階" }, "geometry": { "type": "Point", "coordinates": [ 135.825803, 34.6839 ] } },
{ "type": "Feature", "properties": { "ID": 2933004900000, "正式名称": "ファミリー歯科", "機関区分": 3, "都道府県コード": 29, "市区町村コード": 201, "所在地": "奈良県奈良市佐紀町２番", "緯度": 34.695759, "経度": 135.786389, "url": "https://www.iryou.teikyouseido.mhlw.go.jp/znk-web/juminkanja/S2430/initialize?prefCd=29&kikanCd=3004900000&kikanKbn=3", "url2": "http://www.narafamily-dental.com/", "内容": "ファミリー歯科【3:歯科】奈良県奈良市佐紀町２番" }, "geometry": { "type": "Point", "coordinates": [ 135.786389, 34.695759 ] } },
{ "type": "Feature", "properties": { "ID": 2933005000000, "正式名称": "かじはら歯科医院", "機関区分": 3, "都道府県コード": 29, "市区町村コード": 201, "所在地": "奈良県奈良市左京２丁目３－１ローレルスクエア高の原５番館店舗５号", "緯度": 34.711924, "経度": 135.80597, "url": "https://www.iryou.teikyouseido.mhlw.go.jp/znk-web/juminkanja/S2430/initialize?prefCd=29&kikanCd=3005000000&kikanKbn=3", "url2": "kajiharadentalclinic.com", "内容": "かじはら歯科医院【3:歯科】奈良県奈良市左京２丁目３－１ローレルスクエア高の原５番館店舗５号" }, "geometry": { "type": "Point", "coordinates": [ 135.80597, 34.711924 ] } },
{ "type": "Feature", "properties": { "ID": 2933005200000, "正式名称": "細田歯科医院", "機関区分": 3, "都道府県コード": 29, "市区町村コード": 201, "所在地": "奈良県奈良市雑司町４１", "緯度": 34.694121, "経度": 135.838079, "url": "https://www.iryou.teikyouseido.mhlw.go.jp/znk-web/juminkanja/S2430/initialize?prefCd=29&kikanCd=3005200000&kikanKbn=3", "url2": null, "内容": "細田歯科医院【3:歯科】奈良県奈良市雑司町４１" }, "geometry": { "type": "Point", "coordinates": [ 135.838079, 34.694121 ] } },
{ "type": "Feature", "properties": { "ID": 2933005400000, "正式名称": "よしむら歯科医院", "機関区分": 3, "都道府県コード": 29, "市区町村コード": 201, "所在地": "奈良県奈良市三碓６丁目１０－３", "緯度": 34.683121, "経度": 135.739115, "url": "https://www.iryou.teikyouseido.mhlw.go.jp/znk-web/juminkanja/S2430/initialize?prefCd=29&kikanCd=3005400000&kikanKbn=3", "url2": "http://www.yoshimurashika.com/", "内容": "よしむら歯科医院【3:歯科】奈良県奈良市三碓６丁目１０－３" }, "geometry": { "type": "Point", "coordinates": [ 135.739115, 34.683121 ] } },
{ "type": "Feature", "properties": { "ID": 2933005500000, "正式名称": "倉田歯科医院", "機関区分": 3, "都道府県コード": 29, "市区町村コード": 201, "所在地": "奈良県奈良市三碓二丁目２番８号", "緯度": 34.690647, "経度": 135.735449, "url": "https://www.iryou.teikyouseido.mhlw.go.jp/znk-web/juminkanja/S2430/initialize?prefCd=29&kikanCd=3005500000&kikanKbn=3", "url2": "http://www.kuratashika.com/", "内容": "倉田歯科医院【3:歯科】奈良県奈良市三碓二丁目２番８号" }, "geometry": { "type": "Point", "coordinates": [ 135.735449, 34.690647 ] } },
{ "type": "Feature", "properties": { "ID": 2933006000000, "正式名称": "米本歯科医院", "機関区分": 3, "都道府県コード": 29, "市区町村コード": 201, "所在地": "奈良県奈良市三条町５１２－１", "緯度": 34.681178, "経度": 135.82072, "url": "https://www.iryou.teikyouseido.mhlw.go.jp/znk-web/juminkanja/S2430/initialize?prefCd=29&kikanCd=3006000000&kikanKbn=3", "url2": null, "内容": "米本歯科医院【3:歯科】奈良県奈良市三条町５１２－１" }, "geometry": { "type": "Point", "coordinates": [ 135.82072, 34.681178 ] } },
{ "type": "Feature", "properties": { "ID": 2933006200000, "正式名称": "にしだ小児歯科医院", "機関区分": 3, "都道府県コード": 29, "市区町村コード": 201, "所在地": "奈良県奈良市三条桧町１７番１７号ＭｅｄｉＣｏｕｒｔ　ＦＳＡ　２Ｆ", "緯度": 34.679289, "経度": 135.81211, "url": "https://www.iryou.teikyouseido.mhlw.go.jp/znk-web/juminkanja/S2430/initialize?prefCd=29&kikanCd=3006200000&kikanKbn=3", "url2": null, "内容": "にしだ小児歯科医院【3:歯科】奈良県奈良市三条桧町１７番１７号ＭｅｄｉＣｏｕｒｔ　ＦＳＡ　２Ｆ" }, "geometry": { "type": "Point", "coordinates": [ 135.81211, 34.679289 ] } },
{ "type": "Feature", "properties": { "ID": 2933006300000, "正式名称": "医療法人なごみ会　林小児歯科", "機関区分": 3, "都道府県コード": 29, "市区町村コード": 201, "所在地": "奈良県奈良市三条本町３番２４号", "緯度": 34.678039, "経度": 135.819387, "url": "https://www.iryou.teikyouseido.mhlw.go.jp/znk-web/juminkanja/S2430/initialize?prefCd=29&kikanCd=3006300000&kikanKbn=3", "url2": "https://hayashishonishika.com/", "内容": "医療法人なごみ会　林小児歯科【3:歯科】奈良県奈良市三条本町３番２４号" }, "geometry": { "type": "Point", "coordinates": [ 135.819387, 34.678039 ] } },
{ "type": "Feature", "properties": { "ID": 2933006400000, "正式名称": "岡西歯科医院", "機関区分": 3, "都道府県コード": 29, "市区町村コード": 201, "所在地": "奈良県奈良市三条本町８番１号　ＪＲ奈良駅前再開発第１ビル", "緯度": 34.681844, "経度": 135.818387, "url": "https://www.iryou.teikyouseido.mhlw.go.jp/znk-web/juminkanja/S2430/initialize?prefCd=29&kikanCd=3006400000&kikanKbn=3", "url2": null, "内容": "岡西歯科医院【3:歯科】奈良県奈良市三条本町８番１号　ＪＲ奈良駅前再開発第１ビル" }, "geometry": { "type": "Point", "coordinates": [ 135.818387, 34.681844 ] } },
{ "type": "Feature", "properties": { "ID": 2933006600000, "正式名称": "いとう歯科", "機関区分": 3, "都道府県コード": 29, "市区町村コード": 201, "所在地": "奈良県奈良市四条大路一丁目２５番２０号", "緯度": 34.677817, "経度": 135.803638, "url": "https://www.iryou.teikyouseido.mhlw.go.jp/znk-web/juminkanja/S2430/initialize?prefCd=29&kikanCd=3006600000&kikanKbn=3", "url2": null, "内容": "いとう歯科【3:歯科】奈良県奈良市四条大路一丁目２５番２０号" }, "geometry": { "type": "Point", "coordinates": [ 135.803638, 34.677817 ] } },
{ "type": "Feature", "properties": { "ID": 2933006800000, "正式名称": "医療法人桜奈会　アスキーデンタルクリニック", "機関区分": 3, "都道府県コード": 29, "市区町村コード": 201, "所在地": "奈良県奈良市芝辻町二丁目１０番４号喜竹ビル１Ｆ", "緯度": 34.686149, "経度": 135.812193, "url": "https://www.iryou.teikyouseido.mhlw.go.jp/znk-web/juminkanja/S2430/initialize?prefCd=29&kikanCd=3006800000&kikanKbn=3", "url2": "http://www.asky-dc.com", "内容": "医療法人桜奈会　アスキーデンタルクリニック【3:歯科】奈良県奈良市芝辻町二丁目１０番４号喜竹ビル１Ｆ" }, "geometry": { "type": "Point", "coordinates": [ 135.812193, 34.686149 ] } },
{ "type": "Feature", "properties": { "ID": 2933007500000, "正式名称": "横井歯科医院朱雀診療所", "機関区分": 3, "都道府県コード": 29, "市区町村コード": 201, "所在地": "奈良県奈良市朱雀五丁目１６－２１", "緯度": 34.719062, "経度": 135.801053, "url": "https://www.iryou.teikyouseido.mhlw.go.jp/znk-web/juminkanja/S2430/initialize?prefCd=29&kikanCd=3007500000&kikanKbn=3", "url2": null, "内容": "横井歯科医院朱雀診療所【3:歯科】奈良県奈良市朱雀五丁目１６－２１" }, "geometry": { "type": "Point", "coordinates": [ 135.801053, 34.719062 ] } },
{ "type": "Feature", "properties": { "ID": 2933007700000, "正式名称": "倉木歯科医院", "機関区分": 3, "都道府県コード": 29, "市区町村コード": 201, "所在地": "奈良県奈良市古市町１７３９－６", "緯度": 34.661875, "経度": 135.840636, "url": "https://www.iryou.teikyouseido.mhlw.go.jp/znk-web/juminkanja/S2430/initialize?prefCd=29&kikanCd=3007700000&kikanKbn=3", "url2": null, "内容": "倉木歯科医院【3:歯科】奈良県奈良市古市町１７３９－６" }, "geometry": { "type": "Point", "coordinates": [ 135.840636, 34.661875 ] } },
{ "type": "Feature", "properties": { "ID": 2933008300000, "正式名称": "にしおか歯科", "機関区分": 3, "都道府県コード": 29, "市区町村コード": 201, "所在地": "奈良県奈良市神功５丁目２－１１杉本ビル１階", "緯度": 34.721423, "経度": 135.771555, "url": "https://www.iryou.teikyouseido.mhlw.go.jp/znk-web/juminkanja/S2430/initialize?prefCd=29&kikanCd=3008300000&kikanKbn=3", "url2": "http://www.myclinic.ne.jp/nishiokashika/", "内容": "にしおか歯科【3:歯科】奈良県奈良市神功５丁目２－１１杉本ビル１階" }, "geometry": { "type": "Point", "coordinates": [ 135.771555, 34.721423 ] } },
{ "type": "Feature", "properties": { "ID": 2933008400000, "正式名称": "ひろせ歯科クリニック", "機関区分": 3, "都道府県コード": 29, "市区町村コード": 201, "所在地": "奈良県奈良市神殿町２９７－２シティコート広芝２０１Ｂ号", "緯度": 34.663096, "経度": 135.819554, "url": "https://www.iryou.teikyouseido.mhlw.go.jp/znk-web/juminkanja/S2430/initialize?prefCd=29&kikanCd=3008400000&kikanKbn=3", "url2": "http://nttbj.itp.ne.jp/0742642800/", "内容": "ひろせ歯科クリニック【3:歯科】奈良県奈良市神殿町２９７－２シティコート広芝２０１Ｂ号" }, "geometry": { "type": "Point", "coordinates": [ 135.819554, 34.663096 ] } },
{ "type": "Feature", "properties": { "ID": 2933008500000, "正式名称": "医療法人　おかもと歯科", "機関区分": 3, "都道府県コード": 29, "市区町村コード": 201, "所在地": "奈良県奈良市神殿町３１２番地", "緯度": 34.663152, "経度": 135.821332, "url": "https://www.iryou.teikyouseido.mhlw.go.jp/znk-web/juminkanja/S2430/initialize?prefCd=29&kikanCd=3008500000&kikanKbn=3", "url2": "okamoto-dental.jp", "内容": "医療法人　おかもと歯科【3:歯科】奈良県奈良市神殿町３１２番地" }, "geometry": { "type": "Point", "coordinates": [ 135.821332, 34.663152 ] } },
{ "type": "Feature", "properties": { "ID": 2933008700000, "正式名称": "いつさき歯科", "機関区分": 3, "都道府県コード": 29, "市区町村コード": 201, "所在地": "奈良県奈良市神殿町７０８番地の１", "緯度": 34.661569, "経度": 135.819193, "url": "https://www.iryou.teikyouseido.mhlw.go.jp/znk-web/juminkanja/S2430/initialize?prefCd=29&kikanCd=3008700000&kikanKbn=3", "url2": null, "内容": "いつさき歯科【3:歯科】奈良県奈良市神殿町７０８番地の１" }, "geometry": { "type": "Point", "coordinates": [ 135.819193, 34.661569 ] } },
{ "type": "Feature", "properties": { "ID": 2933009000000, "正式名称": "姫嶋歯科医院", "機関区分": 3, "都道府県コード": 29, "市区町村コード": 201, "所在地": "奈良県奈良市菅野台１－３４", "緯度": 34.679871, "経度": 135.756892, "url": "https://www.iryou.teikyouseido.mhlw.go.jp/znk-web/juminkanja/S2430/initialize?prefCd=29&kikanCd=3009000000&kikanKbn=3", "url2": null, "内容": "姫嶋歯科医院【3:歯科】奈良県奈良市菅野台１－３４" }, "geometry": { "type": "Point", "coordinates": [ 135.756892, 34.679871 ] } },
{ "type": "Feature", "properties": { "ID": 2933009800000, "正式名称": "泉谷歯科医院", "機関区分": 3, "都道府県コード": 29, "市区町村コード": 201, "所在地": "奈良県奈良市西大寺栄町３番２７号／泉谷ビル２階", "緯度": 34.692954, "経度": 135.785639, "url": "https://www.iryou.teikyouseido.mhlw.go.jp/znk-web/juminkanja/S2430/initialize?prefCd=29&kikanCd=3009800000&kikanKbn=3", "url2": null, "内容": "泉谷歯科医院【3:歯科】奈良県奈良市西大寺栄町３番２７号／泉谷ビル２階" }, "geometry": { "type": "Point", "coordinates": [ 135.785639, 34.692954 ] } },
{ "type": "Feature", "properties": { "ID": 2933009900000, "正式名称": "有山歯科診療所", "機関区分": 3, "都道府県コード": 29, "市区町村コード": 201, "所在地": "奈良県奈良市西大寺国見町１丁目１番１３１号", "緯度": 34.69237, "経度": 135.783334, "url": "https://www.iryou.teikyouseido.mhlw.go.jp/znk-web/juminkanja/S2430/initialize?prefCd=29&kikanCd=3009900000&kikanKbn=3", "url2": "www.ariyama-dental.com", "内容": "有山歯科診療所【3:歯科】奈良県奈良市西大寺国見町１丁目１番１３１号" }, "geometry": { "type": "Point", "coordinates": [ 135.783334, 34.69237 ] } },
{ "type": "Feature", "properties": { "ID": 2933010000000, "正式名称": "医療法人　更谷会　更谷歯科クリニック", "機関区分": 3, "都道府県コード": 29, "市区町村コード": 201, "所在地": "奈良県奈良市西大寺芝町２－１０－１７", "緯度": 34.691815, "経度": 135.776501, "url": "https://www.iryou.teikyouseido.mhlw.go.jp/znk-web/juminkanja/S2430/initialize?prefCd=29&kikanCd=3010000000&kikanKbn=3", "url2": "http://saratani-dc.com", "内容": "医療法人　更谷会　更谷歯科クリニック【3:歯科】奈良県奈良市西大寺芝町２－１０－１７" }, "geometry": { "type": "Point", "coordinates": [ 135.776501, 34.691815 ] } },
{ "type": "Feature", "properties": { "ID": 2933010300000, "正式名称": "あおき歯科医院", "機関区分": 3, "都道府県コード": 29, "市区町村コード": 201, "所在地": "奈良県奈良市西大寺赤田町２－１－４", "緯度": 34.698258, "経度": 135.768223, "url": "https://www.iryou.teikyouseido.mhlw.go.jp/znk-web/juminkanja/S2430/initialize?prefCd=29&kikanCd=3010300000&kikanKbn=3", "url2": null, "内容": "あおき歯科医院【3:歯科】奈良県奈良市西大寺赤田町２－１－４" }, "geometry": { "type": "Point", "coordinates": [ 135.768223, 34.698258 ] } },
{ "type": "Feature", "properties": { "ID": 2933010400000, "正式名称": "青山歯科医院", "機関区分": 3, "都道府県コード": 29, "市区町村コード": 201, "所在地": "奈良県奈良市西大寺東町１－２－１３", "緯度": 34.696537, "経度": 135.784722, "url": "https://www.iryou.teikyouseido.mhlw.go.jp/znk-web/juminkanja/S2430/initialize?prefCd=29&kikanCd=3010400000&kikanKbn=3", "url2": null, "内容": "青山歯科医院【3:歯科】奈良県奈良市西大寺東町１－２－１３" }, "geometry": { "type": "Point", "coordinates": [ 135.784722, 34.696537 ] } },
{ "type": "Feature", "properties": { "ID": 2933010500000, "正式名称": "西大寺高橋矯正歯科", "機関区分": 3, "都道府県コード": 29, "市区町村コード": 201, "所在地": "奈良県奈良市西大寺東町２－１－５５　丸和西大寺ビル６階", "緯度": 34.694148, "経度": 135.784472, "url": "https://www.iryou.teikyouseido.mhlw.go.jp/znk-web/juminkanja/S2430/initialize?prefCd=29&kikanCd=3010500000&kikanKbn=3", "url2": "http://www.smile1.jp", "内容": "西大寺高橋矯正歯科【3:歯科】奈良県奈良市西大寺東町２－１－５５　丸和西大寺ビル６階" }, "geometry": { "type": "Point", "coordinates": [ 135.784472, 34.694148 ] } },
{ "type": "Feature", "properties": { "ID": 2933010800000, "正式名称": "下野歯科医院", "機関区分": 3, "都道府県コード": 29, "市区町村コード": 201, "所在地": "奈良県奈良市西大寺南町１番１７号西田ビル１０１号", "緯度": 34.693759, "経度": 135.781306, "url": "https://www.iryou.teikyouseido.mhlw.go.jp/znk-web/juminkanja/S2430/initialize?prefCd=29&kikanCd=3010800000&kikanKbn=3", "url2": null, "内容": "下野歯科医院【3:歯科】奈良県奈良市西大寺南町１番１７号西田ビル１０１号" }, "geometry": { "type": "Point", "coordinates": [ 135.781306, 34.693759 ] } },
{ "type": "Feature", "properties": { "ID": 2933010900000, "正式名称": "杉山歯科医院", "機関区分": 3, "都道府県コード": 29, "市区町村コード": 201, "所在地": "奈良県奈良市西大寺南町１２－１", "緯度": 34.690759, "経度": 135.781945, "url": "https://www.iryou.teikyouseido.mhlw.go.jp/znk-web/juminkanja/S2430/initialize?prefCd=29&kikanCd=3010900000&kikanKbn=3", "url2": "sugiyama-dc-nara.com", "内容": "杉山歯科医院【3:歯科】奈良県奈良市西大寺南町１２－１" }, "geometry": { "type": "Point", "coordinates": [ 135.781945, 34.690759 ] } },
{ "type": "Feature", "properties": { "ID": 2933011000000, "正式名称": "医療法人こじか歯科　西大寺こじか歯科診療所", "機関区分": 3, "都道府県コード": 29, "市区町村コード": 201, "所在地": "奈良県奈良市西大寺国見町二丁目１５番２８－１０１号", "緯度": 34.690259, "経度": 135.783195, "url": "https://www.iryou.teikyouseido.mhlw.go.jp/znk-web/juminkanja/S2430/initialize?prefCd=29&kikanCd=3011000000&kikanKbn=3", "url2": "http://www.kojika.or.jp/", "内容": "医療法人こじか歯科　西大寺こじか歯科診療所【3:歯科】奈良県奈良市西大寺国見町二丁目１５番２８－１０１号" }, "geometry": { "type": "Point", "coordinates": [ 135.783195, 34.690259 ] } },
{ "type": "Feature", "properties": { "ID": 2933011500000, "正式名称": "米田歯科医院", "機関区分": 3, "都道府県コード": 29, "市区町村コード": 201, "所在地": "奈良県奈良市西登美ケ丘２丁目１番２５号", "緯度": 34.715673, "経度": 135.744419, "url": "https://www.iryou.teikyouseido.mhlw.go.jp/znk-web/juminkanja/S2430/initialize?prefCd=29&kikanCd=3011500000&kikanKbn=3", "url2": "http://komeda-d.com", "内容": "米田歯科医院【3:歯科】奈良県奈良市西登美ケ丘２丁目１番２５号" }, "geometry": { "type": "Point", "coordinates": [ 135.744419, 34.715673 ] } },
{ "type": "Feature", "properties": { "ID": 2933011600000, "正式名称": "登美ケ丘歯科医院", "機関区分": 3, "都道府県コード": 29, "市区町村コード": 201, "所在地": "奈良県奈良市西登美ケ丘２丁目２番７号", "緯度": 34.7152, "経度": 135.742725, "url": "https://www.iryou.teikyouseido.mhlw.go.jp/znk-web/juminkanja/S2430/initialize?prefCd=29&kikanCd=3011600000&kikanKbn=3", "url2": "http://www.tomigaoka-dc.com", "内容": "登美ケ丘歯科医院【3:歯科】奈良県奈良市西登美ケ丘２丁目２番７号" }, "geometry": { "type": "Point", "coordinates": [ 135.742725, 34.7152 ] } },
{ "type": "Feature", "properties": { "ID": 2933011700000, "正式名称": "美希デンタルクリニック", "機関区分": 3, "都道府県コード": 29, "市区町村コード": 201, "所在地": "奈良県奈良市西登美ケ丘４丁目２番１１号", "緯度": 34.715645, "経度": 135.740253, "url": "https://www.iryou.teikyouseido.mhlw.go.jp/znk-web/juminkanja/S2430/initialize?prefCd=29&kikanCd=3011700000&kikanKbn=3", "url2": "http://miki-dental.jp/", "内容": "美希デンタルクリニック【3:歯科】奈良県奈良市西登美ケ丘４丁目２番１１号" }, "geometry": { "type": "Point", "coordinates": [ 135.740253, 34.715645 ] } },
{ "type": "Feature", "properties": { "ID": 2933011900000, "正式名称": "三崎歯科医院", "機関区分": 3, "都道府県コード": 29, "市区町村コード": 201, "所在地": "奈良県奈良市西木辻町２４０", "緯度": 34.67454, "経度": 135.827525, "url": "https://www.iryou.teikyouseido.mhlw.go.jp/znk-web/juminkanja/S2430/initialize?prefCd=29&kikanCd=3011900000&kikanKbn=3", "url2": null, "内容": "三崎歯科医院【3:歯科】奈良県奈良市西木辻町２４０" }, "geometry": { "type": "Point", "coordinates": [ 135.827525, 34.67454 ] } },
{ "type": "Feature", "properties": { "ID": 2933012100000, "正式名称": "かず歯科口腔外科クリニック", "機関区分": 3, "都道府県コード": 29, "市区町村コード": 201, "所在地": "奈良県奈良市石木町５０－３", "緯度": 34.66329, "経度": 135.761559, "url": "https://www.iryou.teikyouseido.mhlw.go.jp/znk-web/juminkanja/S2430/initialize?prefCd=29&kikanCd=3012100000&kikanKbn=3", "url2": null, "内容": "かず歯科口腔外科クリニック【3:歯科】奈良県奈良市石木町５０－３" }, "geometry": { "type": "Point", "coordinates": [ 135.761559, 34.66329 ] } },
{ "type": "Feature", "properties": { "ID": 2933012200000, "正式名称": "中島歯科", "機関区分": 3, "都道府県コード": 29, "市区町村コード": 201, "所在地": "奈良県奈良市千代ケ丘一丁目３番地の１", "緯度": 34.684315, "経度": 135.746373, "url": "https://www.iryou.teikyouseido.mhlw.go.jp/znk-web/juminkanja/S2430/initialize?prefCd=29&kikanCd=3012200000&kikanKbn=3", "url2": "http://www.nakajima-d.com/", "内容": "中島歯科【3:歯科】奈良県奈良市千代ケ丘一丁目３番地の１" }, "geometry": { "type": "Point", "coordinates": [ 135.746373, 34.684315 ] } },
{ "type": "Feature", "properties": { "ID": 2933012500000, "正式名称": "やお歯科医院", "機関区分": 3, "都道府県コード": 29, "市区町村コード": 201, "所在地": "奈良県奈良市大宮町７丁目２番５号田村ビル２０１号", "緯度": 34.684566, "経度": 135.806138, "url": "https://www.iryou.teikyouseido.mhlw.go.jp/znk-web/juminkanja/S2430/initialize?prefCd=29&kikanCd=3012500000&kikanKbn=3", "url2": "http://www.yaoshika.jp", "内容": "やお歯科医院【3:歯科】奈良県奈良市大宮町７丁目２番５号田村ビル２０１号" }, "geometry": { "type": "Point", "coordinates": [ 135.806138, 34.684566 ] } },
{ "type": "Feature", "properties": { "ID": 2933012900000, "正式名称": "西田歯科医院", "機関区分": 3, "都道府県コード": 29, "市区町村コード": 201, "所在地": "奈良県奈良市大宮町３－４－３４　青垣ビル２Ｆ", "緯度": 34.684233, "経度": 135.814637, "url": "https://www.iryou.teikyouseido.mhlw.go.jp/znk-web/juminkanja/S2430/initialize?prefCd=29&kikanCd=3012900000&kikanKbn=3", "url2": "https://www.gigi-gaga.com", "内容": "西田歯科医院【3:歯科】奈良県奈良市大宮町３－４－３４　青垣ビル２Ｆ" }, "geometry": { "type": "Point", "coordinates": [ 135.814637, 34.684233 ] } },
{ "type": "Feature", "properties": { "ID": 2933013000000, "正式名称": "ナカガワ歯科クリニック", "機関区分": 3, "都道府県コード": 29, "市区町村コード": 201, "所在地": "奈良県奈良市大宮町４丁目２３５－１　中川ビル１階", "緯度": 34.683205, "経度": 135.811165, "url": "https://www.iryou.teikyouseido.mhlw.go.jp/znk-web/juminkanja/S2430/initialize?prefCd=29&kikanCd=3013000000&kikanKbn=3", "url2": "http://www.nakagawa-haisha.com", "内容": "ナカガワ歯科クリニック【3:歯科】奈良県奈良市大宮町４丁目２３５－１　中川ビル１階" }, "geometry": { "type": "Point", "coordinates": [ 135.811165, 34.683205 ] } },
{ "type": "Feature", "properties": { "ID": 2933013100000, "正式名称": "吉本歯科医院", "機関区分": 3, "都道府県コード": 29, "市区町村コード": 201, "所在地": "奈良県奈良市大宮町５－２７８－１／新奈良ビル２階", "緯度": 34.685038, "経度": 135.812082, "url": "https://www.iryou.teikyouseido.mhlw.go.jp/znk-web/juminkanja/S2430/initialize?prefCd=29&kikanCd=3013100000&kikanKbn=3", "url2": null, "内容": "吉本歯科医院【3:歯科】奈良県奈良市大宮町５－２７８－１／新奈良ビル２階" }, "geometry": { "type": "Point", "coordinates": [ 135.812082, 34.685038 ] } },
{ "type": "Feature", "properties": { "ID": 2933013400000, "正式名称": "芝原歯科", "機関区分": 3, "都道府県コード": 29, "市区町村コード": 201, "所在地": "奈良県奈良市大宮町四丁目２６９番地の４", "緯度": 34.683011, "経度": 135.809054, "url": "https://www.iryou.teikyouseido.mhlw.go.jp/znk-web/juminkanja/S2430/initialize?prefCd=29&kikanCd=3013400000&kikanKbn=3", "url2": "http://www.shibaharashika.com", "内容": "芝原歯科【3:歯科】奈良県奈良市大宮町四丁目２６９番地の４" }, "geometry": { "type": "Point", "coordinates": [ 135.809054, 34.683011 ] } },
{ "type": "Feature", "properties": { "ID": 2933013500000, "正式名称": "医療法人昌誠会　新大宮歯科医院", "機関区分": 3, "都道府県コード": 29, "市区町村コード": 201, "所在地": "奈良県奈良市大宮町六丁目９番地の１　新大宮ビル１階", "緯度": 34.685094, "経度": 135.811054, "url": "https://www.iryou.teikyouseido.mhlw.go.jp/znk-web/juminkanja/S2430/initialize?prefCd=29&kikanCd=3013500000&kikanKbn=3", "url2": null, "内容": "医療法人昌誠会　新大宮歯科医院【3:歯科】奈良県奈良市大宮町六丁目９番地の１　新大宮ビル１階" }, "geometry": { "type": "Point", "coordinates": [ 135.811054, 34.685094 ] } },
{ "type": "Feature", "properties": { "ID": 2933013600000, "正式名称": "稲田デンタルクリニック", "機関区分": 3, "都道府県コード": 29, "市区町村コード": 201, "所在地": "奈良県奈良市大森町４５－４", "緯度": 34.676289, "経度": 135.820637, "url": "https://www.iryou.teikyouseido.mhlw.go.jp/znk-web/juminkanja/S2430/initialize?prefCd=29&kikanCd=3013600000&kikanKbn=3", "url2": "http://www.inada-dc.com/", "内容": "稲田デンタルクリニック【3:歯科】奈良県奈良市大森町４５－４" }, "geometry": { "type": "Point", "coordinates": [ 135.820637, 34.676289 ] } },
{ "type": "Feature", "properties": { "ID": 2933013700000, "正式名称": "ひだ歯科医院", "機関区分": 3, "都道府県コード": 29, "市区町村コード": 201, "所在地": "奈良県奈良市中山町１２５５－２", "緯度": 34.71134, "経度": 135.770195, "url": "https://www.iryou.teikyouseido.mhlw.go.jp/znk-web/juminkanja/S2430/initialize?prefCd=29&kikanCd=3013700000&kikanKbn=3", "url2": null, "内容": "ひだ歯科医院【3:歯科】奈良県奈良市中山町１２５５－２" }, "geometry": { "type": "Point", "coordinates": [ 135.770195, 34.71134 ] } },
{ "type": "Feature", "properties": { "ID": 2933013800000, "正式名称": "渡辺歯科医院", "機関区分": 3, "都道府県コード": 29, "市区町村コード": 201, "所在地": "奈良県奈良市中山町", "緯度": 34.709396, "経度": 135.769112, "url": "https://www.iryou.teikyouseido.mhlw.go.jp/znk-web/juminkanja/S2430/initialize?prefCd=29&kikanCd=3013800000&kikanKbn=3", "url2": "http://www.nara-dental.appspot.com/", "内容": "渡辺歯科医院【3:歯科】奈良県奈良市中山町" }, "geometry": { "type": "Point", "coordinates": [ 135.769112, 34.709396 ] } },
{ "type": "Feature", "properties": { "ID": 2933014000000, "正式名称": "平野歯科医院", "機関区分": 3, "都道府県コード": 29, "市区町村コード": 201, "所在地": "奈良県奈良市中山町西４－４５６－１　ＴＳビル１０２", "緯度": 34.71059, "経度": 135.758335, "url": "https://www.iryou.teikyouseido.mhlw.go.jp/znk-web/juminkanja/S2430/initialize?prefCd=29&kikanCd=3014000000&kikanKbn=3", "url2": null, "内容": "平野歯科医院【3:歯科】奈良県奈良市中山町西４－４５６－１　ＴＳビル１０２" }, "geometry": { "type": "Point", "coordinates": [ 135.758335, 34.71059 ] } },
{ "type": "Feature", "properties": { "ID": 2933014300000, "正式名称": "医療法人泰平会　池元歯科医院", "機関区分": 3, "都道府県コード": 29, "市区町村コード": 201, "所在地": "奈良県奈良市中登美ケ丘３丁目５番ローレルスクエア登美ケ丘東館Ｔ―１", "緯度": 34.721644, "経度": 135.751029, "url": "https://www.iryou.teikyouseido.mhlw.go.jp/znk-web/juminkanja/S2430/initialize?prefCd=29&kikanCd=3014300000&kikanKbn=3", "url2": "http://ikemoto.dental-net.jp", "内容": "医療法人泰平会　池元歯科医院【3:歯科】奈良県奈良市中登美ケ丘３丁目５番ローレルスクエア登美ケ丘東館Ｔ―１" }, "geometry": { "type": "Point", "coordinates": [ 135.751029, 34.721644 ] } },
{ "type": "Feature", "properties": { "ID": 2933014400000, "正式名称": "医療法人　慈心会　歯科ＹＡＳデンタルクリニック中登美ヶ丘診療所", "機関区分": 3, "都道府県コード": 29, "市区町村コード": 201, "所在地": "奈良県奈良市中登美ケ丘４丁目３‐２　アップル学園前１階", "緯度": 34.721589, "経度": 135.744919, "url": "https://www.iryou.teikyouseido.mhlw.go.jp/znk-web/juminkanja/S2430/initialize?prefCd=29&kikanCd=3014400000&kikanKbn=3", "url2": "www.yas-d.com", "内容": "医療法人　慈心会　歯科ＹＡＳデンタルクリニック中登美ヶ丘診療所【3:歯科】奈良県奈良市中登美ケ丘４丁目３‐２　アップル学園前１階" }, "geometry": { "type": "Point", "coordinates": [ 135.744919, 34.721589 ] } },
{ "type": "Feature", "properties": { "ID": 2933014600000, "正式名称": "帝塚山歯科", "機関区分": 3, "都道府県コード": 29, "市区町村コード": 201, "所在地": "奈良県奈良市鳥見町２丁目１６－５", "緯度": 34.689425, "経度": 135.724533, "url": "https://www.iryou.teikyouseido.mhlw.go.jp/znk-web/juminkanja/S2430/initialize?prefCd=29&kikanCd=3014600000&kikanKbn=3", "url2": "http://www.tezukayama-dental.com/", "内容": "帝塚山歯科【3:歯科】奈良県奈良市鳥見町２丁目１６－５" }, "geometry": { "type": "Point", "coordinates": [ 135.724533, 34.689425 ] } },
{ "type": "Feature", "properties": { "ID": 2933014900000, "正式名称": "高橋歯科医院", "機関区分": 3, "都道府県コード": 29, "市区町村コード": 201, "所在地": "奈良県奈良市帝塚山６－２－１フローラル帝塚山１Ｆ", "緯度": 34.685733, "経度": 135.729763, "url": "https://www.iryou.teikyouseido.mhlw.go.jp/znk-web/juminkanja/S2430/initialize?prefCd=29&kikanCd=3014900000&kikanKbn=3", "url2": null, "内容": "高橋歯科医院【3:歯科】奈良県奈良市帝塚山６－２－１フローラル帝塚山１Ｆ" }, "geometry": { "type": "Point", "coordinates": [ 135.729763, 34.685733 ] } },
{ "type": "Feature", "properties": { "ID": 2933015200000, "正式名称": "池尾小児歯科", "機関区分": 3, "都道府県コード": 29, "市区町村コード": 201, "所在地": "奈良県奈良市登大路町４３ー１１", "緯度": 34.683567, "経度": 135.829525, "url": "https://www.iryou.teikyouseido.mhlw.go.jp/znk-web/juminkanja/S2430/initialize?prefCd=29&kikanCd=3015200000&kikanKbn=3", "url2": null, "内容": "池尾小児歯科【3:歯科】奈良県奈良市登大路町４３ー１１" }, "geometry": { "type": "Point", "coordinates": [ 135.829525, 34.683567 ] } },
{ "type": "Feature", "properties": { "ID": 2933015300000, "正式名称": "宮本歯科医院", "機関区分": 3, "都道府県コード": 29, "市区町村コード": 201, "所在地": "奈良県奈良市登美ケ丘３－３－１３", "緯度": 34.715034, "経度": 135.750224, "url": "https://www.iryou.teikyouseido.mhlw.go.jp/znk-web/juminkanja/S2430/initialize?prefCd=29&kikanCd=3015300000&kikanKbn=3", "url2": "http://www.nara-miyamoto.com/", "内容": "宮本歯科医院【3:歯科】奈良県奈良市登美ケ丘３－３－１３" }, "geometry": { "type": "Point", "coordinates": [ 135.750224, 34.715034 ] } },
{ "type": "Feature", "properties": { "ID": 2933015400000, "正式名称": "医療法人　岡田会　おかだ歯科医院", "機関区分": 3, "都道府県コード": 29, "市区町村コード": 201, "所在地": "奈良県奈良市登美ケ丘一丁目２番９号", "緯度": 34.708285, "経度": 135.749641, "url": "https://www.iryou.teikyouseido.mhlw.go.jp/znk-web/juminkanja/S2430/initialize?prefCd=29&kikanCd=3015400000&kikanKbn=3", "url2": "http://www.nara-implant.jp", "内容": "医療法人　岡田会　おかだ歯科医院【3:歯科】奈良県奈良市登美ケ丘一丁目２番９号" }, "geometry": { "type": "Point", "coordinates": [ 135.749641, 34.708285 ] } },
{ "type": "Feature", "properties": { "ID": 2933015500000, "正式名称": "医療法人　慈心会　歯科ＹＡＳデンタルクリニック登美ヶ丘本院", "機関区分": 3, "都道府県コード": 29, "市区町村コード": 201, "所在地": "奈良県奈良市登美ケ丘二丁目２番１７号", "緯度": 34.711868, "経度": 135.750058, "url": "https://www.iryou.teikyouseido.mhlw.go.jp/znk-web/juminkanja/S2430/initialize?prefCd=29&kikanCd=3015500000&kikanKbn=3", "url2": "www.yas-d.com", "内容": "医療法人　慈心会　歯科ＹＡＳデンタルクリニック登美ヶ丘本院【3:歯科】奈良県奈良市登美ケ丘二丁目２番１７号" }, "geometry": { "type": "Point", "coordinates": [ 135.750058, 34.711868 ] } },
{ "type": "Feature", "properties": { "ID": 2933016000000, "正式名称": "川井歯科医院", "機関区分": 3, "都道府県コード": 29, "市区町村コード": 201, "所在地": "奈良県奈良市東向北町１９", "緯度": 34.685622, "経度": 135.828997, "url": "https://www.iryou.teikyouseido.mhlw.go.jp/znk-web/juminkanja/S2430/initialize?prefCd=29&kikanCd=3016000000&kikanKbn=3", "url2": null, "内容": "川井歯科医院【3:歯科】奈良県奈良市東向北町１９" }, "geometry": { "type": "Point", "coordinates": [ 135.828997, 34.685622 ] } },
{ "type": "Feature", "properties": { "ID": 2933016100000, "正式名称": "木平歯科診療所", "機関区分": 3, "都道府県コード": 29, "市区町村コード": 201, "所在地": "奈良県奈良市東向北町３", "緯度": 34.684733, "経度": 135.828691, "url": "https://www.iryou.teikyouseido.mhlw.go.jp/znk-web/juminkanja/S2430/initialize?prefCd=29&kikanCd=3016100000&kikanKbn=3", "url2": null, "内容": "木平歯科診療所【3:歯科】奈良県奈良市東向北町３" }, "geometry": { "type": "Point", "coordinates": [ 135.828691, 34.684733 ] } },
{ "type": "Feature", "properties": { "ID": 2933016300000, "正式名称": "つじうち歯科", "機関区分": 3, "都道府県コード": 29, "市区町村コード": 201, "所在地": "奈良県奈良市東登美ケ丘一丁目４－８", "緯度": 34.717284, "経度": 135.761279, "url": "https://www.iryou.teikyouseido.mhlw.go.jp/znk-web/juminkanja/S2430/initialize?prefCd=29&kikanCd=3016300000&kikanKbn=3", "url2": "http://www.tsujiuchi.jp", "内容": "つじうち歯科【3:歯科】奈良県奈良市東登美ケ丘一丁目４－８" }, "geometry": { "type": "Point", "coordinates": [ 135.761279, 34.717284 ] } },
{ "type": "Feature", "properties": { "ID": 2933016700000, "正式名称": "医療法人真和会　北林歯科", "機関区分": 3, "都道府県コード": 29, "市区町村コード": 201, "所在地": "奈良県奈良市鍋屋町８番地", "緯度": 34.687205, "経度": 135.829552, "url": "https://www.iryou.teikyouseido.mhlw.go.jp/znk-web/juminkanja/S2430/initialize?prefCd=29&kikanCd=3016700000&kikanKbn=3", "url2": null, "内容": "医療法人真和会　北林歯科【3:歯科】奈良県奈良市鍋屋町８番地" }, "geometry": { "type": "Point", "coordinates": [ 135.829552, 34.687205 ] } },
{ "type": "Feature", "properties": { "ID": 2933016800000, "正式名称": "松田歯科クリニック", "機関区分": 3, "都道府県コード": 29, "市区町村コード": 201, "所在地": "奈良県奈良市南紀寺町三丁目６２－４", "緯度": 34.669513, "経度": 135.840552, "url": "https://www.iryou.teikyouseido.mhlw.go.jp/znk-web/juminkanja/S2430/initialize?prefCd=29&kikanCd=3016800000&kikanKbn=3", "url2": "http.//www.matsudadent.com/", "内容": "松田歯科クリニック【3:歯科】奈良県奈良市南紀寺町三丁目６２－４" }, "geometry": { "type": "Point", "coordinates": [ 135.840552, 34.669513 ] } },
{ "type": "Feature", "properties": { "ID": 2933016900000, "正式名称": "もりもと歯科医院", "機関区分": 3, "都道府県コード": 29, "市区町村コード": 201, "所在地": "奈良県奈良市南京終町２－１２０１－１５", "緯度": 34.66929, "経度": 135.819082, "url": "https://www.iryou.teikyouseido.mhlw.go.jp/znk-web/juminkanja/S2430/initialize?prefCd=29&kikanCd=3016900000&kikanKbn=3", "url2": null, "内容": "もりもと歯科医院【3:歯科】奈良県奈良市南京終町２－１２０１－１５" }, "geometry": { "type": "Point", "coordinates": [ 135.819082, 34.66929 ] } },
{ "type": "Feature", "properties": { "ID": 2933017000000, "正式名称": "村井歯科医院", "機関区分": 3, "都道府県コード": 29, "市区町村コード": 201, "所在地": "奈良県奈良市南京終町１丁目１０９番地１の５", "緯度": 34.672179, "経度": 135.819581, "url": "https://www.iryou.teikyouseido.mhlw.go.jp/znk-web/juminkanja/S2430/initialize?prefCd=29&kikanCd=3017000000&kikanKbn=3", "url2": null, "内容": "村井歯科医院【3:歯科】奈良県奈良市南京終町１丁目１０９番地１の５" }, "geometry": { "type": "Point", "coordinates": [ 135.819581, 34.672179 ] } },
{ "type": "Feature", "properties": { "ID": 2933017100000, "正式名称": "ＯＭＰ前田歯科", "機関区分": 3, "都道府県コード": 29, "市区町村コード": 201, "所在地": "奈良県奈良市南京終町一丁目１２８番地の１", "緯度": 34.67029, "経度": 135.820359, "url": "https://www.iryou.teikyouseido.mhlw.go.jp/znk-web/juminkanja/S2430/initialize?prefCd=29&kikanCd=3017100000&kikanKbn=3", "url2": null, "内容": "ＯＭＰ前田歯科【3:歯科】奈良県奈良市南京終町一丁目１２８番地の１" }, "geometry": { "type": "Point", "coordinates": [ 135.820359, 34.67029 ] } },
{ "type": "Feature", "properties": { "ID": 2933017400000, "正式名称": "奈良県口腔保健センター", "機関区分": 3, "都道府県コード": 29, "市区町村コード": 201, "所在地": "奈良県奈良市二条町２丁目９番２号", "緯度": 34.691815, "経度": 135.787555, "url": "https://www.iryou.teikyouseido.mhlw.go.jp/znk-web/juminkanja/S2430/initialize?prefCd=29&kikanCd=3017400000&kikanKbn=3", "url2": null, "内容": "奈良県口腔保健センター【3:歯科】奈良県奈良市二条町２丁目９番２号" }, "geometry": { "type": "Point", "coordinates": [ 135.787555, 34.691815 ] } },
{ "type": "Feature", "properties": { "ID": 2933017500000, "正式名称": "ほうたつ歯科医院", "機関区分": 3, "都道府県コード": 29, "市区町村コード": 201, "所在地": "奈良県奈良市尼辻中町１０－２６エアーユ１Ｆ", "緯度": 34.681733, "経度": 135.784751, "url": "https://www.iryou.teikyouseido.mhlw.go.jp/znk-web/juminkanja/S2430/initialize?prefCd=29&kikanCd=3017500000&kikanKbn=3", "url2": "http://www.houtatsu.net", "内容": "ほうたつ歯科医院【3:歯科】奈良県奈良市尼辻中町１０－２６エアーユ１Ｆ" }, "geometry": { "type": "Point", "coordinates": [ 135.784751, 34.681733 ] } },
{ "type": "Feature", "properties": { "ID": 2933017800000, "正式名称": "小野歯科医院", "機関区分": 3, "都道府県コード": 29, "市区町村コード": 201, "所在地": "奈良県奈良市疋田町２丁目７２２－２", "緯度": 34.69212, "経度": 135.766918, "url": "https://www.iryou.teikyouseido.mhlw.go.jp/znk-web/juminkanja/S2430/initialize?prefCd=29&kikanCd=3017800000&kikanKbn=3", "url2": null, "内容": "小野歯科医院【3:歯科】奈良県奈良市疋田町２丁目７２２－２" }, "geometry": { "type": "Point", "coordinates": [ 135.766918, 34.69212 ] } },
{ "type": "Feature", "properties": { "ID": 2933017900000, "正式名称": "畑下歯科医院", "機関区分": 3, "都道府県コード": 29, "市区町村コード": 201, "所在地": "奈良県奈良市疋田町４－１２８－１", "緯度": 34.688204, "経度": 135.769002, "url": "https://www.iryou.teikyouseido.mhlw.go.jp/znk-web/juminkanja/S2430/initialize?prefCd=29&kikanCd=3017900000&kikanKbn=3", "url2": null, "内容": "畑下歯科医院【3:歯科】奈良県奈良市疋田町４－１２８－１" }, "geometry": { "type": "Point", "coordinates": [ 135.769002, 34.688204 ] } },
{ "type": "Feature", "properties": { "ID": 2933018100000, "正式名称": "富雄歯科診療所", "機関区分": 3, "都道府県コード": 29, "市区町村コード": 201, "所在地": "奈良県奈良市富雄元町２－１－２２／白井ビル２階", "緯度": 34.693925, "経度": 135.735615, "url": "https://www.iryou.teikyouseido.mhlw.go.jp/znk-web/juminkanja/S2430/initialize?prefCd=29&kikanCd=3018100000&kikanKbn=3", "url2": null, "内容": "富雄歯科診療所【3:歯科】奈良県奈良市富雄元町２－１－２２／白井ビル２階" }, "geometry": { "type": "Point", "coordinates": [ 135.735615, 34.693925 ] } },
{ "type": "Feature", "properties": { "ID": 2933018200000, "正式名称": "やまもと歯科医院", "機関区分": 3, "都道府県コード": 29, "市区町村コード": 201, "所在地": "奈良県奈良市富雄元町一丁目２０番１３号", "緯度": 34.693286, "経度": 135.735199, "url": "https://www.iryou.teikyouseido.mhlw.go.jp/znk-web/juminkanja/S2430/initialize?prefCd=29&kikanCd=3018200000&kikanKbn=3", "url2": null, "内容": "やまもと歯科医院【3:歯科】奈良県奈良市富雄元町一丁目２０番１３号" }, "geometry": { "type": "Point", "coordinates": [ 135.735199, 34.693286 ] } },
{ "type": "Feature", "properties": { "ID": 2933018300000, "正式名称": "西浦歯科医院", "機関区分": 3, "都道府県コード": 29, "市区町村コード": 201, "所在地": "奈良県奈良市富雄元町２－５－２０／トミオプラザビル２階", "緯度": 34.693036, "経度": 135.735199, "url": "https://www.iryou.teikyouseido.mhlw.go.jp/znk-web/juminkanja/S2430/initialize?prefCd=29&kikanCd=3018300000&kikanKbn=3", "url2": null, "内容": "西浦歯科医院【3:歯科】奈良県奈良市富雄元町２－５－２０／トミオプラザビル２階" }, "geometry": { "type": "Point", "coordinates": [ 135.735199, 34.693036 ] } },
{ "type": "Feature", "properties": { "ID": 2933018600000, "正式名称": "医療法人よつば会クローバー小児歯科", "機関区分": 3, "都道府県コード": 29, "市区町村コード": 201, "所在地": "奈良県奈良市富雄川西二丁目８番１２号", "緯度": 34.697341, "経度": 135.731671, "url": "https://www.iryou.teikyouseido.mhlw.go.jp/znk-web/juminkanja/S2430/initialize?prefCd=29&kikanCd=3018600000&kikanKbn=3", "url2": "http://www.4leaves.net", "内容": "医療法人よつば会クローバー小児歯科【3:歯科】奈良県奈良市富雄川西二丁目８番１２号" }, "geometry": { "type": "Point", "coordinates": [ 135.731671, 34.697341 ] } },
{ "type": "Feature", "properties": { "ID": 2933018700000, "正式名称": "高畑歯科医院", "機関区分": 3, "都道府県コード": 29, "市区町村コード": 201, "所在地": "奈良県奈良市富雄北１－３－５キタダビル２Ｆ", "緯度": 34.694591, "経度": 135.735171, "url": "https://www.iryou.teikyouseido.mhlw.go.jp/znk-web/juminkanja/S2430/initialize?prefCd=29&kikanCd=3018700000&kikanKbn=3", "url2": "http://www.nara-takadashika.com", "内容": "高畑歯科医院【3:歯科】奈良県奈良市富雄北１－３－５キタダビル２Ｆ" }, "geometry": { "type": "Point", "coordinates": [ 135.735171, 34.694591 ] } },
{ "type": "Feature", "properties": { "ID": 2933018800000, "正式名称": "医療法人　奥田歯科医院", "機関区分": 3, "都道府県コード": 29, "市区町村コード": 201, "所在地": "奈良県奈良市富雄北２丁目１番５号", "緯度": 34.694814, "経度": 135.735837, "url": "https://www.iryou.teikyouseido.mhlw.go.jp/znk-web/juminkanja/S2430/initialize?prefCd=29&kikanCd=3018800000&kikanKbn=3", "url2": null, "内容": "医療法人　奥田歯科医院【3:歯科】奈良県奈良市富雄北２丁目１番５号" }, "geometry": { "type": "Point", "coordinates": [ 135.735837, 34.694814 ] } },
{ "type": "Feature", "properties": { "ID": 2933018900000, "正式名称": "かわにし歯科医院", "機関区分": 3, "都道府県コード": 29, "市区町村コード": 201, "所在地": "奈良県奈良市富雄北一丁目１２－４アゴラハイム１階", "緯度": 34.696286, "経度": 135.732838, "url": "https://www.iryou.teikyouseido.mhlw.go.jp/znk-web/juminkanja/S2430/initialize?prefCd=29&kikanCd=3018900000&kikanKbn=3", "url2": null, "内容": "かわにし歯科医院【3:歯科】奈良県奈良市富雄北一丁目１２－４アゴラハイム１階" }, "geometry": { "type": "Point", "coordinates": [ 135.732838, 34.696286 ] } },
{ "type": "Feature", "properties": { "ID": 2933019000000, "正式名称": "日高デンタルクリニック", "機関区分": 3, "都道府県コード": 29, "市区町村コード": 201, "所在地": "奈良県奈良市富雄北三丁目１－１３", "緯度": 34.698508, "経度": 135.732587, "url": "https://www.iryou.teikyouseido.mhlw.go.jp/znk-web/juminkanja/S2430/initialize?prefCd=29&kikanCd=3019000000&kikanKbn=3", "url2": "https://hidaka-dental.net/index.html", "内容": "日高デンタルクリニック【3:歯科】奈良県奈良市富雄北三丁目１－１３" }, "geometry": { "type": "Point", "coordinates": [ 135.732587, 34.698508 ] } },
{ "type": "Feature", "properties": { "ID": 2933019100000, "正式名称": "伊熊歯科医院", "機関区分": 3, "都道府県コード": 29, "市区町村コード": 201, "所在地": "奈良県奈良市宝来１丁目６－８ラ・モア　１階", "緯度": 34.68176, "経度": 135.781695, "url": "https://www.iryou.teikyouseido.mhlw.go.jp/znk-web/juminkanja/S2430/initialize?prefCd=29&kikanCd=3019100000&kikanKbn=3", "url2": null, "内容": "伊熊歯科医院【3:歯科】奈良県奈良市宝来１丁目６－８ラ・モア　１階" }, "geometry": { "type": "Point", "coordinates": [ 135.781695, 34.68176 ] } },
{ "type": "Feature", "properties": { "ID": 2933019200000, "正式名称": "一般社団法人　西響会", "機関区分": 3, "都道府県コード": 29, "市区町村コード": 201, "所在地": "奈良県奈良市宝来１丁目８ー１", "緯度": 34.68201, "経度": 135.781362, "url": "https://www.iryou.teikyouseido.mhlw.go.jp/znk-web/juminkanja/S2430/initialize?prefCd=29&kikanCd=3019200000&kikanKbn=3", "url2": "https://nishikawa-shika.net/", "内容": "一般社団法人　西響会【3:歯科】奈良県奈良市宝来１丁目８ー１" }, "geometry": { "type": "Point", "coordinates": [ 135.781362, 34.68201 ] } },
{ "type": "Feature", "properties": { "ID": 2933019300000, "正式名称": "にしむら歯科", "機関区分": 3, "都道府県コード": 29, "市区町村コード": 201, "所在地": "奈良県奈良市宝来三丁目１６番１０号ドルフ３　１Ｆ", "緯度": 34.681177, "経度": 135.775113, "url": "https://www.iryou.teikyouseido.mhlw.go.jp/znk-web/juminkanja/S2430/initialize?prefCd=29&kikanCd=3019300000&kikanKbn=3", "url2": null, "内容": "にしむら歯科【3:歯科】奈良県奈良市宝来三丁目１６番１０号ドルフ３　１Ｆ" }, "geometry": { "type": "Point", "coordinates": [ 135.775113, 34.681177 ] } },
{ "type": "Feature", "properties": { "ID": 2933019400000, "正式名称": "かわはら歯科クリニック", "機関区分": 3, "都道府県コード": 29, "市区町村コード": 201, "所在地": "奈良県奈良市法華寺町１番５奈良バイパスビル１０１号室", "緯度": 34.691232, "経度": 135.811359, "url": "https://www.iryou.teikyouseido.mhlw.go.jp/znk-web/juminkanja/S2430/initialize?prefCd=29&kikanCd=3019400000&kikanKbn=3", "url2": "http://www.kawahara-shika.com/", "内容": "かわはら歯科クリニック【3:歯科】奈良県奈良市法華寺町１番５奈良バイパスビル１０１号室" }, "geometry": { "type": "Point", "coordinates": [ 135.811359, 34.691232 ] } },
{ "type": "Feature", "properties": { "ID": 2933019600000, "正式名称": "上林歯科医院", "機関区分": 3, "都道府県コード": 29, "市区町村コード": 201, "所在地": "奈良県奈良市法蓮町１５０－３", "緯度": 34.688232, "経度": 135.812109, "url": "https://www.iryou.teikyouseido.mhlw.go.jp/znk-web/juminkanja/S2430/initialize?prefCd=29&kikanCd=3019600000&kikanKbn=3", "url2": "http://www.kambayashi-dc.com", "内容": "上林歯科医院【3:歯科】奈良県奈良市法蓮町１５０－３" }, "geometry": { "type": "Point", "coordinates": [ 135.812109, 34.688232 ] } },
{ "type": "Feature", "properties": { "ID": 2933019700000, "正式名称": "西歯科医院", "機関区分": 3, "都道府県コード": 29, "市区町村コード": 201, "所在地": "奈良県奈良市法蓮町４１２番１エステートビル２Ｆ２０１号", "緯度": 34.69126, "経度": 135.814998, "url": "https://www.iryou.teikyouseido.mhlw.go.jp/znk-web/juminkanja/S2430/initialize?prefCd=29&kikanCd=3019700000&kikanKbn=3", "url2": null, "内容": "西歯科医院【3:歯科】奈良県奈良市法蓮町４１２番１エステートビル２Ｆ２０１号" }, "geometry": { "type": "Point", "coordinates": [ 135.814998, 34.69126 ] } },
{ "type": "Feature", "properties": { "ID": 2933019800000, "正式名称": "掛樋歯科医院", "機関区分": 3, "都道府県コード": 29, "市区町村コード": 201, "所在地": "奈良県奈良市法蓮町１２４４", "緯度": 34.691816, "経度": 135.826719, "url": "https://www.iryou.teikyouseido.mhlw.go.jp/znk-web/juminkanja/S2430/initialize?prefCd=29&kikanCd=3019800000&kikanKbn=3", "url2": null, "内容": "掛樋歯科医院【3:歯科】奈良県奈良市法蓮町１２４４" }, "geometry": { "type": "Point", "coordinates": [ 135.826719, 34.691816 ] } },
{ "type": "Feature", "properties": { "ID": 2933020000000, "正式名称": "入部歯科医院", "機関区分": 3, "都道府県コード": 29, "市区町村コード": 201, "所在地": "奈良県奈良市北市町３６－７", "緯度": 34.688205, "経度": 135.823247, "url": "https://www.iryou.teikyouseido.mhlw.go.jp/znk-web/juminkanja/S2430/initialize?prefCd=29&kikanCd=3020000000&kikanKbn=3", "url2": null, "内容": "入部歯科医院【3:歯科】奈良県奈良市北市町３６－７" }, "geometry": { "type": "Point", "coordinates": [ 135.823247, 34.688205 ] } },
{ "type": "Feature", "properties": { "ID": 2933020100000, "正式名称": "ならまちワンネス歯科", "機関区分": 3, "都道府県コード": 29, "市区町村コード": 201, "所在地": "奈良県奈良市北風呂町３７番地の１", "緯度": 34.678345, "経度": 135.826525, "url": "https://www.iryou.teikyouseido.mhlw.go.jp/znk-web/juminkanja/S2430/initialize?prefCd=29&kikanCd=3020100000&kikanKbn=3", "url2": "http//www.naramachi-oneness.com/", "内容": "ならまちワンネス歯科【3:歯科】奈良県奈良市北風呂町３７番地の１" }, "geometry": { "type": "Point", "coordinates": [ 135.826525, 34.678345 ] } },
{ "type": "Feature", "properties": { "ID": 2933020300000, "正式名称": "今岡歯科医院柳生診療所", "機関区分": 3, "都道府県コード": 29, "市区町村コード": 201, "所在地": "奈良県奈良市柳生町８２－５", "緯度": 34.734313, "経度": 135.951151, "url": "https://www.iryou.teikyouseido.mhlw.go.jp/znk-web/juminkanja/S2430/initialize?prefCd=29&kikanCd=3020300000&kikanKbn=3", "url2": null, "内容": "今岡歯科医院柳生診療所【3:歯科】奈良県奈良市柳生町８２－５" }, "geometry": { "type": "Point", "coordinates": [ 135.951151, 34.734313 ] } },
{ "type": "Feature", "properties": { "ID": 2933020400000, "正式名称": "冨森歯科油阪診療所", "機関区分": 3, "都道府県コード": 29, "市区町村コード": 201, "所在地": "奈良県奈良市油阪町３の２０", "緯度": 34.683427, "経度": 135.821025, "url": "https://www.iryou.teikyouseido.mhlw.go.jp/znk-web/juminkanja/S2430/initialize?prefCd=29&kikanCd=3020400000&kikanKbn=3", "url2": null, "内容": "冨森歯科油阪診療所【3:歯科】奈良県奈良市油阪町３の２０" }, "geometry": { "type": "Point", "coordinates": [ 135.821025, 34.683427 ] } },
{ "type": "Feature", "properties": { "ID": 2933020600000, "正式名称": "みねい歯科医院", "機関区分": 3, "都道府県コード": 29, "市区町村コード": 201, "所在地": "奈良県奈良市恋の窪二丁目１２－９", "緯度": 34.673623, "経度": 135.808027, "url": "https://www.iryou.teikyouseido.mhlw.go.jp/znk-web/juminkanja/S2430/initialize?prefCd=29&kikanCd=3020600000&kikanKbn=3", "url2": null, "内容": "みねい歯科医院【3:歯科】奈良県奈良市恋の窪二丁目１２－９" }, "geometry": { "type": "Point", "coordinates": [ 135.808027, 34.673623 ] } },
{ "type": "Feature", "properties": { "ID": 2933020700000, "正式名称": "医療法人小川会　おがわ歯科クリニック", "機関区分": 3, "都道府県コード": 29, "市区町村コード": 201, "所在地": "奈良県奈良市六条２丁目３－２０", "緯度": 34.669067, "経度": 135.776252, "url": "https://www.iryou.teikyouseido.mhlw.go.jp/znk-web/juminkanja/S2430/initialize?prefCd=29&kikanCd=3020700000&kikanKbn=3", "url2": "https://www.ogawa-kyousei.jp", "内容": "医療法人小川会　おがわ歯科クリニック【3:歯科】奈良県奈良市六条２丁目３－２０" }, "geometry": { "type": "Point", "coordinates": [ 135.776252, 34.669067 ] } },
{ "type": "Feature", "properties": { "ID": 2933020800000, "正式名称": "井戸西歯科医院", "機関区分": 3, "都道府県コード": 29, "市区町村コード": 201, "所在地": "奈良県奈良市六条３丁目１１－５", "緯度": 34.66635, "経度": 135.772436, "url": "https://www.iryou.teikyouseido.mhlw.go.jp/znk-web/juminkanja/S2430/initialize?prefCd=29&kikanCd=3020800000&kikanKbn=3", "url2": null, "内容": "井戸西歯科医院【3:歯科】奈良県奈良市六条３丁目１１－５" }, "geometry": { "type": "Point", "coordinates": [ 135.772436, 34.66635 ] } },
{ "type": "Feature", "properties": { "ID": 2933020900000, "正式名称": "たての歯科", "機関区分": 3, "都道府県コード": 29, "市区町村コード": 201, "所在地": "奈良県奈良市六条一丁目３６－２８", "緯度": 34.668567, "経度": 135.781251, "url": "https://www.iryou.teikyouseido.mhlw.go.jp/znk-web/juminkanja/S2430/initialize?prefCd=29&kikanCd=3020900000&kikanKbn=3", "url2": null, "内容": "たての歯科【3:歯科】奈良県奈良市六条一丁目３６－２８" }, "geometry": { "type": "Point", "coordinates": [ 135.781251, 34.668567 ] } },
{ "type": "Feature", "properties": { "ID": 2933021000000, "正式名称": "西川歯科医院", "機関区分": 3, "都道府県コード": 29, "市区町村コード": 201, "所在地": "奈良県奈良市六条緑町３－８－３９", "緯度": 34.669489, "経度": 135.766503, "url": "https://www.iryou.teikyouseido.mhlw.go.jp/znk-web/juminkanja/S2430/initialize?prefCd=29&kikanCd=3021000000&kikanKbn=3", "url2": null, "内容": "西川歯科医院【3:歯科】奈良県奈良市六条緑町３－８－３９" }, "geometry": { "type": "Point", "coordinates": [ 135.766503, 34.669489 ] } },
{ "type": "Feature", "properties": { "ID": 2933021300000, "正式名称": "おくやま歯科医院", "機関区分": 3, "都道府県コード": 29, "市区町村コード": 210, "所在地": "奈良県香芝市逢坂５丁目３１４－１", "緯度": 34.548495, "経度": 135.692625, "url": "https://www.iryou.teikyouseido.mhlw.go.jp/znk-web/juminkanja/S2430/initialize?prefCd=29&kikanCd=3021300000&kikanKbn=3", "url2": null, "内容": "おくやま歯科医院【3:歯科】奈良県香芝市逢坂５丁目３１４－１" }, "geometry": { "type": "Point", "coordinates": [ 135.692625, 34.548495 ] } },
{ "type": "Feature", "properties": { "ID": 2933021400000, "正式名称": "医療法人うえむら歯科医院", "機関区分": 3, "都道府県コード": 29, "市区町村コード": 442, "所在地": "奈良県吉野郡大淀町桧垣本１６７７－１", "緯度": 34.389542, "経度": 135.793486, "url": "https://www.iryou.teikyouseido.mhlw.go.jp/znk-web/juminkanja/S2430/initialize?prefCd=29&kikanCd=3021400000&kikanKbn=3", "url2": "http://www.uemura-dc.com", "内容": "医療法人うえむら歯科医院【3:歯科】奈良県吉野郡大淀町桧垣本１６７７－１" }, "geometry": { "type": "Point", "coordinates": [ 135.793486, 34.389542 ] } },
{ "type": "Feature", "properties": { "ID": 2933021500000, "正式名称": "やわらぎ歯科医院", "機関区分": 3, "都道府県コード": 29, "市区町村コード": 425, "所在地": "奈良県北葛城郡王寺町王寺２丁目６－４クレール吉田２階", "緯度": 34.596463, "経度": 135.705844, "url": "https://www.iryou.teikyouseido.mhlw.go.jp/znk-web/juminkanja/S2430/initialize?prefCd=29&kikanCd=3021500000&kikanKbn=3", "url2": null, "内容": "やわらぎ歯科医院【3:歯科】奈良県北葛城郡王寺町王寺２丁目６－４クレール吉田２階" }, "geometry": { "type": "Point", "coordinates": [ 135.705844, 34.596463 ] } },
{ "type": "Feature", "properties": { "ID": 2933021600000, "正式名称": "医療法人　五月会　おおはし歯科クリニック", "機関区分": 3, "都道府県コード": 29, "市区町村コード": 209, "所在地": "奈良県生駒市山崎町２１－３９グランレーヴ東生駒１Ｆ", "緯度": 34.689203, "経度": 135.707868, "url": "https://www.iryou.teikyouseido.mhlw.go.jp/znk-web/juminkanja/S2430/initialize?prefCd=29&kikanCd=3021600000&kikanKbn=3", "url2": "http://www.8241.org/", "内容": "医療法人　五月会　おおはし歯科クリニック【3:歯科】奈良県生駒市山崎町２１－３９グランレーヴ東生駒１Ｆ" }, "geometry": { "type": "Point", "coordinates": [ 135.707868, 34.689203 ] } },
{ "type": "Feature", "properties": { "ID": 2933021700000, "正式名称": "医療法人大樹会いこまデンタルクリニック", "機関区分": 3, "都道府県コード": 29, "市区町村コード": 209, "所在地": "奈良県生駒市山崎町２番６号", "緯度": 34.691591, "経度": 135.704035, "url": "https://www.iryou.teikyouseido.mhlw.go.jp/znk-web/juminkanja/S2430/initialize?prefCd=29&kikanCd=3021700000&kikanKbn=3", "url2": "http://ikoma-dental.com", "内容": "医療法人大樹会いこまデンタルクリニック【3:歯科】奈良県生駒市山崎町２番６号" }, "geometry": { "type": "Point", "coordinates": [ 135.704035, 34.691591 ] } },
{ "type": "Feature", "properties": { "ID": 2933021800000, "正式名称": "川西歯科クリニック", "機関区分": 3, "都道府県コード": 29, "市区町村コード": 401, "所在地": "奈良県高市郡高取町下土佐２２０－１", "緯度": 34.446036, "経度": 135.799205, "url": "https://www.iryou.teikyouseido.mhlw.go.jp/znk-web/juminkanja/S2430/initialize?prefCd=29&kikanCd=3021800000&kikanKbn=3", "url2": "https://www.kawanishi-dc.com", "内容": "川西歯科クリニック【3:歯科】奈良県高市郡高取町下土佐２２０－１" }, "geometry": { "type": "Point", "coordinates": [ 135.799205, 34.446036 ] } },
{ "type": "Feature", "properties": { "ID": 2933022000000, "正式名称": "医療法人　歯科増田医院", "機関区分": 3, "都道府県コード": 29, "市区町村コード": 209, "所在地": "奈良県生駒市元町１丁目５－１２本城ビル４Ｆ", "緯度": 34.692424, "経度": 135.697841, "url": "https://www.iryou.teikyouseido.mhlw.go.jp/znk-web/juminkanja/S2430/initialize?prefCd=29&kikanCd=3022000000&kikanKbn=3", "url2": "http://shika-masuda.jp", "内容": "医療法人　歯科増田医院【3:歯科】奈良県生駒市元町１丁目５－１２本城ビル４Ｆ" }, "geometry": { "type": "Point", "coordinates": [ 135.697841, 34.692424 ] } },
{ "type": "Feature", "properties": { "ID": 2933022200000, "正式名称": "かわなみ歯科医院", "機関区分": 3, "都道府県コード": 29, "市区町村コード": 209, "所在地": "奈良県生駒市俵口町９５番地５７", "緯度": 34.709478, "経度": 135.699923, "url": "https://www.iryou.teikyouseido.mhlw.go.jp/znk-web/juminkanja/S2430/initialize?prefCd=29&kikanCd=3022200000&kikanKbn=3", "url2": "http://www.kawanami.org/", "内容": "かわなみ歯科医院【3:歯科】奈良県生駒市俵口町９５番地５７" }, "geometry": { "type": "Point", "coordinates": [ 135.699923, 34.709478 ] } },
{ "type": "Feature", "properties": { "ID": 2933022300000, "正式名称": "医療法人賢藍会　やまもと歯科", "機関区分": 3, "都道府県コード": 29, "市区町村コード": 202, "所在地": "奈良県大和高田市幸町３－１８トナリエ大和高田３Ｆ", "緯度": 34.518902, "経度": 135.744519, "url": "https://www.iryou.teikyouseido.mhlw.go.jp/znk-web/juminkanja/S2430/initialize?prefCd=29&kikanCd=3022300000&kikanKbn=3", "url2": null, "内容": "医療法人賢藍会　やまもと歯科【3:歯科】奈良県大和高田市幸町３－１８トナリエ大和高田３Ｆ" }, "geometry": { "type": "Point", "coordinates": [ 135.744519, 34.518902 ] } },
{ "type": "Feature", "properties": { "ID": 2933022400000, "正式名称": "医療法人エスエイ　エスエイ歯科医院アピタ大和郡山", "機関区分": 3, "都道府県コード": 29, "市区町村コード": 203, "所在地": "奈良県大和郡山市田中町字宮西５１７番アピタショッピングセンター大和郡山店２階", "緯度": 34.642514, "経度": 135.769393, "url": "https://www.iryou.teikyouseido.mhlw.go.jp/znk-web/juminkanja/S2430/initialize?prefCd=29&kikanCd=3022400000&kikanKbn=3", "url2": "https://www.sa-dental.net/clinic/apita.html", "内容": "医療法人エスエイ　エスエイ歯科医院アピタ大和郡山【3:歯科】奈良県大和郡山市田中町字宮西５１７番アピタショッピングセンター大和郡山店２階" }, "geometry": { "type": "Point", "coordinates": [ 135.769393, 34.642514 ] } },
{ "type": "Feature", "properties": { "ID": 2933022600000, "正式名称": "うえむら歯科医院", "機関区分": 3, "都道府県コード": 29, "市区町村コード": 345, "所在地": "奈良県生駒郡安堵町東安堵１７１２－１", "緯度": 34.601991, "経度": 135.75559, "url": "https://www.iryou.teikyouseido.mhlw.go.jp/znk-web/juminkanja/S2430/initialize?prefCd=29&kikanCd=3022600000&kikanKbn=3", "url2": null, "内容": "うえむら歯科医院【3:歯科】奈良県生駒郡安堵町東安堵１７１２－１" }, "geometry": { "type": "Point", "coordinates": [ 135.75559, 34.601991 ] } },
{ "type": "Feature", "properties": { "ID": 2933022800000, "正式名称": "かわた歯科クリニック", "機関区分": 3, "都道府県コード": 29, "市区町村コード": 203, "所在地": "奈良県大和郡山市小泉町東１－８－６喜多興産小泉駅前ビル１０５号", "緯度": 34.621989, "経度": 135.764394, "url": "https://www.iryou.teikyouseido.mhlw.go.jp/znk-web/juminkanja/S2430/initialize?prefCd=29&kikanCd=3022800000&kikanKbn=3", "url2": "http://kawata.dental-net.jp", "内容": "かわた歯科クリニック【3:歯科】奈良県大和郡山市小泉町東１－８－６喜多興産小泉駅前ビル１０５号" }, "geometry": { "type": "Point", "coordinates": [ 135.764394, 34.621989 ] } },
{ "type": "Feature", "properties": { "ID": 2933022900000, "正式名称": "つむら歯科医院", "機関区分": 3, "都道府県コード": 29, "市区町村コード": 342, "所在地": "奈良県生駒郡平群町三里３８５－１", "緯度": 34.629237, "経度": 135.706621, "url": "https://www.iryou.teikyouseido.mhlw.go.jp/znk-web/juminkanja/S2430/initialize?prefCd=29&kikanCd=3022900000&kikanKbn=3", "url2": "https://tsumura-dental.jp/", "内容": "つむら歯科医院【3:歯科】奈良県生駒郡平群町三里３８５－１" }, "geometry": { "type": "Point", "coordinates": [ 135.706621, 34.629237 ] } },
{ "type": "Feature", "properties": { "ID": 2933023000000, "正式名称": "中田歯科医院", "機関区分": 3, "都道府県コード": 29, "市区町村コード": 342, "所在地": "奈良県生駒郡平群町吉新４丁目１－２２", "緯度": 34.630181, "経度": 135.70151, "url": "https://www.iryou.teikyouseido.mhlw.go.jp/znk-web/juminkanja/S2430/initialize?prefCd=29&kikanCd=3023000000&kikanKbn=3", "url2": null, "内容": "中田歯科医院【3:歯科】奈良県生駒郡平群町吉新４丁目１－２２" }, "geometry": { "type": "Point", "coordinates": [ 135.70151, 34.630181 ] } },
{ "type": "Feature", "properties": { "ID": 2933023200000, "正式名称": "医療法人有真会　たかさき歯科医院", "機関区分": 3, "都道府県コード": 29, "市区町村コード": 210, "所在地": "奈良県香芝市五位堂３丁目４５８番地の１", "緯度": 34.533331, "経度": 135.716596, "url": "https://www.iryou.teikyouseido.mhlw.go.jp/znk-web/juminkanja/S2430/initialize?prefCd=29&kikanCd=3023200000&kikanKbn=3", "url2": "http://www.takasaki-d.jp/", "内容": "医療法人有真会　たかさき歯科医院【3:歯科】奈良県香芝市五位堂３丁目４５８番地の１" }, "geometry": { "type": "Point", "coordinates": [ 135.716596, 34.533331 ] } },
{ "type": "Feature", "properties": { "ID": 2933023400000, "正式名称": "松井歯科医院", "機関区分": 3, "都道府県コード": 29, "市区町村コード": 204, "所在地": "奈良県天理市田井庄町５２１", "緯度": 34.601714, "経度": 135.827945, "url": "https://www.iryou.teikyouseido.mhlw.go.jp/znk-web/juminkanja/S2430/initialize?prefCd=29&kikanCd=3023400000&kikanKbn=3", "url2": null, "内容": "松井歯科医院【3:歯科】奈良県天理市田井庄町５２１" }, "geometry": { "type": "Point", "coordinates": [ 135.827945, 34.601714 ] } },
{ "type": "Feature", "properties": { "ID": 2933023600000, "正式名称": "医療法人　　翔聖会　　翔デンタルクリニック", "機関区分": 3, "都道府県コード": 29, "市区町村コード": 209, "所在地": "奈良県生駒市谷田町８５０－４谷田ビル２Ａ", "緯度": 34.694924, "経度": 135.70159, "url": "https://www.iryou.teikyouseido.mhlw.go.jp/znk-web/juminkanja/S2430/initialize?prefCd=29&kikanCd=3023600000&kikanKbn=3", "url2": "http://www.461ha.com", "内容": "医療法人　　翔聖会　　翔デンタルクリニック【3:歯科】奈良県生駒市谷田町８５０－４谷田ビル２Ａ" }, "geometry": { "type": "Point", "coordinates": [ 135.70159, 34.694924 ] } },
{ "type": "Feature", "properties": { "ID": 2933023900000, "正式名称": "今元歯科", "機関区分": 3, "都道府県コード": 29, "市区町村コード": 442, "所在地": "奈良県吉野郡大淀町下渕１９５－１", "緯度": 34.380209, "経度": 135.787181, "url": "https://www.iryou.teikyouseido.mhlw.go.jp/znk-web/juminkanja/S2430/initialize?prefCd=29&kikanCd=3023900000&kikanKbn=3", "url2": null, "内容": "今元歯科【3:歯科】奈良県吉野郡大淀町下渕１９５－１" }, "geometry": { "type": "Point", "coordinates": [ 135.787181, 34.380209 ] } },
{ "type": "Feature", "properties": { "ID": 2933024000000, "正式名称": "浦上歯科医院", "機関区分": 3, "都道府県コード": 29, "市区町村コード": 203, "所在地": "奈良県大和郡山市九条町３０５－１", "緯度": 34.660235, "経度": 135.784363, "url": "https://www.iryou.teikyouseido.mhlw.go.jp/znk-web/juminkanja/S2430/initialize?prefCd=29&kikanCd=3024000000&kikanKbn=3", "url2": null, "内容": "浦上歯科医院【3:歯科】奈良県大和郡山市九条町３０５－１" }, "geometry": { "type": "Point", "coordinates": [ 135.784363, 34.660235 ] } },
{ "type": "Feature", "properties": { "ID": 2933024200000, "正式名称": "まつした歯科クリニック", "機関区分": 3, "都道府県コード": 29, "市区町村コード": 210, "所在地": "奈良県香芝市鎌田３４３－５", "緯度": 34.524165, "経度": 135.709597, "url": "https://www.iryou.teikyouseido.mhlw.go.jp/znk-web/juminkanja/S2430/initialize?prefCd=29&kikanCd=3024200000&kikanKbn=3", "url2": null, "内容": "まつした歯科クリニック【3:歯科】奈良県香芝市鎌田３４３－５" }, "geometry": { "type": "Point", "coordinates": [ 135.709597, 34.524165 ] } },
{ "type": "Feature", "properties": { "ID": 2933024300000, "正式名称": "しもおか歯科クリニック", "機関区分": 3, "都道府県コード": 29, "市区町村コード": 205, "所在地": "奈良県橿原市葛本町７８７－３", "緯度": 34.519139, "経度": 135.807145, "url": "https://www.iryou.teikyouseido.mhlw.go.jp/znk-web/juminkanja/S2430/initialize?prefCd=29&kikanCd=3024300000&kikanKbn=3", "url2": "http://www.shimooka-dc.com", "内容": "しもおか歯科クリニック【3:歯科】奈良県橿原市葛本町７８７－３" }, "geometry": { "type": "Point", "coordinates": [ 135.807145, 34.519139 ] } },
{ "type": "Feature", "properties": { "ID": 2933024400000, "正式名称": "川田歯科医院", "機関区分": 3, "都道府県コード": 29, "市区町村コード": 204, "所在地": "奈良県天理市川原城町３６１番地２", "緯度": 34.597131, "経度": 135.835528, "url": "https://www.iryou.teikyouseido.mhlw.go.jp/znk-web/juminkanja/S2430/initialize?prefCd=29&kikanCd=3024400000&kikanKbn=3", "url2": null, "内容": "川田歯科医院【3:歯科】奈良県天理市川原城町３６１番地２" }, "geometry": { "type": "Point", "coordinates": [ 135.835528, 34.597131 ] } },
{ "type": "Feature", "properties": { "ID": 2933024600000, "正式名称": "ｉ－ＤＥＮＴＡＬ　ＣＬＩＮＩＣ", "機関区分": 3, "都道府県コード": 29, "市区町村コード": 342, "所在地": "奈良県生駒郡平群町菊美台１－１８－１１", "緯度": 34.644291, "経度": 135.708814, "url": "https://www.iryou.teikyouseido.mhlw.go.jp/znk-web/juminkanja/S2430/initialize?prefCd=29&kikanCd=3024600000&kikanKbn=3", "url2": "http://www.i-dentalclinic.jp/", "内容": "ｉ－ＤＥＮＴＡＬ　ＣＬＩＮＩＣ【3:歯科】奈良県生駒郡平群町菊美台１－１８－１１" }, "geometry": { "type": "Point", "coordinates": [ 135.708814, 34.644291 ] } },
{ "type": "Feature", "properties": { "ID": 2933024700000, "正式名称": "医療法人萩乃里診療所分院榛見が丘歯科クリニック", "機関区分": 3, "都道府県コード": 29, "市区町村コード": 212, "所在地": "奈良県宇陀市榛原榛見が丘１丁目５－１６", "緯度": 34.532057, "経度": 135.950716, "url": "https://www.iryou.teikyouseido.mhlw.go.jp/znk-web/juminkanja/S2430/initialize?prefCd=29&kikanCd=3024700000&kikanKbn=3", "url2": "http://www.harumigaoka-d.jp", "内容": "医療法人萩乃里診療所分院榛見が丘歯科クリニック【3:歯科】奈良県宇陀市榛原榛見が丘１丁目５－１６" }, "geometry": { "type": "Point", "coordinates": [ 135.950716, 34.532057 ] } },
{ "type": "Feature", "properties": { "ID": 2933024800000, "正式名称": "やまうち歯科クリニック", "機関区分": 3, "都道府県コード": 29, "市区町村コード": 203, "所在地": "奈良県大和郡山市小泉町５６２－２", "緯度": 34.621544, "経度": 135.761533, "url": "https://www.iryou.teikyouseido.mhlw.go.jp/znk-web/juminkanja/S2430/initialize?prefCd=29&kikanCd=3024800000&kikanKbn=3", "url2": null, "内容": "やまうち歯科クリニック【3:歯科】奈良県大和郡山市小泉町５６２－２" }, "geometry": { "type": "Point", "coordinates": [ 135.761533, 34.621544 ] } },
{ "type": "Feature", "properties": { "ID": 2933025000000, "正式名称": "中林歯科医院", "機関区分": 3, "都道府県コード": 29, "市区町村コード": 205, "所在地": "奈良県橿原市北妙法寺町６４７番地", "緯度": 34.519611, "経度": 135.781397, "url": "https://www.iryou.teikyouseido.mhlw.go.jp/znk-web/juminkanja/S2430/initialize?prefCd=29&kikanCd=3025000000&kikanKbn=3", "url2": null, "内容": "中林歯科医院【3:歯科】奈良県橿原市北妙法寺町６４７番地" }, "geometry": { "type": "Point", "coordinates": [ 135.781397, 34.519611 ] } },
{ "type": "Feature", "properties": { "ID": 2933025100000, "正式名称": "馬場歯科クリニック", "機関区分": 3, "都道府県コード": 29, "市区町村コード": 210, "所在地": "奈良県香芝市旭ケ丘３－２－４", "緯度": 34.555328, "経度": 135.693847, "url": "https://www.iryou.teikyouseido.mhlw.go.jp/znk-web/juminkanja/S2430/initialize?prefCd=29&kikanCd=3025100000&kikanKbn=3", "url2": "https://www.dental-iiha.com/d0080634.html", "内容": "馬場歯科クリニック【3:歯科】奈良県香芝市旭ケ丘３－２－４" }, "geometry": { "type": "Point", "coordinates": [ 135.693847, 34.555328 ] } },
{ "type": "Feature", "properties": { "ID": 2933025200000, "正式名称": "もりおか歯科", "機関区分": 3, "都道府県コード": 29, "市区町村コード": 203, "所在地": "奈良県大和郡山市柳町１２８番地の９カイチビル３階", "緯度": 34.64532, "経度": 135.785724, "url": "https://www.iryou.teikyouseido.mhlw.go.jp/znk-web/juminkanja/S2430/initialize?prefCd=29&kikanCd=3025200000&kikanKbn=3", "url2": null, "内容": "もりおか歯科【3:歯科】奈良県大和郡山市柳町１２８番地の９カイチビル３階" }, "geometry": { "type": "Point", "coordinates": [ 135.785724, 34.64532 ] } },
{ "type": "Feature", "properties": { "ID": 2933025300000, "正式名称": "米本歯科医院", "機関区分": 3, "都道府県コード": 29, "市区町村コード": 203, "所在地": "奈良県大和郡山市朝日町２－２３", "緯度": 34.646847, "経度": 135.780669, "url": "https://www.iryou.teikyouseido.mhlw.go.jp/znk-web/juminkanja/S2430/initialize?prefCd=29&kikanCd=3025300000&kikanKbn=3", "url2": "https://yonemoto-dc.com", "内容": "米本歯科医院【3:歯科】奈良県大和郡山市朝日町２－２３" }, "geometry": { "type": "Point", "coordinates": [ 135.780669, 34.646847 ] } },
{ "type": "Feature", "properties": { "ID": 2933025400000, "正式名称": "山本歯科クリニック", "機関区分": 3, "都道府県コード": 29, "市区町村コード": 209, "所在地": "奈良県生駒市白庭台６丁目１－１", "緯度": 34.717339, "経度": 135.716838, "url": "https://www.iryou.teikyouseido.mhlw.go.jp/znk-web/juminkanja/S2430/initialize?prefCd=29&kikanCd=3025400000&kikanKbn=3", "url2": null, "内容": "山本歯科クリニック【3:歯科】奈良県生駒市白庭台６丁目１－１" }, "geometry": { "type": "Point", "coordinates": [ 135.716838, 34.717339 ] } },
{ "type": "Feature", "properties": { "ID": 2933025500000, "正式名称": "かたかわ歯科クリニック", "機関区分": 3, "都道府県コード": 29, "市区町村コード": 205, "所在地": "奈良県橿原市内膳町１丁目１番４８号", "緯度": 34.51114, "経度": 135.792424, "url": "https://www.iryou.teikyouseido.mhlw.go.jp/znk-web/juminkanja/S2430/initialize?prefCd=29&kikanCd=3025500000&kikanKbn=3", "url2": null, "内容": "かたかわ歯科クリニック【3:歯科】奈良県橿原市内膳町１丁目１番４８号" }, "geometry": { "type": "Point", "coordinates": [ 135.792424, 34.51114 ] } },
{ "type": "Feature", "properties": { "ID": 2933025700000, "正式名称": "医療法人大樹会へぐり歯科", "機関区分": 3, "都道府県コード": 29, "市区町村コード": 342, "所在地": "奈良県生駒郡平群町下垣内８４－７", "緯度": 34.628346, "経度": 135.704737, "url": "https://www.iryou.teikyouseido.mhlw.go.jp/znk-web/juminkanja/S2430/initialize?prefCd=29&kikanCd=3025700000&kikanKbn=3", "url2": "http://heguri-dental.com/", "内容": "医療法人大樹会へぐり歯科【3:歯科】奈良県生駒郡平群町下垣内８４－７" }, "geometry": { "type": "Point", "coordinates": [ 135.704737, 34.628346 ] } },
{ "type": "Feature", "properties": { "ID": 2933026000000, "正式名称": "正司歯科医院", "機関区分": 3, "都道府県コード": 29, "市区町村コード": 208, "所在地": "奈良県御所市南十三１２０－５", "緯度": 34.463589, "経度": 135.744875, "url": "https://www.iryou.teikyouseido.mhlw.go.jp/znk-web/juminkanja/S2430/initialize?prefCd=29&kikanCd=3026000000&kikanKbn=3", "url2": null, "内容": "正司歯科医院【3:歯科】奈良県御所市南十三１２０－５" }, "geometry": { "type": "Point", "coordinates": [ 135.744875, 34.463589 ] } },
{ "type": "Feature", "properties": { "ID": 2933026100000, "正式名称": "森口歯科医院", "機関区分": 3, "都道府県コード": 29, "市区町村コード": 441, "所在地": "奈良県吉野郡吉野町上市２３４５番地", "緯度": 34.394442, "経度": 135.845941, "url": "https://www.iryou.teikyouseido.mhlw.go.jp/znk-web/juminkanja/S2430/initialize?prefCd=29&kikanCd=3026100000&kikanKbn=3", "url2": "https://www.sakurakai-mdc.com", "内容": "森口歯科医院【3:歯科】奈良県吉野郡吉野町上市２３４５番地" }, "geometry": { "type": "Point", "coordinates": [ 135.845941, 34.394442 ] } },
{ "type": "Feature", "properties": { "ID": 2933026200000, "正式名称": "宇津歯科医院", "機関区分": 3, "都道府県コード": 29, "市区町村コード": 203, "所在地": "奈良県大和郡山市高田町９２－１４ハーベス大和郡山店２Ｆ", "緯度": 34.647542, "経度": 135.791307, "url": "https://www.iryou.teikyouseido.mhlw.go.jp/znk-web/juminkanja/S2430/initialize?prefCd=29&kikanCd=3026200000&kikanKbn=3", "url2": null, "内容": "宇津歯科医院【3:歯科】奈良県大和郡山市高田町９２－１４ハーベス大和郡山店２Ｆ" }, "geometry": { "type": "Point", "coordinates": [ 135.791307, 34.647542 ] } },
{ "type": "Feature", "properties": { "ID": 2933026300000, "正式名称": "ともだ歯科医院", "機関区分": 3, "都道府県コード": 29, "市区町村コード": 209, "所在地": "奈良県生駒市真弓４丁目４－２", "緯度": 34.717783, "経度": 135.733003, "url": "https://www.iryou.teikyouseido.mhlw.go.jp/znk-web/juminkanja/S2430/initialize?prefCd=29&kikanCd=3026300000&kikanKbn=3", "url2": "http://www.tomoda-shika.net/", "内容": "ともだ歯科医院【3:歯科】奈良県生駒市真弓４丁目４－２" }, "geometry": { "type": "Point", "coordinates": [ 135.733003, 34.717783 ] } },
{ "type": "Feature", "properties": { "ID": 2933026400000, "正式名称": "しんたに歯科クリニック", "機関区分": 3, "都道府県コード": 29, "市区町村コード": 205, "所在地": "奈良県橿原市一町３２５－１", "緯度": 34.475004, "経度": 135.761318, "url": "https://www.iryou.teikyouseido.mhlw.go.jp/znk-web/juminkanja/S2430/initialize?prefCd=29&kikanCd=3026400000&kikanKbn=3", "url2": "shintani-dental.com", "内容": "しんたに歯科クリニック【3:歯科】奈良県橿原市一町３２５－１" }, "geometry": { "type": "Point", "coordinates": [ 135.761318, 34.475004 ] } },
{ "type": "Feature", "properties": { "ID": 2933026600000, "正式名称": "医療法人歯聖会山本歯科医院", "機関区分": 3, "都道府県コード": 29, "市区町村コード": 204, "所在地": "奈良県天理市指柳町２９３番地の５", "緯度": 34.604019, "経度": 135.82589, "url": "https://www.iryou.teikyouseido.mhlw.go.jp/znk-web/juminkanja/S2430/initialize?prefCd=29&kikanCd=3026600000&kikanKbn=3", "url2": "http://www.ydc1881.com", "内容": "医療法人歯聖会山本歯科医院【3:歯科】奈良県天理市指柳町２９３番地の５" }, "geometry": { "type": "Point", "coordinates": [ 135.82589, 34.604019 ] } },
{ "type": "Feature", "properties": { "ID": 2933026800000, "正式名称": "森田歯科医院", "機関区分": 3, "都道府県コード": 29, "市区町村コード": 202, "所在地": "奈良県大和高田市神楽３丁目２－３８", "緯度": 34.520721, "経度": 135.745456, "url": "https://www.iryou.teikyouseido.mhlw.go.jp/znk-web/juminkanja/S2430/initialize?prefCd=29&kikanCd=3026800000&kikanKbn=3", "url2": null, "内容": "森田歯科医院【3:歯科】奈良県大和高田市神楽３丁目２－３８" }, "geometry": { "type": "Point", "coordinates": [ 135.745456, 34.520721 ] } },
{ "type": "Feature", "properties": { "ID": 2933026900000, "正式名称": "みぞかみ歯科", "機関区分": 3, "都道府県コード": 29, "市区町村コード": 205, "所在地": "奈良県橿原市西池尻町字八ノ坪８７番１６", "緯度": 34.485753, "経度": 135.775844, "url": "https://www.iryou.teikyouseido.mhlw.go.jp/znk-web/juminkanja/S2430/initialize?prefCd=29&kikanCd=3026900000&kikanKbn=3", "url2": null, "内容": "みぞかみ歯科【3:歯科】奈良県橿原市西池尻町字八ノ坪８７番１６" }, "geometry": { "type": "Point", "coordinates": [ 135.775844, 34.485753 ] } },
{ "type": "Feature", "properties": { "ID": 2933027000000, "正式名称": "医療法人桜梅桃李　さくら歯科医院", "機関区分": 3, "都道府県コード": 29, "市区町村コード": 343, "所在地": "奈良県生駒郡三郷町勢野北１－２－２０", "緯度": 34.606829, "経度": 135.697119, "url": "https://www.iryou.teikyouseido.mhlw.go.jp/znk-web/juminkanja/S2430/initialize?prefCd=29&kikanCd=3027000000&kikanKbn=3", "url2": "https://www.sakura-dc2.com", "内容": "医療法人桜梅桃李　さくら歯科医院【3:歯科】奈良県生駒郡三郷町勢野北１－２－２０" }, "geometry": { "type": "Point", "coordinates": [ 135.697119, 34.606829 ] } },
{ "type": "Feature", "properties": { "ID": 2933027100000, "正式名称": "医療法人　でい歯科医院", "機関区分": 3, "都道府県コード": 29, "市区町村コード": 210, "所在地": "奈良県香芝市真美ケ丘５－３－２５三和ビル１階", "緯度": 34.544941, "経度": 135.719846, "url": "https://www.iryou.teikyouseido.mhlw.go.jp/znk-web/juminkanja/S2430/initialize?prefCd=29&kikanCd=3027100000&kikanKbn=3", "url2": "http://www.dei-dental.com", "内容": "医療法人　でい歯科医院【3:歯科】奈良県香芝市真美ケ丘５－３－２５三和ビル１階" }, "geometry": { "type": "Point", "coordinates": [ 135.719846, 34.544941 ] } },
{ "type": "Feature", "properties": { "ID": 2933027200000, "正式名称": "辻歯科クリニック", "機関区分": 3, "都道府県コード": 29, "市区町村コード": 401, "所在地": "奈良県高市郡高取町清水谷３１１－１", "緯度": 34.439981, "経度": 135.799399, "url": "https://www.iryou.teikyouseido.mhlw.go.jp/znk-web/juminkanja/S2430/initialize?prefCd=29&kikanCd=3027200000&kikanKbn=3", "url2": null, "内容": "辻歯科クリニック【3:歯科】奈良県高市郡高取町清水谷３１１－１" }, "geometry": { "type": "Point", "coordinates": [ 135.799399, 34.439981 ] } },
{ "type": "Feature", "properties": { "ID": 2933027300000, "正式名称": "さわやか歯科", "機関区分": 3, "都道府県コード": 29, "市区町村コード": 205, "所在地": "奈良県橿原市中曽司町１９１番地１４", "緯度": 34.519944, "経度": 135.772092, "url": "https://www.iryou.teikyouseido.mhlw.go.jp/znk-web/juminkanja/S2430/initialize?prefCd=29&kikanCd=3027300000&kikanKbn=3", "url2": "http://sawayaka-dental.jp/", "内容": "さわやか歯科【3:歯科】奈良県橿原市中曽司町１９１番地１４" }, "geometry": { "type": "Point", "coordinates": [ 135.772092, 34.519944 ] } },
{ "type": "Feature", "properties": { "ID": 2933027400000, "正式名称": "サクラデンタルクリニック", "機関区分": 3, "都道府県コード": 29, "市区町村コード": 205, "所在地": "奈良県橿原市白橿町１丁目３－７", "緯度": 34.481921, "経度": 135.787482, "url": "https://www.iryou.teikyouseido.mhlw.go.jp/znk-web/juminkanja/S2430/initialize?prefCd=29&kikanCd=3027400000&kikanKbn=3", "url2": null, "内容": "サクラデンタルクリニック【3:歯科】奈良県橿原市白橿町１丁目３－７" }, "geometry": { "type": "Point", "coordinates": [ 135.787482, 34.481921 ] } },
{ "type": "Feature", "properties": { "ID": 2933027500000, "正式名称": "上田歯科医院", "機関区分": 3, "都道府県コード": 29, "市区町村コード": 204, "所在地": "奈良県天理市田井庄町６６６", "緯度": 34.596048, "経度": 135.825668, "url": "https://www.iryou.teikyouseido.mhlw.go.jp/znk-web/juminkanja/S2430/initialize?prefCd=29&kikanCd=3027500000&kikanKbn=3", "url2": null, "内容": "上田歯科医院【3:歯科】奈良県天理市田井庄町６６６" }, "geometry": { "type": "Point", "coordinates": [ 135.825668, 34.596048 ] } },
{ "type": "Feature", "properties": { "ID": 2933027600000, "正式名称": "あゆみ歯科", "機関区分": 3, "都道府県コード": 29, "市区町村コード": 207, "所在地": "奈良県五條市田園５－４１－１", "緯度": 34.368264, "経度": 135.677718, "url": "https://www.iryou.teikyouseido.mhlw.go.jp/znk-web/juminkanja/S2430/initialize?prefCd=29&kikanCd=3027600000&kikanKbn=3", "url2": null, "内容": "あゆみ歯科【3:歯科】奈良県五條市田園５－４１－１" }, "geometry": { "type": "Point", "coordinates": [ 135.677718, 34.368264 ] } },
{ "type": "Feature", "properties": { "ID": 2933027700000, "正式名称": "医療法人きたよし歯科医院", "機関区分": 3, "都道府県コード": 29, "市区町村コード": 205, "所在地": "奈良県橿原市石原田町２７８番地の１１", "緯度": 34.513068, "経度": 135.814214, "url": "https://www.iryou.teikyouseido.mhlw.go.jp/znk-web/juminkanja/S2430/initialize?prefCd=29&kikanCd=3027700000&kikanKbn=3", "url2": null, "内容": "医療法人きたよし歯科医院【3:歯科】奈良県橿原市石原田町２７８番地の１１" }, "geometry": { "type": "Point", "coordinates": [ 135.814214, 34.513068 ] } },
{ "type": "Feature", "properties": { "ID": 2933027800000, "正式名称": "木虎歯科", "機関区分": 3, "都道府県コード": 29, "市区町村コード": 363, "所在地": "奈良県磯城郡田原本町宮森１７９－１", "緯度": 34.538026, "経度": 135.795229, "url": "https://www.iryou.teikyouseido.mhlw.go.jp/znk-web/juminkanja/S2430/initialize?prefCd=29&kikanCd=3027800000&kikanKbn=3", "url2": null, "内容": "木虎歯科【3:歯科】奈良県磯城郡田原本町宮森１７９－１" }, "geometry": { "type": "Point", "coordinates": [ 135.795229, 34.538026 ] } },
{ "type": "Feature", "properties": { "ID": 2933028100000, "正式名称": "医療法人　吉岡歯科医院", "機関区分": 3, "都道府県コード": 29, "市区町村コード": 204, "所在地": "奈良県天理市川原城町８６４", "緯度": 34.600242, "経度": 135.832084, "url": "https://www.iryou.teikyouseido.mhlw.go.jp/znk-web/juminkanja/S2430/initialize?prefCd=29&kikanCd=3028100000&kikanKbn=3", "url2": null, "内容": "医療法人　吉岡歯科医院【3:歯科】奈良県天理市川原城町８６４" }, "geometry": { "type": "Point", "coordinates": [ 135.832084, 34.600242 ] } },
{ "type": "Feature", "properties": { "ID": 2933028700000, "正式名称": "近藤歯科医院", "機関区分": 3, "都道府県コード": 29, "市区町村コード": 204, "所在地": "奈良県天理市東井戸堂町４１２－１", "緯度": 34.594604, "経度": 135.823085, "url": "https://www.iryou.teikyouseido.mhlw.go.jp/znk-web/juminkanja/S2430/initialize?prefCd=29&kikanCd=3028700000&kikanKbn=3", "url2": null, "内容": "近藤歯科医院【3:歯科】奈良県天理市東井戸堂町４１２－１" }, "geometry": { "type": "Point", "coordinates": [ 135.823085, 34.594604 ] } },
{ "type": "Feature", "properties": { "ID": 2933028900000, "正式名称": "藤井歯科医院", "機関区分": 3, "都道府県コード": 29, "市区町村コード": 322, "所在地": "奈良県山辺郡山添村遅瀬３５４－８", "緯度": 34.699347, "経度": 136.06031, "url": "https://www.iryou.teikyouseido.mhlw.go.jp/znk-web/juminkanja/S2430/initialize?prefCd=29&kikanCd=3028900000&kikanKbn=3", "url2": null, "内容": "藤井歯科医院【3:歯科】奈良県山辺郡山添村遅瀬３５４－８" }, "geometry": { "type": "Point", "coordinates": [ 136.06031, 34.699347 ] } },
{ "type": "Feature", "properties": { "ID": 2933029100000, "正式名称": "田中歯科医院", "機関区分": 3, "都道府県コード": 29, "市区町村コード": 204, "所在地": "奈良県天理市丹波市町３３４－１", "緯度": 34.594048, "経度": 135.834889, "url": "https://www.iryou.teikyouseido.mhlw.go.jp/znk-web/juminkanja/S2430/initialize?prefCd=29&kikanCd=3029100000&kikanKbn=3", "url2": null, "内容": "田中歯科医院【3:歯科】奈良県天理市丹波市町３３４－１" }, "geometry": { "type": "Point", "coordinates": [ 135.834889, 34.594048 ] } },
{ "type": "Feature", "properties": { "ID": 2933029200000, "正式名称": "飯田祥了歯科診療室", "機関区分": 3, "都道府県コード": 29, "市区町村コード": 204, "所在地": "奈良県天理市川原城町３１４", "緯度": 34.600048, "経度": 135.835445, "url": "https://www.iryou.teikyouseido.mhlw.go.jp/znk-web/juminkanja/S2430/initialize?prefCd=29&kikanCd=3029200000&kikanKbn=3", "url2": "http://www011.upp.so-net.ne.jp/iida-dental/", "内容": "飯田祥了歯科診療室【3:歯科】奈良県天理市川原城町３１４" }, "geometry": { "type": "Point", "coordinates": [ 135.835445, 34.600048 ] } },
{ "type": "Feature", "properties": { "ID": 2933029300000, "正式名称": "香川歯科医院", "機関区分": 3, "都道府県コード": 29, "市区町村コード": 203, "所在地": "奈良県大和郡山市矢田山町６１－９", "緯度": 34.641681, "経度": 135.744756, "url": "https://www.iryou.teikyouseido.mhlw.go.jp/znk-web/juminkanja/S2430/initialize?prefCd=29&kikanCd=3029300000&kikanKbn=3", "url2": null, "内容": "香川歯科医院【3:歯科】奈良県大和郡山市矢田山町６１－９" }, "geometry": { "type": "Point", "coordinates": [ 135.744756, 34.641681 ] } },
{ "type": "Feature", "properties": { "ID": 2933029500000, "正式名称": "医療法人社団野村会　野村歯科医院", "機関区分": 3, "都道府県コード": 29, "市区町村コード": 203, "所在地": "奈良県大和郡山市小泉町５４９－４", "緯度": 34.624211, "経度": 135.761894, "url": "https://www.iryou.teikyouseido.mhlw.go.jp/znk-web/juminkanja/S2430/initialize?prefCd=29&kikanCd=3029500000&kikanKbn=3", "url2": null, "内容": "医療法人社団野村会　野村歯科医院【3:歯科】奈良県大和郡山市小泉町５４９－４" }, "geometry": { "type": "Point", "coordinates": [ 135.761894, 34.624211 ] } },
{ "type": "Feature", "properties": { "ID": 2933029600000, "正式名称": "福本歯科医院", "機関区分": 3, "都道府県コード": 29, "市区町村コード": 203, "所在地": "奈良県大和郡山市昭和町６１", "緯度": 34.606991, "経度": 135.78231, "url": "https://www.iryou.teikyouseido.mhlw.go.jp/znk-web/juminkanja/S2430/initialize?prefCd=29&kikanCd=3029600000&kikanKbn=3", "url2": "http://www.fukumoto-sika.com", "内容": "福本歯科医院【3:歯科】奈良県大和郡山市昭和町６１" }, "geometry": { "type": "Point", "coordinates": [ 135.78231, 34.606991 ] } },
{ "type": "Feature", "properties": { "ID": 2933030100000, "正式名称": "伊藤歯科", "機関区分": 3, "都道府県コード": 29, "市区町村コード": 203, "所在地": "奈良県大和郡山市南郡山町５２７－１０", "緯度": 34.645403, "経度": 135.780336, "url": "https://www.iryou.teikyouseido.mhlw.go.jp/znk-web/juminkanja/S2430/initialize?prefCd=29&kikanCd=3030100000&kikanKbn=3", "url2": "http://www.itopedodent.com", "内容": "伊藤歯科【3:歯科】奈良県大和郡山市南郡山町５２７－１０" }, "geometry": { "type": "Point", "coordinates": [ 135.780336, 34.645403 ] } },
{ "type": "Feature", "properties": { "ID": 2933030200000, "正式名称": "南野歯科医院", "機関区分": 3, "都道府県コード": 29, "市区町村コード": 203, "所在地": "奈良県大和郡山市馬司町８８－１", "緯度": 34.615656, "経度": 135.780671, "url": "https://www.iryou.teikyouseido.mhlw.go.jp/znk-web/juminkanja/S2430/initialize?prefCd=29&kikanCd=3030200000&kikanKbn=3", "url2": null, "内容": "南野歯科医院【3:歯科】奈良県大和郡山市馬司町８８－１" }, "geometry": { "type": "Point", "coordinates": [ 135.780671, 34.615656 ] } },
{ "type": "Feature", "properties": { "ID": 2933030400000, "正式名称": "中村歯科医院", "機関区分": 3, "都道府県コード": 29, "市区町村コード": 209, "所在地": "奈良県生駒市新生駒台１１－１７", "緯度": 34.708673, "経度": 135.703478, "url": "https://www.iryou.teikyouseido.mhlw.go.jp/znk-web/juminkanja/S2430/initialize?prefCd=29&kikanCd=3030400000&kikanKbn=3", "url2": null, "内容": "中村歯科医院【3:歯科】奈良県生駒市新生駒台１１－１７" }, "geometry": { "type": "Point", "coordinates": [ 135.703478, 34.708673 ] } },
{ "type": "Feature", "properties": { "ID": 2933030900000, "正式名称": "すずか歯科医院", "機関区分": 3, "都道府県コード": 29, "市区町村コード": 209, "所在地": "奈良県生駒市東生駒１－７０－６", "緯度": 34.69023, "経度": 135.711006, "url": "https://www.iryou.teikyouseido.mhlw.go.jp/znk-web/juminkanja/S2430/initialize?prefCd=29&kikanCd=3030900000&kikanKbn=3", "url2": null, "内容": "すずか歯科医院【3:歯科】奈良県生駒市東生駒１－７０－６" }, "geometry": { "type": "Point", "coordinates": [ 135.711006, 34.69023 ] } },
{ "type": "Feature", "properties": { "ID": 2933031000000, "正式名称": "久保田歯科医院", "機関区分": 3, "都道府県コード": 29, "市区町村コード": 209, "所在地": "奈良県生駒市東生駒１－６１－２　大平ビル４Ｆ", "緯度": 34.690064, "経度": 135.708868, "url": "https://www.iryou.teikyouseido.mhlw.go.jp/znk-web/juminkanja/S2430/initialize?prefCd=29&kikanCd=3031000000&kikanKbn=3", "url2": "https://www.dental-iiha.com/d0021277.html", "内容": "久保田歯科医院【3:歯科】奈良県生駒市東生駒１－６１－２　大平ビル４Ｆ" }, "geometry": { "type": "Point", "coordinates": [ 135.708868, 34.690064 ] } },
{ "type": "Feature", "properties": { "ID": 2933031100000, "正式名称": "山本歯科医院", "機関区分": 3, "都道府県コード": 29, "市区町村コード": 209, "所在地": "奈良県生駒市元町１－１３－１グリーンヒルいこま", "緯度": 34.692486, "経度": 135.697872, "url": "https://www.iryou.teikyouseido.mhlw.go.jp/znk-web/juminkanja/S2430/initialize?prefCd=29&kikanCd=3031100000&kikanKbn=3", "url2": null, "内容": "山本歯科医院【3:歯科】奈良県生駒市元町１－１３－１グリーンヒルいこま" }, "geometry": { "type": "Point", "coordinates": [ 135.697872, 34.692486 ] } },
{ "type": "Feature", "properties": { "ID": 2933031400000, "正式名称": "大宅歯科医院", "機関区分": 3, "都道府県コード": 29, "市区町村コード": 343, "所在地": "奈良県生駒郡三郷町信貴ケ丘１－２－１８", "緯度": 34.602517, "経度": 135.693984, "url": "https://www.iryou.teikyouseido.mhlw.go.jp/znk-web/juminkanja/S2430/initialize?prefCd=29&kikanCd=3031400000&kikanKbn=3", "url2": null, "内容": "大宅歯科医院【3:歯科】奈良県生駒郡三郷町信貴ケ丘１－２－１８" }, "geometry": { "type": "Point", "coordinates": [ 135.693984, 34.602517 ] } },
{ "type": "Feature", "properties": { "ID": 2933031800000, "正式名称": "内田歯科医院", "機関区分": 3, "都道府県コード": 29, "市区町村コード": 344, "所在地": "奈良県生駒郡斑鳩町龍田南４－３－１１", "緯度": 34.60599, "経度": 135.724342, "url": "https://www.iryou.teikyouseido.mhlw.go.jp/znk-web/juminkanja/S2430/initialize?prefCd=29&kikanCd=3031800000&kikanKbn=3", "url2": null, "内容": "内田歯科医院【3:歯科】奈良県生駒郡斑鳩町龍田南４－３－１１" }, "geometry": { "type": "Point", "coordinates": [ 135.724342, 34.60599 ] } },
{ "type": "Feature", "properties": { "ID": 2933032000000, "正式名称": "中川歯科医院", "機関区分": 3, "都道府県コード": 29, "市区町村コード": 203, "所在地": "奈良県大和郡山市柳町４５－４", "緯度": 34.642765, "経度": 135.785697, "url": "https://www.iryou.teikyouseido.mhlw.go.jp/znk-web/juminkanja/S2430/initialize?prefCd=29&kikanCd=3032000000&kikanKbn=3", "url2": null, "内容": "中川歯科医院【3:歯科】奈良県大和郡山市柳町４５－４" }, "geometry": { "type": "Point", "coordinates": [ 135.785697, 34.642765 ] } },
{ "type": "Feature", "properties": { "ID": 2933032100000, "正式名称": "霜田歯科医院", "機関区分": 3, "都道府県コード": 29, "市区町村コード": 209, "所在地": "奈良県生駒市小瀬町４６９－３", "緯度": 34.664289, "経度": 135.710202, "url": "https://www.iryou.teikyouseido.mhlw.go.jp/znk-web/juminkanja/S2430/initialize?prefCd=29&kikanCd=3032100000&kikanKbn=3", "url2": null, "内容": "霜田歯科医院【3:歯科】奈良県生駒市小瀬町４６９－３" }, "geometry": { "type": "Point", "coordinates": [ 135.710202, 34.664289 ] } },
{ "type": "Feature", "properties": { "ID": 2933032200000, "正式名称": "よしかわ歯科", "機関区分": 3, "都道府県コード": 29, "市区町村コード": 203, "所在地": "奈良県大和郡山市高田町５０９", "緯度": 34.648597, "経度": 135.78878, "url": "https://www.iryou.teikyouseido.mhlw.go.jp/znk-web/juminkanja/S2430/initialize?prefCd=29&kikanCd=3032200000&kikanKbn=3", "url2": null, "内容": "よしかわ歯科【3:歯科】奈良県大和郡山市高田町５０９" }, "geometry": { "type": "Point", "coordinates": [ 135.78878, 34.648597 ] } },
{ "type": "Feature", "properties": { "ID": 2933032500000, "正式名称": "槌谷　歯科医院", "機関区分": 3, "都道府県コード": 29, "市区町村コード": 203, "所在地": "奈良県大和郡山市美濃庄町２９５－１", "緯度": 34.63921, "経度": 135.803168, "url": "https://www.iryou.teikyouseido.mhlw.go.jp/znk-web/juminkanja/S2430/initialize?prefCd=29&kikanCd=3032500000&kikanKbn=3", "url2": "https://tsuchitani-dental-office.webnode.jp", "内容": "槌谷　歯科医院【3:歯科】奈良県大和郡山市美濃庄町２９５－１" }, "geometry": { "type": "Point", "coordinates": [ 135.803168, 34.63921 ] } },
{ "type": "Feature", "properties": { "ID": 2933032600000, "正式名称": "山内歯科医院", "機関区分": 3, "都道府県コード": 29, "市区町村コード": 209, "所在地": "奈良県生駒市元町１－３－２７　馬渕ビル５Ｆ", "緯度": 34.692758, "経度": 135.698229, "url": "https://www.iryou.teikyouseido.mhlw.go.jp/znk-web/juminkanja/S2430/initialize?prefCd=29&kikanCd=3032600000&kikanKbn=3", "url2": null, "内容": "山内歯科医院【3:歯科】奈良県生駒市元町１－３－２７　馬渕ビル５Ｆ" }, "geometry": { "type": "Point", "coordinates": [ 135.698229, 34.692758 ] } },
{ "type": "Feature", "properties": { "ID": 2933032700000, "正式名称": "医療法人　輝歯会　木原歯科医院", "機関区分": 3, "都道府県コード": 29, "市区町村コード": 209, "所在地": "奈良県生駒市あすか野南２－１－９", "緯度": 34.712034, "経度": 135.718838, "url": "https://www.iryou.teikyouseido.mhlw.go.jp/znk-web/juminkanja/S2430/initialize?prefCd=29&kikanCd=3032700000&kikanKbn=3", "url2": "http://www.kihara-dental.com/", "内容": "医療法人　輝歯会　木原歯科医院【3:歯科】奈良県生駒市あすか野南２－１－９" }, "geometry": { "type": "Point", "coordinates": [ 135.718838, 34.712034 ] } },
{ "type": "Feature", "properties": { "ID": 2933032800000, "正式名称": "藤原歯科医院", "機関区分": 3, "都道府県コード": 29, "市区町村コード": 203, "所在地": "奈良県大和郡山市南郡山町６４５－１６", "緯度": 34.651736, "経度": 135.773558, "url": "https://www.iryou.teikyouseido.mhlw.go.jp/znk-web/juminkanja/S2430/initialize?prefCd=29&kikanCd=3032800000&kikanKbn=3", "url2": null, "内容": "藤原歯科医院【3:歯科】奈良県大和郡山市南郡山町６４５－１６" }, "geometry": { "type": "Point", "coordinates": [ 135.773558, 34.651736 ] } },
{ "type": "Feature", "properties": { "ID": 2933032900000, "正式名称": "たけい歯科医院", "機関区分": 3, "都道府県コード": 29, "市区町村コード": 203, "所在地": "奈良県大和郡山市筒井町５１１－１", "緯度": 34.6216, "経度": 135.77556, "url": "https://www.iryou.teikyouseido.mhlw.go.jp/znk-web/juminkanja/S2430/initialize?prefCd=29&kikanCd=3032900000&kikanKbn=3", "url2": null, "内容": "たけい歯科医院【3:歯科】奈良県大和郡山市筒井町５１１－１" }, "geometry": { "type": "Point", "coordinates": [ 135.77556, 34.6216 ] } },
{ "type": "Feature", "properties": { "ID": 2933033100000, "正式名称": "胡内歯科", "機関区分": 3, "都道府県コード": 29, "市区町村コード": 203, "所在地": "奈良県大和郡山市杉町２６８", "緯度": 34.634349, "経度": 135.78603, "url": "https://www.iryou.teikyouseido.mhlw.go.jp/znk-web/juminkanja/S2430/initialize?prefCd=29&kikanCd=3033100000&kikanKbn=3", "url2": null, "内容": "胡内歯科【3:歯科】奈良県大和郡山市杉町２６８" }, "geometry": { "type": "Point", "coordinates": [ 135.78603, 34.634349 ] } },
{ "type": "Feature", "properties": { "ID": 2933033300000, "正式名称": "田中歯科医院", "機関区分": 3, "都道府県コード": 29, "市区町村コード": 343, "所在地": "奈良県生駒郡三郷町城山台３－８－２８", "緯度": 34.599601, "経度": 135.686207, "url": "https://www.iryou.teikyouseido.mhlw.go.jp/znk-web/juminkanja/S2430/initialize?prefCd=29&kikanCd=3033300000&kikanKbn=3", "url2": null, "内容": "田中歯科医院【3:歯科】奈良県生駒郡三郷町城山台３－８－２８" }, "geometry": { "type": "Point", "coordinates": [ 135.686207, 34.599601 ] } },
{ "type": "Feature", "properties": { "ID": 2933033600000, "正式名称": "森歯科医院", "機関区分": 3, "都道府県コード": 29, "市区町村コード": 203, "所在地": "奈良県大和郡山市城南町４－１６", "緯度": 34.645792, "経度": 135.77642, "url": "https://www.iryou.teikyouseido.mhlw.go.jp/znk-web/juminkanja/S2430/initialize?prefCd=29&kikanCd=3033600000&kikanKbn=3", "url2": null, "内容": "森歯科医院【3:歯科】奈良県大和郡山市城南町４－１６" }, "geometry": { "type": "Point", "coordinates": [ 135.77642, 34.645792 ] } },
{ "type": "Feature", "properties": { "ID": 2933033800000, "正式名称": "吉良歯科医院", "機関区分": 3, "都道府県コード": 29, "市区町村コード": 343, "所在地": "奈良県生駒郡三郷町東信貴ケ丘１－９－１９", "緯度": 34.606545, "経度": 135.706344, "url": "https://www.iryou.teikyouseido.mhlw.go.jp/znk-web/juminkanja/S2430/initialize?prefCd=29&kikanCd=3033800000&kikanKbn=3", "url2": null, "内容": "吉良歯科医院【3:歯科】奈良県生駒郡三郷町東信貴ケ丘１－９－１９" }, "geometry": { "type": "Point", "coordinates": [ 135.706344, 34.606545 ] } },
{ "type": "Feature", "properties": { "ID": 2933033900000, "正式名称": "なかにし歯科医院", "機関区分": 3, "都道府県コード": 29, "市区町村コード": 344, "所在地": "奈良県生駒郡斑鳩町法隆寺２－９－２", "緯度": 34.612236, "経度": 135.737758, "url": "https://www.iryou.teikyouseido.mhlw.go.jp/znk-web/juminkanja/S2430/initialize?prefCd=29&kikanCd=3033900000&kikanKbn=3", "url2": null, "内容": "なかにし歯科医院【3:歯科】奈良県生駒郡斑鳩町法隆寺２－９－２" }, "geometry": { "type": "Point", "coordinates": [ 135.737758, 34.612236 ] } },
{ "type": "Feature", "properties": { "ID": 2933034200000, "正式名称": "柴村歯科医院", "機関区分": 3, "都道府県コード": 29, "市区町村コード": 203, "所在地": "奈良県大和郡山市下三橋町４００－１０１", "緯度": 34.645042, "経度": 135.79639, "url": "https://www.iryou.teikyouseido.mhlw.go.jp/znk-web/juminkanja/S2430/initialize?prefCd=29&kikanCd=3034200000&kikanKbn=3", "url2": null, "内容": "柴村歯科医院【3:歯科】奈良県大和郡山市下三橋町４００－１０１" }, "geometry": { "type": "Point", "coordinates": [ 135.79639, 34.645042 ] } },
{ "type": "Feature", "properties": { "ID": 2933034500000, "正式名称": "岩永歯科医院", "機関区分": 3, "都道府県コード": 29, "市区町村コード": 203, "所在地": "奈良県大和郡山市高田町２－１", "緯度": 34.64782, "経度": 135.789446, "url": "https://www.iryou.teikyouseido.mhlw.go.jp/znk-web/juminkanja/S2430/initialize?prefCd=29&kikanCd=3034500000&kikanKbn=3", "url2": null, "内容": "岩永歯科医院【3:歯科】奈良県大和郡山市高田町２－１" }, "geometry": { "type": "Point", "coordinates": [ 135.789446, 34.64782 ] } },
{ "type": "Feature", "properties": { "ID": 2933034700000, "正式名称": "山中歯科医院", "機関区分": 3, "都道府県コード": 29, "市区町村コード": 203, "所在地": "奈良県大和郡山市柳３－１４", "緯度": 34.645931, "経度": 135.78353, "url": "https://www.iryou.teikyouseido.mhlw.go.jp/znk-web/juminkanja/S2430/initialize?prefCd=29&kikanCd=3034700000&kikanKbn=3", "url2": null, "内容": "山中歯科医院【3:歯科】奈良県大和郡山市柳３－１４" }, "geometry": { "type": "Point", "coordinates": [ 135.78353, 34.645931 ] } },
{ "type": "Feature", "properties": { "ID": 2933035000000, "正式名称": "松井デンタルクリニック", "機関区分": 3, "都道府県コード": 29, "市区町村コード": 203, "所在地": "奈良県大和郡山市北郡山町２４８ー３ＭＤＣビル２Ｆ", "緯度": 34.649625, "経度": 135.78203, "url": "https://www.iryou.teikyouseido.mhlw.go.jp/znk-web/juminkanja/S2430/initialize?prefCd=29&kikanCd=3035000000&kikanKbn=3", "url2": "https://matsui-dentalclinic.com/", "内容": "松井デンタルクリニック【3:歯科】奈良県大和郡山市北郡山町２４８ー３ＭＤＣビル２Ｆ" }, "geometry": { "type": "Point", "coordinates": [ 135.78203, 34.649625 ] } },
{ "type": "Feature", "properties": { "ID": 2933035200000, "正式名称": "吉井歯科医院", "機関区分": 3, "都道府県コード": 29, "市区町村コード": 205, "所在地": "奈良県橿原市八木町３－２－１１", "緯度": 34.508612, "経度": 135.797591, "url": "https://www.iryou.teikyouseido.mhlw.go.jp/znk-web/juminkanja/S2430/initialize?prefCd=29&kikanCd=3035200000&kikanKbn=3", "url2": "https://haisha-yoyaku.jp/bun2sdental/detail/index/id/z000005039/", "内容": "吉井歯科医院【3:歯科】奈良県橿原市八木町３－２－１１" }, "geometry": { "type": "Point", "coordinates": [ 135.797591, 34.508612 ] } },
{ "type": "Feature", "properties": { "ID": 2933035300000, "正式名称": "吉井歯科医院", "機関区分": 3, "都道府県コード": 29, "市区町村コード": 205, "所在地": "奈良県橿原市久米町８６７", "緯度": 34.485615, "経度": 135.792537, "url": "https://www.iryou.teikyouseido.mhlw.go.jp/znk-web/juminkanja/S2430/initialize?prefCd=29&kikanCd=3035300000&kikanKbn=3", "url2": null, "内容": "吉井歯科医院【3:歯科】奈良県橿原市久米町８６７" }, "geometry": { "type": "Point", "coordinates": [ 135.792537, 34.485615 ] } },
{ "type": "Feature", "properties": { "ID": 2933035700000, "正式名称": "内藤歯科医院", "機関区分": 3, "都道府県コード": 29, "市区町村コード": 205, "所在地": "奈良県橿原市石原田町２３２－３", "緯度": 34.515251, "経度": 135.814395, "url": "https://www.iryou.teikyouseido.mhlw.go.jp/znk-web/juminkanja/S2430/initialize?prefCd=29&kikanCd=3035700000&kikanKbn=3", "url2": null, "内容": "内藤歯科医院【3:歯科】奈良県橿原市石原田町２３２－３" }, "geometry": { "type": "Point", "coordinates": [ 135.814395, 34.515251 ] } },
{ "type": "Feature", "properties": { "ID": 2933035900000, "正式名称": "三愛歯科医院", "機関区分": 3, "都道府県コード": 29, "市区町村コード": 205, "所在地": "奈良県橿原市新口町１３３－７", "緯度": 34.525916, "経度": 135.795201, "url": "https://www.iryou.teikyouseido.mhlw.go.jp/znk-web/juminkanja/S2430/initialize?prefCd=29&kikanCd=3035900000&kikanKbn=3", "url2": "http://www.sanai-shika.com", "内容": "三愛歯科医院【3:歯科】奈良県橿原市新口町１３３－７" }, "geometry": { "type": "Point", "coordinates": [ 135.795201, 34.525916 ] } },
{ "type": "Feature", "properties": { "ID": 2933036200000, "正式名称": "正田歯科医院", "機関区分": 3, "都道府県コード": 29, "市区町村コード": 205, "所在地": "奈良県橿原市内膳町２－７－９", "緯度": 34.511056, "経度": 135.788814, "url": "https://www.iryou.teikyouseido.mhlw.go.jp/znk-web/juminkanja/S2430/initialize?prefCd=29&kikanCd=3036200000&kikanKbn=3", "url2": "https://www.shoda-dc.com/", "内容": "正田歯科医院【3:歯科】奈良県橿原市内膳町２－７－９" }, "geometry": { "type": "Point", "coordinates": [ 135.788814, 34.511056 ] } },
{ "type": "Feature", "properties": { "ID": 2933036400000, "正式名称": "平井歯科診療所", "機関区分": 3, "都道府県コード": 29, "市区町村コード": 205, "所在地": "奈良県橿原市石川町８１", "緯度": 34.484947, "経度": 135.796656, "url": "https://www.iryou.teikyouseido.mhlw.go.jp/znk-web/juminkanja/S2430/initialize?prefCd=29&kikanCd=3036400000&kikanKbn=3", "url2": null, "内容": "平井歯科診療所【3:歯科】奈良県橿原市石川町８１" }, "geometry": { "type": "Point", "coordinates": [ 135.796656, 34.484947 ] } },
{ "type": "Feature", "properties": { "ID": 2933036500000, "正式名称": "医療法人　仲川神宮前歯科", "機関区分": 3, "都道府県コード": 29, "市区町村コード": 205, "所在地": "奈良県橿原市久米町６３７－２", "緯度": 34.482032, "経度": 135.795064, "url": "https://www.iryou.teikyouseido.mhlw.go.jp/znk-web/juminkanja/S2430/initialize?prefCd=29&kikanCd=3036500000&kikanKbn=3", "url2": null, "内容": "医療法人　仲川神宮前歯科【3:歯科】奈良県橿原市久米町６３７－２" }, "geometry": { "type": "Point", "coordinates": [ 135.795064, 34.482032 ] } },
{ "type": "Feature", "properties": { "ID": 2933036600000, "正式名称": "今西歯科クリニック", "機関区分": 3, "都道府県コード": 29, "市区町村コード": 205, "所在地": "奈良県橿原市北八木町１－６－１", "緯度": 34.512806, "経度": 135.795646, "url": "https://www.iryou.teikyouseido.mhlw.go.jp/znk-web/juminkanja/S2430/initialize?prefCd=29&kikanCd=3036600000&kikanKbn=3", "url2": "https://imanishi-shika.com/", "内容": "今西歯科クリニック【3:歯科】奈良県橿原市北八木町１－６－１" }, "geometry": { "type": "Point", "coordinates": [ 135.795646, 34.512806 ] } },
{ "type": "Feature", "properties": { "ID": 2933036800000, "正式名称": "西内歯科医院", "機関区分": 3, "都道府県コード": 29, "市区町村コード": 205, "所在地": "奈良県橿原市石川町４４０－６", "緯度": 34.482199, "経度": 135.798036, "url": "https://www.iryou.teikyouseido.mhlw.go.jp/znk-web/juminkanja/S2430/initialize?prefCd=29&kikanCd=3036800000&kikanKbn=3", "url2": null, "内容": "西内歯科医院【3:歯科】奈良県橿原市石川町４４０－６" }, "geometry": { "type": "Point", "coordinates": [ 135.798036, 34.482199 ] } },
{ "type": "Feature", "properties": { "ID": 2933036900000, "正式名称": "市村歯科診療所", "機関区分": 3, "都道府県コード": 29, "市区町村コード": 205, "所在地": "奈良県橿原市五条野町３２９－２", "緯度": 34.509473, "経度": 135.792563, "url": "https://www.iryou.teikyouseido.mhlw.go.jp/znk-web/juminkanja/S2430/initialize?prefCd=29&kikanCd=3036900000&kikanKbn=3", "url2": null, "内容": "市村歯科診療所【3:歯科】奈良県橿原市五条野町３２９－２" }, "geometry": { "type": "Point", "coordinates": [ 135.792563, 34.509473 ] } },
{ "type": "Feature", "properties": { "ID": 2933037200000, "正式名称": "下岡歯科", "機関区分": 3, "都道府県コード": 29, "市区町村コード": 206, "所在地": "奈良県桜井市忍阪４５－１", "緯度": 34.513696, "経度": 135.864946, "url": "https://www.iryou.teikyouseido.mhlw.go.jp/znk-web/juminkanja/S2430/initialize?prefCd=29&kikanCd=3037200000&kikanKbn=3", "url2": "https://www.shimookashika.com", "内容": "下岡歯科【3:歯科】奈良県桜井市忍阪４５－１" }, "geometry": { "type": "Point", "coordinates": [ 135.864946, 34.513696 ] } },
{ "type": "Feature", "properties": { "ID": 2933037600000, "正式名称": "芭蕉堂歯科医院", "機関区分": 3, "都道府県コード": 29, "市区町村コード": 206, "所在地": "奈良県桜井市桜井９３５番地", "緯度": 34.511863, "経度": 135.848809, "url": "https://www.iryou.teikyouseido.mhlw.go.jp/znk-web/juminkanja/S2430/initialize?prefCd=29&kikanCd=3037600000&kikanKbn=3", "url2": null, "内容": "芭蕉堂歯科医院【3:歯科】奈良県桜井市桜井９３５番地" }, "geometry": { "type": "Point", "coordinates": [ 135.848809, 34.511863 ] } },
{ "type": "Feature", "properties": { "ID": 2933037700000, "正式名称": "杉平歯科医院桜井診療所", "機関区分": 3, "都道府県コード": 29, "市区町村コード": 206, "所在地": "奈良県桜井市川合２５９－３", "緯度": 34.515085, "経度": 135.845837, "url": "https://www.iryou.teikyouseido.mhlw.go.jp/znk-web/juminkanja/S2430/initialize?prefCd=29&kikanCd=3037700000&kikanKbn=3", "url2": null, "内容": "杉平歯科医院桜井診療所【3:歯科】奈良県桜井市川合２５９－３" }, "geometry": { "type": "Point", "coordinates": [ 135.845837, 34.515085 ] } },
{ "type": "Feature", "properties": { "ID": 2933037900000, "正式名称": "中村歯科医院", "機関区分": 3, "都道府県コード": 29, "市区町村コード": 206, "所在地": "奈良県桜井市桜井５３０－３", "緯度": 34.507836, "経度": 135.851586, "url": "https://www.iryou.teikyouseido.mhlw.go.jp/znk-web/juminkanja/S2430/initialize?prefCd=29&kikanCd=3037900000&kikanKbn=3", "url2": null, "内容": "中村歯科医院【3:歯科】奈良県桜井市桜井５３０－３" }, "geometry": { "type": "Point", "coordinates": [ 135.851586, 34.507836 ] } },
{ "type": "Feature", "properties": { "ID": 2933038000000, "正式名称": "近藤歯科医院", "機関区分": 3, "都道府県コード": 29, "市区町村コード": 206, "所在地": "奈良県桜井市粟殿４５３－３", "緯度": 34.519084, "経度": 135.842059, "url": "https://www.iryou.teikyouseido.mhlw.go.jp/znk-web/juminkanja/S2430/initialize?prefCd=29&kikanCd=3038000000&kikanKbn=3", "url2": null, "内容": "近藤歯科医院【3:歯科】奈良県桜井市粟殿４５３－３" }, "geometry": { "type": "Point", "coordinates": [ 135.842059, 34.519084 ] } },
{ "type": "Feature", "properties": { "ID": 2933038200000, "正式名称": "岡澤歯科医院", "機関区分": 3, "都道府県コード": 29, "市区町村コード": 361, "所在地": "奈良県磯城郡川西町結崎７４７－８", "緯度": 34.586054, "経度": 135.7831, "url": "https://www.iryou.teikyouseido.mhlw.go.jp/znk-web/juminkanja/S2430/initialize?prefCd=29&kikanCd=3038200000&kikanKbn=3", "url2": null, "内容": "岡澤歯科医院【3:歯科】奈良県磯城郡川西町結崎７４７－８" }, "geometry": { "type": "Point", "coordinates": [ 135.7831, 34.586054 ] } },
{ "type": "Feature", "properties": { "ID": 2933039000000, "正式名称": "小西歯科医院", "機関区分": 3, "都道府県コード": 29, "市区町村コード": 212, "所在地": "奈良県宇陀市大宇陀拾生７１６", "緯度": 34.476452, "経度": 135.932331, "url": "https://www.iryou.teikyouseido.mhlw.go.jp/znk-web/juminkanja/S2430/initialize?prefCd=29&kikanCd=3039000000&kikanKbn=3", "url2": null, "内容": "小西歯科医院【3:歯科】奈良県宇陀市大宇陀拾生７１６" }, "geometry": { "type": "Point", "coordinates": [ 135.932331, 34.476452 ] } },
{ "type": "Feature", "properties": { "ID": 2933039300000, "正式名称": "扇谷歯科医院", "機関区分": 3, "都道府県コード": 29, "市区町村コード": 402, "所在地": "奈良県高市郡明日香村川原１８", "緯度": 34.471283, "経度": 135.815508, "url": "https://www.iryou.teikyouseido.mhlw.go.jp/znk-web/juminkanja/S2430/initialize?prefCd=29&kikanCd=3039300000&kikanKbn=3", "url2": null, "内容": "扇谷歯科医院【3:歯科】奈良県高市郡明日香村川原１８" }, "geometry": { "type": "Point", "coordinates": [ 135.815508, 34.471283 ] } },
{ "type": "Feature", "properties": { "ID": 2933039400000, "正式名称": "中辻歯科医院", "機関区分": 3, "都道府県コード": 29, "市区町村コード": 205, "所在地": "奈良県橿原市久米町５９６－２", "緯度": 34.483448, "経度": 135.792092, "url": "https://www.iryou.teikyouseido.mhlw.go.jp/znk-web/juminkanja/S2430/initialize?prefCd=29&kikanCd=3039400000&kikanKbn=3", "url2": null, "内容": "中辻歯科医院【3:歯科】奈良県橿原市久米町５９６－２" }, "geometry": { "type": "Point", "coordinates": [ 135.792092, 34.483448 ] } },
{ "type": "Feature", "properties": { "ID": 2933039600000, "正式名称": "竹村歯科医院", "機関区分": 3, "都道府県コード": 29, "市区町村コード": 205, "所在地": "奈良県橿原市一町３５７－３", "緯度": 34.474893, "経度": 135.764151, "url": "https://www.iryou.teikyouseido.mhlw.go.jp/znk-web/juminkanja/S2430/initialize?prefCd=29&kikanCd=3039600000&kikanKbn=3", "url2": "http://www.takemura-shika.com", "内容": "竹村歯科医院【3:歯科】奈良県橿原市一町３５７－３" }, "geometry": { "type": "Point", "coordinates": [ 135.764151, 34.474893 ] } },
{ "type": "Feature", "properties": { "ID": 2933039700000, "正式名称": "藤井歯科　矯正歯科", "機関区分": 3, "都道府県コード": 29, "市区町村コード": 212, "所在地": "奈良県宇陀市榛原萩原８１８－１", "緯度": 34.531335, "経度": 135.958826, "url": "https://www.iryou.teikyouseido.mhlw.go.jp/znk-web/juminkanja/S2430/initialize?prefCd=29&kikanCd=3039700000&kikanKbn=3", "url2": "fujii-ortho.com", "内容": "藤井歯科　矯正歯科【3:歯科】奈良県宇陀市榛原萩原８１８－１" }, "geometry": { "type": "Point", "coordinates": [ 135.958826, 34.531335 ] } },
{ "type": "Feature", "properties": { "ID": 2933039800000, "正式名称": "宮本歯科医院", "機関区分": 3, "都道府県コード": 29, "市区町村コード": 205, "所在地": "奈良県橿原市久米町６００－１", "緯度": 34.48417, "経度": 135.791426, "url": "https://www.iryou.teikyouseido.mhlw.go.jp/znk-web/juminkanja/S2430/initialize?prefCd=29&kikanCd=3039800000&kikanKbn=3", "url2": null, "内容": "宮本歯科医院【3:歯科】奈良県橿原市久米町６００－１" }, "geometry": { "type": "Point", "coordinates": [ 135.791426, 34.48417 ] } },
{ "type": "Feature", "properties": { "ID": 2933040100000, "正式名称": "南野歯科医院", "機関区分": 3, "都道府県コード": 29, "市区町村コード": 206, "所在地": "奈良県桜井市川合２５６－６　南野駅前ビル２階", "緯度": 34.514196, "経度": 135.846059, "url": "https://www.iryou.teikyouseido.mhlw.go.jp/znk-web/juminkanja/S2430/initialize?prefCd=29&kikanCd=3040100000&kikanKbn=3", "url2": null, "内容": "南野歯科医院【3:歯科】奈良県桜井市川合２５６－６　南野駅前ビル２階" }, "geometry": { "type": "Point", "coordinates": [ 135.846059, 34.514196 ] } },
{ "type": "Feature", "properties": { "ID": 2933040200000, "正式名称": "安井歯科医院", "機関区分": 3, "都道府県コード": 29, "市区町村コード": 363, "所在地": "奈良県磯城郡田原本町秦庄４２６－１", "緯度": 34.549275, "経度": 135.793645, "url": "https://www.iryou.teikyouseido.mhlw.go.jp/znk-web/juminkanja/S2430/initialize?prefCd=29&kikanCd=3040200000&kikanKbn=3", "url2": null, "内容": "安井歯科医院【3:歯科】奈良県磯城郡田原本町秦庄４２６－１" }, "geometry": { "type": "Point", "coordinates": [ 135.793645, 34.549275 ] } },
{ "type": "Feature", "properties": { "ID": 2933040500000, "正式名称": "御簾歯科医院", "機関区分": 3, "都道府県コード": 29, "市区町村コード": 206, "所在地": "奈良県桜井市粟殿１０１６－５", "緯度": 34.517418, "経度": 135.846281, "url": "https://www.iryou.teikyouseido.mhlw.go.jp/znk-web/juminkanja/S2430/initialize?prefCd=29&kikanCd=3040500000&kikanKbn=3", "url2": null, "内容": "御簾歯科医院【3:歯科】奈良県桜井市粟殿１０１６－５" }, "geometry": { "type": "Point", "coordinates": [ 135.846281, 34.517418 ] } },
{ "type": "Feature", "properties": { "ID": 2933040600000, "正式名称": "水谷歯科", "機関区分": 3, "都道府県コード": 29, "市区町村コード": 212, "所在地": "奈良県宇陀市榛原萩原１６３－１", "緯度": 34.528169, "経度": 135.95691, "url": "https://www.iryou.teikyouseido.mhlw.go.jp/znk-web/juminkanja/S2430/initialize?prefCd=29&kikanCd=3040600000&kikanKbn=3", "url2": null, "内容": "水谷歯科【3:歯科】奈良県宇陀市榛原萩原１６３－１" }, "geometry": { "type": "Point", "coordinates": [ 135.95691, 34.528169 ] } },
{ "type": "Feature", "properties": { "ID": 2933040800000, "正式名称": "弓場歯科医院", "機関区分": 3, "都道府県コード": 29, "市区町村コード": 361, "所在地": "奈良県磯城郡川西町結崎５９４－９", "緯度": 34.584919, "経度": 135.785361, "url": "https://www.iryou.teikyouseido.mhlw.go.jp/znk-web/juminkanja/S2430/initialize?prefCd=29&kikanCd=3040800000&kikanKbn=3", "url2": null, "内容": "弓場歯科医院【3:歯科】奈良県磯城郡川西町結崎５９４－９" }, "geometry": { "type": "Point", "coordinates": [ 135.785361, 34.584919 ] } },
{ "type": "Feature", "properties": { "ID": 2933041300000, "正式名称": "杉年歯科医院", "機関区分": 3, "都道府県コード": 29, "市区町村コード": 212, "所在地": "奈良県宇陀市榛原萩原１５６－８", "緯度": 34.528446, "経度": 135.956049, "url": "https://www.iryou.teikyouseido.mhlw.go.jp/znk-web/juminkanja/S2430/initialize?prefCd=29&kikanCd=3041300000&kikanKbn=3", "url2": null, "内容": "杉年歯科医院【3:歯科】奈良県宇陀市榛原萩原１５６－８" }, "geometry": { "type": "Point", "coordinates": [ 135.956049, 34.528446 ] } },
{ "type": "Feature", "properties": { "ID": 2933041600000, "正式名称": "岡村歯科医院", "機関区分": 3, "都道府県コード": 29, "市区町村コード": 206, "所在地": "奈良県桜井市三輪３５４－３１", "緯度": 34.526639, "経度": 135.848336, "url": "https://www.iryou.teikyouseido.mhlw.go.jp/znk-web/juminkanja/S2430/initialize?prefCd=29&kikanCd=3041600000&kikanKbn=3", "url2": null, "内容": "岡村歯科医院【3:歯科】奈良県桜井市三輪３５４－３１" }, "geometry": { "type": "Point", "coordinates": [ 135.848336, 34.526639 ] } },
{ "type": "Feature", "properties": { "ID": 2933041700000, "正式名称": "新ノ口田中歯科", "機関区分": 3, "都道府県コード": 29, "市区町村コード": 205, "所在地": "奈良県橿原市新口町１５７－５", "緯度": 34.524972, "経度": 135.792535, "url": "https://www.iryou.teikyouseido.mhlw.go.jp/znk-web/juminkanja/S2430/initialize?prefCd=29&kikanCd=3041700000&kikanKbn=3", "url2": null, "内容": "新ノ口田中歯科【3:歯科】奈良県橿原市新口町１５７－５" }, "geometry": { "type": "Point", "coordinates": [ 135.792535, 34.524972 ] } },
{ "type": "Feature", "properties": { "ID": 2933041800000, "正式名称": "ふくだ歯科医院", "機関区分": 3, "都道府県コード": 29, "市区町村コード": 206, "所在地": "奈良県桜井市桜井１３９－１", "緯度": 34.515446, "経度": 135.848586, "url": "https://www.iryou.teikyouseido.mhlw.go.jp/znk-web/juminkanja/S2430/initialize?prefCd=29&kikanCd=3041800000&kikanKbn=3", "url2": null, "内容": "ふくだ歯科医院【3:歯科】奈良県桜井市桜井１３９－１" }, "geometry": { "type": "Point", "coordinates": [ 135.848586, 34.515446 ] } },
{ "type": "Feature", "properties": { "ID": 2933041900000, "正式名称": "田中歯科医院", "機関区分": 3, "都道府県コード": 29, "市区町村コード": 205, "所在地": "奈良県橿原市新賀町３１２－４", "緯度": 34.516834, "経度": 135.797257, "url": "https://www.iryou.teikyouseido.mhlw.go.jp/znk-web/juminkanja/S2430/initialize?prefCd=29&kikanCd=3041900000&kikanKbn=3", "url2": "https://shika-tanaka.net", "内容": "田中歯科医院【3:歯科】奈良県橿原市新賀町３１２－４" }, "geometry": { "type": "Point", "coordinates": [ 135.797257, 34.516834 ] } },
{ "type": "Feature", "properties": { "ID": 2933042100000, "正式名称": "有城歯科医院", "機関区分": 3, "都道府県コード": 29, "市区町村コード": 206, "所在地": "奈良県桜井市初瀬９０３－１", "緯度": 34.529723, "経度": 135.904442, "url": "https://www.iryou.teikyouseido.mhlw.go.jp/znk-web/juminkanja/S2430/initialize?prefCd=29&kikanCd=3042100000&kikanKbn=3", "url2": null, "内容": "有城歯科医院【3:歯科】奈良県桜井市初瀬９０３－１" }, "geometry": { "type": "Point", "coordinates": [ 135.904442, 34.529723 ] } },
{ "type": "Feature", "properties": { "ID": 2933042200000, "正式名称": "吉田歯科医院", "機関区分": 3, "都道府県コード": 29, "市区町村コード": 401, "所在地": "奈良県高市郡高取町市尾９５４", "緯度": 34.443258, "経度": 135.776846, "url": "https://www.iryou.teikyouseido.mhlw.go.jp/znk-web/juminkanja/S2430/initialize?prefCd=29&kikanCd=3042200000&kikanKbn=3", "url2": "https://yoshida-d-clinic.jp/", "内容": "吉田歯科医院【3:歯科】奈良県高市郡高取町市尾９５４" }, "geometry": { "type": "Point", "coordinates": [ 135.776846, 34.443258 ] } },
{ "type": "Feature", "properties": { "ID": 2933042300000, "正式名称": "藤井歯科医院", "機関区分": 3, "都道府県コード": 29, "市区町村コード": 205, "所在地": "奈良県橿原市曽我町８０５－５", "緯度": 34.517111, "経度": 135.777898, "url": "https://www.iryou.teikyouseido.mhlw.go.jp/znk-web/juminkanja/S2430/initialize?prefCd=29&kikanCd=3042300000&kikanKbn=3", "url2": "http://www.fujii-shika.jp/", "内容": "藤井歯科医院【3:歯科】奈良県橿原市曽我町８０５－５" }, "geometry": { "type": "Point", "coordinates": [ 135.777898, 34.517111 ] } },
{ "type": "Feature", "properties": { "ID": 2933042400000, "正式名称": "吉野歯科医院", "機関区分": 3, "都道府県コード": 29, "市区町村コード": 205, "所在地": "奈良県橿原市大久保町１－１", "緯度": 34.498225, "経度": 135.795814, "url": "https://www.iryou.teikyouseido.mhlw.go.jp/znk-web/juminkanja/S2430/initialize?prefCd=29&kikanCd=3042400000&kikanKbn=3", "url2": null, "内容": "吉野歯科医院【3:歯科】奈良県橿原市大久保町１－１" }, "geometry": { "type": "Point", "coordinates": [ 135.795814, 34.498225 ] } },
{ "type": "Feature", "properties": { "ID": 2933042500000, "正式名称": "小山歯科", "機関区分": 3, "都道府県コード": 29, "市区町村コード": 206, "所在地": "奈良県桜井市忍阪１－１　グランドール朝倉１Ｆ", "緯度": 34.510475, "経度": 135.86814, "url": "https://www.iryou.teikyouseido.mhlw.go.jp/znk-web/juminkanja/S2430/initialize?prefCd=29&kikanCd=3042500000&kikanKbn=3", "url2": "http://www.j-dol.com/dr/koyama/default.html", "内容": "小山歯科【3:歯科】奈良県桜井市忍阪１－１　グランドール朝倉１Ｆ" }, "geometry": { "type": "Point", "coordinates": [ 135.86814, 34.510475 ] } },
{ "type": "Feature", "properties": { "ID": 2933042600000, "正式名称": "吉川歯科医院", "機関区分": 3, "都道府県コード": 29, "市区町村コード": 205, "所在地": "奈良県橿原市常盤町２８５", "緯度": 34.519834, "経度": 135.816089, "url": "https://www.iryou.teikyouseido.mhlw.go.jp/znk-web/juminkanja/S2430/initialize?prefCd=29&kikanCd=3042600000&kikanKbn=3", "url2": null, "内容": "吉川歯科医院【3:歯科】奈良県橿原市常盤町２８５" }, "geometry": { "type": "Point", "coordinates": [ 135.816089, 34.519834 ] } },
{ "type": "Feature", "properties": { "ID": 2933042700000, "正式名称": "岩城歯科医院", "機関区分": 3, "都道府県コード": 29, "市区町村コード": 206, "所在地": "奈良県桜井市大福２７０", "緯度": 34.51414, "経度": 135.828144, "url": "https://www.iryou.teikyouseido.mhlw.go.jp/znk-web/juminkanja/S2430/initialize?prefCd=29&kikanCd=3042700000&kikanKbn=3", "url2": null, "内容": "岩城歯科医院【3:歯科】奈良県桜井市大福２７０" }, "geometry": { "type": "Point", "coordinates": [ 135.828144, 34.51414 ] } },
{ "type": "Feature", "properties": { "ID": 2933042800000, "正式名称": "櫻井歯科医院", "機関区分": 3, "都道府県コード": 29, "市区町村コード": 202, "所在地": "奈良県大和高田市南本町４－１０", "緯度": 34.511889, "経度": 135.74179, "url": "https://www.iryou.teikyouseido.mhlw.go.jp/znk-web/juminkanja/S2430/initialize?prefCd=29&kikanCd=3042800000&kikanKbn=3", "url2": null, "内容": "櫻井歯科医院【3:歯科】奈良県大和高田市南本町４－１０" }, "geometry": { "type": "Point", "coordinates": [ 135.74179, 34.511889 ] } },
{ "type": "Feature", "properties": { "ID": 2933043000000, "正式名称": "下辻歯科医院", "機関区分": 3, "都道府県コード": 29, "市区町村コード": 202, "所在地": "奈良県大和高田市根成柿３２３", "緯度": 34.486225, "経度": 135.765456, "url": "https://www.iryou.teikyouseido.mhlw.go.jp/znk-web/juminkanja/S2430/initialize?prefCd=29&kikanCd=3043000000&kikanKbn=3", "url2": "https://www.shimotsuji-dc.com/", "内容": "下辻歯科医院【3:歯科】奈良県大和高田市根成柿３２３" }, "geometry": { "type": "Point", "coordinates": [ 135.765456, 34.486225 ] } },
{ "type": "Feature", "properties": { "ID": 2933043300000, "正式名称": "新田歯科医院", "機関区分": 3, "都道府県コード": 29, "市区町村コード": 202, "所在地": "奈良県大和高田市東三倉堂町９ー１０", "緯度": 34.505723, "経度": 135.749178, "url": "https://www.iryou.teikyouseido.mhlw.go.jp/znk-web/juminkanja/S2430/initialize?prefCd=29&kikanCd=3043300000&kikanKbn=3", "url2": null, "内容": "新田歯科医院【3:歯科】奈良県大和高田市東三倉堂町９ー１０" }, "geometry": { "type": "Point", "coordinates": [ 135.749178, 34.505723 ] } },
{ "type": "Feature", "properties": { "ID": 2933043600000, "正式名称": "野口歯科医院", "機関区分": 3, "都道府県コード": 29, "市区町村コード": 208, "所在地": "奈良県御所市栄町９１－１１", "緯度": 34.465533, "経度": 135.73832, "url": "https://www.iryou.teikyouseido.mhlw.go.jp/znk-web/juminkanja/S2430/initialize?prefCd=29&kikanCd=3043600000&kikanKbn=3", "url2": null, "内容": "野口歯科医院【3:歯科】奈良県御所市栄町９１－１１" }, "geometry": { "type": "Point", "coordinates": [ 135.73832, 34.465533 ] } },
{ "type": "Feature", "properties": { "ID": 2933043700000, "正式名称": "野阪歯科医院", "機関区分": 3, "都道府県コード": 29, "市区町村コード": 208, "所在地": "奈良県御所市御所１３７８番地", "緯度": 34.4622, "経度": 135.739348, "url": "https://www.iryou.teikyouseido.mhlw.go.jp/znk-web/juminkanja/S2430/initialize?prefCd=29&kikanCd=3043700000&kikanKbn=3", "url2": null, "内容": "野阪歯科医院【3:歯科】奈良県御所市御所１３７８番地" }, "geometry": { "type": "Point", "coordinates": [ 135.739348, 34.4622 ] } },
{ "type": "Feature", "properties": { "ID": 2933043900000, "正式名称": "米田歯科医院", "機関区分": 3, "都道府県コード": 29, "市区町村コード": 208, "所在地": "奈良県御所市７７３", "緯度": 34.460755, "経度": 135.740153, "url": "https://www.iryou.teikyouseido.mhlw.go.jp/znk-web/juminkanja/S2430/initialize?prefCd=29&kikanCd=3043900000&kikanKbn=3", "url2": null, "内容": "米田歯科医院【3:歯科】奈良県御所市７７３" }, "geometry": { "type": "Point", "coordinates": [ 135.740153, 34.460755 ] } },
{ "type": "Feature", "properties": { "ID": 2933044000000, "正式名称": "高橋歯科医院", "機関区分": 3, "都道府県コード": 29, "市区町村コード": 208, "所在地": "奈良県御所市御堂魚棚町１１７９", "緯度": 34.462616, "経度": 135.736765, "url": "https://www.iryou.teikyouseido.mhlw.go.jp/znk-web/juminkanja/S2430/initialize?prefCd=29&kikanCd=3044000000&kikanKbn=3", "url2": "http://takahashi.dentalmall.jp/", "内容": "高橋歯科医院【3:歯科】奈良県御所市御堂魚棚町１１７９" }, "geometry": { "type": "Point", "coordinates": [ 135.736765, 34.462616 ] } },
{ "type": "Feature", "properties": { "ID": 2933044100000, "正式名称": "西川歯科医院", "機関区分": 3, "都道府県コード": 29, "市区町村コード": 211, "所在地": "奈良県葛城市疋田３１番地", "緯度": 34.501806, "経度": 135.721403, "url": "https://www.iryou.teikyouseido.mhlw.go.jp/znk-web/juminkanja/S2430/initialize?prefCd=29&kikanCd=3044100000&kikanKbn=3", "url2": null, "内容": "西川歯科医院【3:歯科】奈良県葛城市疋田３１番地" }, "geometry": { "type": "Point", "coordinates": [ 135.721403, 34.501806 ] } },
{ "type": "Feature", "properties": { "ID": 2933044400000, "正式名称": "岡本歯科医院", "機関区分": 3, "都道府県コード": 29, "市区町村コード": 210, "所在地": "奈良県香芝市下田西２－１０－１０", "緯度": 34.545718, "経度": 135.703236, "url": "https://www.iryou.teikyouseido.mhlw.go.jp/znk-web/juminkanja/S2430/initialize?prefCd=29&kikanCd=3044400000&kikanKbn=3", "url2": "http://www.okamotodental.com", "内容": "岡本歯科医院【3:歯科】奈良県香芝市下田西２－１０－１０" }, "geometry": { "type": "Point", "coordinates": [ 135.703236, 34.545718 ] } },
{ "type": "Feature", "properties": { "ID": 2933044600000, "正式名称": "岡本歯科医院", "機関区分": 3, "都道府県コード": 29, "市区町村コード": 210, "所在地": "奈良県香芝市関屋５６０－２", "緯度": 34.554494, "経度": 135.669738, "url": "https://www.iryou.teikyouseido.mhlw.go.jp/znk-web/juminkanja/S2430/initialize?prefCd=29&kikanCd=3044600000&kikanKbn=3", "url2": null, "内容": "岡本歯科医院【3:歯科】奈良県香芝市関屋５６０－２" }, "geometry": { "type": "Point", "coordinates": [ 135.669738, 34.554494 ] } },
{ "type": "Feature", "properties": { "ID": 2933044700000, "正式名称": "喜村歯科医院", "機関区分": 3, "都道府県コード": 29, "市区町村コード": 210, "所在地": "奈良県香芝市畑４丁目１２６－７", "緯度": 34.539607, "経度": 135.685571, "url": "https://www.iryou.teikyouseido.mhlw.go.jp/znk-web/juminkanja/S2430/initialize?prefCd=29&kikanCd=3044700000&kikanKbn=3", "url2": null, "内容": "喜村歯科医院【3:歯科】奈良県香芝市畑４丁目１２６－７" }, "geometry": { "type": "Point", "coordinates": [ 135.685571, 34.539607 ] } },
{ "type": "Feature", "properties": { "ID": 2933044800000, "正式名称": "東條歯科医院", "機関区分": 3, "都道府県コード": 29, "市区町村コード": 210, "所在地": "奈良県香芝市瓦口１１－６", "緯度": 34.531914, "経度": 135.720541, "url": "https://www.iryou.teikyouseido.mhlw.go.jp/znk-web/juminkanja/S2430/initialize?prefCd=29&kikanCd=3044800000&kikanKbn=3", "url2": null, "内容": "東條歯科医院【3:歯科】奈良県香芝市瓦口１１－６" }, "geometry": { "type": "Point", "coordinates": [ 135.720541, 34.531914 ] } },
{ "type": "Feature", "properties": { "ID": 2933044900000, "正式名称": "吉崎歯科医院", "機関区分": 3, "都道府県コード": 29, "市区町村コード": 210, "所在地": "奈良県香芝市上中４７４－１", "緯度": 34.563438, "経度": 135.704318, "url": "https://www.iryou.teikyouseido.mhlw.go.jp/znk-web/juminkanja/S2430/initialize?prefCd=29&kikanCd=3044900000&kikanKbn=3", "url2": null, "内容": "吉崎歯科医院【3:歯科】奈良県香芝市上中４７４－１" }, "geometry": { "type": "Point", "coordinates": [ 135.704318, 34.563438 ] } },
{ "type": "Feature", "properties": { "ID": 2933045200000, "正式名称": "鈴木歯科医院", "機関区分": 3, "都道府県コード": 29, "市区町村コード": 424, "所在地": "奈良県北葛城郡上牧町片岡台１－４－２", "緯度": 34.581103, "経度": 135.716094, "url": "https://www.iryou.teikyouseido.mhlw.go.jp/znk-web/juminkanja/S2430/initialize?prefCd=29&kikanCd=3045200000&kikanKbn=3", "url2": null, "内容": "鈴木歯科医院【3:歯科】奈良県北葛城郡上牧町片岡台１－４－２" }, "geometry": { "type": "Point", "coordinates": [ 135.716094, 34.581103 ] } },
{ "type": "Feature", "properties": { "ID": 2933045500000, "正式名称": "医療法人　相志和診会　岩間歯科　王寺診療所", "機関区分": 3, "都道府県コード": 29, "市区町村コード": 425, "所在地": "奈良県北葛城郡王寺町王寺２丁目７番２３号亀井興産ビル３Ｆ", "緯度": 34.596101, "経度": 135.706011, "url": "https://www.iryou.teikyouseido.mhlw.go.jp/znk-web/juminkanja/S2430/initialize?prefCd=29&kikanCd=3045500000&kikanKbn=3", "url2": null, "内容": "医療法人　相志和診会　岩間歯科　王寺診療所【3:歯科】奈良県北葛城郡王寺町王寺２丁目７番２３号亀井興産ビル３Ｆ" }, "geometry": { "type": "Point", "coordinates": [ 135.706011, 34.596101 ] } },
{ "type": "Feature", "properties": { "ID": 2933045600000, "正式名称": "白井歯科クリニック", "機関区分": 3, "都道府県コード": 29, "市区町村コード": 426, "所在地": "奈良県北葛城郡広陵町中１６９", "緯度": 34.558495, "経度": 135.750731, "url": "https://www.iryou.teikyouseido.mhlw.go.jp/znk-web/juminkanja/S2430/initialize?prefCd=29&kikanCd=3045600000&kikanKbn=3", "url2": null, "内容": "白井歯科クリニック【3:歯科】奈良県北葛城郡広陵町中１６９" }, "geometry": { "type": "Point", "coordinates": [ 135.750731, 34.558495 ] } },
{ "type": "Feature", "properties": { "ID": 2933045700000, "正式名称": "長谷川歯科", "機関区分": 3, "都道府県コード": 29, "市区町村コード": 426, "所在地": "奈良県北葛城郡広陵町南郷６５７", "緯度": 34.541941, "経度": 135.74951, "url": "https://www.iryou.teikyouseido.mhlw.go.jp/znk-web/juminkanja/S2430/initialize?prefCd=29&kikanCd=3045700000&kikanKbn=3", "url2": null, "内容": "長谷川歯科【3:歯科】奈良県北葛城郡広陵町南郷６５７" }, "geometry": { "type": "Point", "coordinates": [ 135.74951, 34.541941 ] } },
{ "type": "Feature", "properties": { "ID": 2933045900000, "正式名称": "上田歯科医院", "機関区分": 3, "都道府県コード": 29, "市区町村コード": 427, "所在地": "奈良県北葛城郡河合町星和台２－２－４", "緯度": 34.584875, "経度": 135.717097, "url": "https://www.iryou.teikyouseido.mhlw.go.jp/znk-web/juminkanja/S2430/initialize?prefCd=29&kikanCd=3045900000&kikanKbn=3", "url2": null, "内容": "上田歯科医院【3:歯科】奈良県北葛城郡河合町星和台２－２－４" }, "geometry": { "type": "Point", "coordinates": [ 135.717097, 34.584875 ] } },
{ "type": "Feature", "properties": { "ID": 2933046200000, "正式名称": "羽山歯科医院", "機関区分": 3, "都道府県コード": 29, "市区町村コード": 202, "所在地": "奈良県大和高田市奥田１８－１", "緯度": 34.486892, "経度": 135.75379, "url": "https://www.iryou.teikyouseido.mhlw.go.jp/znk-web/juminkanja/S2430/initialize?prefCd=29&kikanCd=3046200000&kikanKbn=3", "url2": "www.hayamashika.com", "内容": "羽山歯科医院【3:歯科】奈良県大和高田市奥田１８－１" }, "geometry": { "type": "Point", "coordinates": [ 135.75379, 34.486892 ] } },
{ "type": "Feature", "properties": { "ID": 2933046300000, "正式名称": "岡山歯科医院", "機関区分": 3, "都道府県コード": 29, "市区町村コード": 202, "所在地": "奈良県大和高田市昭和町３－１１７", "緯度": 34.514583, "経度": 135.75165, "url": "https://www.iryou.teikyouseido.mhlw.go.jp/znk-web/juminkanja/S2430/initialize?prefCd=29&kikanCd=3046300000&kikanKbn=3", "url2": null, "内容": "岡山歯科医院【3:歯科】奈良県大和高田市昭和町３－１１７" }, "geometry": { "type": "Point", "coordinates": [ 135.75165, 34.514583 ] } },
{ "type": "Feature", "properties": { "ID": 2933046400000, "正式名称": "増田歯科医院", "機関区分": 3, "都道府県コード": 29, "市区町村コード": 208, "所在地": "奈良県御所市三室４３８－１", "緯度": 34.452262, "経度": 135.730605, "url": "https://www.iryou.teikyouseido.mhlw.go.jp/znk-web/juminkanja/S2430/initialize?prefCd=29&kikanCd=3046400000&kikanKbn=3", "url2": "https://masuda-dental.clinic/", "内容": "増田歯科医院【3:歯科】奈良県御所市三室４３８－１" }, "geometry": { "type": "Point", "coordinates": [ 135.730605, 34.452262 ] } },
{ "type": "Feature", "properties": { "ID": 2933046500000, "正式名称": "辻口歯科医院", "機関区分": 3, "都道府県コード": 29, "市区町村コード": 210, "所在地": "奈良県香芝市磯壁３－８２－１", "緯度": 34.537413, "経度": 135.702514, "url": "https://www.iryou.teikyouseido.mhlw.go.jp/znk-web/juminkanja/S2430/initialize?prefCd=29&kikanCd=3046500000&kikanKbn=3", "url2": null, "内容": "辻口歯科医院【3:歯科】奈良県香芝市磯壁３－８２－１" }, "geometry": { "type": "Point", "coordinates": [ 135.702514, 34.537413 ] } },
{ "type": "Feature", "properties": { "ID": 2933046600000, "正式名称": "辻阪歯科医院", "機関区分": 3, "都道府県コード": 29, "市区町村コード": 202, "所在地": "奈良県大和高田市礒野南町４－３２", "緯度": 34.506501, "経度": 135.739929, "url": "https://www.iryou.teikyouseido.mhlw.go.jp/znk-web/juminkanja/S2430/initialize?prefCd=29&kikanCd=3046600000&kikanKbn=3", "url2": null, "内容": "辻阪歯科医院【3:歯科】奈良県大和高田市礒野南町４－３２" }, "geometry": { "type": "Point", "coordinates": [ 135.739929, 34.506501 ] } },
{ "type": "Feature", "properties": { "ID": 2933047100000, "正式名称": "岸本歯科医院", "機関区分": 3, "都道府県コード": 29, "市区町村コード": 208, "所在地": "奈良県御所市御門町６９７－１", "緯度": 34.463255, "経度": 135.74007, "url": "https://www.iryou.teikyouseido.mhlw.go.jp/znk-web/juminkanja/S2430/initialize?prefCd=29&kikanCd=3047100000&kikanKbn=3", "url2": null, "内容": "岸本歯科医院【3:歯科】奈良県御所市御門町６９７－１" }, "geometry": { "type": "Point", "coordinates": [ 135.74007, 34.463255 ] } },
{ "type": "Feature", "properties": { "ID": 2933047200000, "正式名称": "当麻歯科医院", "機関区分": 3, "都道府県コード": 29, "市区町村コード": 202, "所在地": "奈良県大和高田市本郷町７－５", "緯度": 34.513778, "経度": 135.745067, "url": "https://www.iryou.teikyouseido.mhlw.go.jp/znk-web/juminkanja/S2430/initialize?prefCd=29&kikanCd=3047200000&kikanKbn=3", "url2": null, "内容": "当麻歯科医院【3:歯科】奈良県大和高田市本郷町７－５" }, "geometry": { "type": "Point", "coordinates": [ 135.745067, 34.513778 ] } },
{ "type": "Feature", "properties": { "ID": 2933047300000, "正式名称": "濱歯科医院", "機関区分": 3, "都道府県コード": 29, "市区町村コード": 211, "所在地": "奈良県葛城市當麻３８７番地－１", "緯度": 34.51561, "経度": 135.702515, "url": "https://www.iryou.teikyouseido.mhlw.go.jp/znk-web/juminkanja/S2430/initialize?prefCd=29&kikanCd=3047300000&kikanKbn=3", "url2": null, "内容": "濱歯科医院【3:歯科】奈良県葛城市當麻３８７番地－１" }, "geometry": { "type": "Point", "coordinates": [ 135.702515, 34.51561 ] } },
{ "type": "Feature", "properties": { "ID": 2933047400000, "正式名称": "中井歯科医院", "機関区分": 3, "都道府県コード": 29, "市区町村コード": 202, "所在地": "奈良県大和高田市根成柿６０６－１", "緯度": 34.481781, "経度": 135.755901, "url": "https://www.iryou.teikyouseido.mhlw.go.jp/znk-web/juminkanja/S2430/initialize?prefCd=29&kikanCd=3047400000&kikanKbn=3", "url2": null, "内容": "中井歯科医院【3:歯科】奈良県大和高田市根成柿６０６－１" }, "geometry": { "type": "Point", "coordinates": [ 135.755901, 34.481781 ] } },
{ "type": "Feature", "properties": { "ID": 2933047500000, "正式名称": "西井歯科医院", "機関区分": 3, "都道府県コード": 29, "市区町村コード": 208, "所在地": "奈良県御所市宮戸１０１", "緯度": 34.443535, "経度": 135.728183, "url": "https://www.iryou.teikyouseido.mhlw.go.jp/znk-web/juminkanja/S2430/initialize?prefCd=29&kikanCd=3047500000&kikanKbn=3", "url2": null, "内容": "西井歯科医院【3:歯科】奈良県御所市宮戸１０１" }, "geometry": { "type": "Point", "coordinates": [ 135.728183, 34.443535 ] } },
{ "type": "Feature", "properties": { "ID": 2933047600000, "正式名称": "松本歯科", "機関区分": 3, "都道府県コード": 29, "市区町村コード": 425, "所在地": "奈良県北葛城郡王寺町明神３－１－１", "緯度": 34.579686, "経度": 135.691624, "url": "https://www.iryou.teikyouseido.mhlw.go.jp/znk-web/juminkanja/S2430/initialize?prefCd=29&kikanCd=3047600000&kikanKbn=3", "url2": null, "内容": "松本歯科【3:歯科】奈良県北葛城郡王寺町明神３－１－１" }, "geometry": { "type": "Point", "coordinates": [ 135.691624, 34.579686 ] } },
{ "type": "Feature", "properties": { "ID": 2933047700000, "正式名称": "中川歯科医院", "機関区分": 3, "都道府県コード": 29, "市区町村コード": 202, "所在地": "奈良県大和高田市出１６５－３", "緯度": 34.497391, "経度": 135.749651, "url": "https://www.iryou.teikyouseido.mhlw.go.jp/znk-web/juminkanja/S2430/initialize?prefCd=29&kikanCd=3047700000&kikanKbn=3", "url2": null, "内容": "中川歯科医院【3:歯科】奈良県大和高田市出１６５－３" }, "geometry": { "type": "Point", "coordinates": [ 135.749651, 34.497391 ] } },
{ "type": "Feature", "properties": { "ID": 2933047900000, "正式名称": "下村歯科医院", "機関区分": 3, "都道府県コード": 29, "市区町村コード": 210, "所在地": "奈良県香芝市磯壁３－２－７栄光ビル１Ｆ", "緯度": 34.538663, "経度": 135.701875, "url": "https://www.iryou.teikyouseido.mhlw.go.jp/znk-web/juminkanja/S2430/initialize?prefCd=29&kikanCd=3047900000&kikanKbn=3", "url2": null, "内容": "下村歯科医院【3:歯科】奈良県香芝市磯壁３－２－７栄光ビル１Ｆ" }, "geometry": { "type": "Point", "coordinates": [ 135.701875, 34.538663 ] } },
{ "type": "Feature", "properties": { "ID": 2933048000000, "正式名称": "東谷歯科医院", "機関区分": 3, "都道府県コード": 29, "市区町村コード": 427, "所在地": "奈良県北葛城郡河合町広瀬台３－１１－１１", "緯度": 34.588686, "経度": 135.719649, "url": "https://www.iryou.teikyouseido.mhlw.go.jp/znk-web/juminkanja/S2430/initialize?prefCd=29&kikanCd=3048000000&kikanKbn=3", "url2": "www.higashitani.jp", "内容": "東谷歯科医院【3:歯科】奈良県北葛城郡河合町広瀬台３－１１－１１" }, "geometry": { "type": "Point", "coordinates": [ 135.719649, 34.588686 ] } },
{ "type": "Feature", "properties": { "ID": 2933048100000, "正式名称": "吉村歯科", "機関区分": 3, "都道府県コード": 29, "市区町村コード": 425, "所在地": "奈良県北葛城郡王寺町元町１－１－１１", "緯度": 34.594046, "経度": 135.701095, "url": "https://www.iryou.teikyouseido.mhlw.go.jp/znk-web/juminkanja/S2430/initialize?prefCd=29&kikanCd=3048100000&kikanKbn=3", "url2": null, "内容": "吉村歯科【3:歯科】奈良県北葛城郡王寺町元町１－１－１１" }, "geometry": { "type": "Point", "coordinates": [ 135.701095, 34.594046 ] } },
{ "type": "Feature", "properties": { "ID": 2933048200000, "正式名称": "宮本矯正歯科医院", "機関区分": 3, "都道府県コード": 29, "市区町村コード": 425, "所在地": "奈良県北葛城郡王寺町王寺２－８－２５田中愛ビル４階", "緯度": 34.595685, "経度": 135.706011, "url": "https://www.iryou.teikyouseido.mhlw.go.jp/znk-web/juminkanja/S2430/initialize?prefCd=29&kikanCd=3048200000&kikanKbn=3", "url2": "http://www.m-ortho.net", "内容": "宮本矯正歯科医院【3:歯科】奈良県北葛城郡王寺町王寺２－８－２５田中愛ビル４階" }, "geometry": { "type": "Point", "coordinates": [ 135.706011, 34.595685 ] } },
{ "type": "Feature", "properties": { "ID": 2933048400000, "正式名称": "河谷歯科医院", "機関区分": 3, "都道府県コード": 29, "市区町村コード": 211, "所在地": "奈良県葛城市勝根２５３－１", "緯度": 34.51861, "経度": 135.706181, "url": "https://www.iryou.teikyouseido.mhlw.go.jp/znk-web/juminkanja/S2430/initialize?prefCd=29&kikanCd=3048400000&kikanKbn=3", "url2": null, "内容": "河谷歯科医院【3:歯科】奈良県葛城市勝根２５３－１" }, "geometry": { "type": "Point", "coordinates": [ 135.706181, 34.51861 ] } },
{ "type": "Feature", "properties": { "ID": 2933048500000, "正式名称": "田仲歯科医院", "機関区分": 3, "都道府県コード": 29, "市区町村コード": 211, "所在地": "奈良県葛城市北道穂１９－５", "緯度": 34.490891, "経度": 135.718543, "url": "https://www.iryou.teikyouseido.mhlw.go.jp/znk-web/juminkanja/S2430/initialize?prefCd=29&kikanCd=3048500000&kikanKbn=3", "url2": null, "内容": "田仲歯科医院【3:歯科】奈良県葛城市北道穂１９－５" }, "geometry": { "type": "Point", "coordinates": [ 135.718543, 34.490891 ] } },
{ "type": "Feature", "properties": { "ID": 2933048600000, "正式名称": "ミヤモト歯科医院", "機関区分": 3, "都道府県コード": 29, "市区町村コード": 202, "所在地": "奈良県大和高田市曽大根２－３－２０", "緯度": 34.497779, "経度": 135.742235, "url": "https://www.iryou.teikyouseido.mhlw.go.jp/znk-web/juminkanja/S2430/initialize?prefCd=29&kikanCd=3048600000&kikanKbn=3", "url2": null, "内容": "ミヤモト歯科医院【3:歯科】奈良県大和高田市曽大根２－３－２０" }, "geometry": { "type": "Point", "coordinates": [ 135.742235, 34.497779 ] } },
{ "type": "Feature", "properties": { "ID": 2933048700000, "正式名称": "ウエダ歯科", "機関区分": 3, "都道府県コード": 29, "市区町村コード": 202, "所在地": "奈良県大和高田市片塩町６－１０", "緯度": 34.507223, "経度": 135.744484, "url": "https://www.iryou.teikyouseido.mhlw.go.jp/znk-web/juminkanja/S2430/initialize?prefCd=29&kikanCd=3048700000&kikanKbn=3", "url2": "http://www.ueda-shika.com", "内容": "ウエダ歯科【3:歯科】奈良県大和高田市片塩町６－１０" }, "geometry": { "type": "Point", "coordinates": [ 135.744484, 34.507223 ] } },
{ "type": "Feature", "properties": { "ID": 2933048800000, "正式名称": "山下歯科医院", "機関区分": 3, "都道府県コード": 29, "市区町村コード": 202, "所在地": "奈良県大和高田市北本町１４－４　大和高田駅ビル２０３", "緯度": 34.519666, "経度": 135.743012, "url": "https://www.iryou.teikyouseido.mhlw.go.jp/znk-web/juminkanja/S2430/initialize?prefCd=29&kikanCd=3048800000&kikanKbn=3", "url2": "http://nttbj.itp.ne.jp/0745528100/index.html?clk=105&kok=11&svc=1303&Media_cate=populer&wp=J29&wt=J29&wq=&tkcp=r1&stdad=1&ktid=TO0010031900000048&ktel=0745528100&wr=J29J999J999J999&ws=J29J797J971J999", "内容": "山下歯科医院【3:歯科】奈良県大和高田市北本町１４－４　大和高田駅ビル２０３" }, "geometry": { "type": "Point", "coordinates": [ 135.743012, 34.519666 ] } },
{ "type": "Feature", "properties": { "ID": 2933048900000, "正式名称": "田仲歯科医院", "機関区分": 3, "都道府県コード": 29, "市区町村コード": 208, "所在地": "奈良県御所市奉膳３７１", "緯度": 34.414149, "経度": 135.747266, "url": "https://www.iryou.teikyouseido.mhlw.go.jp/znk-web/juminkanja/S2430/initialize?prefCd=29&kikanCd=3048900000&kikanKbn=3", "url2": null, "内容": "田仲歯科医院【3:歯科】奈良県御所市奉膳３７１" }, "geometry": { "type": "Point", "coordinates": [ 135.747266, 34.414149 ] } },
{ "type": "Feature", "properties": { "ID": 2933049000000, "正式名称": "サン歯科こめだクリニック", "機関区分": 3, "都道府県コード": 29, "市区町村コード": 208, "所在地": "奈良県御所市大広町１８０－１２", "緯度": 34.464166, "経度": 135.731794, "url": "https://www.iryou.teikyouseido.mhlw.go.jp/znk-web/juminkanja/S2430/initialize?prefCd=29&kikanCd=3049000000&kikanKbn=3", "url2": null, "内容": "サン歯科こめだクリニック【3:歯科】奈良県御所市大広町１８０－１２" }, "geometry": { "type": "Point", "coordinates": [ 135.731794, 34.464166 ] } },
{ "type": "Feature", "properties": { "ID": 2933049100000, "正式名称": "吉村歯科", "機関区分": 3, "都道府県コード": 29, "市区町村コード": 210, "所在地": "奈良県香芝市真美ケ丘３－２２－８", "緯度": 34.538108, "経度": 135.72704, "url": "https://www.iryou.teikyouseido.mhlw.go.jp/znk-web/juminkanja/S2430/initialize?prefCd=29&kikanCd=3049100000&kikanKbn=3", "url2": null, "内容": "吉村歯科【3:歯科】奈良県香芝市真美ケ丘３－２２－８" }, "geometry": { "type": "Point", "coordinates": [ 135.72704, 34.538108 ] } },
{ "type": "Feature", "properties": { "ID": 2933049200000, "正式名称": "斉藤歯科クリニック", "機関区分": 3, "都道府県コード": 29, "市区町村コード": 202, "所在地": "奈良県大和高田市大中９５－１", "緯度": 34.514472, "経度": 135.736318, "url": "https://www.iryou.teikyouseido.mhlw.go.jp/znk-web/juminkanja/S2430/initialize?prefCd=29&kikanCd=3049200000&kikanKbn=3", "url2": null, "内容": "斉藤歯科クリニック【3:歯科】奈良県大和高田市大中９５－１" }, "geometry": { "type": "Point", "coordinates": [ 135.736318, 34.514472 ] } },
{ "type": "Feature", "properties": { "ID": 2933049300000, "正式名称": "原田歯科医院", "機関区分": 3, "都道府県コード": 29, "市区町村コード": 211, "所在地": "奈良県葛城市忍海４３７番地２３", "緯度": 34.473893, "経度": 135.728237, "url": "https://www.iryou.teikyouseido.mhlw.go.jp/znk-web/juminkanja/S2430/initialize?prefCd=29&kikanCd=3049300000&kikanKbn=3", "url2": null, "内容": "原田歯科医院【3:歯科】奈良県葛城市忍海４３７番地２３" }, "geometry": { "type": "Point", "coordinates": [ 135.728237, 34.473893 ] } },
{ "type": "Feature", "properties": { "ID": 2933049500000, "正式名称": "ふるた歯科医院", "機関区分": 3, "都道府県コード": 29, "市区町村コード": 202, "所在地": "奈良県大和高田市礒野北町１２－１７", "緯度": 34.510278, "経度": 135.733485, "url": "https://www.iryou.teikyouseido.mhlw.go.jp/znk-web/juminkanja/S2430/initialize?prefCd=29&kikanCd=3049500000&kikanKbn=3", "url2": null, "内容": "ふるた歯科医院【3:歯科】奈良県大和高田市礒野北町１２－１７" }, "geometry": { "type": "Point", "coordinates": [ 135.733485, 34.510278 ] } },
{ "type": "Feature", "properties": { "ID": 2933049800000, "正式名称": "生野歯科医院", "機関区分": 3, "都道府県コード": 29, "市区町村コード": 211, "所在地": "奈良県葛城市北花内６８４－９", "緯度": 34.488725, "経度": 135.73493, "url": "https://www.iryou.teikyouseido.mhlw.go.jp/znk-web/juminkanja/S2430/initialize?prefCd=29&kikanCd=3049800000&kikanKbn=3", "url2": null, "内容": "生野歯科医院【3:歯科】奈良県葛城市北花内６８４－９" }, "geometry": { "type": "Point", "coordinates": [ 135.73493, 34.488725 ] } },
{ "type": "Feature", "properties": { "ID": 2933050100000, "正式名称": "堀内歯科医院", "機関区分": 3, "都道府県コード": 29, "市区町村コード": 207, "所在地": "奈良県五條市二見２－３－４０", "緯度": 34.345353, "経度": 135.685679, "url": "https://www.iryou.teikyouseido.mhlw.go.jp/znk-web/juminkanja/S2430/initialize?prefCd=29&kikanCd=3050100000&kikanKbn=3", "url2": null, "内容": "堀内歯科医院【3:歯科】奈良県五條市二見２－３－４０" }, "geometry": { "type": "Point", "coordinates": [ 135.685679, 34.345353 ] } },
{ "type": "Feature", "properties": { "ID": 2933050500000, "正式名称": "今田歯科医院", "機関区分": 3, "都道府県コード": 29, "市区町村コード": 207, "所在地": "奈良県五條市住川町４８１－１", "緯度": 34.379708, "経度": 135.715354, "url": "https://www.iryou.teikyouseido.mhlw.go.jp/znk-web/juminkanja/S2430/initialize?prefCd=29&kikanCd=3050500000&kikanKbn=3", "url2": null, "内容": "今田歯科医院【3:歯科】奈良県五條市住川町４８１－１" }, "geometry": { "type": "Point", "coordinates": [ 135.715354, 34.379708 ] } },
{ "type": "Feature", "properties": { "ID": 2933050600000, "正式名称": "西尾歯科", "機関区分": 3, "都道府県コード": 29, "市区町村コード": 207, "所在地": "奈良県五條市本町１－５－２１", "緯度": 34.352988, "経度": 135.694884, "url": "https://www.iryou.teikyouseido.mhlw.go.jp/znk-web/juminkanja/S2430/initialize?prefCd=29&kikanCd=3050600000&kikanKbn=3", "url2": null, "内容": "西尾歯科【3:歯科】奈良県五條市本町１－５－２１" }, "geometry": { "type": "Point", "coordinates": [ 135.694884, 34.352988 ] } },
{ "type": "Feature", "properties": { "ID": 2933050800000, "正式名称": "医療法人嘉生会　加藤歯科", "機関区分": 3, "都道府県コード": 29, "市区町村コード": 207, "所在地": "奈良県五條市野原西１丁目６番２号", "緯度": 34.346267, "経度": 135.696023, "url": "https://www.iryou.teikyouseido.mhlw.go.jp/znk-web/juminkanja/S2430/initialize?prefCd=29&kikanCd=3050800000&kikanKbn=3", "url2": "https://dc-katou.com/", "内容": "医療法人嘉生会　加藤歯科【3:歯科】奈良県五條市野原西１丁目６番２号" }, "geometry": { "type": "Point", "coordinates": [ 135.696023, 34.346267 ] } },
{ "type": "Feature", "properties": { "ID": 2933051000000, "正式名称": "今西歯科医院", "機関区分": 3, "都道府県コード": 29, "市区町村コード": 442, "所在地": "奈良県吉野郡大淀町下渕９６", "緯度": 34.381265, "経度": 135.789181, "url": "https://www.iryou.teikyouseido.mhlw.go.jp/znk-web/juminkanja/S2430/initialize?prefCd=29&kikanCd=3051000000&kikanKbn=3", "url2": null, "内容": "今西歯科医院【3:歯科】奈良県吉野郡大淀町下渕９６" }, "geometry": { "type": "Point", "coordinates": [ 135.789181, 34.381265 ] } },
{ "type": "Feature", "properties": { "ID": 2933051200000, "正式名称": "黒滝村歯科診療所", "機関区分": 3, "都道府県コード": 29, "市区町村コード": 444, "所在地": "奈良県吉野郡黒滝村寺戸１９６", "緯度": 34.311051, "経度": 135.849762, "url": "https://www.iryou.teikyouseido.mhlw.go.jp/znk-web/juminkanja/S2430/initialize?prefCd=29&kikanCd=3051200000&kikanKbn=3", "url2": null, "内容": "黒滝村歯科診療所【3:歯科】奈良県吉野郡黒滝村寺戸１９６" }, "geometry": { "type": "Point", "coordinates": [ 135.849762, 34.311051 ] } },
{ "type": "Feature", "properties": { "ID": 2933051400000, "正式名称": "杉村歯科医院", "機関区分": 3, "都道府県コード": 29, "市区町村コード": 443, "所在地": "奈良県吉野郡下市町下市３５５", "緯度": 34.367433, "経度": 135.79182, "url": "https://www.iryou.teikyouseido.mhlw.go.jp/znk-web/juminkanja/S2430/initialize?prefCd=29&kikanCd=3051400000&kikanKbn=3", "url2": null, "内容": "杉村歯科医院【3:歯科】奈良県吉野郡下市町下市３５５" }, "geometry": { "type": "Point", "coordinates": [ 135.79182, 34.367433 ] } },
{ "type": "Feature", "properties": { "ID": 2933051600000, "正式名称": "岡下歯科医院", "機関区分": 3, "都道府県コード": 29, "市区町村コード": 442, "所在地": "奈良県吉野郡大淀町下渕９０８－１", "緯度": 34.383085, "経度": 135.788829, "url": "https://www.iryou.teikyouseido.mhlw.go.jp/znk-web/juminkanja/S2430/initialize?prefCd=29&kikanCd=3051600000&kikanKbn=3", "url2": null, "内容": "岡下歯科医院【3:歯科】奈良県吉野郡大淀町下渕９０８－１" }, "geometry": { "type": "Point", "coordinates": [ 135.788829, 34.383085 ] } },
{ "type": "Feature", "properties": { "ID": 2933051800000, "正式名称": "むつみ歯科医院", "機関区分": 3, "都道府県コード": 29, "市区町村コード": 361, "所在地": "奈良県磯城郡川西町唐院３９９ー２", "緯度": 34.580632, "経度": 135.765923, "url": "https://www.iryou.teikyouseido.mhlw.go.jp/znk-web/juminkanja/S2430/initialize?prefCd=29&kikanCd=3051800000&kikanKbn=3", "url2": "http://www.tatsumi-dental.com/", "内容": "むつみ歯科医院【3:歯科】奈良県磯城郡川西町唐院３９９ー２" }, "geometry": { "type": "Point", "coordinates": [ 135.765923, 34.580632 ] } },
{ "type": "Feature", "properties": { "ID": 2933051900000, "正式名称": "吉岡歯科", "機関区分": 3, "都道府県コード": 29, "市区町村コード": 205, "所在地": "奈良県橿原市雲梯町２４５ー６", "緯度": 34.500557, "経度": 135.762927, "url": "https://www.iryou.teikyouseido.mhlw.go.jp/znk-web/juminkanja/S2430/initialize?prefCd=29&kikanCd=3051900000&kikanKbn=3", "url2": null, "内容": "吉岡歯科【3:歯科】奈良県橿原市雲梯町２４５ー６" }, "geometry": { "type": "Point", "coordinates": [ 135.762927, 34.500557 ] } },
{ "type": "Feature", "properties": { "ID": 2933052000000, "正式名称": "仲川歯科クリニック", "機関区分": 3, "都道府県コード": 29, "市区町村コード": 205, "所在地": "奈良県橿原市中曽司町１５０ー２　ベルシャトウ魚昌１Ｆ", "緯度": 34.523166, "経度": 135.771481, "url": "https://www.iryou.teikyouseido.mhlw.go.jp/znk-web/juminkanja/S2430/initialize?prefCd=29&kikanCd=3052000000&kikanKbn=3", "url2": "https://www.nakagawa-shika-clinic.jp/", "内容": "仲川歯科クリニック【3:歯科】奈良県橿原市中曽司町１５０ー２　ベルシャトウ魚昌１Ｆ" }, "geometry": { "type": "Point", "coordinates": [ 135.771481, 34.523166 ] } },
{ "type": "Feature", "properties": { "ID": 2933052100000, "正式名称": "辻井歯科医院", "機関区分": 3, "都道府県コード": 29, "市区町村コード": 441, "所在地": "奈良県吉野郡吉野町平尾３１２番地", "緯度": 34.411291, "経度": 135.888088, "url": "https://www.iryou.teikyouseido.mhlw.go.jp/znk-web/juminkanja/S2430/initialize?prefCd=29&kikanCd=3052100000&kikanKbn=3", "url2": null, "内容": "辻井歯科医院【3:歯科】奈良県吉野郡吉野町平尾３１２番地" }, "geometry": { "type": "Point", "coordinates": [ 135.888088, 34.411291 ] } },
{ "type": "Feature", "properties": { "ID": 2933052300000, "正式名称": "坂本歯科医院", "機関区分": 3, "都道府県コード": 29, "市区町村コード": 363, "所在地": "奈良県磯城郡田原本町旭町２３３ー２", "緯度": 34.555163, "経度": 135.790561, "url": "https://www.iryou.teikyouseido.mhlw.go.jp/znk-web/juminkanja/S2430/initialize?prefCd=29&kikanCd=3052300000&kikanKbn=3", "url2": "http://www7b.biglobe.ne.jp/~sakamotoshikaiin/", "内容": "坂本歯科医院【3:歯科】奈良県磯城郡田原本町旭町２３３ー２" }, "geometry": { "type": "Point", "coordinates": [ 135.790561, 34.555163 ] } },
{ "type": "Feature", "properties": { "ID": 2933052500000, "正式名称": "植村歯科医院", "機関区分": 3, "都道府県コード": 29, "市区町村コード": 203, "所在地": "奈良県大和郡山市泉原町１ー７", "緯度": 34.633709, "経度": 135.747478, "url": "https://www.iryou.teikyouseido.mhlw.go.jp/znk-web/juminkanja/S2430/initialize?prefCd=29&kikanCd=3052500000&kikanKbn=3", "url2": "https://www.uemura-udc.com/", "内容": "植村歯科医院【3:歯科】奈良県大和郡山市泉原町１ー７" }, "geometry": { "type": "Point", "coordinates": [ 135.747478, 34.633709 ] } },
{ "type": "Feature", "properties": { "ID": 2933052600000, "正式名称": "あくね歯科", "機関区分": 3, "都道府県コード": 29, "市区町村コード": 203, "所在地": "奈良県大和郡山市小泉町２１８２－５", "緯度": 34.62925, "経度": 135.755927, "url": "https://www.iryou.teikyouseido.mhlw.go.jp/znk-web/juminkanja/S2430/initialize?prefCd=29&kikanCd=3052600000&kikanKbn=3", "url2": "https://www.akuneshika.jp/", "内容": "あくね歯科【3:歯科】奈良県大和郡山市小泉町２１８２－５" }, "geometry": { "type": "Point", "coordinates": [ 135.755927, 34.62925 ] } },
{ "type": "Feature", "properties": { "ID": 2933052700000, "正式名称": "平山歯科医院", "機関区分": 3, "都道府県コード": 29, "市区町村コード": 344, "所在地": "奈良県生駒郡斑鳩町阿波３丁目１ー２７／法隆寺駅前ビル１階", "緯度": 34.601352, "経度": 135.74023, "url": "https://www.iryou.teikyouseido.mhlw.go.jp/znk-web/juminkanja/S2430/initialize?prefCd=29&kikanCd=3052700000&kikanKbn=3", "url2": null, "内容": "平山歯科医院【3:歯科】奈良県生駒郡斑鳩町阿波３丁目１ー２７／法隆寺駅前ビル１階" }, "geometry": { "type": "Point", "coordinates": [ 135.74023, 34.601352 ] } },
{ "type": "Feature", "properties": { "ID": 2933053100000, "正式名称": "桜ケ丘柳原歯科", "機関区分": 3, "都道府県コード": 29, "市区町村コード": 424, "所在地": "奈良県北葛城郡上牧町桜ケ丘３丁目３５－１０", "緯度": 34.575632, "経度": 135.721427, "url": "https://www.iryou.teikyouseido.mhlw.go.jp/znk-web/juminkanja/S2430/initialize?prefCd=29&kikanCd=3053100000&kikanKbn=3", "url2": null, "内容": "桜ケ丘柳原歯科【3:歯科】奈良県北葛城郡上牧町桜ケ丘３丁目３５－１０" }, "geometry": { "type": "Point", "coordinates": [ 135.721427, 34.575632 ] } },
{ "type": "Feature", "properties": { "ID": 2933053200000, "正式名称": "松尾歯科医院", "機関区分": 3, "都道府県コード": 29, "市区町村コード": 202, "所在地": "奈良県大和高田市北本町７番２７号", "緯度": 34.51786, "経度": 135.742345, "url": "https://www.iryou.teikyouseido.mhlw.go.jp/znk-web/juminkanja/S2430/initialize?prefCd=29&kikanCd=3053200000&kikanKbn=3", "url2": null, "内容": "松尾歯科医院【3:歯科】奈良県大和高田市北本町７番２７号" }, "geometry": { "type": "Point", "coordinates": [ 135.742345, 34.51786 ] } },
{ "type": "Feature", "properties": { "ID": 2933053300000, "正式名称": "医療法人　近山歯科医院", "機関区分": 3, "都道府県コード": 29, "市区町村コード": 204, "所在地": "奈良県天理市柳本町７０２－１", "緯度": 34.561608, "経度": 135.845112, "url": "https://www.iryou.teikyouseido.mhlw.go.jp/znk-web/juminkanja/S2430/initialize?prefCd=29&kikanCd=3053300000&kikanKbn=3", "url2": "http://www.chikayama-shika.jp", "内容": "医療法人　近山歯科医院【3:歯科】奈良県天理市柳本町７０２－１" }, "geometry": { "type": "Point", "coordinates": [ 135.845112, 34.561608 ] } },
{ "type": "Feature", "properties": { "ID": 2933053400000, "正式名称": "西川歯科医院", "機関区分": 3, "都道府県コード": 29, "市区町村コード": 206, "所在地": "奈良県桜井市戒重３０６－８", "緯度": 34.516196, "経度": 135.835782, "url": "https://www.iryou.teikyouseido.mhlw.go.jp/znk-web/juminkanja/S2430/initialize?prefCd=29&kikanCd=3053400000&kikanKbn=3", "url2": null, "内容": "西川歯科医院【3:歯科】奈良県桜井市戒重３０６－８" }, "geometry": { "type": "Point", "coordinates": [ 135.835782, 34.516196 ] } },
{ "type": "Feature", "properties": { "ID": 2933053900000, "正式名称": "冨田歯科医院", "機関区分": 3, "都道府県コード": 29, "市区町村コード": 425, "所在地": "奈良県北葛城郡王寺町本町４丁目６－１６　レクタビル", "緯度": 34.583216, "経度": 135.704676, "url": "https://www.iryou.teikyouseido.mhlw.go.jp/znk-web/juminkanja/S2430/initialize?prefCd=29&kikanCd=3053900000&kikanKbn=3", "url2": null, "内容": "冨田歯科医院【3:歯科】奈良県北葛城郡王寺町本町４丁目６－１６　レクタビル" }, "geometry": { "type": "Point", "coordinates": [ 135.704676, 34.583216 ] } },
{ "type": "Feature", "properties": { "ID": 2933054000000, "正式名称": "医療法人　柳川歯科医院", "機関区分": 3, "都道府県コード": 29, "市区町村コード": 424, "所在地": "奈良県北葛城郡上牧町桜ケ丘２丁目７番地の１０", "緯度": 34.576132, "経度": 135.725205, "url": "https://www.iryou.teikyouseido.mhlw.go.jp/znk-web/juminkanja/S2430/initialize?prefCd=29&kikanCd=3054000000&kikanKbn=3", "url2": null, "内容": "医療法人　柳川歯科医院【3:歯科】奈良県北葛城郡上牧町桜ケ丘２丁目７番地の１０" }, "geometry": { "type": "Point", "coordinates": [ 135.725205, 34.576132 ] } },
{ "type": "Feature", "properties": { "ID": 2933054100000, "正式名称": "医療法人和光会　西長柄歯科診療所", "機関区分": 3, "都道府県コード": 29, "市区町村コード": 204, "所在地": "奈良県天理市西長柄町４４９番地の２", "緯度": 34.573328, "経度": 135.821225, "url": "https://www.iryou.teikyouseido.mhlw.go.jp/znk-web/juminkanja/S2430/initialize?prefCd=29&kikanCd=3054100000&kikanKbn=3", "url2": "http://kamuchikara.or.jp/", "内容": "医療法人和光会　西長柄歯科診療所【3:歯科】奈良県天理市西長柄町４４９番地の２" }, "geometry": { "type": "Point", "coordinates": [ 135.821225, 34.573328 ] } },
{ "type": "Feature", "properties": { "ID": 2933054300000, "正式名称": "稲田歯科医院", "機関区分": 3, "都道府県コード": 29, "市区町村コード": 203, "所在地": "奈良県大和郡山市柳町７２－１", "緯度": 34.643681, "経度": 135.78628, "url": "https://www.iryou.teikyouseido.mhlw.go.jp/znk-web/juminkanja/S2430/initialize?prefCd=29&kikanCd=3054300000&kikanKbn=3", "url2": "http://www.inadadc.com/", "内容": "稲田歯科医院【3:歯科】奈良県大和郡山市柳町７２－１" }, "geometry": { "type": "Point", "coordinates": [ 135.78628, 34.643681 ] } },
{ "type": "Feature", "properties": { "ID": 2933054400000, "正式名称": "よねだ歯科医院", "機関区分": 3, "都道府県コード": 29, "市区町村コード": 205, "所在地": "奈良県橿原市南八木町２丁目７番２４号", "緯度": 34.505557, "経度": 135.795702, "url": "https://www.iryou.teikyouseido.mhlw.go.jp/znk-web/juminkanja/S2430/initialize?prefCd=29&kikanCd=3054400000&kikanKbn=3", "url2": null, "内容": "よねだ歯科医院【3:歯科】奈良県橿原市南八木町２丁目７番２４号" }, "geometry": { "type": "Point", "coordinates": [ 135.795702, 34.505557 ] } },
{ "type": "Feature", "properties": { "ID": 2933054500000, "正式名称": "永長歯科診療所", "機関区分": 3, "都道府県コード": 29, "市区町村コード": 208, "所在地": "奈良県御所市戸毛４７－１", "緯度": 34.433925, "経度": 135.755709, "url": "https://www.iryou.teikyouseido.mhlw.go.jp/znk-web/juminkanja/S2430/initialize?prefCd=29&kikanCd=3054500000&kikanKbn=3", "url2": null, "内容": "永長歯科診療所【3:歯科】奈良県御所市戸毛４７－１" }, "geometry": { "type": "Point", "coordinates": [ 135.755709, 34.433925 ] } },
{ "type": "Feature", "properties": { "ID": 2933054600000, "正式名称": "竹田歯科", "機関区分": 3, "都道府県コード": 29, "市区町村コード": 427, "所在地": "奈良県北葛城郡河合町薬井４７７番地", "緯度": 34.589824, "経度": 135.711178, "url": "https://www.iryou.teikyouseido.mhlw.go.jp/znk-web/juminkanja/S2430/initialize?prefCd=29&kikanCd=3054600000&kikanKbn=3", "url2": "https://www.nara-takedadental.com", "内容": "竹田歯科【3:歯科】奈良県北葛城郡河合町薬井４７７番地" }, "geometry": { "type": "Point", "coordinates": [ 135.711178, 34.589824 ] } },
{ "type": "Feature", "properties": { "ID": 2933054800000, "正式名称": "黒田歯科", "機関区分": 3, "都道府県コード": 29, "市区町村コード": 203, "所在地": "奈良県大和郡山市柳町１丁目１９番地", "緯度": 34.64332, "経度": 135.785113, "url": "https://www.iryou.teikyouseido.mhlw.go.jp/znk-web/juminkanja/S2430/initialize?prefCd=29&kikanCd=3054800000&kikanKbn=3", "url2": null, "内容": "黒田歯科【3:歯科】奈良県大和郡山市柳町１丁目１９番地" }, "geometry": { "type": "Point", "coordinates": [ 135.785113, 34.64332 ] } },
{ "type": "Feature", "properties": { "ID": 2933055000000, "正式名称": "平越歯科医院", "機関区分": 3, "都道府県コード": 29, "市区町村コード": 210, "所在地": "奈良県香芝市下田西４丁目１５３－１", "緯度": 34.540663, "経度": 135.70543, "url": "https://www.iryou.teikyouseido.mhlw.go.jp/znk-web/juminkanja/S2430/initialize?prefCd=29&kikanCd=3055000000&kikanKbn=3", "url2": "https://hirakoshi-dental.com/", "内容": "平越歯科医院【3:歯科】奈良県香芝市下田西４丁目１５３－１" }, "geometry": { "type": "Point", "coordinates": [ 135.70543, 34.540663 ] } },
{ "type": "Feature", "properties": { "ID": 2933055200000, "正式名称": "西川歯科医院", "機関区分": 3, "都道府県コード": 29, "市区町村コード": 205, "所在地": "奈良県橿原市今井町１－４－１", "緯度": 34.507835, "経度": 135.789508, "url": "https://www.iryou.teikyouseido.mhlw.go.jp/znk-web/juminkanja/S2430/initialize?prefCd=29&kikanCd=3055200000&kikanKbn=3", "url2": null, "内容": "西川歯科医院【3:歯科】奈良県橿原市今井町１－４－１" }, "geometry": { "type": "Point", "coordinates": [ 135.789508, 34.507835 ] } },
{ "type": "Feature", "properties": { "ID": 2933055400000, "正式名称": "ひさやま歯科", "機関区分": 3, "都道府県コード": 29, "市区町村コード": 209, "所在地": "奈良県生駒市谷田町８８２－２", "緯度": 34.695772, "経度": 135.699925, "url": "https://www.iryou.teikyouseido.mhlw.go.jp/znk-web/juminkanja/S2430/initialize?prefCd=29&kikanCd=3055400000&kikanKbn=3", "url2": "http://www.myclinic.ne.jp/hisayama/", "内容": "ひさやま歯科【3:歯科】奈良県生駒市谷田町８８２－２" }, "geometry": { "type": "Point", "coordinates": [ 135.699925, 34.695772 ] } },
{ "type": "Feature", "properties": { "ID": 2933055500000, "正式名称": "南田歯科医院", "機関区分": 3, "都道府県コード": 29, "市区町村コード": 203, "所在地": "奈良県大和郡山市高田町５１７－１ＭＭビル１階", "緯度": 34.648847, "経度": 135.788835, "url": "https://www.iryou.teikyouseido.mhlw.go.jp/znk-web/juminkanja/S2430/initialize?prefCd=29&kikanCd=3055500000&kikanKbn=3", "url2": "http://www.minamida-dc.jp/", "内容": "南田歯科医院【3:歯科】奈良県大和郡山市高田町５１７－１ＭＭビル１階" }, "geometry": { "type": "Point", "coordinates": [ 135.788835, 34.648847 ] } },
{ "type": "Feature", "properties": { "ID": 2933055600000, "正式名称": "細山矯正歯科医院", "機関区分": 3, "都道府県コード": 29, "市区町村コード": 202, "所在地": "奈良県大和高田市幸町１０－１６", "緯度": 34.516638, "経度": 135.747567, "url": "https://www.iryou.teikyouseido.mhlw.go.jp/znk-web/juminkanja/S2430/initialize?prefCd=29&kikanCd=3055600000&kikanKbn=3", "url2": "http://h-kyosei.hiho.jp", "内容": "細山矯正歯科医院【3:歯科】奈良県大和高田市幸町１０－１６" }, "geometry": { "type": "Point", "coordinates": [ 135.747567, 34.516638 ] } },
{ "type": "Feature", "properties": { "ID": 2933055700000, "正式名称": "せいじ歯科医院", "機関区分": 3, "都道府県コード": 29, "市区町村コード": 205, "所在地": "奈良県橿原市西池尻町３４０－３", "緯度": 34.485392, "経度": 135.782982, "url": "https://www.iryou.teikyouseido.mhlw.go.jp/znk-web/juminkanja/S2430/initialize?prefCd=29&kikanCd=3055700000&kikanKbn=3", "url2": "http://seiji-shika.com/", "内容": "せいじ歯科医院【3:歯科】奈良県橿原市西池尻町３４０－３" }, "geometry": { "type": "Point", "coordinates": [ 135.782982, 34.485392 ] } },
{ "type": "Feature", "properties": { "ID": 2933055800000, "正式名称": "ハヤシ歯科医院", "機関区分": 3, "都道府県コード": 29, "市区町村コード": 203, "所在地": "奈良県大和郡山市今国府町１８３－１", "緯度": 34.619128, "経度": 135.768394, "url": "https://www.iryou.teikyouseido.mhlw.go.jp/znk-web/juminkanja/S2430/initialize?prefCd=29&kikanCd=3055800000&kikanKbn=3", "url2": null, "内容": "ハヤシ歯科医院【3:歯科】奈良県大和郡山市今国府町１８３－１" }, "geometry": { "type": "Point", "coordinates": [ 135.768394, 34.619128 ] } },
{ "type": "Feature", "properties": { "ID": 2933056000000, "正式名称": "胡内歯科医院", "機関区分": 3, "都道府県コード": 29, "市区町村コード": 345, "所在地": "奈良県生駒郡安堵町かしの木台１丁目４－３", "緯度": 34.601907, "経度": 135.758784, "url": "https://www.iryou.teikyouseido.mhlw.go.jp/znk-web/juminkanja/S2430/initialize?prefCd=29&kikanCd=3056000000&kikanKbn=3", "url2": null, "内容": "胡内歯科医院【3:歯科】奈良県生駒郡安堵町かしの木台１丁目４－３" }, "geometry": { "type": "Point", "coordinates": [ 135.758784, 34.601907 ] } },
{ "type": "Feature", "properties": { "ID": 2933056100000, "正式名称": "ささき歯科医院", "機関区分": 3, "都道府県コード": 29, "市区町村コード": 208, "所在地": "奈良県御所市寺内町１４５４", "緯度": 34.460755, "経度": 135.742736, "url": "https://www.iryou.teikyouseido.mhlw.go.jp/znk-web/juminkanja/S2430/initialize?prefCd=29&kikanCd=3056100000&kikanKbn=3", "url2": null, "内容": "ささき歯科医院【3:歯科】奈良県御所市寺内町１４５４" }, "geometry": { "type": "Point", "coordinates": [ 135.742736, 34.460755 ] } },
{ "type": "Feature", "properties": { "ID": 2933056300000, "正式名称": "中谷歯科医院", "機関区分": 3, "都道府県コード": 29, "市区町村コード": 207, "所在地": "奈良県五條市野原西４丁目１１番３号", "緯度": 34.343295, "経度": 135.698496, "url": "https://www.iryou.teikyouseido.mhlw.go.jp/znk-web/juminkanja/S2430/initialize?prefCd=29&kikanCd=3056300000&kikanKbn=3", "url2": "http://www.nakatani-dc.jp/", "内容": "中谷歯科医院【3:歯科】奈良県五條市野原西４丁目１１番３号" }, "geometry": { "type": "Point", "coordinates": [ 135.698496, 34.343295 ] } },
{ "type": "Feature", "properties": { "ID": 2933056500000, "正式名称": "松塚歯科医院", "機関区分": 3, "都道府県コード": 29, "市区町村コード": 212, "所在地": "奈良県宇陀市榛原ひのき坂３－６－１３", "緯度": 34.538279, "経度": 135.959298, "url": "https://www.iryou.teikyouseido.mhlw.go.jp/znk-web/juminkanja/S2430/initialize?prefCd=29&kikanCd=3056500000&kikanKbn=3", "url2": null, "内容": "松塚歯科医院【3:歯科】奈良県宇陀市榛原ひのき坂３－６－１３" }, "geometry": { "type": "Point", "coordinates": [ 135.959298, 34.538279 ] } },
{ "type": "Feature", "properties": { "ID": 2933056600000, "正式名称": "ささき歯科", "機関区分": 3, "都道府県コード": 29, "市区町村コード": 209, "所在地": "奈良県生駒市俵口町４５４－１", "緯度": 34.70745, "経度": 135.696396, "url": "https://www.iryou.teikyouseido.mhlw.go.jp/znk-web/juminkanja/S2430/initialize?prefCd=29&kikanCd=3056600000&kikanKbn=3", "url2": "https://www.ikoma-sasakidental.com/", "内容": "ささき歯科【3:歯科】奈良県生駒市俵口町４５４－１" }, "geometry": { "type": "Point", "coordinates": [ 135.696396, 34.70745 ] } },
{ "type": "Feature", "properties": { "ID": 2933056800000, "正式名称": "おうにし歯科医院", "機関区分": 3, "都道府県コード": 29, "市区町村コード": 203, "所在地": "奈良県大和郡山市南郡山町４６４－１", "緯度": 34.649236, "経度": 135.772253, "url": "https://www.iryou.teikyouseido.mhlw.go.jp/znk-web/juminkanja/S2430/initialize?prefCd=29&kikanCd=3056800000&kikanKbn=3", "url2": null, "内容": "おうにし歯科医院【3:歯科】奈良県大和郡山市南郡山町４６４－１" }, "geometry": { "type": "Point", "coordinates": [ 135.772253, 34.649236 ] } },
{ "type": "Feature", "properties": { "ID": 2933056900000, "正式名称": "醍醐　よしかわ歯科", "機関区分": 3, "都道府県コード": 29, "市区町村コード": 205, "所在地": "奈良県橿原市醍醐町５７３", "緯度": 34.510862, "経度": 135.804507, "url": "https://www.iryou.teikyouseido.mhlw.go.jp/znk-web/juminkanja/S2430/initialize?prefCd=29&kikanCd=3056900000&kikanKbn=3", "url2": "http//www.d-yoshikawa.jp", "内容": "醍醐　よしかわ歯科【3:歯科】奈良県橿原市醍醐町５７３" }, "geometry": { "type": "Point", "coordinates": [ 135.804507, 34.510862 ] } },
{ "type": "Feature", "properties": { "ID": 2933057000000, "正式名称": "下西歯科医院", "機関区分": 3, "都道府県コード": 29, "市区町村コード": 449, "所在地": "奈良県吉野郡十津川村平谷４６７－８", "緯度": 33.940784, "経度": 135.768869, "url": "https://www.iryou.teikyouseido.mhlw.go.jp/znk-web/juminkanja/S2430/initialize?prefCd=29&kikanCd=3057000000&kikanKbn=3", "url2": null, "内容": "下西歯科医院【3:歯科】奈良県吉野郡十津川村平谷４６７－８" }, "geometry": { "type": "Point", "coordinates": [ 135.768869, 33.940784 ] } },
{ "type": "Feature", "properties": { "ID": 2933057100000, "正式名称": "釜田歯科医院", "機関区分": 3, "都道府県コード": 29, "市区町村コード": 207, "所在地": "奈良県五條市須恵３－４－２６", "緯度": 34.352794, "経度": 135.698301, "url": "https://www.iryou.teikyouseido.mhlw.go.jp/znk-web/juminkanja/S2430/initialize?prefCd=29&kikanCd=3057100000&kikanKbn=3", "url2": null, "内容": "釜田歯科医院【3:歯科】奈良県五條市須恵３－４－２６" }, "geometry": { "type": "Point", "coordinates": [ 135.698301, 34.352794 ] } },
{ "type": "Feature", "properties": { "ID": 2933057300000, "正式名称": "タケウチデンタルクリニック", "機関区分": 3, "都道府県コード": 29, "市区町村コード": 205, "所在地": "奈良県橿原市久米町５７１－２白橿ビル１Ｆ", "緯度": 34.482587, "経度": 135.792537, "url": "https://www.iryou.teikyouseido.mhlw.go.jp/znk-web/juminkanja/S2430/initialize?prefCd=29&kikanCd=3057300000&kikanKbn=3", "url2": null, "内容": "タケウチデンタルクリニック【3:歯科】奈良県橿原市久米町５７１－２白橿ビル１Ｆ" }, "geometry": { "type": "Point", "coordinates": [ 135.792537, 34.482587 ] } },
{ "type": "Feature", "properties": { "ID": 2933057400000, "正式名称": "よしむら・ファミリー歯科", "機関区分": 3, "都道府県コード": 29, "市区町村コード": 210, "所在地": "奈良県香芝市真美ケ丘１－５－１１", "緯度": 34.541746, "経度": 135.717624, "url": "https://www.iryou.teikyouseido.mhlw.go.jp/znk-web/juminkanja/S2430/initialize?prefCd=29&kikanCd=3057400000&kikanKbn=3", "url2": "fami-shi.com", "内容": "よしむら・ファミリー歯科【3:歯科】奈良県香芝市真美ケ丘１－５－１１" }, "geometry": { "type": "Point", "coordinates": [ 135.717624, 34.541746 ] } },
{ "type": "Feature", "properties": { "ID": 2933057500000, "正式名称": "川上村立歯科診療所", "機関区分": 3, "都道府県コード": 29, "市区町村コード": 452, "所在地": "奈良県吉野郡川上村大滝３０", "緯度": 34.355992, "経度": 135.923587, "url": "https://www.iryou.teikyouseido.mhlw.go.jp/znk-web/juminkanja/S2430/initialize?prefCd=29&kikanCd=3057500000&kikanKbn=3", "url2": "http://www.vill.kawakami.nara.jp/n/ms-02.htm", "内容": "川上村立歯科診療所【3:歯科】奈良県吉野郡川上村大滝３０" }, "geometry": { "type": "Point", "coordinates": [ 135.923587, 34.355992 ] } },
{ "type": "Feature", "properties": { "ID": 2933057600000, "正式名称": "すけの歯科", "機関区分": 3, "都道府県コード": 29, "市区町村コード": 209, "所在地": "奈良県生駒市辻町７５１－１ふぁみーゆ東生駒４Ｆ", "緯度": 34.693202, "経度": 135.709756, "url": "https://www.iryou.teikyouseido.mhlw.go.jp/znk-web/juminkanja/S2430/initialize?prefCd=29&kikanCd=3057600000&kikanKbn=3", "url2": null, "内容": "すけの歯科【3:歯科】奈良県生駒市辻町７５１－１ふぁみーゆ東生駒４Ｆ" }, "geometry": { "type": "Point", "coordinates": [ 135.709756, 34.693202 ] } },
{ "type": "Feature", "properties": { "ID": 2933057700000, "正式名称": "さくら歯科", "機関区分": 3, "都道府県コード": 29, "市区町村コード": 363, "所在地": "奈良県磯城郡田原本町室町２００", "緯度": 34.553441, "経度": 135.789367, "url": "https://www.iryou.teikyouseido.mhlw.go.jp/znk-web/juminkanja/S2430/initialize?prefCd=29&kikanCd=3057700000&kikanKbn=3", "url2": null, "内容": "さくら歯科【3:歯科】奈良県磯城郡田原本町室町２００" }, "geometry": { "type": "Point", "coordinates": [ 135.789367, 34.553441 ] } },
{ "type": "Feature", "properties": { "ID": 2933057800000, "正式名称": "ほりうち歯科", "機関区分": 3, "都道府県コード": 29, "市区町村コード": 342, "所在地": "奈良県生駒郡平群町西宮２丁目６番２１号サンローゼ竜田川１０２．１０３号", "緯度": 34.617016, "経度": 135.704899, "url": "https://www.iryou.teikyouseido.mhlw.go.jp/znk-web/juminkanja/S2430/initialize?prefCd=29&kikanCd=3057800000&kikanKbn=3", "url2": null, "内容": "ほりうち歯科【3:歯科】奈良県生駒郡平群町西宮２丁目６番２１号サンローゼ竜田川１０２．１０３号" }, "geometry": { "type": "Point", "coordinates": [ 135.704899, 34.617016 ] } },
{ "type": "Feature", "properties": { "ID": 2933058000000, "正式名称": "西井歯科医院", "機関区分": 3, "都道府県コード": 29, "市区町村コード": 202, "所在地": "奈良県大和高田市根成柿西新願３８０－１Ａ－１０１", "緯度": 34.515055, "経度": 135.736457, "url": "https://www.iryou.teikyouseido.mhlw.go.jp/znk-web/juminkanja/S2430/initialize?prefCd=29&kikanCd=3058000000&kikanKbn=3", "url2": null, "内容": "西井歯科医院【3:歯科】奈良県大和高田市根成柿西新願３８０－１Ａ－１０１" }, "geometry": { "type": "Point", "coordinates": [ 135.736457, 34.515055 ] } },
{ "type": "Feature", "properties": { "ID": 2933058100000, "正式名称": "小村歯科医院", "機関区分": 3, "都道府県コード": 29, "市区町村コード": 426, "所在地": "奈良県北葛城郡広陵町馬見北６丁目１１番１６号", "緯度": 34.552079, "経度": 135.729122, "url": "https://www.iryou.teikyouseido.mhlw.go.jp/znk-web/juminkanja/S2430/initialize?prefCd=29&kikanCd=3058100000&kikanKbn=3", "url2": "https://www.komura-dental.jp", "内容": "小村歯科医院【3:歯科】奈良県北葛城郡広陵町馬見北６丁目１１番１６号" }, "geometry": { "type": "Point", "coordinates": [ 135.729122, 34.552079 ] } },
{ "type": "Feature", "properties": { "ID": 2933058200000, "正式名称": "かしわぎ歯科医院", "機関区分": 3, "都道府県コード": 29, "市区町村コード": 212, "所在地": "奈良県宇陀市大宇陀西山４１２の４", "緯度": 34.483229, "経度": 135.928026, "url": "https://www.iryou.teikyouseido.mhlw.go.jp/znk-web/juminkanja/S2430/initialize?prefCd=29&kikanCd=3058200000&kikanKbn=3", "url2": "https://www.dental-iiha.com/d0003213.html", "内容": "かしわぎ歯科医院【3:歯科】奈良県宇陀市大宇陀西山４１２の４" }, "geometry": { "type": "Point", "coordinates": [ 135.928026, 34.483229 ] } },
{ "type": "Feature", "properties": { "ID": 2933058300000, "正式名称": "上田歯科医院", "機関区分": 3, "都道府県コード": 29, "市区町村コード": 206, "所在地": "奈良県桜井市三輪３９４番地", "緯度": 34.52725, "経度": 135.846142, "url": "https://www.iryou.teikyouseido.mhlw.go.jp/znk-web/juminkanja/S2430/initialize?prefCd=29&kikanCd=3058300000&kikanKbn=3", "url2": null, "内容": "上田歯科医院【3:歯科】奈良県桜井市三輪３９４番地" }, "geometry": { "type": "Point", "coordinates": [ 135.846142, 34.52725 ] } },
{ "type": "Feature", "properties": { "ID": 2933058400000, "正式名称": "西中歯科医院", "機関区分": 3, "都道府県コード": 29, "市区町村コード": 210, "所在地": "奈良県香芝市真美ケ丘６丁目１０番地エコールマミ南館２Ｆ", "緯度": 34.545302, "経度": 135.724151, "url": "https://www.iryou.teikyouseido.mhlw.go.jp/znk-web/juminkanja/S2430/initialize?prefCd=29&kikanCd=3058400000&kikanKbn=3", "url2": "http://www.nishinaka-dc.com", "内容": "西中歯科医院【3:歯科】奈良県香芝市真美ケ丘６丁目１０番地エコールマミ南館２Ｆ" }, "geometry": { "type": "Point", "coordinates": [ 135.724151, 34.545302 ] } },
{ "type": "Feature", "properties": { "ID": 2933058500000, "正式名称": "ひさし歯科医院", "機関区分": 3, "都道府県コード": 29, "市区町村コード": 204, "所在地": "奈良県天理市櫟本町１０８６－１", "緯度": 34.619573, "経度": 135.820528, "url": "https://www.iryou.teikyouseido.mhlw.go.jp/znk-web/juminkanja/S2430/initialize?prefCd=29&kikanCd=3058500000&kikanKbn=3", "url2": null, "内容": "ひさし歯科医院【3:歯科】奈良県天理市櫟本町１０８６－１" }, "geometry": { "type": "Point", "coordinates": [ 135.820528, 34.619573 ] } },
{ "type": "Feature", "properties": { "ID": 2933058800000, "正式名称": "こまつ歯科医院", "機関区分": 3, "都道府県コード": 29, "市区町村コード": 202, "所在地": "奈良県大和高田市礒野東町１－１０上田ビル２Ｆ", "緯度": 34.508584, "経度": 135.741734, "url": "https://www.iryou.teikyouseido.mhlw.go.jp/znk-web/juminkanja/S2430/initialize?prefCd=29&kikanCd=3058800000&kikanKbn=3", "url2": null, "内容": "こまつ歯科医院【3:歯科】奈良県大和高田市礒野東町１－１０上田ビル２Ｆ" }, "geometry": { "type": "Point", "coordinates": [ 135.741734, 34.508584 ] } },
{ "type": "Feature", "properties": { "ID": 2933058900000, "正式名称": "フジモト歯科", "機関区分": 3, "都道府県コード": 29, "市区町村コード": 208, "所在地": "奈良県御所市大広町３１９番地（近鉄ゴセ駅前）", "緯度": 34.463588, "経度": 135.732265, "url": "https://www.iryou.teikyouseido.mhlw.go.jp/znk-web/juminkanja/S2430/initialize?prefCd=29&kikanCd=3058900000&kikanKbn=3", "url2": "http://www.fujimoto-shika.net", "内容": "フジモト歯科【3:歯科】奈良県御所市大広町３１９番地（近鉄ゴセ駅前）" }, "geometry": { "type": "Point", "coordinates": [ 135.732265, 34.463588 ] } },
{ "type": "Feature", "properties": { "ID": 2933059000000, "正式名称": "渡辺歯科医院", "機関区分": 3, "都道府県コード": 29, "市区町村コード": 205, "所在地": "奈良県橿原市新賀町２７９－４", "緯度": 34.514862, "経度": 135.798257, "url": "https://www.iryou.teikyouseido.mhlw.go.jp/znk-web/juminkanja/S2430/initialize?prefCd=29&kikanCd=3059000000&kikanKbn=3", "url2": "http://www.dc-wata.com/", "内容": "渡辺歯科医院【3:歯科】奈良県橿原市新賀町２７９－４" }, "geometry": { "type": "Point", "coordinates": [ 135.798257, 34.514862 ] } },
{ "type": "Feature", "properties": { "ID": 2933059100000, "正式名称": "堀川歯科医院", "機関区分": 3, "都道府県コード": 29, "市区町村コード": 204, "所在地": "奈良県天理市櫟本町２４３４", "緯度": 34.619825, "経度": 135.831712, "url": "https://www.iryou.teikyouseido.mhlw.go.jp/znk-web/juminkanja/S2430/initialize?prefCd=29&kikanCd=3059100000&kikanKbn=3", "url2": null, "内容": "堀川歯科医院【3:歯科】奈良県天理市櫟本町２４３４" }, "geometry": { "type": "Point", "coordinates": [ 135.831712, 34.619825 ] } },
{ "type": "Feature", "properties": { "ID": 2933059300000, "正式名称": "あおき歯科クリニック", "機関区分": 3, "都道府県コード": 29, "市区町村コード": 205, "所在地": "奈良県橿原市東坊城町４１６－５", "緯度": 34.488892, "経度": 135.7609, "url": "https://www.iryou.teikyouseido.mhlw.go.jp/znk-web/juminkanja/S2430/initialize?prefCd=29&kikanCd=3059300000&kikanKbn=3", "url2": null, "内容": "あおき歯科クリニック【3:歯科】奈良県橿原市東坊城町４１６－５" }, "geometry": { "type": "Point", "coordinates": [ 135.7609, 34.488892 ] } },
{ "type": "Feature", "properties": { "ID": 2933059400000, "正式名称": "きたむら歯科クリニック", "機関区分": 3, "都道府県コード": 29, "市区町村コード": 203, "所在地": "奈良県大和郡山市小泉町５４１－２　１階", "緯度": 34.623516, "経度": 135.762255, "url": "https://www.iryou.teikyouseido.mhlw.go.jp/znk-web/juminkanja/S2430/initialize?prefCd=29&kikanCd=3059400000&kikanKbn=3", "url2": null, "内容": "きたむら歯科クリニック【3:歯科】奈良県大和郡山市小泉町５４１－２　１階" }, "geometry": { "type": "Point", "coordinates": [ 135.762255, 34.623516 ] } },
{ "type": "Feature", "properties": { "ID": 2933059800000, "正式名称": "佐田歯科医院", "機関区分": 3, "都道府県コード": 29, "市区町村コード": 425, "所在地": "奈良県北葛城郡王寺町久度１－９－７", "緯度": 34.598546, "経度": 135.706844, "url": "https://www.iryou.teikyouseido.mhlw.go.jp/znk-web/juminkanja/S2430/initialize?prefCd=29&kikanCd=3059800000&kikanKbn=3", "url2": null, "内容": "佐田歯科医院【3:歯科】奈良県北葛城郡王寺町久度１－９－７" }, "geometry": { "type": "Point", "coordinates": [ 135.706844, 34.598546 ] } },
{ "type": "Feature", "properties": { "ID": 2933059900000, "正式名称": "医療法人こうの歯科医院", "機関区分": 3, "都道府県コード": 29, "市区町村コード": 344, "所在地": "奈良県生駒郡斑鳩町服部１丁目１２－１２", "緯度": 34.602361, "経度": 135.733921, "url": "https://www.iryou.teikyouseido.mhlw.go.jp/znk-web/juminkanja/S2430/initialize?prefCd=29&kikanCd=3059900000&kikanKbn=3", "url2": "https://www.kounoshika.com/", "内容": "医療法人こうの歯科医院【3:歯科】奈良県生駒郡斑鳩町服部１丁目１２－１２" }, "geometry": { "type": "Point", "coordinates": [ 135.733921, 34.602361 ] } },
{ "type": "Feature", "properties": { "ID": 2933060000000, "正式名称": "寺野歯科医院", "機関区分": 3, "都道府県コード": 29, "市区町村コード": 209, "所在地": "奈良県生駒市谷田町１６００番地アントレいこま１", "緯度": 34.69373, "経度": 135.698618, "url": "https://www.iryou.teikyouseido.mhlw.go.jp/znk-web/juminkanja/S2430/initialize?prefCd=29&kikanCd=3060000000&kikanKbn=3", "url2": null, "内容": "寺野歯科医院【3:歯科】奈良県生駒市谷田町１６００番地アントレいこま１" }, "geometry": { "type": "Point", "coordinates": [ 135.698618, 34.69373 ] } },
{ "type": "Feature", "properties": { "ID": 2933060300000, "正式名称": "医療法人　清澄会　オオタ歯科", "機関区分": 3, "都道府県コード": 29, "市区町村コード": 342, "所在地": "奈良県生駒郡平群町西宮３丁目１２番１０号", "緯度": 34.616877, "経度": 135.703649, "url": "https://www.iryou.teikyouseido.mhlw.go.jp/znk-web/juminkanja/S2430/initialize?prefCd=29&kikanCd=3060300000&kikanKbn=3", "url2": "http://www.seicho-kai.or.jp/", "内容": "医療法人　清澄会　オオタ歯科【3:歯科】奈良県生駒郡平群町西宮３丁目１２番１０号" }, "geometry": { "type": "Point", "coordinates": [ 135.703649, 34.616877 ] } },
{ "type": "Feature", "properties": { "ID": 2933060400000, "正式名称": "上谷歯科医院", "機関区分": 3, "都道府県コード": 29, "市区町村コード": 207, "所在地": "奈良県五條市野原町二丁目９番３４号", "緯度": 34.346378, "経度": 135.696468, "url": "https://www.iryou.teikyouseido.mhlw.go.jp/znk-web/juminkanja/S2430/initialize?prefCd=29&kikanCd=3060400000&kikanKbn=3", "url2": null, "内容": "上谷歯科医院【3:歯科】奈良県五條市野原町二丁目９番３４号" }, "geometry": { "type": "Point", "coordinates": [ 135.696468, 34.346378 ] } },
{ "type": "Feature", "properties": { "ID": 2933060500000, "正式名称": "おさだ歯科医院", "機関区分": 3, "都道府県コード": 29, "市区町村コード": 425, "所在地": "奈良県北葛城郡王寺町本町２－１１－２９", "緯度": 34.588186, "経度": 135.705734, "url": "https://www.iryou.teikyouseido.mhlw.go.jp/znk-web/juminkanja/S2430/initialize?prefCd=29&kikanCd=3060500000&kikanKbn=3", "url2": null, "内容": "おさだ歯科医院【3:歯科】奈良県北葛城郡王寺町本町２－１１－２９" }, "geometry": { "type": "Point", "coordinates": [ 135.705734, 34.588186 ] } },
{ "type": "Feature", "properties": { "ID": 2933060600000, "正式名称": "小野歯科医院", "機関区分": 3, "都道府県コード": 29, "市区町村コード": 427, "所在地": "奈良県北葛城郡河合町広瀬台３－３－７", "緯度": 34.585158, "経度": 135.72026, "url": "https://www.iryou.teikyouseido.mhlw.go.jp/znk-web/juminkanja/S2430/initialize?prefCd=29&kikanCd=3060600000&kikanKbn=3", "url2": null, "内容": "小野歯科医院【3:歯科】奈良県北葛城郡河合町広瀬台３－３－７" }, "geometry": { "type": "Point", "coordinates": [ 135.72026, 34.585158 ] } },
{ "type": "Feature", "properties": { "ID": 2933060700000, "正式名称": "長田歯科医院", "機関区分": 3, "都道府県コード": 29, "市区町村コード": 425, "所在地": "奈良県北葛城郡王寺町畠田４－１４－４４", "緯度": 34.578187, "経度": 135.702901, "url": "https://www.iryou.teikyouseido.mhlw.go.jp/znk-web/juminkanja/S2430/initialize?prefCd=29&kikanCd=3060700000&kikanKbn=3", "url2": "https://www.jda.or.jp", "内容": "長田歯科医院【3:歯科】奈良県北葛城郡王寺町畠田４－１４－４４" }, "geometry": { "type": "Point", "coordinates": [ 135.702901, 34.578187 ] } },
{ "type": "Feature", "properties": { "ID": 2933060800000, "正式名称": "阪上歯科医院", "機関区分": 3, "都道府県コード": 29, "市区町村コード": 205, "所在地": "奈良県橿原市見瀬町２６番２", "緯度": 34.480532, "経度": 135.79512, "url": "https://www.iryou.teikyouseido.mhlw.go.jp/znk-web/juminkanja/S2430/initialize?prefCd=29&kikanCd=3060800000&kikanKbn=3", "url2": "https://sakagami-dc.nara.jp", "内容": "阪上歯科医院【3:歯科】奈良県橿原市見瀬町２６番２" }, "geometry": { "type": "Point", "coordinates": [ 135.79512, 34.480532 ] } },
{ "type": "Feature", "properties": { "ID": 2933060900000, "正式名称": "杉平歯科医院三輪診療所", "機関区分": 3, "都道府県コード": 29, "市区町村コード": 206, "所在地": "奈良県桜井市三輪３９２－１", "緯度": 34.527278, "経度": 135.846503, "url": "https://www.iryou.teikyouseido.mhlw.go.jp/znk-web/juminkanja/S2430/initialize?prefCd=29&kikanCd=3060900000&kikanKbn=3", "url2": "http://www.sugihira.com/", "内容": "杉平歯科医院三輪診療所【3:歯科】奈良県桜井市三輪３９２－１" }, "geometry": { "type": "Point", "coordinates": [ 135.846503, 34.527278 ] } },
{ "type": "Feature", "properties": { "ID": 2933061000000, "正式名称": "おかもと歯科医院", "機関区分": 3, "都道府県コード": 29, "市区町村コード": 363, "所在地": "奈良県磯城郡田原本町八尾５５５－５", "緯度": 34.560468, "経度": 135.791117, "url": "https://www.iryou.teikyouseido.mhlw.go.jp/znk-web/juminkanja/S2430/initialize?prefCd=29&kikanCd=3061000000&kikanKbn=3", "url2": null, "内容": "おかもと歯科医院【3:歯科】奈良県磯城郡田原本町八尾５５５－５" }, "geometry": { "type": "Point", "coordinates": [ 135.791117, 34.560468 ] } },
{ "type": "Feature", "properties": { "ID": 2933061200000, "正式名称": "とよだ歯科医院", "機関区分": 3, "都道府県コード": 29, "市区町村コード": 206, "所在地": "奈良県桜井市上之庄２７８－１、イオン桜井店２Ｆ", "緯度": 34.521834, "経度": 135.836754, "url": "https://www.iryou.teikyouseido.mhlw.go.jp/znk-web/juminkanja/S2430/initialize?prefCd=29&kikanCd=3061200000&kikanKbn=3", "url2": "https://www.toyoda-shika-iin.com/", "内容": "とよだ歯科医院【3:歯科】奈良県桜井市上之庄２７８－１、イオン桜井店２Ｆ" }, "geometry": { "type": "Point", "coordinates": [ 135.836754, 34.521834 ] } },
{ "type": "Feature", "properties": { "ID": 2933061300000, "正式名称": "竹内歯科医院", "機関区分": 3, "都道府県コード": 29, "市区町村コード": 206, "所在地": "奈良県桜井市阿部２９７－１", "緯度": 34.506793, "経度": 135.838431, "url": "https://www.iryou.teikyouseido.mhlw.go.jp/znk-web/juminkanja/S2430/initialize?prefCd=29&kikanCd=3061300000&kikanKbn=3", "url2": "https://www.takeuchi-shika8241.com/", "内容": "竹内歯科医院【3:歯科】奈良県桜井市阿部２９７－１" }, "geometry": { "type": "Point", "coordinates": [ 135.838431, 34.506793 ] } },
{ "type": "Feature", "properties": { "ID": 2933061400000, "正式名称": "藤沢歯科医院", "機関区分": 3, "都道府県コード": 29, "市区町村コード": 204, "所在地": "奈良県天理市長柄町１８４７の５", "緯度": 34.571856, "経度": 135.826113, "url": "https://www.iryou.teikyouseido.mhlw.go.jp/znk-web/juminkanja/S2430/initialize?prefCd=29&kikanCd=3061400000&kikanKbn=3", "url2": null, "内容": "藤沢歯科医院【3:歯科】奈良県天理市長柄町１８４７の５" }, "geometry": { "type": "Point", "coordinates": [ 135.826113, 34.571856 ] } },
{ "type": "Feature", "properties": { "ID": 2933061500000, "正式名称": "うちだ矯正歯科クリニック", "機関区分": 3, "都道府県コード": 29, "市区町村コード": 209, "所在地": "奈良県生駒市元町１－３－１５　桑原ビル３階", "緯度": 34.692619, "経度": 135.697174, "url": "https://www.iryou.teikyouseido.mhlw.go.jp/znk-web/juminkanja/S2430/initialize?prefCd=29&kikanCd=3061500000&kikanKbn=3", "url2": "https://www.uchida-orthodontic.com/", "内容": "うちだ矯正歯科クリニック【3:歯科】奈良県生駒市元町１－３－１５　桑原ビル３階" }, "geometry": { "type": "Point", "coordinates": [ 135.697174, 34.692619 ] } },
{ "type": "Feature", "properties": { "ID": 2933061800000, "正式名称": "尾上歯科医院", "機関区分": 3, "都道府県コード": 29, "市区町村コード": 442, "所在地": "奈良県吉野郡大淀町新野２４１ー１", "緯度": 34.390431, "経度": 135.821733, "url": "https://www.iryou.teikyouseido.mhlw.go.jp/znk-web/juminkanja/S2430/initialize?prefCd=29&kikanCd=3061800000&kikanKbn=3", "url2": null, "内容": "尾上歯科医院【3:歯科】奈良県吉野郡大淀町新野２４１ー１" }, "geometry": { "type": "Point", "coordinates": [ 135.821733, 34.390431 ] } },
{ "type": "Feature", "properties": { "ID": 2933061900000, "正式名称": "ほし歯科医院", "機関区分": 3, "都道府県コード": 29, "市区町村コード": 425, "所在地": "奈良県北葛城郡王寺町王寺２丁目９ー１５王寺ファミリー４Ｆ", "緯度": 34.596074, "経度": 135.704261, "url": "https://www.iryou.teikyouseido.mhlw.go.jp/znk-web/juminkanja/S2430/initialize?prefCd=29&kikanCd=3061900000&kikanKbn=3", "url2": null, "内容": "ほし歯科医院【3:歯科】奈良県北葛城郡王寺町王寺２丁目９ー１５王寺ファミリー４Ｆ" }, "geometry": { "type": "Point", "coordinates": [ 135.704261, 34.596074 ] } },
{ "type": "Feature", "properties": { "ID": 2933062000000, "正式名称": "さくら歯科クリニック", "機関区分": 3, "都道府県コード": 29, "市区町村コード": 207, "所在地": "奈良県五條市今井５丁目１４８４－４", "緯度": 34.358932, "経度": 135.710605, "url": "https://www.iryou.teikyouseido.mhlw.go.jp/znk-web/juminkanja/S2430/initialize?prefCd=29&kikanCd=3062000000&kikanKbn=3", "url2": null, "内容": "さくら歯科クリニック【3:歯科】奈良県五條市今井５丁目１４８４－４" }, "geometry": { "type": "Point", "coordinates": [ 135.710605, 34.358932 ] } },
{ "type": "Feature", "properties": { "ID": 2933062100000, "正式名称": "北村歯科医院", "機関区分": 3, "都道府県コード": 29, "市区町村コード": 202, "所在地": "奈良県大和高田市内本町７－３２", "緯度": 34.514083, "経度": 135.742901, "url": "https://www.iryou.teikyouseido.mhlw.go.jp/znk-web/juminkanja/S2430/initialize?prefCd=29&kikanCd=3062100000&kikanKbn=3", "url2": null, "内容": "北村歯科医院【3:歯科】奈良県大和高田市内本町７－３２" }, "geometry": { "type": "Point", "coordinates": [ 135.742901, 34.514083 ] } },
{ "type": "Feature", "properties": { "ID": 2933062300000, "正式名称": "なぐら歯科クリニック", "機関区分": 3, "都道府県コード": 29, "市区町村コード": 204, "所在地": "奈良県天理市三島町１５４－７", "緯度": 34.602686, "経度": 135.837778, "url": "https://www.iryou.teikyouseido.mhlw.go.jp/znk-web/juminkanja/S2430/initialize?prefCd=29&kikanCd=3062300000&kikanKbn=3", "url2": null, "内容": "なぐら歯科クリニック【3:歯科】奈良県天理市三島町１５４－７" }, "geometry": { "type": "Point", "coordinates": [ 135.837778, 34.602686 ] } },
{ "type": "Feature", "properties": { "ID": 2933062600000, "正式名称": "西村歯科クリニック", "機関区分": 3, "都道府県コード": 29, "市区町村コード": 209, "所在地": "奈良県生駒市さつき台２丁目４５１－３１", "緯度": 34.673621, "経度": 135.71859, "url": "https://www.iryou.teikyouseido.mhlw.go.jp/znk-web/juminkanja/S2430/initialize?prefCd=29&kikanCd=3062600000&kikanKbn=3", "url2": "http://nishimuradc.net/", "内容": "西村歯科クリニック【3:歯科】奈良県生駒市さつき台２丁目４５１－３１" }, "geometry": { "type": "Point", "coordinates": [ 135.71859, 34.673621 ] } },
{ "type": "Feature", "properties": { "ID": 2933062700000, "正式名称": "おおかわ歯科", "機関区分": 3, "都道府県コード": 29, "市区町村コード": 442, "所在地": "奈良県吉野郡大淀町桧垣本１２５－９０", "緯度": 34.390899, "経度": 135.79725, "url": "https://www.iryou.teikyouseido.mhlw.go.jp/znk-web/juminkanja/S2430/initialize?prefCd=29&kikanCd=3062700000&kikanKbn=3", "url2": "http://okawashika.cihp2.jp/", "内容": "おおかわ歯科【3:歯科】奈良県吉野郡大淀町桧垣本１２５－９０" }, "geometry": { "type": "Point", "coordinates": [ 135.79725, 34.390899 ] } },
{ "type": "Feature", "properties": { "ID": 2933062800000, "正式名称": "医療法人胡内会こうち歯科診療所", "機関区分": 3, "都道府県コード": 29, "市区町村コード": 203, "所在地": "奈良県大和郡山市山田町１５番地１", "緯度": 34.630932, "経度": 135.747617, "url": "https://www.iryou.teikyouseido.mhlw.go.jp/znk-web/juminkanja/S2430/initialize?prefCd=29&kikanCd=3062800000&kikanKbn=3", "url2": null, "内容": "医療法人胡内会こうち歯科診療所【3:歯科】奈良県大和郡山市山田町１５番地１" }, "geometry": { "type": "Point", "coordinates": [ 135.747617, 34.630932 ] } },
{ "type": "Feature", "properties": { "ID": 2933063200000, "正式名称": "医療法人ミナミジマ歯科医院", "機関区分": 3, "都道府県コード": 29, "市区町村コード": 210, "所在地": "奈良県香芝市穴虫１０５６番地の１", "緯度": 34.547273, "経度": 135.687126, "url": "https://www.iryou.teikyouseido.mhlw.go.jp/znk-web/juminkanja/S2430/initialize?prefCd=29&kikanCd=3063200000&kikanKbn=3", "url2": null, "内容": "医療法人ミナミジマ歯科医院【3:歯科】奈良県香芝市穴虫１０５６番地の１" }, "geometry": { "type": "Point", "coordinates": [ 135.687126, 34.547273 ] } },
{ "type": "Feature", "properties": { "ID": 2933063300000, "正式名称": "医療法人あかつき会　松田歯科医院", "機関区分": 3, "都道府県コード": 29, "市区町村コード": 212, "所在地": "奈良県宇陀市榛原萩原２４３９－２", "緯度": 34.530196, "経度": 135.95816, "url": "https://www.iryou.teikyouseido.mhlw.go.jp/znk-web/juminkanja/S2430/initialize?prefCd=29&kikanCd=3063300000&kikanKbn=3", "url2": "http://www.matsugashika.com", "内容": "医療法人あかつき会　松田歯科医院【3:歯科】奈良県宇陀市榛原萩原２４３９－２" }, "geometry": { "type": "Point", "coordinates": [ 135.95816, 34.530196 ] } },
{ "type": "Feature", "properties": { "ID": 2933063400000, "正式名称": "上海道歯科医院", "機関区分": 3, "都道府県コード": 29, "市区町村コード": 206, "所在地": "奈良県桜井市太田２４２－３", "緯度": 34.545859, "経度": 135.837308, "url": "https://www.iryou.teikyouseido.mhlw.go.jp/znk-web/juminkanja/S2430/initialize?prefCd=29&kikanCd=3063400000&kikanKbn=3", "url2": null, "内容": "上海道歯科医院【3:歯科】奈良県桜井市太田２４２－３" }, "geometry": { "type": "Point", "coordinates": [ 135.837308, 34.545859 ] } },
{ "type": "Feature", "properties": { "ID": 2933063500000, "正式名称": "島田歯科医院", "機関区分": 3, "都道府県コード": 29, "市区町村コード": 401, "所在地": "奈良県高市郡高取町観覚寺９２０", "緯度": 34.449369, "経度": 135.795844, "url": "https://www.iryou.teikyouseido.mhlw.go.jp/znk-web/juminkanja/S2430/initialize?prefCd=29&kikanCd=3063500000&kikanKbn=3", "url2": "http://www.jda.or.jp/serch", "内容": "島田歯科医院【3:歯科】奈良県高市郡高取町観覚寺９２０" }, "geometry": { "type": "Point", "coordinates": [ 135.795844, 34.449369 ] } },
{ "type": "Feature", "properties": { "ID": 2933063700000, "正式名称": "おぐら歯科", "機関区分": 3, "都道府県コード": 29, "市区町村コード": 209, "所在地": "奈良県生駒市小平尾町９３番地イオンタウン生駒南ショッピングセンター", "緯度": 34.661511, "経度": 135.707008, "url": "https://www.iryou.teikyouseido.mhlw.go.jp/znk-web/juminkanja/S2430/initialize?prefCd=29&kikanCd=3063700000&kikanKbn=3", "url2": null, "内容": "おぐら歯科【3:歯科】奈良県生駒市小平尾町９３番地イオンタウン生駒南ショッピングセンター" }, "geometry": { "type": "Point", "coordinates": [ 135.707008, 34.661511 ] } },
{ "type": "Feature", "properties": { "ID": 2933063800000, "正式名称": "神楽安田歯科医院", "機関区分": 3, "都道府県コード": 29, "市区町村コード": 202, "所在地": "奈良県大和高田市神楽２７３－２", "緯度": 34.527526, "経度": 135.743483, "url": "https://www.iryou.teikyouseido.mhlw.go.jp/znk-web/juminkanja/S2430/initialize?prefCd=29&kikanCd=3063800000&kikanKbn=3", "url2": null, "内容": "神楽安田歯科医院【3:歯科】奈良県大和高田市神楽２７３－２" }, "geometry": { "type": "Point", "coordinates": [ 135.743483, 34.527526 ] } },
{ "type": "Feature", "properties": { "ID": 2933064100000, "正式名称": "杉村歯科医院", "機関区分": 3, "都道府県コード": 29, "市区町村コード": 426, "所在地": "奈良県北葛城郡広陵町疋相６２－４メルヴェイユ　ヴィル１０２号", "緯度": 34.542163, "経度": 135.741038, "url": "https://www.iryou.teikyouseido.mhlw.go.jp/znk-web/juminkanja/S2430/initialize?prefCd=29&kikanCd=3064100000&kikanKbn=3", "url2": null, "内容": "杉村歯科医院【3:歯科】奈良県北葛城郡広陵町疋相６２－４メルヴェイユ　ヴィル１０２号" }, "geometry": { "type": "Point", "coordinates": [ 135.741038, 34.542163 ] } },
{ "type": "Feature", "properties": { "ID": 2933064300000, "正式名称": "きむら歯科", "機関区分": 3, "都道府県コード": 29, "市区町村コード": 209, "所在地": "奈良県生駒市真弓４丁目４－５", "緯度": 34.717644, "経度": 135.733309, "url": "https://www.iryou.teikyouseido.mhlw.go.jp/znk-web/juminkanja/S2430/initialize?prefCd=29&kikanCd=3064300000&kikanKbn=3", "url2": "www.dentist-kimura.com", "内容": "きむら歯科【3:歯科】奈良県生駒市真弓４丁目４－５" }, "geometry": { "type": "Point", "coordinates": [ 135.733309, 34.717644 ] } },
{ "type": "Feature", "properties": { "ID": 2933064400000, "正式名称": "ＨＡＴＡＫＥＹＡＭＡ　ＤＥＮＴＡＬ　ＣＬＩＮＩＣ", "機関区分": 3, "都道府県コード": 29, "市区町村コード": 205, "所在地": "奈良県橿原市石原田町１８８", "緯度": 34.511085, "経度": 135.815284, "url": "https://www.iryou.teikyouseido.mhlw.go.jp/znk-web/juminkanja/S2430/initialize?prefCd=29&kikanCd=3064400000&kikanKbn=3", "url2": null, "内容": "ＨＡＴＡＫＥＹＡＭＡ　ＤＥＮＴＡＬ　ＣＬＩＮＩＣ【3:歯科】奈良県橿原市石原田町１８８" }, "geometry": { "type": "Point", "coordinates": [ 135.815284, 34.511085 ] } },
{ "type": "Feature", "properties": { "ID": 2933064500000, "正式名称": "吉村歯科医院", "機関区分": 3, "都道府県コード": 29, "市区町村コード": 344, "所在地": "奈良県生駒郡斑鳩町興留７丁目６－１３", "緯度": 34.601935, "経度": 135.738869, "url": "https://www.iryou.teikyouseido.mhlw.go.jp/znk-web/juminkanja/S2430/initialize?prefCd=29&kikanCd=3064500000&kikanKbn=3", "url2": null, "内容": "吉村歯科医院【3:歯科】奈良県生駒郡斑鳩町興留７丁目６－１３" }, "geometry": { "type": "Point", "coordinates": [ 135.738869, 34.601935 ] } },
{ "type": "Feature", "properties": { "ID": 2933064700000, "正式名称": "あや歯科医院", "機関区分": 3, "都道府県コード": 29, "市区町村コード": 425, "所在地": "奈良県北葛城郡王寺町久度２－１３－４", "緯度": 34.598478, "経度": 135.703831, "url": "https://www.iryou.teikyouseido.mhlw.go.jp/znk-web/juminkanja/S2430/initialize?prefCd=29&kikanCd=3064700000&kikanKbn=3", "url2": null, "内容": "あや歯科医院【3:歯科】奈良県北葛城郡王寺町久度２－１３－４" }, "geometry": { "type": "Point", "coordinates": [ 135.703831, 34.598478 ] } },
{ "type": "Feature", "properties": { "ID": 2933064800000, "正式名称": "勝田歯科医院", "機関区分": 3, "都道府県コード": 29, "市区町村コード": 427, "所在地": "奈良県北葛城郡河合町穴闇１９９－１", "緯度": 34.589047, "経度": 135.741564, "url": "https://www.iryou.teikyouseido.mhlw.go.jp/znk-web/juminkanja/S2430/initialize?prefCd=29&kikanCd=3064800000&kikanKbn=3", "url2": null, "内容": "勝田歯科医院【3:歯科】奈良県北葛城郡河合町穴闇１９９－１" }, "geometry": { "type": "Point", "coordinates": [ 135.741564, 34.589047 ] } },
{ "type": "Feature", "properties": { "ID": 2933064900000, "正式名称": "品川歯科医院", "機関区分": 3, "都道府県コード": 29, "市区町村コード": 209, "所在地": "奈良県生駒市元町１丁目５の１３", "緯度": 34.692535, "経度": 135.697868, "url": "https://www.iryou.teikyouseido.mhlw.go.jp/znk-web/juminkanja/S2430/initialize?prefCd=29&kikanCd=3064900000&kikanKbn=3", "url2": null, "内容": "品川歯科医院【3:歯科】奈良県生駒市元町１丁目５の１３" }, "geometry": { "type": "Point", "coordinates": [ 135.697868, 34.692535 ] } },
{ "type": "Feature", "properties": { "ID": 2933065000000, "正式名称": "医療法人青陵会大谷歯科医院", "機関区分": 3, "都道府県コード": 29, "市区町村コード": 209, "所在地": "奈良県生駒市東生駒１丁目７７番地の７マティエールビル２階ーＢ", "緯度": 34.690397, "経度": 135.711451, "url": "https://www.iryou.teikyouseido.mhlw.go.jp/znk-web/juminkanja/S2430/initialize?prefCd=29&kikanCd=3065000000&kikanKbn=3", "url2": null, "内容": "医療法人青陵会大谷歯科医院【3:歯科】奈良県生駒市東生駒１丁目７７番地の７マティエールビル２階ーＢ" }, "geometry": { "type": "Point", "coordinates": [ 135.711451, 34.690397 ] } },
{ "type": "Feature", "properties": { "ID": 2933065100000, "正式名称": "石口歯科医院", "機関区分": 3, "都道府県コード": 29, "市区町村コード": 208, "所在地": "奈良県御所市元町３３９－１", "緯度": 34.470615, "経度": 135.732681, "url": "https://www.iryou.teikyouseido.mhlw.go.jp/znk-web/juminkanja/S2430/initialize?prefCd=29&kikanCd=3065100000&kikanKbn=3", "url2": null, "内容": "石口歯科医院【3:歯科】奈良県御所市元町３３９－１" }, "geometry": { "type": "Point", "coordinates": [ 135.732681, 34.470615 ] } },
{ "type": "Feature", "properties": { "ID": 2933065200000, "正式名称": "天川村歯科診療所", "機関区分": 3, "都道府県コード": 29, "市区町村コード": 446, "所在地": "奈良県吉野郡天川村南日裏２００番地", "緯度": 34.227782, "経度": 135.8411, "url": "https://www.iryou.teikyouseido.mhlw.go.jp/znk-web/juminkanja/S2430/initialize?prefCd=29&kikanCd=3065200000&kikanKbn=3", "url2": null, "内容": "天川村歯科診療所【3:歯科】奈良県吉野郡天川村南日裏２００番地" }, "geometry": { "type": "Point", "coordinates": [ 135.8411, 34.227782 ] } },
{ "type": "Feature", "properties": { "ID": 2933065400000, "正式名称": "長澤歯科医院", "機関区分": 3, "都道府県コード": 29, "市区町村コード": 210, "所在地": "奈良県香芝市旭ケ丘２－８－２", "緯度": 34.552023, "経度": 135.689153, "url": "https://www.iryou.teikyouseido.mhlw.go.jp/znk-web/juminkanja/S2430/initialize?prefCd=29&kikanCd=3065400000&kikanKbn=3", "url2": null, "内容": "長澤歯科医院【3:歯科】奈良県香芝市旭ケ丘２－８－２" }, "geometry": { "type": "Point", "coordinates": [ 135.689153, 34.552023 ] } },
{ "type": "Feature", "properties": { "ID": 2933065500000, "正式名称": "いとう歯科", "機関区分": 3, "都道府県コード": 29, "市区町村コード": 209, "所在地": "奈良県生駒市東生駒４丁目３９８－１６６", "緯度": 34.680262, "経度": 135.718023, "url": "https://www.iryou.teikyouseido.mhlw.go.jp/znk-web/juminkanja/S2430/initialize?prefCd=29&kikanCd=3065500000&kikanKbn=3", "url2": "http://www.ito-dc.net/", "内容": "いとう歯科【3:歯科】奈良県生駒市東生駒４丁目３９８－１６６" }, "geometry": { "type": "Point", "coordinates": [ 135.718023, 34.680262 ] } },
{ "type": "Feature", "properties": { "ID": 2933065600000, "正式名称": "岡部歯科医院", "機関区分": 3, "都道府県コード": 29, "市区町村コード": 426, "所在地": "奈良県北葛城郡広陵町馬見北９－９－１８", "緯度": 34.552468, "経度": 135.722206, "url": "https://www.iryou.teikyouseido.mhlw.go.jp/znk-web/juminkanja/S2430/initialize?prefCd=29&kikanCd=3065600000&kikanKbn=3", "url2": null, "内容": "岡部歯科医院【3:歯科】奈良県北葛城郡広陵町馬見北９－９－１８" }, "geometry": { "type": "Point", "coordinates": [ 135.722206, 34.552468 ] } },
{ "type": "Feature", "properties": { "ID": 2933065800000, "正式名称": "おきなか歯科", "機関区分": 3, "都道府県コード": 29, "市区町村コード": 212, "所在地": "奈良県宇陀市菟田野松井１６４－１", "緯度": 34.469148, "経度": 135.981855, "url": "https://www.iryou.teikyouseido.mhlw.go.jp/znk-web/juminkanja/S2430/initialize?prefCd=29&kikanCd=3065800000&kikanKbn=3", "url2": null, "内容": "おきなか歯科【3:歯科】奈良県宇陀市菟田野松井１６４－１" }, "geometry": { "type": "Point", "coordinates": [ 135.981855, 34.469148 ] } },
{ "type": "Feature", "properties": { "ID": 2933066100000, "正式名称": "三輪歯科医院", "機関区分": 3, "都道府県コード": 29, "市区町村コード": 205, "所在地": "奈良県橿原市葛本町８２２－１１", "緯度": 34.520417, "経度": 135.801062, "url": "https://www.iryou.teikyouseido.mhlw.go.jp/znk-web/juminkanja/S2430/initialize?prefCd=29&kikanCd=3066100000&kikanKbn=3", "url2": null, "内容": "三輪歯科医院【3:歯科】奈良県橿原市葛本町８２２－１１" }, "geometry": { "type": "Point", "coordinates": [ 135.801062, 34.520417 ] } },
{ "type": "Feature", "properties": { "ID": 2933066200000, "正式名称": "山本歯科医院", "機関区分": 3, "都道府県コード": 29, "市区町村コード": 363, "所在地": "奈良県磯城郡田原本町新町２１０－７", "緯度": 34.557607, "経度": 135.788534, "url": "https://www.iryou.teikyouseido.mhlw.go.jp/znk-web/juminkanja/S2430/initialize?prefCd=29&kikanCd=3066200000&kikanKbn=3", "url2": null, "内容": "山本歯科医院【3:歯科】奈良県磯城郡田原本町新町２１０－７" }, "geometry": { "type": "Point", "coordinates": [ 135.788534, 34.557607 ] } },
{ "type": "Feature", "properties": { "ID": 2933066300000, "正式名称": "よし歯科医院", "機関区分": 3, "都道府県コード": 29, "市区町村コード": 210, "所在地": "奈良県香芝市別所４７－１", "緯度": 34.532942, "経度": 135.723068, "url": "https://www.iryou.teikyouseido.mhlw.go.jp/znk-web/juminkanja/S2430/initialize?prefCd=29&kikanCd=3066300000&kikanKbn=3", "url2": null, "内容": "よし歯科医院【3:歯科】奈良県香芝市別所４７－１" }, "geometry": { "type": "Point", "coordinates": [ 135.723068, 34.532942 ] } },
{ "type": "Feature", "properties": { "ID": 2933066400000, "正式名称": "大友歯科医院", "機関区分": 3, "都道府県コード": 29, "市区町村コード": 342, "所在地": "奈良県生駒郡平群町菊美台１－７－５　宝栄辰巳ビル２－２", "緯度": 34.648179, "経度": 135.708703, "url": "https://www.iryou.teikyouseido.mhlw.go.jp/znk-web/juminkanja/S2430/initialize?prefCd=29&kikanCd=3066400000&kikanKbn=3", "url2": "https://otomo-d.com/", "内容": "大友歯科医院【3:歯科】奈良県生駒郡平群町菊美台１－７－５　宝栄辰巳ビル２－２" }, "geometry": { "type": "Point", "coordinates": [ 135.708703, 34.648179 ] } },
{ "type": "Feature", "properties": { "ID": 2933066500000, "正式名称": "尾高歯科医院", "機関区分": 3, "都道府県コード": 29, "市区町村コード": 210, "所在地": "奈良県香芝市磯壁３丁目４０－１", "緯度": 34.53908, "経度": 135.702708, "url": "https://www.iryou.teikyouseido.mhlw.go.jp/znk-web/juminkanja/S2430/initialize?prefCd=29&kikanCd=3066500000&kikanKbn=3", "url2": "https://ha-d.net", "内容": "尾高歯科医院【3:歯科】奈良県香芝市磯壁３丁目４０－１" }, "geometry": { "type": "Point", "coordinates": [ 135.702708, 34.53908 ] } },
{ "type": "Feature", "properties": { "ID": 2933066700000, "正式名称": "のぐち矯正歯科クリニック", "機関区分": 3, "都道府県コード": 29, "市区町村コード": 203, "所在地": "奈良県大和郡山市南郡山町５２０－１８マインド２１ビル６Ｆ", "緯度": 34.647208, "経度": 135.781308, "url": "https://www.iryou.teikyouseido.mhlw.go.jp/znk-web/juminkanja/S2430/initialize?prefCd=29&kikanCd=3066700000&kikanKbn=3", "url2": "https://www.harubon.com/", "内容": "のぐち矯正歯科クリニック【3:歯科】奈良県大和郡山市南郡山町５２０－１８マインド２１ビル６Ｆ" }, "geometry": { "type": "Point", "coordinates": [ 135.781308, 34.647208 ] } },
{ "type": "Feature", "properties": { "ID": 2933066800000, "正式名称": "松川歯科医院", "機関区分": 3, "都道府県コード": 29, "市区町村コード": 205, "所在地": "奈良県橿原市醍醐町５０２－３４", "緯度": 34.510779, "経度": 135.801035, "url": "https://www.iryou.teikyouseido.mhlw.go.jp/znk-web/juminkanja/S2430/initialize?prefCd=29&kikanCd=3066800000&kikanKbn=3", "url2": "http://www.matsukawa-shika.com/", "内容": "松川歯科医院【3:歯科】奈良県橿原市醍醐町５０２－３４" }, "geometry": { "type": "Point", "coordinates": [ 135.801035, 34.510779 ] } },
{ "type": "Feature", "properties": { "ID": 2933066900000, "正式名称": "せんざい歯科クリニック", "機関区分": 3, "都道府県コード": 29, "市区町村コード": 204, "所在地": "奈良県天理市前栽町７１－１", "緯度": 34.603936, "経度": 135.821973, "url": "https://www.iryou.teikyouseido.mhlw.go.jp/znk-web/juminkanja/S2430/initialize?prefCd=29&kikanCd=3066900000&kikanKbn=3", "url2": "http://www.senzai-shika.com", "内容": "せんざい歯科クリニック【3:歯科】奈良県天理市前栽町７１－１" }, "geometry": { "type": "Point", "coordinates": [ 135.821973, 34.603936 ] } },
{ "type": "Feature", "properties": { "ID": 2933067000000, "正式名称": "医療法人岩崎歯科診療所", "機関区分": 3, "都道府県コード": 29, "市区町村コード": 205, "所在地": "奈良県橿原市八木町１－７－３", "緯度": 34.510029, "経度": 135.791786, "url": "https://www.iryou.teikyouseido.mhlw.go.jp/znk-web/juminkanja/S2430/initialize?prefCd=29&kikanCd=3067000000&kikanKbn=3", "url2": "http://www.iwasakidc.com", "内容": "医療法人岩崎歯科診療所【3:歯科】奈良県橿原市八木町１－７－３" }, "geometry": { "type": "Point", "coordinates": [ 135.791786, 34.510029 ] } },
{ "type": "Feature", "properties": { "ID": 2933067100000, "正式名称": "つだ歯科医院", "機関区分": 3, "都道府県コード": 29, "市区町村コード": 206, "所在地": "奈良県桜井市粟殿１０１４の１", "緯度": 34.517501, "経度": 135.844087, "url": "https://www.iryou.teikyouseido.mhlw.go.jp/znk-web/juminkanja/S2430/initialize?prefCd=29&kikanCd=3067100000&kikanKbn=3", "url2": null, "内容": "つだ歯科医院【3:歯科】奈良県桜井市粟殿１０１４の１" }, "geometry": { "type": "Point", "coordinates": [ 135.844087, 34.517501 ] } },
{ "type": "Feature", "properties": { "ID": 2933067300000, "正式名称": "あおば歯科クリニック", "機関区分": 3, "都道府県コード": 29, "市区町村コード": 210, "所在地": "奈良県香芝市旭ケ丘１－３０－３", "緯度": 34.555467, "経度": 135.699291, "url": "https://www.iryou.teikyouseido.mhlw.go.jp/znk-web/juminkanja/S2430/initialize?prefCd=29&kikanCd=3067300000&kikanKbn=3", "url2": null, "内容": "あおば歯科クリニック【3:歯科】奈良県香芝市旭ケ丘１－３０－３" }, "geometry": { "type": "Point", "coordinates": [ 135.699291, 34.555467 ] } },
{ "type": "Feature", "properties": { "ID": 2933067400000, "正式名称": "えんどう歯科クリニック", "機関区分": 3, "都道府県コード": 29, "市区町村コード": 202, "所在地": "奈良県大和高田市神楽２丁目１２－３４向井ビル１－３", "緯度": 34.522832, "経度": 135.742845, "url": "https://www.iryou.teikyouseido.mhlw.go.jp/znk-web/juminkanja/S2430/initialize?prefCd=29&kikanCd=3067400000&kikanKbn=3", "url2": null, "内容": "えんどう歯科クリニック【3:歯科】奈良県大和高田市神楽２丁目１２－３４向井ビル１－３" }, "geometry": { "type": "Point", "coordinates": [ 135.742845, 34.522832 ] } },
{ "type": "Feature", "properties": { "ID": 2933067600000, "正式名称": "はつおか歯科", "機関区分": 3, "都道府県コード": 29, "市区町村コード": 363, "所在地": "奈良県磯城郡田原本町秦庄４５８－７", "緯度": 34.55058, "経度": 135.7947, "url": "https://www.iryou.teikyouseido.mhlw.go.jp/znk-web/juminkanja/S2430/initialize?prefCd=29&kikanCd=3067600000&kikanKbn=3", "url2": null, "内容": "はつおか歯科【3:歯科】奈良県磯城郡田原本町秦庄４５８－７" }, "geometry": { "type": "Point", "coordinates": [ 135.7947, 34.55058 ] } },
{ "type": "Feature", "properties": { "ID": 2933068200000, "正式名称": "本多矯正歯科", "機関区分": 3, "都道府県コード": 29, "市区町村コード": 209, "所在地": "奈良県生駒市北新町１２－３８　ビアンプラッセ２Ｆ", "緯度": 34.694646, "経度": 135.696841, "url": "https://www.iryou.teikyouseido.mhlw.go.jp/znk-web/juminkanja/S2430/initialize?prefCd=29&kikanCd=3068200000&kikanKbn=3", "url2": "http://www.honda-ortho.com", "内容": "本多矯正歯科【3:歯科】奈良県生駒市北新町１２－３８　ビアンプラッセ２Ｆ" }, "geometry": { "type": "Point", "coordinates": [ 135.696841, 34.694646 ] } },
{ "type": "Feature", "properties": { "ID": 2933068400000, "正式名称": "松本歯科医院", "機関区分": 3, "都道府県コード": 29, "市区町村コード": 205, "所在地": "奈良県橿原市内膳町５丁目４番４５号", "緯度": 34.515862, "経度": 135.792646, "url": "https://www.iryou.teikyouseido.mhlw.go.jp/znk-web/juminkanja/S2430/initialize?prefCd=29&kikanCd=3068400000&kikanKbn=3", "url2": null, "内容": "松本歯科医院【3:歯科】奈良県橿原市内膳町５丁目４番４５号" }, "geometry": { "type": "Point", "coordinates": [ 135.792646, 34.515862 ] } },
{ "type": "Feature", "properties": { "ID": 2933068500000, "正式名称": "かまた歯科医院", "機関区分": 3, "都道府県コード": 29, "市区町村コード": 209, "所在地": "奈良県生駒市北大和１－１４－５", "緯度": 34.725338, "経度": 135.727503, "url": "https://www.iryou.teikyouseido.mhlw.go.jp/znk-web/juminkanja/S2430/initialize?prefCd=29&kikanCd=3068500000&kikanKbn=3", "url2": "http://www.newton-doctor.com/doctor/nara/kamatasika/s40/", "内容": "かまた歯科医院【3:歯科】奈良県生駒市北大和１－１４－５" }, "geometry": { "type": "Point", "coordinates": [ 135.727503, 34.725338 ] } },
{ "type": "Feature", "properties": { "ID": 2933068800000, "正式名称": "笹木歯科医院", "機関区分": 3, "都道府県コード": 29, "市区町村コード": 441, "所在地": "奈良県吉野郡吉野町丹治１３５－３", "緯度": 34.390015, "経度": 135.847648, "url": "https://www.iryou.teikyouseido.mhlw.go.jp/znk-web/juminkanja/S2430/initialize?prefCd=29&kikanCd=3068800000&kikanKbn=3", "url2": null, "内容": "笹木歯科医院【3:歯科】奈良県吉野郡吉野町丹治１３５－３" }, "geometry": { "type": "Point", "coordinates": [ 135.847648, 34.390015 ] } },
{ "type": "Feature", "properties": { "ID": 2933069000000, "正式名称": "楠本歯科医院", "機関区分": 3, "都道府県コード": 29, "市区町村コード": 211, "所在地": "奈良県葛城市長尾１０１番地１", "緯度": 34.510166, "経度": 135.706959, "url": "https://www.iryou.teikyouseido.mhlw.go.jp/znk-web/juminkanja/S2430/initialize?prefCd=29&kikanCd=3069000000&kikanKbn=3", "url2": "http://www.tsubakimoto-dental.com", "内容": "楠本歯科医院【3:歯科】奈良県葛城市長尾１０１番地１" }, "geometry": { "type": "Point", "coordinates": [ 135.706959, 34.510166 ] } },
{ "type": "Feature", "properties": { "ID": 2933069400000, "正式名称": "うめだ歯科", "機関区分": 3, "都道府県コード": 29, "市区町村コード": 211, "所在地": "奈良県葛城市疋田２０４－９", "緯度": 34.505195, "経度": 135.723458, "url": "https://www.iryou.teikyouseido.mhlw.go.jp/znk-web/juminkanja/S2430/initialize?prefCd=29&kikanCd=3069400000&kikanKbn=3", "url2": "http://web.com/umeda.dental/", "内容": "うめだ歯科【3:歯科】奈良県葛城市疋田２０４－９" }, "geometry": { "type": "Point", "coordinates": [ 135.723458, 34.505195 ] } },
{ "type": "Feature", "properties": { "ID": 2933069700000, "正式名称": "忠歯科医院", "機関区分": 3, "都道府県コード": 29, "市区町村コード": 209, "所在地": "奈良県生駒市壱分町８３番４８", "緯度": 34.669205, "経度": 135.716062, "url": "https://www.iryou.teikyouseido.mhlw.go.jp/znk-web/juminkanja/S2430/initialize?prefCd=29&kikanCd=3069700000&kikanKbn=3", "url2": "http://tada-dc.net/", "内容": "忠歯科医院【3:歯科】奈良県生駒市壱分町８３番４８" }, "geometry": { "type": "Point", "coordinates": [ 135.716062, 34.669205 ] } },
{ "type": "Feature", "properties": { "ID": 2933069800000, "正式名称": "高塚台ひろき歯科", "機関区分": 3, "都道府県コード": 29, "市区町村コード": 427, "所在地": "奈良県北葛城郡河合町高塚台２丁目３９－１６", "緯度": 34.582131, "経度": 135.726066, "url": "https://www.iryou.teikyouseido.mhlw.go.jp/znk-web/juminkanja/S2430/initialize?prefCd=29&kikanCd=3069800000&kikanKbn=3", "url2": "http://www.t-hiroki.com", "内容": "高塚台ひろき歯科【3:歯科】奈良県北葛城郡河合町高塚台２丁目３９－１６" }, "geometry": { "type": "Point", "coordinates": [ 135.726066, 34.582131 ] } },
{ "type": "Feature", "properties": { "ID": 2933070000000, "正式名称": "吉岡歯科医院", "機関区分": 3, "都道府県コード": 29, "市区町村コード": 202, "所在地": "奈良県大和高田市築山１１３－１", "緯度": 34.524979, "経度": 135.734671, "url": "https://www.iryou.teikyouseido.mhlw.go.jp/znk-web/juminkanja/S2430/initialize?prefCd=29&kikanCd=3070000000&kikanKbn=3", "url2": "http://www.yoshioka-shikaiin.com", "内容": "吉岡歯科医院【3:歯科】奈良県大和高田市築山１１３－１" }, "geometry": { "type": "Point", "coordinates": [ 135.734671, 34.524979 ] } },
{ "type": "Feature", "properties": { "ID": 2933070100000, "正式名称": "松井歯科医院", "機関区分": 3, "都道府県コード": 29, "市区町村コード": 206, "所在地": "奈良県桜井市桜井２６番地の２", "緯度": 34.513641, "経度": 135.852364, "url": "https://www.iryou.teikyouseido.mhlw.go.jp/znk-web/juminkanja/S2430/initialize?prefCd=29&kikanCd=3070100000&kikanKbn=3", "url2": null, "内容": "松井歯科医院【3:歯科】奈良県桜井市桜井２６番地の２" }, "geometry": { "type": "Point", "coordinates": [ 135.852364, 34.513641 ] } },
{ "type": "Feature", "properties": { "ID": 2933070200000, "正式名称": "俵本歯科医院", "機関区分": 3, "都道府県コード": 29, "市区町村コード": 208, "所在地": "奈良県御所市櫛羅３３７－２", "緯度": 34.469449, "経度": 135.724599, "url": "https://www.iryou.teikyouseido.mhlw.go.jp/znk-web/juminkanja/S2430/initialize?prefCd=29&kikanCd=3070200000&kikanKbn=3", "url2": null, "内容": "俵本歯科医院【3:歯科】奈良県御所市櫛羅３３７－２" }, "geometry": { "type": "Point", "coordinates": [ 135.724599, 34.469449 ] } },
{ "type": "Feature", "properties": { "ID": 2933070500000, "正式名称": "岡本歯科医院", "機関区分": 3, "都道府県コード": 29, "市区町村コード": 202, "所在地": "奈良県大和高田市内本町８－２７", "緯度": 34.514389, "経度": 135.742123, "url": "https://www.iryou.teikyouseido.mhlw.go.jp/znk-web/juminkanja/S2430/initialize?prefCd=29&kikanCd=3070500000&kikanKbn=3", "url2": "https//www.okamoto-ryshika.jp/", "内容": "岡本歯科医院【3:歯科】奈良県大和高田市内本町８－２７" }, "geometry": { "type": "Point", "coordinates": [ 135.742123, 34.514389 ] } },
{ "type": "Feature", "properties": { "ID": 2933070800000, "正式名称": "堀内歯科医院", "機関区分": 3, "都道府県コード": 29, "市区町村コード": 204, "所在地": "奈良県天理市別所町２２６－３", "緯度": 34.60813, "経度": 135.834667, "url": "https://www.iryou.teikyouseido.mhlw.go.jp/znk-web/juminkanja/S2430/initialize?prefCd=29&kikanCd=3070800000&kikanKbn=3", "url2": null, "内容": "堀内歯科医院【3:歯科】奈良県天理市別所町２２６－３" }, "geometry": { "type": "Point", "coordinates": [ 135.834667, 34.60813 ] } },
{ "type": "Feature", "properties": { "ID": 2933070900000, "正式名称": "花岡歯科医院", "機関区分": 3, "都道府県コード": 29, "市区町村コード": 208, "所在地": "奈良県御所市新地町１６９－１", "緯度": 34.463894, "経度": 135.733932, "url": "https://www.iryou.teikyouseido.mhlw.go.jp/znk-web/juminkanja/S2430/initialize?prefCd=29&kikanCd=3070900000&kikanKbn=3", "url2": "http://www.hanaoka-shika.com/", "内容": "花岡歯科医院【3:歯科】奈良県御所市新地町１６９－１" }, "geometry": { "type": "Point", "coordinates": [ 135.733932, 34.463894 ] } },
{ "type": "Feature", "properties": { "ID": 2933071000000, "正式名称": "花岡歯科橿原ニュータウン診療所", "機関区分": 3, "都道府県コード": 29, "市区町村コード": 205, "所在地": "奈良県橿原市白橿町２丁目２７－８", "緯度": 34.476727, "経度": 135.789287, "url": "https://www.iryou.teikyouseido.mhlw.go.jp/znk-web/juminkanja/S2430/initialize?prefCd=29&kikanCd=3071000000&kikanKbn=3", "url2": "http://www1.ocn.ne.jp/~hanasika/", "内容": "花岡歯科橿原ニュータウン診療所【3:歯科】奈良県橿原市白橿町２丁目２７－８" }, "geometry": { "type": "Point", "coordinates": [ 135.789287, 34.476727 ] } },
{ "type": "Feature", "properties": { "ID": 2933071100000, "正式名称": "越智歯科医院", "機関区分": 3, "都道府県コード": 29, "市区町村コード": 209, "所在地": "奈良県生駒市白庭台３－１５－３", "緯度": 34.723255, "経度": 135.71581, "url": "https://www.iryou.teikyouseido.mhlw.go.jp/znk-web/juminkanja/S2430/initialize?prefCd=29&kikanCd=3071100000&kikanKbn=3", "url2": null, "内容": "越智歯科医院【3:歯科】奈良県生駒市白庭台３－１５－３" }, "geometry": { "type": "Point", "coordinates": [ 135.71581, 34.723255 ] } },
{ "type": "Feature", "properties": { "ID": 2933071200000, "正式名称": "医療法人　松川矯正歯科医院", "機関区分": 3, "都道府県コード": 29, "市区町村コード": 205, "所在地": "奈良県橿原市内膳町１丁目第１街区５号有限会社大通口ビル４Ｆ", "緯度": 34.512473, "経度": 135.792563, "url": "https://www.iryou.teikyouseido.mhlw.go.jp/znk-web/juminkanja/S2430/initialize?prefCd=29&kikanCd=3071200000&kikanKbn=3", "url2": "www.matsukawasika-ortho.info", "内容": "医療法人　松川矯正歯科医院【3:歯科】奈良県橿原市内膳町１丁目第１街区５号有限会社大通口ビル４Ｆ" }, "geometry": { "type": "Point", "coordinates": [ 135.792563, 34.512473 ] } },
{ "type": "Feature", "properties": { "ID": 2933071300000, "正式名称": "医療法人ブリエ会　かつらぎ歯科医院", "機関区分": 3, "都道府県コード": 29, "市区町村コード": 424, "所在地": "奈良県北葛城郡上牧町葛城台１丁目２番３号", "緯度": 34.556995, "経度": 135.721151, "url": "https://www.iryou.teikyouseido.mhlw.go.jp/znk-web/juminkanja/S2430/initialize?prefCd=29&kikanCd=3071300000&kikanKbn=3", "url2": "http://www.briller.net", "内容": "医療法人ブリエ会　かつらぎ歯科医院【3:歯科】奈良県北葛城郡上牧町葛城台１丁目２番３号" }, "geometry": { "type": "Point", "coordinates": [ 135.721151, 34.556995 ] } },
{ "type": "Feature", "properties": { "ID": 2933071400000, "正式名称": "橋本歯科医院", "機関区分": 3, "都道府県コード": 29, "市区町村コード": 206, "所在地": "奈良県桜井市桜井８８７", "緯度": 34.514168, "経度": 135.849003, "url": "https://www.iryou.teikyouseido.mhlw.go.jp/znk-web/juminkanja/S2430/initialize?prefCd=29&kikanCd=3071400000&kikanKbn=3", "url2": null, "内容": "橋本歯科医院【3:歯科】奈良県桜井市桜井８８７" }, "geometry": { "type": "Point", "coordinates": [ 135.849003, 34.514168 ] } },
{ "type": "Feature", "properties": { "ID": 2933071800000, "正式名称": "ふかみ歯科・矯正科クリニック", "機関区分": 3, "都道府県コード": 29, "市区町村コード": 202, "所在地": "奈良県大和高田市高砂町６－２梅本ビル２階", "緯度": 34.517638, "経度": 135.7439, "url": "https://www.iryou.teikyouseido.mhlw.go.jp/znk-web/juminkanja/S2430/initialize?prefCd=29&kikanCd=3071800000&kikanKbn=3", "url2": "http://fukami-shika.com/", "内容": "ふかみ歯科・矯正科クリニック【3:歯科】奈良県大和高田市高砂町６－２梅本ビル２階" }, "geometry": { "type": "Point", "coordinates": [ 135.7439, 34.517638 ] } },
{ "type": "Feature", "properties": { "ID": 2933072000000, "正式名称": "杉村歯科医院", "機関区分": 3, "都道府県コード": 29, "市区町村コード": 201, "所在地": "奈良県奈良市南紀寺町１－２１９", "緯度": 34.66829, "経度": 135.833164, "url": "https://www.iryou.teikyouseido.mhlw.go.jp/znk-web/juminkanja/S2430/initialize?prefCd=29&kikanCd=3072000000&kikanKbn=3", "url2": null, "内容": "杉村歯科医院【3:歯科】奈良県奈良市南紀寺町１－２１９" }, "geometry": { "type": "Point", "coordinates": [ 135.833164, 34.66829 ] } },
{ "type": "Feature", "properties": { "ID": 2933072100000, "正式名称": "すずき歯科", "機関区分": 3, "都道府県コード": 29, "市区町村コード": 201, "所在地": "奈良県奈良市菅原東２ー２１－１ひかりビル２Ｆ", "緯度": 34.688065, "経度": 135.781945, "url": "https://www.iryou.teikyouseido.mhlw.go.jp/znk-web/juminkanja/S2430/initialize?prefCd=29&kikanCd=3072100000&kikanKbn=3", "url2": "http://www.suzuki-dent-c.com/", "内容": "すずき歯科【3:歯科】奈良県奈良市菅原東２ー２１－１ひかりビル２Ｆ" }, "geometry": { "type": "Point", "coordinates": [ 135.781945, 34.688065 ] } },
{ "type": "Feature", "properties": { "ID": 2933072200000, "正式名称": "もりた歯科クリニック", "機関区分": 3, "都道府県コード": 29, "市区町村コード": 201, "所在地": "奈良県奈良市二条町二丁目２－５メゾン・ルルド１Ｆ", "緯度": 34.693842, "経度": 135.787416, "url": "https://www.iryou.teikyouseido.mhlw.go.jp/znk-web/juminkanja/S2430/initialize?prefCd=29&kikanCd=3072200000&kikanKbn=3", "url2": "http://morita-dental.com", "内容": "もりた歯科クリニック【3:歯科】奈良県奈良市二条町二丁目２－５メゾン・ルルド１Ｆ" }, "geometry": { "type": "Point", "coordinates": [ 135.787416, 34.693842 ] } },
{ "type": "Feature", "properties": { "ID": 2933072300000, "正式名称": "いちろう歯科クリニック", "機関区分": 3, "都道府県コード": 29, "市区町村コード": 201, "所在地": "奈良県奈良市西九条町３－４－１３", "緯度": 34.655791, "経度": 135.802028, "url": "https://www.iryou.teikyouseido.mhlw.go.jp/znk-web/juminkanja/S2430/initialize?prefCd=29&kikanCd=3072300000&kikanKbn=3", "url2": null, "内容": "いちろう歯科クリニック【3:歯科】奈良県奈良市西九条町３－４－１３" }, "geometry": { "type": "Point", "coordinates": [ 135.802028, 34.655791 ] } },
{ "type": "Feature", "properties": { "ID": 2933072400000, "正式名称": "田村歯科クリニック", "機関区分": 3, "都道府県コード": 29, "市区町村コード": 344, "所在地": "奈良県生駒郡斑鳩町興留５丁目１－３３－１０４号", "緯度": 34.605573, "経度": 135.737619, "url": "https://www.iryou.teikyouseido.mhlw.go.jp/znk-web/juminkanja/S2430/initialize?prefCd=29&kikanCd=3072400000&kikanKbn=3", "url2": null, "内容": "田村歯科クリニック【3:歯科】奈良県生駒郡斑鳩町興留５丁目１－３３－１０４号" }, "geometry": { "type": "Point", "coordinates": [ 135.737619, 34.605573 ] } },
{ "type": "Feature", "properties": { "ID": 2933072600000, "正式名称": "ひさかわ歯科医院", "機関区分": 3, "都道府県コード": 29, "市区町村コード": 201, "所在地": "奈良県奈良市学園南三丁目９番７号", "緯度": 34.689618, "経度": 135.751208, "url": "https://www.iryou.teikyouseido.mhlw.go.jp/znk-web/juminkanja/S2430/initialize?prefCd=29&kikanCd=3072600000&kikanKbn=3", "url2": null, "内容": "ひさかわ歯科医院【3:歯科】奈良県奈良市学園南三丁目９番７号" }, "geometry": { "type": "Point", "coordinates": [ 135.751208, 34.689618 ] } },
{ "type": "Feature", "properties": { "ID": 2933072700000, "正式名称": "寺嶋歯科", "機関区分": 3, "都道府県コード": 29, "市区町村コード": 343, "所在地": "奈良県生駒郡三郷町美松ケ丘西１－１－７", "緯度": 34.607072, "経度": 135.701955, "url": "https://www.iryou.teikyouseido.mhlw.go.jp/znk-web/juminkanja/S2430/initialize?prefCd=29&kikanCd=3072700000&kikanKbn=3", "url2": null, "内容": "寺嶋歯科【3:歯科】奈良県生駒郡三郷町美松ケ丘西１－１－７" }, "geometry": { "type": "Point", "coordinates": [ 135.701955, 34.607072 ] } },
{ "type": "Feature", "properties": { "ID": 2933073000000, "正式名称": "医療法人エスエイ　エスエイ歯科医院イオンモール大和郡山", "機関区分": 3, "都道府県コード": 29, "市区町村コード": 203, "所在地": "奈良県大和郡山市下三橋町７４１　イオンモール大和郡山１Ｆ", "緯度": 34.651125, "経度": 135.801584, "url": "https://www.iryou.teikyouseido.mhlw.go.jp/znk-web/juminkanja/S2430/initialize?prefCd=29&kikanCd=3073000000&kikanKbn=3", "url2": "https://www.sa-dental.net", "内容": "医療法人エスエイ　エスエイ歯科医院イオンモール大和郡山【3:歯科】奈良県大和郡山市下三橋町７４１　イオンモール大和郡山１Ｆ" }, "geometry": { "type": "Point", "coordinates": [ 135.801584, 34.651125 ] } },
{ "type": "Feature", "properties": { "ID": 2933073100000, "正式名称": "かしわぎ歯科", "機関区分": 3, "都道府県コード": 29, "市区町村コード": 201, "所在地": "奈良県奈良市西大寺南町５－７５", "緯度": 34.690482, "経度": 135.781528, "url": "https://www.iryou.teikyouseido.mhlw.go.jp/znk-web/juminkanja/S2430/initialize?prefCd=29&kikanCd=3073100000&kikanKbn=3", "url2": null, "内容": "かしわぎ歯科【3:歯科】奈良県奈良市西大寺南町５－７５" }, "geometry": { "type": "Point", "coordinates": [ 135.781528, 34.690482 ] } },
{ "type": "Feature", "properties": { "ID": 2933073200000, "正式名称": "いまもと歯科クリニック", "機関区分": 3, "都道府県コード": 29, "市区町村コード": 211, "所在地": "奈良県葛城市北花内５７３－１", "緯度": 34.486633, "経度": 135.72723, "url": "https://www.iryou.teikyouseido.mhlw.go.jp/znk-web/juminkanja/S2430/initialize?prefCd=29&kikanCd=3073200000&kikanKbn=3", "url2": "http://www.imamoto-dc.jp/", "内容": "いまもと歯科クリニック【3:歯科】奈良県葛城市北花内５７３－１" }, "geometry": { "type": "Point", "coordinates": [ 135.72723, 34.486633 ] } },
{ "type": "Feature", "properties": { "ID": 2933073300000, "正式名称": "医療法人　愛歯会　ＪＲ奈良駅前歯科", "機関区分": 3, "都道府県コード": 29, "市区町村コード": 201, "所在地": "奈良県奈良市三条本町１－２ＪＲ奈良駅ＮＫビル３階", "緯度": 34.680789, "経度": 135.819553, "url": "https://www.iryou.teikyouseido.mhlw.go.jp/znk-web/juminkanja/S2430/initialize?prefCd=29&kikanCd=3073300000&kikanKbn=3", "url2": null, "内容": "医療法人　愛歯会　ＪＲ奈良駅前歯科【3:歯科】奈良県奈良市三条本町１－２ＪＲ奈良駅ＮＫビル３階" }, "geometry": { "type": "Point", "coordinates": [ 135.819553, 34.680789 ] } },
{ "type": "Feature", "properties": { "ID": 2933073400000, "正式名称": "すざく歯科", "機関区分": 3, "都道府県コード": 29, "市区町村コード": 201, "所在地": "奈良県奈良市朱雀６－９－５コープ朱雀別棟", "緯度": 34.716954, "経度": 135.79718, "url": "https://www.iryou.teikyouseido.mhlw.go.jp/znk-web/juminkanja/S2430/initialize?prefCd=29&kikanCd=3073400000&kikanKbn=3", "url2": "https://suzakusika.localinfo.jp/", "内容": "すざく歯科【3:歯科】奈良県奈良市朱雀６－９－５コープ朱雀別棟" }, "geometry": { "type": "Point", "coordinates": [ 135.79718, 34.716954 ] } },
{ "type": "Feature", "properties": { "ID": 2933073800000, "正式名称": "中島歯科医院", "機関区分": 3, "都道府県コード": 29, "市区町村コード": 209, "所在地": "奈良県生駒市谷田町１６００　近鉄百貨店３階", "緯度": 34.693869, "経度": 135.698202, "url": "https://www.iryou.teikyouseido.mhlw.go.jp/znk-web/juminkanja/S2430/initialize?prefCd=29&kikanCd=3073800000&kikanKbn=3", "url2": "www.your-dc.jp", "内容": "中島歯科医院【3:歯科】奈良県生駒市谷田町１６００　近鉄百貨店３階" }, "geometry": { "type": "Point", "coordinates": [ 135.698202, 34.693869 ] } },
{ "type": "Feature", "properties": { "ID": 2933074000000, "正式名称": "匠デンタルクリニック", "機関区分": 3, "都道府県コード": 29, "市区町村コード": 209, "所在地": "奈良県生駒市西松ケ丘１－４３　ナビールＳＡＮＷＡ１０１", "緯度": 34.695646, "経度": 135.696424, "url": "https://www.iryou.teikyouseido.mhlw.go.jp/znk-web/juminkanja/S2430/initialize?prefCd=29&kikanCd=3074000000&kikanKbn=3", "url2": "http://www.takumide4618.com", "内容": "匠デンタルクリニック【3:歯科】奈良県生駒市西松ケ丘１－４３　ナビールＳＡＮＷＡ１０１" }, "geometry": { "type": "Point", "coordinates": [ 135.696424, 34.695646 ] } },
{ "type": "Feature", "properties": { "ID": 2933074600000, "正式名称": "やまなか歯科", "機関区分": 3, "都道府県コード": 29, "市区町村コード": 201, "所在地": "奈良県奈良市中登美ケ丘六丁目３番地の３", "緯度": 34.725894, "経度": 135.752251, "url": "https://www.iryou.teikyouseido.mhlw.go.jp/znk-web/juminkanja/S2430/initialize?prefCd=29&kikanCd=3074600000&kikanKbn=3", "url2": "http://yamanakasika.com", "内容": "やまなか歯科【3:歯科】奈良県奈良市中登美ケ丘六丁目３番地の３" }, "geometry": { "type": "Point", "coordinates": [ 135.752251, 34.725894 ] } },
{ "type": "Feature", "properties": { "ID": 2933074700000, "正式名称": "松下歯科医院", "機関区分": 3, "都道府県コード": 29, "市区町村コード": 201, "所在地": "奈良県奈良市法蓮町３３４－１フォレストヒルズ一条", "緯度": 34.691538, "経度": 135.817775, "url": "https://www.iryou.teikyouseido.mhlw.go.jp/znk-web/juminkanja/S2430/initialize?prefCd=29&kikanCd=3074700000&kikanKbn=3", "url2": "http://www.matsushitadc.com/", "内容": "松下歯科医院【3:歯科】奈良県奈良市法蓮町３３４－１フォレストヒルズ一条" }, "geometry": { "type": "Point", "coordinates": [ 135.817775, 34.691538 ] } },
{ "type": "Feature", "properties": { "ID": 2933074900000, "正式名称": "まつもと歯科医院", "機関区分": 3, "都道府県コード": 29, "市区町村コード": 201, "所在地": "奈良県奈良市あやめ池北一丁目３２－２１－Ｂ２０６", "緯度": 34.700563, "経度": 135.761835, "url": "https://www.iryou.teikyouseido.mhlw.go.jp/znk-web/juminkanja/S2430/initialize?prefCd=29&kikanCd=3074900000&kikanKbn=3", "url2": "http://www.matsumotodentalclinic.com", "内容": "まつもと歯科医院【3:歯科】奈良県奈良市あやめ池北一丁目３２－２１－Ｂ２０６" }, "geometry": { "type": "Point", "coordinates": [ 135.761835, 34.700563 ] } },
{ "type": "Feature", "properties": { "ID": 2933075000000, "正式名称": "岡村歯科医院", "機関区分": 3, "都道府県コード": 29, "市区町村コード": 201, "所在地": "奈良県奈良市富雄元町一丁目１２番地の７", "緯度": 34.695068, "経度": 135.73942, "url": "https://www.iryou.teikyouseido.mhlw.go.jp/znk-web/juminkanja/S2430/initialize?prefCd=29&kikanCd=3075000000&kikanKbn=3", "url2": null, "内容": "岡村歯科医院【3:歯科】奈良県奈良市富雄元町一丁目１２番地の７" }, "geometry": { "type": "Point", "coordinates": [ 135.73942, 34.695068 ] } },
{ "type": "Feature", "properties": { "ID": 2933075100000, "正式名称": "アイヴィ　デンタル　オフィス", "機関区分": 3, "都道府県コード": 29, "市区町村コード": 205, "所在地": "奈良県橿原市栄和町１０２－３", "緯度": 34.490309, "経度": 135.796203, "url": "https://www.iryou.teikyouseido.mhlw.go.jp/znk-web/juminkanja/S2430/initialize?prefCd=29&kikanCd=3075100000&kikanKbn=3", "url2": "http://ivydental.sakura.ne.jp", "内容": "アイヴィ　デンタル　オフィス【3:歯科】奈良県橿原市栄和町１０２－３" }, "geometry": { "type": "Point", "coordinates": [ 135.796203, 34.490309 ] } },
{ "type": "Feature", "properties": { "ID": 2933075200000, "正式名称": "冨森歯科クリニック", "機関区分": 3, "都道府県コード": 29, "市区町村コード": 201, "所在地": "奈良県奈良市三条大路５－５－１", "緯度": 34.682933, "経度": 135.790369, "url": "https://www.iryou.teikyouseido.mhlw.go.jp/znk-web/juminkanja/S2430/initialize?prefCd=29&kikanCd=3075200000&kikanKbn=3", "url2": null, "内容": "冨森歯科クリニック【3:歯科】奈良県奈良市三条大路５－５－１" }, "geometry": { "type": "Point", "coordinates": [ 135.790369, 34.682933 ] } },
{ "type": "Feature", "properties": { "ID": 2933075500000, "正式名称": "藤本歯科口腔外科クリニック", "機関区分": 3, "都道府県コード": 29, "市区町村コード": 201, "所在地": "奈良県奈良市北京終町３２番地１", "緯度": 34.673531, "経度": 135.828907, "url": "https://www.iryou.teikyouseido.mhlw.go.jp/znk-web/juminkanja/S2430/initialize?prefCd=29&kikanCd=3075500000&kikanKbn=3", "url2": "http://mfdent-oms.com/", "内容": "藤本歯科口腔外科クリニック【3:歯科】奈良県奈良市北京終町３２番地１" }, "geometry": { "type": "Point", "coordinates": [ 135.828907, 34.673531 ] } },
{ "type": "Feature", "properties": { "ID": 2933075800000, "正式名称": "さつき台歯科クリニック", "機関区分": 3, "都道府県コード": 29, "市区町村コード": 209, "所在地": "奈良県生駒市さつき台２丁目４５１番地２０５号", "緯度": 34.67501, "経度": 135.718701, "url": "https://www.iryou.teikyouseido.mhlw.go.jp/znk-web/juminkanja/S2430/initialize?prefCd=29&kikanCd=3075800000&kikanKbn=3", "url2": null, "内容": "さつき台歯科クリニック【3:歯科】奈良県生駒市さつき台２丁目４５１番地２０５号" }, "geometry": { "type": "Point", "coordinates": [ 135.718701, 34.67501 ] } },
{ "type": "Feature", "properties": { "ID": 2933076000000, "正式名称": "高の原駅前なかお歯科医院", "機関区分": 3, "都道府県コード": 29, "市区町村コード": 201, "所在地": "奈良県奈良市朱雀三丁目１１番地７号　山善高の原駅前ビル東１０３", "緯度": 34.722812, "経度": 135.792581, "url": "https://www.iryou.teikyouseido.mhlw.go.jp/znk-web/juminkanja/S2430/initialize?prefCd=29&kikanCd=3076000000&kikanKbn=3", "url2": "http://takanohara-ekimae-sika.com", "内容": "高の原駅前なかお歯科医院【3:歯科】奈良県奈良市朱雀三丁目１１番地７号　山善高の原駅前ビル東１０３" }, "geometry": { "type": "Point", "coordinates": [ 135.792581, 34.722812 ] } },
{ "type": "Feature", "properties": { "ID": 2933076100000, "正式名称": "みずの歯科", "機関区分": 3, "都道府県コード": 29, "市区町村コード": 201, "所在地": "奈良県奈良市三条桧町２７－１８　１階", "緯度": 34.677539, "経度": 135.80961, "url": "https://www.iryou.teikyouseido.mhlw.go.jp/znk-web/juminkanja/S2430/initialize?prefCd=29&kikanCd=3076100000&kikanKbn=3", "url2": null, "内容": "みずの歯科【3:歯科】奈良県奈良市三条桧町２７－１８　１階" }, "geometry": { "type": "Point", "coordinates": [ 135.80961, 34.677539 ] } },
{ "type": "Feature", "properties": { "ID": 2933076200000, "正式名称": "ひだ歯科インプラントクリニック", "機関区分": 3, "都道府県コード": 29, "市区町村コード": 201, "所在地": "奈良県奈良市宝来四丁目７－６", "緯度": 34.681854, "経度": 135.772945, "url": "https://www.iryou.teikyouseido.mhlw.go.jp/znk-web/juminkanja/S2430/initialize?prefCd=29&kikanCd=3076200000&kikanKbn=3", "url2": "http://hidadc.com", "内容": "ひだ歯科インプラントクリニック【3:歯科】奈良県奈良市宝来四丁目７－６" }, "geometry": { "type": "Point", "coordinates": [ 135.772945, 34.681854 ] } },
{ "type": "Feature", "properties": { "ID": 2933076300000, "正式名称": "ひより育成歯ならびクリニック", "機関区分": 3, "都道府県コード": 29, "市区町村コード": 201, "所在地": "奈良県奈良市高天市町５４", "緯度": 34.685258, "経度": 135.825581, "url": "https://www.iryou.teikyouseido.mhlw.go.jp/znk-web/juminkanja/S2430/initialize?prefCd=29&kikanCd=3076300000&kikanKbn=3", "url2": null, "内容": "ひより育成歯ならびクリニック【3:歯科】奈良県奈良市高天市町５４" }, "geometry": { "type": "Point", "coordinates": [ 135.825581, 34.685258 ] } },
{ "type": "Feature", "properties": { "ID": 293329550288, "正式名称": "田園歯科クリニック", "機関区分": 3, "都道府県コード": 29, "市区町村コード": 207, "所在地": "奈良県五條市田園３丁目２‐６", "緯度": 34.368889, "経度": 135.6852, "url": "https://www.iryou.teikyouseido.mhlw.go.jp/znk-web/juminkanja/S2430/initialize?prefCd=29&kikanCd=329550288&kikanKbn=3", "url2": null, "内容": "田園歯科クリニック【3:歯科】奈良県五條市田園３丁目２‐６" }, "geometry": { "type": "Point", "coordinates": [ 135.6852, 34.368889 ] } },
{ "type": "Feature", "properties": { "ID": 2933300700000, "正式名称": "つげファミリー歯科", "機関区分": 3, "都道府県コード": 29, "市区町村コード": 201, "所在地": "奈良県奈良市都祁白石町１１０２番地", "緯度": 34.603498, "経度": 135.957625, "url": "https://www.iryou.teikyouseido.mhlw.go.jp/znk-web/juminkanja/S2430/initialize?prefCd=29&kikanCd=3300700000&kikanKbn=3", "url2": null, "内容": "つげファミリー歯科【3:歯科】奈良県奈良市都祁白石町１１０２番地" }, "geometry": { "type": "Point", "coordinates": [ 135.957625, 34.603498 ] } },
{ "type": "Feature", "properties": { "ID": 2933305400000, "正式名称": "学園前いのうえ矯正歯科クリニック", "機関区分": 3, "都道府県コード": 29, "市区町村コード": 201, "所在地": "奈良県奈良市学園北８番８号サンライトビル３Ｆサンライトビル", "緯度": 34.698061, "経度": 135.754931, "url": "https://www.iryou.teikyouseido.mhlw.go.jp/znk-web/juminkanja/S2430/initialize?prefCd=29&kikanCd=3305400000&kikanKbn=3", "url2": "https://gakuenmae-kyousei.com/", "内容": "学園前いのうえ矯正歯科クリニック【3:歯科】奈良県奈良市学園北８番８号サンライトビル３Ｆサンライトビル" }, "geometry": { "type": "Point", "coordinates": [ 135.754931, 34.698061 ] } },
{ "type": "Feature", "properties": { "ID": 2933306600000, "正式名称": "にこにこ歯科", "機関区分": 3, "都道府県コード": 29, "市区町村コード": 201, "所在地": "奈良県奈良市石木町１００－１イオンタウン富雄南", "緯度": 34.669154, "経度": 135.757148, "url": "https://www.iryou.teikyouseido.mhlw.go.jp/znk-web/juminkanja/S2430/initialize?prefCd=29&kikanCd=3306600000&kikanKbn=3", "url2": "http://2525dental.jp/", "内容": "にこにこ歯科【3:歯科】奈良県奈良市石木町１００－１イオンタウン富雄南" }, "geometry": { "type": "Point", "coordinates": [ 135.757148, 34.669154 ] } },
{ "type": "Feature", "properties": { "ID": 2933308300000, "正式名称": "いのうえこどもファミリー歯科", "機関区分": 3, "都道府県コード": 29, "市区町村コード": 201, "所在地": "奈良県奈良市二名町３丁目１０４６番地１", "緯度": 34.723093, "経度": 135.738998, "url": "https://www.iryou.teikyouseido.mhlw.go.jp/znk-web/juminkanja/S2430/initialize?prefCd=29&kikanCd=3308300000&kikanKbn=3", "url2": "http://inoue-kids-family.com/index.html", "内容": "いのうえこどもファミリー歯科【3:歯科】奈良県奈良市二名町３丁目１０４６番地１" }, "geometry": { "type": "Point", "coordinates": [ 135.738998, 34.723093 ] } },
{ "type": "Feature", "properties": { "ID": 2933309700000, "正式名称": "かじはら歯科口腔外科", "機関区分": 3, "都道府県コード": 29, "市区町村コード": 205, "所在地": "奈良県橿原市木原町２１３－７Ｋ．メディカル１Ｆ", "緯度": 34.515287, "経度": 135.801692, "url": "https://www.iryou.teikyouseido.mhlw.go.jp/znk-web/juminkanja/S2430/initialize?prefCd=29&kikanCd=3309700000&kikanKbn=3", "url2": null, "内容": "かじはら歯科口腔外科【3:歯科】奈良県橿原市木原町２１３－７Ｋ．メディカル１Ｆ" }, "geometry": { "type": "Point", "coordinates": [ 135.801692, 34.515287 ] } },
{ "type": "Feature", "properties": { "ID": 2933310700000, "正式名称": "吉田歯科医院", "機関区分": 3, "都道府県コード": 29, "市区町村コード": 425, "所在地": "奈良県北葛城郡王寺町王寺２－６－１２服部ビル四階", "緯度": 34.596572, "経度": 135.705573, "url": "https://www.iryou.teikyouseido.mhlw.go.jp/znk-web/juminkanja/S2430/initialize?prefCd=29&kikanCd=3310700000&kikanKbn=3", "url2": "yoshida-shika-iin.com", "内容": "吉田歯科医院【3:歯科】奈良県北葛城郡王寺町王寺２－６－１２服部ビル四階" }, "geometry": { "type": "Point", "coordinates": [ 135.705573, 34.596572 ] } },
{ "type": "Feature", "properties": { "ID": 2933311300000, "正式名称": "エスエイ歯科イオンモール橿原", "機関区分": 3, "都道府県コード": 29, "市区町村コード": 205, "所在地": "奈良県橿原市曲川町７－２０－１　イオンモール橿原内２Ｆ", "緯度": 34.506145, "経度": 135.762687, "url": "https://www.iryou.teikyouseido.mhlw.go.jp/znk-web/juminkanja/S2430/initialize?prefCd=29&kikanCd=3311300000&kikanKbn=3", "url2": "http://www.sa-dent.info/", "内容": "エスエイ歯科イオンモール橿原【3:歯科】奈良県橿原市曲川町７－２０－１　イオンモール橿原内２Ｆ" }, "geometry": { "type": "Point", "coordinates": [ 135.762687, 34.506145 ] } },
{ "type": "Feature", "properties": { "ID": 2933311600000, "正式名称": "中平矯正歯科クリニック", "機関区分": 3, "都道府県コード": 29, "市区町村コード": 210, "所在地": "奈良県香芝市瓦口４６－１", "緯度": 34.534892, "経度": 135.719486, "url": "https://www.iryou.teikyouseido.mhlw.go.jp/znk-web/juminkanja/S2430/initialize?prefCd=29&kikanCd=3311600000&kikanKbn=3", "url2": "https://www.nakahira-kyousei.com/", "内容": "中平矯正歯科クリニック【3:歯科】奈良県香芝市瓦口４６－１" }, "geometry": { "type": "Point", "coordinates": [ 135.719486, 34.534892 ] } },
{ "type": "Feature", "properties": { "ID": 2933312600000, "正式名称": "つねまつ歯科クリニック", "機関区分": 3, "都道府県コード": 29, "市区町村コード": 211, "所在地": "奈良県葛城市疋田４４－１", "緯度": 34.501567, "経度": 135.720558, "url": "https://www.iryou.teikyouseido.mhlw.go.jp/znk-web/juminkanja/S2430/initialize?prefCd=29&kikanCd=3312600000&kikanKbn=3", "url2": "http://tsunematsu-dental.com", "内容": "つねまつ歯科クリニック【3:歯科】奈良県葛城市疋田４４－１" }, "geometry": { "type": "Point", "coordinates": [ 135.720558, 34.501567 ] } },
{ "type": "Feature", "properties": { "ID": 2933312900000, "正式名称": "北山歯科診療所", "機関区分": 3, "都道府県コード": 29, "市区町村コード": 212, "所在地": "奈良県宇陀市室生大野２２７２－２", "緯度": 34.565944, "経度": 136.012607, "url": "https://www.iryou.teikyouseido.mhlw.go.jp/znk-web/juminkanja/S2430/initialize?prefCd=29&kikanCd=3312900000&kikanKbn=3", "url2": null, "内容": "北山歯科診療所【3:歯科】奈良県宇陀市室生大野２２７２－２" }, "geometry": { "type": "Point", "coordinates": [ 136.012607, 34.565944 ] } },
{ "type": "Feature", "properties": { "ID": 2933314200000, "正式名称": "福原歯科", "機関区分": 3, "都道府県コード": 29, "市区町村コード": 363, "所在地": "奈良県磯城郡田原本町保津", "緯度": 34.554503, "経度": 135.781448, "url": "https://www.iryou.teikyouseido.mhlw.go.jp/znk-web/juminkanja/S2430/initialize?prefCd=29&kikanCd=3314200000&kikanKbn=3", "url2": null, "内容": "福原歯科【3:歯科】奈良県磯城郡田原本町保津" }, "geometry": { "type": "Point", "coordinates": [ 135.781448, 34.554503 ] } },
{ "type": "Feature", "properties": { "ID": 2933314700000, "正式名称": "ケイキ歯科医院", "機関区分": 3, "都道府県コード": 29, "市区町村コード": 209, "所在地": "奈良県生駒市小明町１５４９－１　グレイス奥山１０３", "緯度": 34.701301, "経度": 135.707567, "url": "https://www.iryou.teikyouseido.mhlw.go.jp/znk-web/juminkanja/S2430/initialize?prefCd=29&kikanCd=3314700000&kikanKbn=3", "url2": "cake-dental.com", "内容": "ケイキ歯科医院【3:歯科】奈良県生駒市小明町１５４９－１　グレイス奥山１０３" }, "geometry": { "type": "Point", "coordinates": [ 135.707567, 34.701301 ] } },
{ "type": "Feature", "properties": { "ID": 2933317500000, "正式名称": "氏井矯正歯科クリニック", "機関区分": 3, "都道府県コード": 29, "市区町村コード": 201, "所在地": "奈良県奈良市大宮町１－１－２８メゾン・プリメール海保ビル２階", "緯度": 34.683961, "経度": 135.820225, "url": "https://www.iryou.teikyouseido.mhlw.go.jp/znk-web/juminkanja/S2430/initialize?prefCd=29&kikanCd=3317500000&kikanKbn=3", "url2": null, "内容": "氏井矯正歯科クリニック【3:歯科】奈良県奈良市大宮町１－１－２８メゾン・プリメール海保ビル２階" }, "geometry": { "type": "Point", "coordinates": [ 135.820225, 34.683961 ] } },
{ "type": "Feature", "properties": { "ID": 2933318400000, "正式名称": "のぞみ歯科クリニック", "機関区分": 3, "都道府県コード": 29, "市区町村コード": 210, "所在地": "奈良県香芝市下田西３－１－２６香芝木材イースト１階", "緯度": 34.541333, "経度": 135.702581, "url": "https://www.iryou.teikyouseido.mhlw.go.jp/znk-web/juminkanja/S2430/initialize?prefCd=29&kikanCd=3318400000&kikanKbn=3", "url2": "http://www.nozomi-shika.net", "内容": "のぞみ歯科クリニック【3:歯科】奈良県香芝市下田西３－１－２６香芝木材イースト１階" }, "geometry": { "type": "Point", "coordinates": [ 135.702581, 34.541333 ] } },
{ "type": "Feature", "properties": { "ID": 2933319500000, "正式名称": "Ｍ．ＤＥＮＴＡＬ　ＯＦＦＩＣＥ", "機関区分": 3, "都道府県コード": 29, "市区町村コード": 201, "所在地": "奈良県奈良市柏木町５１９番地９", "緯度": 34.672321, "経度": 135.800145, "url": "https://www.iryou.teikyouseido.mhlw.go.jp/znk-web/juminkanja/S2430/initialize?prefCd=29&kikanCd=3319500000&kikanKbn=3", "url2": "www.maeda-dental-office.com", "内容": "Ｍ．ＤＥＮＴＡＬ　ＯＦＦＩＣＥ【3:歯科】奈良県奈良市柏木町５１９番地９" }, "geometry": { "type": "Point", "coordinates": [ 135.800145, 34.672321 ] } },
{ "type": "Feature", "properties": { "ID": 2933319900000, "正式名称": "いだ矯正歯科", "機関区分": 3, "都道府県コード": 29, "市区町村コード": 201, "所在地": "奈良県奈良市中登美ヶ丘５－１１－１", "緯度": 34.722401, "経度": 135.744562, "url": "https://www.iryou.teikyouseido.mhlw.go.jp/znk-web/juminkanja/S2430/initialize?prefCd=29&kikanCd=3319900000&kikanKbn=3", "url2": "https://ida-ortho.net", "内容": "いだ矯正歯科【3:歯科】奈良県奈良市中登美ヶ丘５－１１－１" }, "geometry": { "type": "Point", "coordinates": [ 135.744562, 34.722401 ] } },
{ "type": "Feature", "properties": { "ID": 2933323900000, "正式名称": "土居歯科医院", "機関区分": 3, "都道府県コード": 29, "市区町村コード": 426, "所在地": "奈良県北葛城郡広陵町みささぎ台３７－１０", "緯度": 34.532494, "経度": 135.73201, "url": "https://www.iryou.teikyouseido.mhlw.go.jp/znk-web/juminkanja/S2430/initialize?prefCd=29&kikanCd=3323900000&kikanKbn=3", "url2": "http://www.doidentaloffice.com/", "内容": "土居歯科医院【3:歯科】奈良県北葛城郡広陵町みささぎ台３７－１０" }, "geometry": { "type": "Point", "coordinates": [ 135.73201, 34.532494 ] } },
{ "type": "Feature", "properties": { "ID": 2933326400000, "正式名称": "山岡歯科医院", "機関区分": 3, "都道府県コード": 29, "市区町村コード": 209, "所在地": "奈良県生駒市小瀬町８９８番地の４", "緯度": 34.667215, "経度": 135.714297, "url": "https://www.iryou.teikyouseido.mhlw.go.jp/znk-web/juminkanja/S2430/initialize?prefCd=29&kikanCd=3326400000&kikanKbn=3", "url2": null, "内容": "山岡歯科医院【3:歯科】奈良県生駒市小瀬町８９８番地の４" }, "geometry": { "type": "Point", "coordinates": [ 135.714297, 34.667215 ] } },
{ "type": "Feature", "properties": { "ID": 2933328300000, "正式名称": "たつみ歯科", "機関区分": 3, "都道府県コード": 29, "市区町村コード": 209, "所在地": "奈良県生駒市有里町４５−１", "緯度": 34.671336, "経度": 135.706513, "url": "https://www.iryou.teikyouseido.mhlw.go.jp/znk-web/juminkanja/S2430/initialize?prefCd=29&kikanCd=3328300000&kikanKbn=3", "url2": "tatsumi-dc-ikoma.com", "内容": "たつみ歯科【3:歯科】奈良県生駒市有里町４５−１" }, "geometry": { "type": "Point", "coordinates": [ 135.706513, 34.671336 ] } },
{ "type": "Feature", "properties": { "ID": 2933329100000, "正式名称": "さかぐち歯科クリニック", "機関区分": 3, "都道府県コード": 29, "市区町村コード": 206, "所在地": "奈良県桜井市上之宮４０４－１", "緯度": 34.500786, "経度": 135.84789, "url": "https://www.iryou.teikyouseido.mhlw.go.jp/znk-web/juminkanja/S2430/initialize?prefCd=29&kikanCd=3329100000&kikanKbn=3", "url2": "http://www.sakaguchi-dent.com/", "内容": "さかぐち歯科クリニック【3:歯科】奈良県桜井市上之宮４０４－１" }, "geometry": { "type": "Point", "coordinates": [ 135.84789, 34.500786 ] } },
{ "type": "Feature", "properties": { "ID": 2933330300000, "正式名称": "岡本矯正歯科", "機関区分": 3, "都道府県コード": 29, "市区町村コード": 209, "所在地": "奈良県生駒市上町３５０７－４", "緯度": 34.724529, "経度": 135.720968, "url": "https://www.iryou.teikyouseido.mhlw.go.jp/znk-web/juminkanja/S2430/initialize?prefCd=29&kikanCd=3330300000&kikanKbn=3", "url2": "https://okamoto-kyousei.com", "内容": "岡本矯正歯科【3:歯科】奈良県生駒市上町３５０７－４" }, "geometry": { "type": "Point", "coordinates": [ 135.720968, 34.724529 ] } },
{ "type": "Feature", "properties": { "ID": 2933330500000, "正式名称": "ブランカ歯科医院", "機関区分": 3, "都道府県コード": 29, "市区町村コード": 201, "所在地": "奈良県奈良市芝辻町四丁目１番１号　カーサフラッシュナカイ１階", "緯度": 34.687567, "経度": 135.811847, "url": "https://www.iryou.teikyouseido.mhlw.go.jp/znk-web/juminkanja/S2430/initialize?prefCd=29&kikanCd=3330500000&kikanKbn=3", "url2": "blancadental.com", "内容": "ブランカ歯科医院【3:歯科】奈良県奈良市芝辻町四丁目１番１号　カーサフラッシュナカイ１階" }, "geometry": { "type": "Point", "coordinates": [ 135.811847, 34.687567 ] } },
{ "type": "Feature", "properties": { "ID": 2933330600000, "正式名称": "医療法人　小向井歯科クリニック", "機関区分": 3, "都道府県コード": 29, "市区町村コード": 342, "所在地": "奈良県生駒郡平群町北信貴ケ丘１－５２４－１", "緯度": 34.612292, "経度": 135.706786, "url": "https://www.iryou.teikyouseido.mhlw.go.jp/znk-web/juminkanja/S2430/initialize?prefCd=29&kikanCd=3330600000&kikanKbn=3", "url2": "https://komukai-dental.net/", "内容": "医療法人　小向井歯科クリニック【3:歯科】奈良県生駒郡平群町北信貴ケ丘１－５２４－１" }, "geometry": { "type": "Point", "coordinates": [ 135.706786, 34.612292 ] } },
{ "type": "Feature", "properties": { "ID": 2933330800000, "正式名称": "やまと歯科医院", "機関区分": 3, "都道府県コード": 29, "市区町村コード": 204, "所在地": "奈良県天理市中之庄町３９２－１", "緯度": 34.635353, "経度": 135.843658, "url": "https://www.iryou.teikyouseido.mhlw.go.jp/znk-web/juminkanja/S2430/initialize?prefCd=29&kikanCd=3330800000&kikanKbn=3", "url2": null, "内容": "やまと歯科医院【3:歯科】奈良県天理市中之庄町３９２－１" }, "geometry": { "type": "Point", "coordinates": [ 135.843658, 34.635353 ] } },
{ "type": "Feature", "properties": { "ID": 2933335000000, "正式名称": "森歯科クリニック", "機関区分": 3, "都道府県コード": 29, "市区町村コード": 201, "所在地": "奈良県奈良市学園北１－１６－４学園前パークヴィラＢ１", "緯度": 34.70042, "経度": 135.749327, "url": "https://www.iryou.teikyouseido.mhlw.go.jp/znk-web/juminkanja/S2430/initialize?prefCd=29&kikanCd=3335000000&kikanKbn=3", "url2": "http://www.mori-d.com", "内容": "森歯科クリニック【3:歯科】奈良県奈良市学園北１－１６－４学園前パークヴィラＢ１" }, "geometry": { "type": "Point", "coordinates": [ 135.749327, 34.70042 ] } },
{ "type": "Feature", "properties": { "ID": 2933335500000, "正式名称": "あすか歯科医院", "機関区分": 3, "都道府県コード": 29, "市区町村コード": 205, "所在地": "奈良県橿原市見瀬町５９７番地の６岡寺総合ビル１階", "緯度": 34.477177, "経度": 135.79436, "url": "https://www.iryou.teikyouseido.mhlw.go.jp/znk-web/juminkanja/S2430/initialize?prefCd=29&kikanCd=3335500000&kikanKbn=3", "url2": null, "内容": "あすか歯科医院【3:歯科】奈良県橿原市見瀬町５９７番地の６岡寺総合ビル１階" }, "geometry": { "type": "Point", "coordinates": [ 135.79436, 34.477177 ] } },
{ "type": "Feature", "properties": { "ID": 2933338900000, "正式名称": "うえだ歯科クリニック", "機関区分": 3, "都道府県コード": 29, "市区町村コード": 201, "所在地": "奈良県奈良市押熊町５１２－１", "緯度": 34.719819, "経度": 135.771786, "url": "https://www.iryou.teikyouseido.mhlw.go.jp/znk-web/juminkanja/S2430/initialize?prefCd=29&kikanCd=3338900000&kikanKbn=3", "url2": "www.nara-dc.com", "内容": "うえだ歯科クリニック【3:歯科】奈良県奈良市押熊町５１２－１" }, "geometry": { "type": "Point", "coordinates": [ 135.771786, 34.719819 ] } },
{ "type": "Feature", "properties": { "ID": 2933341100000, "正式名称": "東生駒トシオデンタル", "機関区分": 3, "都道府県コード": 29, "市区町村コード": 209, "所在地": "奈良県生駒市東生駒１丁目５７番", "緯度": 34.689767, "経度": 135.714256, "url": "https://www.iryou.teikyouseido.mhlw.go.jp/znk-web/juminkanja/S2430/initialize?prefCd=29&kikanCd=3341100000&kikanKbn=3", "url2": null, "内容": "東生駒トシオデンタル【3:歯科】奈良県生駒市東生駒１丁目５７番" }, "geometry": { "type": "Point", "coordinates": [ 135.714256, 34.689767 ] } },
{ "type": "Feature", "properties": { "ID": 2933348500000, "正式名称": "ふじもと歯科・矯正歯科", "機関区分": 3, "都道府県コード": 29, "市区町村コード": 202, "所在地": "奈良県大和高田市大谷７５８－８０ならコープ内", "緯度": 34.527526, "経度": 135.734258, "url": "https://www.iryou.teikyouseido.mhlw.go.jp/znk-web/juminkanja/S2430/initialize?prefCd=29&kikanCd=3348500000&kikanKbn=3", "url2": null, "内容": "ふじもと歯科・矯正歯科【3:歯科】奈良県大和高田市大谷７５８－８０ならコープ内" }, "geometry": { "type": "Point", "coordinates": [ 135.734258, 34.527526 ] } },
{ "type": "Feature", "properties": { "ID": 2933351700000, "正式名称": "ともこ矯正歯科", "機関区分": 3, "都道府県コード": 29, "市区町村コード": 425, "所在地": "奈良県北葛城郡王寺町久度２－２６－１４", "緯度": 34.599975, "経度": 135.704536, "url": "https://www.iryou.teikyouseido.mhlw.go.jp/znk-web/juminkanja/S2430/initialize?prefCd=29&kikanCd=3351700000&kikanKbn=3", "url2": "https://xn--28jyb7d7721azbaw24iq6c.com/", "内容": "ともこ矯正歯科【3:歯科】奈良県北葛城郡王寺町久度２－２６－１４" }, "geometry": { "type": "Point", "coordinates": [ 135.704536, 34.599975 ] } },
{ "type": "Feature", "properties": { "ID": 2933352000000, "正式名称": "ふくしま歯科医院", "機関区分": 3, "都道府県コード": 29, "市区町村コード": 205, "所在地": "奈良県橿原市葛本町７０８－８", "緯度": 34.521684, "経度": 135.797403, "url": "https://www.iryou.teikyouseido.mhlw.go.jp/znk-web/juminkanja/S2430/initialize?prefCd=29&kikanCd=3352000000&kikanKbn=3", "url2": null, "内容": "ふくしま歯科医院【3:歯科】奈良県橿原市葛本町７０８－８" }, "geometry": { "type": "Point", "coordinates": [ 135.797403, 34.521684 ] } },
{ "type": "Feature", "properties": { "ID": 2933352200000, "正式名称": "かしい歯科", "機関区分": 3, "都道府県コード": 29, "市区町村コード": 205, "所在地": "奈良県橿原市八木町一丁目１１－５", "緯度": 34.508603, "経度": 135.790549, "url": "https://www.iryou.teikyouseido.mhlw.go.jp/znk-web/juminkanja/S2430/initialize?prefCd=29&kikanCd=3352200000&kikanKbn=3", "url2": "https://kashii-dc.com/", "内容": "かしい歯科【3:歯科】奈良県橿原市八木町一丁目１１－５" }, "geometry": { "type": "Point", "coordinates": [ 135.790549, 34.508603 ] } },
{ "type": "Feature", "properties": { "ID": 2933352300000, "正式名称": "いのうえ歯科クリニック", "機関区分": 3, "都道府県コード": 29, "市区町村コード": 210, "所在地": "奈良県香芝市瓦口２１５５－１エレガンテアネシス１０１", "緯度": 34.537328, "経度": 135.717759, "url": "https://www.iryou.teikyouseido.mhlw.go.jp/znk-web/juminkanja/S2430/initialize?prefCd=29&kikanCd=3352300000&kikanKbn=3", "url2": null, "内容": "いのうえ歯科クリニック【3:歯科】奈良県香芝市瓦口２１５５－１エレガンテアネシス１０１" }, "geometry": { "type": "Point", "coordinates": [ 135.717759, 34.537328 ] } },
{ "type": "Feature", "properties": { "ID": 2933352700000, "正式名称": "吉田歯科医院", "機関区分": 3, "都道府県コード": 29, "市区町村コード": 205, "所在地": "奈良県橿原市東坊城町５２６－３", "緯度": 34.4947, "経度": 135.766942, "url": "https://www.iryou.teikyouseido.mhlw.go.jp/znk-web/juminkanja/S2430/initialize?prefCd=29&kikanCd=3352700000&kikanKbn=3", "url2": null, "内容": "吉田歯科医院【3:歯科】奈良県橿原市東坊城町５２６－３" }, "geometry": { "type": "Point", "coordinates": [ 135.766942, 34.4947 ] } },
{ "type": "Feature", "properties": { "ID": 2933355900000, "正式名称": "まごころ歯科医院", "機関区分": 3, "都道府県コード": 29, "市区町村コード": 201, "所在地": "奈良県奈良市西木辻町１３８－１", "緯度": 34.673242, "経度": 135.824322, "url": "https://www.iryou.teikyouseido.mhlw.go.jp/znk-web/juminkanja/S2430/initialize?prefCd=29&kikanCd=3355900000&kikanKbn=3", "url2": null, "内容": "まごころ歯科医院【3:歯科】奈良県奈良市西木辻町１３８－１" }, "geometry": { "type": "Point", "coordinates": [ 135.824322, 34.673242 ] } },
{ "type": "Feature", "properties": { "ID": 2933360800000, "正式名称": "ひらかわファミリー歯科", "機関区分": 3, "都道府県コード": 29, "市区町村コード": 209, "所在地": "奈良県生駒市東松ケ丘１６ー１１第二阪栄ビル１０２", "緯度": 34.699238, "経度": 135.69812, "url": "https://www.iryou.teikyouseido.mhlw.go.jp/znk-web/juminkanja/S2430/initialize?prefCd=29&kikanCd=3360800000&kikanKbn=3", "url2": null, "内容": "ひらかわファミリー歯科【3:歯科】奈良県生駒市東松ケ丘１６ー１１第二阪栄ビル１０２" }, "geometry": { "type": "Point", "coordinates": [ 135.69812, 34.699238 ] } },
{ "type": "Feature", "properties": { "ID": 2933362000000, "正式名称": "医療法人　良寿会　おかだ歯科医院", "機関区分": 3, "都道府県コード": 29, "市区町村コード": 201, "所在地": "奈良県奈良市紀寺町４１４－５", "緯度": 34.670446, "経度": 135.83468, "url": "https://www.iryou.teikyouseido.mhlw.go.jp/znk-web/juminkanja/S2430/initialize?prefCd=29&kikanCd=3362000000&kikanKbn=3", "url2": "http://www.okada-d.jp/", "内容": "医療法人　良寿会　おかだ歯科医院【3:歯科】奈良県奈良市紀寺町４１４－５" }, "geometry": { "type": "Point", "coordinates": [ 135.83468, 34.670446 ] } },
{ "type": "Feature", "properties": { "ID": 2933362100000, "正式名称": "医療法人Ｋ＆Ｄ堀内歯科", "機関区分": 3, "都道府県コード": 29, "市区町村コード": 211, "所在地": "奈良県葛城市北花内７２３－１", "緯度": 34.488803, "経度": 135.730592, "url": "https://www.iryou.teikyouseido.mhlw.go.jp/znk-web/juminkanja/S2430/initialize?prefCd=29&kikanCd=3362100000&kikanKbn=3", "url2": "https://www.horiuchidental.com/", "内容": "医療法人Ｋ＆Ｄ堀内歯科【3:歯科】奈良県葛城市北花内７２３－１" }, "geometry": { "type": "Point", "coordinates": [ 135.730592, 34.488803 ] } },
{ "type": "Feature", "properties": { "ID": 2933362800000, "正式名称": "にしかわ歯科口腔外科クリニック", "機関区分": 3, "都道府県コード": 29, "市区町村コード": 204, "所在地": "奈良県天理市二階堂上ノ庄町１４０－３", "緯度": 34.601726, "経度": 135.796838, "url": "https://www.iryou.teikyouseido.mhlw.go.jp/znk-web/juminkanja/S2430/initialize?prefCd=29&kikanCd=3362800000&kikanKbn=3", "url2": "https://nikaido-dentnishikawa.com/", "内容": "にしかわ歯科口腔外科クリニック【3:歯科】奈良県天理市二階堂上ノ庄町１４０－３" }, "geometry": { "type": "Point", "coordinates": [ 135.796838, 34.601726 ] } },
{ "type": "Feature", "properties": { "ID": 2933363900000, "正式名称": "よしむらファミリー歯科イオン・ビッグ香芝院", "機関区分": 3, "都道府県コード": 29, "市区町村コード": 210, "所在地": "奈良県香芝市畑２丁目１５２８番地", "緯度": 34.539599, "経度": 135.693314, "url": "https://www.iryou.teikyouseido.mhlw.go.jp/znk-web/juminkanja/S2430/initialize?prefCd=29&kikanCd=3363900000&kikanKbn=3", "url2": "https://big-fami-shi.com/", "内容": "よしむらファミリー歯科イオン・ビッグ香芝院【3:歯科】奈良県香芝市畑２丁目１５２８番地" }, "geometry": { "type": "Point", "coordinates": [ 135.693314, 34.539599 ] } },
{ "type": "Feature", "properties": { "ID": 2933368700000, "正式名称": "医療法人桒原翠縁会善院", "機関区分": 3, "都道府県コード": 29, "市区町村コード": 201, "所在地": "奈良県奈良市西登美ヶ丘６丁目５番１２号", "緯度": 34.711856, "経度": 135.738947, "url": "https://www.iryou.teikyouseido.mhlw.go.jp/znk-web/juminkanja/S2430/initialize?prefCd=29&kikanCd=3368700000&kikanKbn=3", "url2": "https://uruhain.jp/", "内容": "医療法人桒原翠縁会善院【3:歯科】奈良県奈良市西登美ヶ丘６丁目５番１２号" }, "geometry": { "type": "Point", "coordinates": [ 135.738947, 34.711856 ] } },
{ "type": "Feature", "properties": { "ID": 2933369500000, "正式名称": "奈良市立みどりの家歯科診療所", "機関区分": 3, "都道府県コード": 29, "市区町村コード": 201, "所在地": "奈良県奈良市柏木町５１９番地の２８", "緯度": 34.673242, "経度": 135.799403, "url": "https://www.iryou.teikyouseido.mhlw.go.jp/znk-web/juminkanja/S2430/initialize?prefCd=29&kikanCd=3369500000&kikanKbn=3", "url2": "https://www.city.nara.lg.jp/soshiki/34/209214.html", "内容": "奈良市立みどりの家歯科診療所【3:歯科】奈良県奈良市柏木町５１９番地の２８" }, "geometry": { "type": "Point", "coordinates": [ 135.799403, 34.673242 ] } },
{ "type": "Feature", "properties": { "ID": 2933370300000, "正式名称": "寺田歯科医院", "機関区分": 3, "都道府県コード": 29, "市区町村コード": 201, "所在地": "奈良県奈良市毘沙門町２５番地１階", "緯度": 34.677016, "経度": 135.831848, "url": "https://www.iryou.teikyouseido.mhlw.go.jp/znk-web/juminkanja/S2430/initialize?prefCd=29&kikanCd=3370300000&kikanKbn=3", "url2": "https://itp.ne.jp/info/292971175300000899/", "内容": "寺田歯科医院【3:歯科】奈良県奈良市毘沙門町２５番地１階" }, "geometry": { "type": "Point", "coordinates": [ 135.831848, 34.677016 ] } },
{ "type": "Feature", "properties": { "ID": 2933370400000, "正式名称": "ひがしうら歯科", "機関区分": 3, "都道府県コード": 29, "市区町村コード": 201, "所在地": "奈良県奈良市小川町５－４", "緯度": 34.680394, "経度": 135.826231, "url": "https://www.iryou.teikyouseido.mhlw.go.jp/znk-web/juminkanja/S2430/initialize?prefCd=29&kikanCd=3370400000&kikanKbn=3", "url2": "https://higashiura-shika.com/", "内容": "ひがしうら歯科【3:歯科】奈良県奈良市小川町５－４" }, "geometry": { "type": "Point", "coordinates": [ 135.826231, 34.680394 ] } },
{ "type": "Feature", "properties": { "ID": 2933371100000, "正式名称": "医療法人健康会　プラム歯科", "機関区分": 3, "都道府県コード": 29, "市区町村コード": 204, "所在地": "奈良県天理市西井戸堂町４５５－２－３", "緯度": 34.58918, "経度": 135.816791, "url": "https://www.iryou.teikyouseido.mhlw.go.jp/znk-web/juminkanja/S2430/initialize?prefCd=29&kikanCd=3371100000&kikanKbn=3", "url2": null, "内容": "医療法人健康会　プラム歯科【3:歯科】奈良県天理市西井戸堂町４５５－２－３" }, "geometry": { "type": "Point", "coordinates": [ 135.816791, 34.58918 ] } },
{ "type": "Feature", "properties": { "ID": 2933371400000, "正式名称": "堀田歯科医院", "機関区分": 3, "都道府県コード": 29, "市区町村コード": 201, "所在地": "奈良県奈良市大宮町２丁目３番東急ドエル奈良パークビレジ　９号棟１０５　１０６号", "緯度": 34.6825676, "経度": 135.8145542, "url": "https://www.iryou.teikyouseido.mhlw.go.jp/znk-web/juminkanja/S2430/initialize?prefCd=29&kikanCd=3371400000&kikanKbn=3", "url2": "https://www.horita-dental.com/", "内容": "堀田歯科医院【3:歯科】奈良県奈良市大宮町２丁目３番東急ドエル奈良パークビレジ　９号棟１０５　１０６号" }, "geometry": { "type": "Point", "coordinates": [ 135.8145542, 34.6825676 ] } },
{ "type": "Feature", "properties": { "ID": 2933371600000, "正式名称": "Ｕ　Ｄｅｎｔａｌ　Ｃｌｉｎｉｃ　生駒郡法隆寺院", "機関区分": 3, "都道府県コード": 29, "市区町村コード": 344, "所在地": "奈良県生駒郡斑鳩町法隆寺東２丁目１－１８", "緯度": 34.61345, "経度": 135.74395, "url": "https://www.iryou.teikyouseido.mhlw.go.jp/znk-web/juminkanja/S2430/initialize?prefCd=29&kikanCd=3371600000&kikanKbn=3", "url2": "https://www.u-dental-ikoma.com", "内容": "Ｕ　Ｄｅｎｔａｌ　Ｃｌｉｎｉｃ　生駒郡法隆寺院【3:歯科】奈良県生駒郡斑鳩町法隆寺東２丁目１－１８" }, "geometry": { "type": "Point", "coordinates": [ 135.74395, 34.61345 ] } },
{ "type": "Feature", "properties": { "ID": 2933372200000, "正式名称": "医療法人ＧＲＤやすえデンタルクリニック", "機関区分": 3, "都道府県コード": 29, "市区町村コード": 202, "所在地": "奈良県大和高田市藤森１７１－７", "緯度": 34.528114, "経度": 135.750528, "url": "https://www.iryou.teikyouseido.mhlw.go.jp/znk-web/juminkanja/S2430/initialize?prefCd=29&kikanCd=3372200000&kikanKbn=3", "url2": null, "内容": "医療法人ＧＲＤやすえデンタルクリニック【3:歯科】奈良県大和高田市藤森１７１－７" }, "geometry": { "type": "Point", "coordinates": [ 135.750528, 34.528114 ] } },
{ "type": "Feature", "properties": { "ID": 2933372400000, "正式名称": "大和八木かめい歯科矯正歯科", "機関区分": 3, "都道府県コード": 29, "市区町村コード": 205, "所在地": "奈良県橿原市内膳町５丁目５番１５－１号", "緯度": 34.516393, "経度": 135.794482, "url": "https://www.iryou.teikyouseido.mhlw.go.jp/znk-web/juminkanja/S2430/initialize?prefCd=29&kikanCd=3372400000&kikanKbn=3", "url2": null, "内容": "大和八木かめい歯科矯正歯科【3:歯科】奈良県橿原市内膳町５丁目５番１５－１号" }, "geometry": { "type": "Point", "coordinates": [ 135.794482, 34.516393 ] } },
{ "type": "Feature", "properties": { "ID": 2933373000000, "正式名称": "かたおか歯科口腔外科", "機関区分": 3, "都道府県コード": 29, "市区町村コード": 363, "所在地": "奈良県磯城郡田原本町薬王寺１４５－１０", "緯度": 34.550058, "経度": 135.785486, "url": "https://www.iryou.teikyouseido.mhlw.go.jp/znk-web/juminkanja/S2430/initialize?prefCd=29&kikanCd=3373000000&kikanKbn=3", "url2": null, "内容": "かたおか歯科口腔外科【3:歯科】奈良県磯城郡田原本町薬王寺１４５－１０" }, "geometry": { "type": "Point", "coordinates": [ 135.785486, 34.550058 ] } },
{ "type": "Feature", "properties": { "ID": 2933374200000, "正式名称": "うえすぎ歯科医院", "機関区分": 3, "都道府県コード": 29, "市区町村コード": 343, "所在地": "奈良県生駒郡三郷町三室１ー１４ー１２東クリエイトビル", "緯度": 34.601284, "経度": 135.71124, "url": "https://www.iryou.teikyouseido.mhlw.go.jp/znk-web/juminkanja/S2430/initialize?prefCd=29&kikanCd=3374200000&kikanKbn=3", "url2": null, "内容": "うえすぎ歯科医院【3:歯科】奈良県生駒郡三郷町三室１ー１４ー１２東クリエイトビル" }, "geometry": { "type": "Point", "coordinates": [ 135.71124, 34.601284 ] } },
{ "type": "Feature", "properties": { "ID": 2933375600000, "正式名称": "おひさま歯科おとなこども歯科", "機関区分": 3, "都道府県コード": 29, "市区町村コード": 201, "所在地": "奈良県奈良市鶴舞東町１－３６チャームスイート奈良学園前１－４", "緯度": 34.670525, "経度": 135.782764, "url": "https://www.iryou.teikyouseido.mhlw.go.jp/znk-web/juminkanja/S2430/initialize?prefCd=29&kikanCd=3375600000&kikanKbn=3", "url2": null, "内容": "おひさま歯科おとなこども歯科【3:歯科】奈良県奈良市鶴舞東町１－３６チャームスイート奈良学園前１－４" }, "geometry": { "type": "Point", "coordinates": [ 135.782764, 34.670525 ] } },
{ "type": "Feature", "properties": { "ID": 2933376300000, "正式名称": "梛の木デンタルクリニック", "機関区分": 3, "都道府県コード": 29, "市区町村コード": 201, "所在地": "奈良県奈良市学園大和町２－２４－１１０", "緯度": 34.686481, "経度": 135.752016, "url": "https://www.iryou.teikyouseido.mhlw.go.jp/znk-web/juminkanja/S2430/initialize?prefCd=29&kikanCd=3376300000&kikanKbn=3", "url2": null, "内容": "梛の木デンタルクリニック【3:歯科】奈良県奈良市学園大和町２－２４－１１０" }, "geometry": { "type": "Point", "coordinates": [ 135.752016, 34.686481 ] } },
{ "type": "Feature", "properties": { "ID": 2933376400000, "正式名称": "医療法人Ｌ　＆Ｌ　ルナ歯科・矯正歯科クリニック", "機関区分": 3, "都道府県コード": 29, "市区町村コード": 210, "所在地": "奈良県香芝市上中７８８－１", "緯度": 34.557836, "経度": 135.699852, "url": "https://www.iryou.teikyouseido.mhlw.go.jp/znk-web/juminkanja/S2430/initialize?prefCd=29&kikanCd=3376400000&kikanKbn=3", "url2": null, "内容": "医療法人Ｌ　＆Ｌ　ルナ歯科・矯正歯科クリニック【3:歯科】奈良県香芝市上中７８８－１" }, "geometry": { "type": "Point", "coordinates": [ 135.699852, 34.557836 ] } },
{ "type": "Feature", "properties": { "ID": 2933377800000, "正式名称": "医療法人冨森会　さんぽ歯科クリニック", "機関区分": 3, "都道府県コード": 29, "市区町村コード": 201, "所在地": "奈良県奈良市六条２丁目１８－３奈良六条医療モール３号", "緯度": 34.6712522, "経度": 135.773441, "url": "https://www.iryou.teikyouseido.mhlw.go.jp/znk-web/juminkanja/S2430/initialize?prefCd=29&kikanCd=3377800000&kikanKbn=3", "url2": "http://www.white-sika.com", "内容": "医療法人冨森会　さんぽ歯科クリニック【3:歯科】奈良県奈良市六条２丁目１８－３奈良六条医療モール３号" }, "geometry": { "type": "Point", "coordinates": [ 135.773441, 34.6712522 ] } },
{ "type": "Feature", "properties": { "ID": 2933379900000, "正式名称": "五條　平井歯科", "機関区分": 3, "都道府県コード": 29, "市区町村コード": 207, "所在地": "奈良県五條市五條１−７−２０", "緯度": 34.350704, "経度": 135.69568, "url": "https://www.iryou.teikyouseido.mhlw.go.jp/znk-web/juminkanja/S2430/initialize?prefCd=29&kikanCd=3379900000&kikanKbn=3", "url2": null, "内容": "五條　平井歯科【3:歯科】奈良県五條市五條１−７−２０" }, "geometry": { "type": "Point", "coordinates": [ 135.69568, 34.350704 ] } },
{ "type": "Feature", "properties": { "ID": 2933382000000, "正式名称": "Ｍｉｒａｉデンタルクリニック奈良九条", "機関区分": 3, "都道府県コード": 29, "市区町村コード": 203, "所在地": "奈良県大和郡山市九条町２５８", "緯度": 34.658772, "経度": 135.783328, "url": "https://www.iryou.teikyouseido.mhlw.go.jp/znk-web/juminkanja/S2430/initialize?prefCd=29&kikanCd=3382000000&kikanKbn=3", "url2": null, "内容": "Ｍｉｒａｉデンタルクリニック奈良九条【3:歯科】奈良県大和郡山市九条町２５８" }, "geometry": { "type": "Point", "coordinates": [ 135.783328, 34.658772 ] } },
{ "type": "Feature", "properties": { "ID": 2933382200000, "正式名称": "平田歯科クリニック", "機関区分": 3, "都道府県コード": 29, "市区町村コード": 203, "所在地": "奈良県大和郡山市南郡山町４７２－１", "緯度": 34.647217, "経度": 135.773128, "url": "https://www.iryou.teikyouseido.mhlw.go.jp/znk-web/juminkanja/S2430/initialize?prefCd=29&kikanCd=3382200000&kikanKbn=3", "url2": null, "内容": "平田歯科クリニック【3:歯科】奈良県大和郡山市南郡山町４７２－１" }, "geometry": { "type": "Point", "coordinates": [ 135.773128, 34.647217 ] } }
]
}
